CoV|BCA25643.133.BC1	33182
CoV|BCA25643.133.BC2	32328
CoV|BCA25643.134.BC1	48376
CoV|BCA25643.134.BC2	38719
CoV|BCA25651.11.BC1	6554
CoV|BCA25651.11.BC2	6016
CoV|BCA25651.12.BC1	26771
CoV|BCA25651.12.BC2	34870
CoV|BCA25653.40.BC1	14439
CoV|BCA25653.40.BC2	18724
CoV|BCA25653.41.BC1	3800
CoV|BCA25653.41.BC2	3695
CoV|H9EJ24.0.BC1	15574
CoV|H9EJ24.0.BC2	24945
CoV|H9EJ24.1.BC1	46615
CoV|H9EJ24.1.BC2	49734
CoV|H9EJ24.2.BC1	46754
CoV|H9EJ24.2.BC2	41249
CoV|H9EJ24.3.BC1	39880
CoV|H9EJ24.3.BC2	29442
CoV|H9EJ24.4.BC1	22695
CoV|H9EJ24.4.BC2	18923
CoV|H9EJ24.5.BC1	8862
CoV|H9EJ24.5.BC2	13362
CoV|H9EJ24.6.BC1	15339
CoV|H9EJ24.6.BC2	27492
CoV|H9EJ24.7.BC1	14765
CoV|H9EJ24.7.BC2	16183
CoV|H9EJ42.0.BC1	21783
CoV|H9EJ42.0.BC2	19332
CoV|H9EJ42.1.BC1	23979
CoV|H9EJ42.1.BC2	17350
CoV|H9EJ42.10.BC1	27154
CoV|H9EJ42.10.BC2	13277
CoV|H9EJ42.100.BC1	12117
CoV|H9EJ42.100.BC2	25031
CoV|H9EJ42.101.BC1	11210
CoV|H9EJ42.101.BC2	9716
CoV|H9EJ42.102.BC1	33234
CoV|H9EJ42.102.BC2	28200
CoV|H9EJ42.103.BC1	21502
CoV|H9EJ42.103.BC2	45034
CoV|H9EJ42.104.BC1	27160
CoV|H9EJ42.104.BC2	40939
CoV|H9EJ42.105.BC1	17569
CoV|H9EJ42.105.BC2	41994
CoV|H9EJ42.106.BC1	16602
CoV|H9EJ42.106.BC2	25681
CoV|H9EJ42.107.BC1	6335
CoV|H9EJ42.107.BC2	10950
CoV|H9EJ42.108.BC1	16645
CoV|H9EJ42.108.BC2	16962
CoV|H9EJ42.109.BC1	9349
CoV|H9EJ42.109.BC2	16294
CoV|H9EJ42.11.BC1	11209
CoV|H9EJ42.11.BC2	10499
CoV|H9EJ42.110.BC1	23895
CoV|H9EJ42.110.BC2	23772
CoV|H9EJ42.111.BC1	22644
CoV|H9EJ42.111.BC2	33539
CoV|H9EJ42.112.BC1	28705
CoV|H9EJ42.112.BC2	21781
CoV|H9EJ42.113.BC1	17762
CoV|H9EJ42.113.BC2	22435
CoV|H9EJ42.114.BC1	9706
CoV|H9EJ42.114.BC2	14684
CoV|H9EJ42.115.BC1	20315
CoV|H9EJ42.115.BC2	26262
CoV|H9EJ42.116.BC1	26904
CoV|H9EJ42.116.BC2	19741
CoV|H9EJ42.117.BC1	45241
CoV|H9EJ42.117.BC2	6405
CoV|H9EJ42.118.BC1	56255
CoV|H9EJ42.118.BC2	67627
CoV|H9EJ42.119.BC1	64608
CoV|H9EJ42.119.BC2	38596
CoV|H9EJ42.12.BC1	41945
CoV|H9EJ42.12.BC2	19478
CoV|H9EJ42.120.BC1	28588
CoV|H9EJ42.120.BC2	38956
CoV|H9EJ42.121.BC1	27646
CoV|H9EJ42.121.BC2	30774
CoV|H9EJ42.122.BC1	28983
CoV|H9EJ42.122.BC2	12661
CoV|H9EJ42.123.BC1	29058
CoV|H9EJ42.123.BC2	30085
CoV|H9EJ42.124.BC1	17663
CoV|H9EJ42.124.BC2	14395
CoV|H9EJ42.125.BC1	28651
CoV|H9EJ42.125.BC2	17629
CoV|H9EJ42.126.BC1	29953
CoV|H9EJ42.126.BC2	13531
CoV|H9EJ42.127.BC1	48587
CoV|H9EJ42.127.BC2	13807
CoV|H9EJ42.128.BC1	36388
CoV|H9EJ42.128.BC2	21279
CoV|H9EJ42.129.BC1	58601
CoV|H9EJ42.129.BC2	39368
CoV|H9EJ42.13.BC1	11899
CoV|H9EJ42.13.BC2	36763
CoV|H9EJ42.130.BC1	29913
CoV|H9EJ42.130.BC2	29649
CoV|H9EJ42.131.BC1	26085
CoV|H9EJ42.131.BC2	32876
CoV|H9EJ42.132.BC1	53430
CoV|H9EJ42.132.BC2	44231
CoV|H9EJ42.133.BC1	21768
CoV|H9EJ42.133.BC2	10821
CoV|H9EJ42.134.BC1	66616
CoV|H9EJ42.134.BC2	58958
CoV|H9EJ42.135.BC1	23168
CoV|H9EJ42.135.BC2	21871
CoV|H9EJ42.136.BC1	15360
CoV|H9EJ42.136.BC2	46144
CoV|H9EJ42.137.BC1	14127
CoV|H9EJ42.137.BC2	11109
CoV|H9EJ42.138.BC1	16138
CoV|H9EJ42.138.BC2	11571
CoV|H9EJ42.139.BC1	16819
CoV|H9EJ42.139.BC2	12913
CoV|H9EJ42.14.BC1	43054
CoV|H9EJ42.14.BC2	49767
CoV|H9EJ42.140.BC1	23956
CoV|H9EJ42.140.BC2	33884
CoV|H9EJ42.141.BC1	13549
CoV|H9EJ42.141.BC2	25108
CoV|H9EJ42.142.BC1	13676
CoV|H9EJ42.142.BC2	19219
CoV|H9EJ42.143.BC1	40706
CoV|H9EJ42.143.BC2	35436
CoV|H9EJ42.144.BC1	36900
CoV|H9EJ42.144.BC2	31169
CoV|H9EJ42.145.BC1	22330
CoV|H9EJ42.145.BC2	16032
CoV|H9EJ42.146.BC1	32736
CoV|H9EJ42.146.BC2	28213
CoV|H9EJ42.147.BC1	32408
CoV|H9EJ42.147.BC2	20080
CoV|H9EJ42.148.BC1	26107
CoV|H9EJ42.148.BC2	14287
CoV|H9EJ42.149.BC1	12403
CoV|H9EJ42.149.BC2	23043
CoV|H9EJ42.15.BC1	69574
CoV|H9EJ42.15.BC2	44189
CoV|H9EJ42.150.BC1	13479
CoV|H9EJ42.150.BC2	13606
CoV|H9EJ42.151.BC1	16216
CoV|H9EJ42.151.BC2	19386
CoV|H9EJ42.152.BC1	18908
CoV|H9EJ42.152.BC2	21824
CoV|H9EJ42.153.BC1	13895
CoV|H9EJ42.153.BC2	23305
CoV|H9EJ42.154.BC1	41377
CoV|H9EJ42.154.BC2	23077
CoV|H9EJ42.155.BC1	18579
CoV|H9EJ42.155.BC2	18803
CoV|H9EJ42.156.BC1	12394
CoV|H9EJ42.156.BC2	13935
CoV|H9EJ42.157.BC1	12269
CoV|H9EJ42.157.BC2	26078
CoV|H9EJ42.158.BC1	2687
CoV|H9EJ42.158.BC2	8701
CoV|H9EJ42.159.BC1	14156
CoV|H9EJ42.159.BC2	21501
CoV|H9EJ42.16.BC1	17125
CoV|H9EJ42.16.BC2	20390
CoV|H9EJ42.160.BC1	16075
CoV|H9EJ42.160.BC2	3924
CoV|H9EJ42.161.BC1	7179
CoV|H9EJ42.161.BC2	7748
CoV|H9EJ42.162.BC1	30229
CoV|H9EJ42.162.BC2	29427
CoV|H9EJ42.163.BC1	31105
CoV|H9EJ42.163.BC2	14319
CoV|H9EJ42.164.BC1	14109
CoV|H9EJ42.164.BC2	9239
CoV|H9EJ42.165.BC1	22372
CoV|H9EJ42.165.BC2	10675
CoV|H9EJ42.166.BC1	15429
CoV|H9EJ42.166.BC2	7983
CoV|H9EJ42.167.BC1	18030
CoV|H9EJ42.167.BC2	20953
CoV|H9EJ42.168.BC1	34899
CoV|H9EJ42.168.BC2	31755
CoV|H9EJ42.169.BC1	21203
CoV|H9EJ42.169.BC2	41203
CoV|H9EJ42.17.BC1	24228
CoV|H9EJ42.17.BC2	11735
CoV|H9EJ42.170.BC1	12834
CoV|H9EJ42.170.BC2	22412
CoV|H9EJ42.171.BC1	16219
CoV|H9EJ42.171.BC2	14705
CoV|H9EJ42.172.BC1	15108
CoV|H9EJ42.172.BC2	11073
CoV|H9EJ42.173.BC1	23258
CoV|H9EJ42.173.BC2	17779
CoV|H9EJ42.174.BC1	11856
CoV|H9EJ42.174.BC2	7901
CoV|H9EJ42.175.BC1	11739
CoV|H9EJ42.175.BC2	10133
CoV|H9EJ42.176.BC1	17740
CoV|H9EJ42.176.BC2	25617
CoV|H9EJ42.177.BC1	27165
CoV|H9EJ42.177.BC2	15501
CoV|H9EJ42.178.BC1	24611
CoV|H9EJ42.178.BC2	27498
CoV|H9EJ42.179.BC1	30945
CoV|H9EJ42.179.BC2	50073
CoV|H9EJ42.18.BC1	15028
CoV|H9EJ42.18.BC2	7358
CoV|H9EJ42.180.BC1	25997
CoV|H9EJ42.180.BC2	34526
CoV|H9EJ42.181.BC1	21560
CoV|H9EJ42.181.BC2	30375
CoV|H9EJ42.182.BC1	31180
CoV|H9EJ42.182.BC2	25966
CoV|H9EJ42.183.BC1	21431
CoV|H9EJ42.183.BC2	15508
CoV|H9EJ42.184.BC1	21569
CoV|H9EJ42.184.BC2	29424
CoV|H9EJ42.185.BC1	8597
CoV|H9EJ42.185.BC2	40946
CoV|H9EJ42.186.BC1	22612
CoV|H9EJ42.186.BC2	23224
CoV|H9EJ42.187.BC1	14532
CoV|H9EJ42.187.BC2	12404
CoV|H9EJ42.188.BC1	20480
CoV|H9EJ42.188.BC2	19368
CoV|H9EJ42.189.BC1	64729
CoV|H9EJ42.189.BC2	31122
CoV|H9EJ42.19.BC1	12235
CoV|H9EJ42.19.BC2	11966
CoV|H9EJ42.190.BC1	19152
CoV|H9EJ42.190.BC2	5611
CoV|H9EJ42.191.BC1	48073
CoV|H9EJ42.191.BC2	30159
CoV|H9EJ42.192.BC1	17422
CoV|H9EJ42.192.BC2	16917
CoV|H9EJ42.193.BC1	8401
CoV|H9EJ42.193.BC2	24397
CoV|H9EJ42.194.BC1	34323
CoV|H9EJ42.194.BC2	8611
CoV|H9EJ42.195.BC1	12764
CoV|H9EJ42.195.BC2	36330
CoV|H9EJ42.196.BC1	24262
CoV|H9EJ42.196.BC2	23508
CoV|H9EJ42.197.BC1	38834
CoV|H9EJ42.197.BC2	34195
CoV|H9EJ42.198.BC1	9743
CoV|H9EJ42.198.BC2	56746
CoV|H9EJ42.199.BC1	32635
CoV|H9EJ42.199.BC2	15881
CoV|H9EJ42.2.BC1	19484
CoV|H9EJ42.2.BC2	17278
CoV|H9EJ42.20.BC1	10719
CoV|H9EJ42.20.BC2	6576
CoV|H9EJ42.200.BC1	29669
CoV|H9EJ42.200.BC2	18568
CoV|H9EJ42.201.BC1	23476
CoV|H9EJ42.201.BC2	14735
CoV|H9EJ42.202.BC1	38149
CoV|H9EJ42.202.BC2	39329
CoV|H9EJ42.203.BC1	31541
CoV|H9EJ42.203.BC2	33190
CoV|H9EJ42.204.BC1	18235
CoV|H9EJ42.204.BC2	18465
CoV|H9EJ42.205.BC1	16159
CoV|H9EJ42.205.BC2	29595
CoV|H9EJ42.206.BC1	21154
CoV|H9EJ42.206.BC2	32849
CoV|H9EJ42.207.BC1	75268
CoV|H9EJ42.207.BC2	48062
CoV|H9EJ42.208.BC1	18664
CoV|H9EJ42.208.BC2	23025
CoV|H9EJ42.209.BC1	44387
CoV|H9EJ42.209.BC2	15654
CoV|H9EJ42.21.BC1	18850
CoV|H9EJ42.21.BC2	6701
CoV|H9EJ42.210.BC1	35180
CoV|H9EJ42.210.BC2	23233
CoV|H9EJ42.211.BC1	25573
CoV|H9EJ42.211.BC2	23418
CoV|H9EJ42.212.BC1	17881
CoV|H9EJ42.212.BC2	15020
CoV|H9EJ42.213.BC1	38756
CoV|H9EJ42.213.BC2	51373
CoV|H9EJ42.214.BC1	31893
CoV|H9EJ42.214.BC2	29006
CoV|H9EJ42.215.BC1	28097
CoV|H9EJ42.215.BC2	21162
CoV|H9EJ42.216.BC1	11770
CoV|H9EJ42.216.BC2	8499
CoV|H9EJ42.217.BC1	45745
CoV|H9EJ42.217.BC2	21490
CoV|H9EJ42.218.BC1	27382
CoV|H9EJ42.218.BC2	30887
CoV|H9EJ42.219.BC1	24487
CoV|H9EJ42.219.BC2	21825
CoV|H9EJ42.22.BC1	41795
CoV|H9EJ42.22.BC2	33044
CoV|H9EJ42.220.BC1	2706
CoV|H9EJ42.220.BC2	15225
CoV|H9EJ42.221.BC1	11176
CoV|H9EJ42.221.BC2	24269
CoV|H9EJ42.222.BC1	27292
CoV|H9EJ42.222.BC2	18258
CoV|H9EJ42.223.BC1	27913
CoV|H9EJ42.223.BC2	21365
CoV|H9EJ42.224.BC1	19632
CoV|H9EJ42.224.BC2	41121
CoV|H9EJ42.225.BC1	21221
CoV|H9EJ42.225.BC2	11867
CoV|H9EJ42.226.BC1	16065
CoV|H9EJ42.226.BC2	7174
CoV|H9EJ42.227.BC1	5304
CoV|H9EJ42.227.BC2	13287
CoV|H9EJ42.228.BC1	26782
CoV|H9EJ42.228.BC2	21699
CoV|H9EJ42.229.BC1	41750
CoV|H9EJ42.229.BC2	16097
CoV|H9EJ42.23.BC1	31245
CoV|H9EJ42.23.BC2	28625
CoV|H9EJ42.230.BC1	11637
CoV|H9EJ42.230.BC2	29745
CoV|H9EJ42.231.BC1	2774
CoV|H9EJ42.231.BC2	21727
CoV|H9EJ42.232.BC1	22696
CoV|H9EJ42.232.BC2	19812
CoV|H9EJ42.233.BC1	25083
CoV|H9EJ42.233.BC2	9183
CoV|H9EJ42.234.BC1	6478
CoV|H9EJ42.234.BC2	5829
CoV|H9EJ42.235.BC1	14681
CoV|H9EJ42.235.BC2	10652
CoV|H9EJ42.236.BC1	13432
CoV|H9EJ42.236.BC2	19045
CoV|H9EJ42.237.BC1	25449
CoV|H9EJ42.237.BC2	20419
CoV|H9EJ42.238.BC1	20372
CoV|H9EJ42.238.BC2	17962
CoV|H9EJ42.239.BC1	7249
CoV|H9EJ42.239.BC2	20334
CoV|H9EJ42.24.BC1	28188
CoV|H9EJ42.24.BC2	18176
CoV|H9EJ42.25.BC1	14232
CoV|H9EJ42.25.BC2	21560
CoV|H9EJ42.26.BC1	22009
CoV|H9EJ42.26.BC2	35986
CoV|H9EJ42.27.BC1	52560
CoV|H9EJ42.27.BC2	12720
CoV|H9EJ42.28.BC1	38570
CoV|H9EJ42.28.BC2	34601
CoV|H9EJ42.29.BC1	6166
CoV|H9EJ42.29.BC2	24464
CoV|H9EJ42.3.BC1	17832
CoV|H9EJ42.3.BC2	12183
CoV|H9EJ42.30.BC1	22143
CoV|H9EJ42.30.BC2	14826
CoV|H9EJ42.31.BC1	10457
CoV|H9EJ42.31.BC2	11047
CoV|H9EJ42.32.BC1	22312
CoV|H9EJ42.32.BC2	9174
CoV|H9EJ42.33.BC1	19041
CoV|H9EJ42.33.BC2	15604
CoV|H9EJ42.34.BC1	43895
CoV|H9EJ42.34.BC2	34283
CoV|H9EJ42.35.BC1	64549
CoV|H9EJ42.35.BC2	47812
CoV|H9EJ42.36.BC1	36369
CoV|H9EJ42.36.BC2	40700
CoV|H9EJ42.37.BC1	7824
CoV|H9EJ42.37.BC2	5639
CoV|H9EJ42.38.BC1	8589
CoV|H9EJ42.38.BC2	22544
CoV|H9EJ42.39.BC1	11038
CoV|H9EJ42.39.BC2	5793
CoV|H9EJ42.4.BC1	37067
CoV|H9EJ42.4.BC2	27311
CoV|H9EJ42.40.BC1	10611
CoV|H9EJ42.40.BC2	10299
CoV|H9EJ42.41.BC1	41049
CoV|H9EJ42.41.BC2	3426
CoV|H9EJ42.42.BC1	22291
CoV|H9EJ42.42.BC2	32684
CoV|H9EJ42.43.BC1	19619
CoV|H9EJ42.43.BC2	1611
CoV|H9EJ42.44.BC1	15300
CoV|H9EJ42.44.BC2	37287
CoV|H9EJ42.45.BC1	37070
CoV|H9EJ42.45.BC2	18768
CoV|H9EJ42.46.BC1	20839
CoV|H9EJ42.46.BC2	44302
CoV|H9EJ42.47.BC1	22558
CoV|H9EJ42.47.BC2	31781
CoV|H9EJ42.48.BC1	13228
CoV|H9EJ42.48.BC2	22490
CoV|H9EJ42.49.BC1	17050
CoV|H9EJ42.49.BC2	13391
CoV|H9EJ42.5.BC1	16711
CoV|H9EJ42.5.BC2	26493
CoV|H9EJ42.50.BC1	31486
CoV|H9EJ42.50.BC2	29800
CoV|H9EJ42.51.BC1	21784
CoV|H9EJ42.51.BC2	30604
CoV|H9EJ42.52.BC1	3927
CoV|H9EJ42.52.BC2	10165
CoV|H9EJ42.53.BC1	13887
CoV|H9EJ42.53.BC2	9217
CoV|H9EJ42.54.BC1	16416
CoV|H9EJ42.54.BC2	19002
CoV|H9EJ42.55.BC1	7725
CoV|H9EJ42.55.BC2	20270
CoV|H9EJ42.56.BC1	32799
CoV|H9EJ42.56.BC2	61306
CoV|H9EJ42.57.BC1	13743
CoV|H9EJ42.57.BC2	29470
CoV|H9EJ42.58.BC1	19311
CoV|H9EJ42.58.BC2	6358
CoV|H9EJ42.59.BC1	13512
CoV|H9EJ42.59.BC2	10337
CoV|H9EJ42.6.BC1	22031
CoV|H9EJ42.6.BC2	32080
CoV|H9EJ42.60.BC1	4568
CoV|H9EJ42.60.BC2	17650
CoV|H9EJ42.61.BC1	7636
CoV|H9EJ42.61.BC2	5842
CoV|H9EJ42.62.BC1	28190
CoV|H9EJ42.62.BC2	12440
CoV|H9EJ42.63.BC1	36923
CoV|H9EJ42.63.BC2	21350
CoV|H9EJ42.64.BC1	19258
CoV|H9EJ42.64.BC2	24174
CoV|H9EJ42.65.BC1	25994
CoV|H9EJ42.65.BC2	25786
CoV|H9EJ42.66.BC1	5578
CoV|H9EJ42.66.BC2	9860
CoV|H9EJ42.67.BC1	34405
CoV|H9EJ42.67.BC2	46529
CoV|H9EJ42.68.BC1	15885
CoV|H9EJ42.68.BC2	31152
CoV|H9EJ42.69.BC1	16392
CoV|H9EJ42.69.BC2	78631
CoV|H9EJ42.7.BC1	13568
CoV|H9EJ42.7.BC2	9983
CoV|H9EJ42.70.BC1	43455
CoV|H9EJ42.70.BC2	37066
CoV|H9EJ42.71.BC1	30352
CoV|H9EJ42.71.BC2	19148
CoV|H9EJ42.72.BC1	22762
CoV|H9EJ42.72.BC2	33502
CoV|H9EJ42.73.BC1	2105
CoV|H9EJ42.73.BC2	5452
CoV|H9EJ42.74.BC1	19451
CoV|H9EJ42.74.BC2	42099
CoV|H9EJ42.75.BC1	27958
CoV|H9EJ42.75.BC2	33833
CoV|H9EJ42.76.BC1	35755
CoV|H9EJ42.76.BC2	48841
CoV|H9EJ42.77.BC1	45093
CoV|H9EJ42.77.BC2	41011
CoV|H9EJ42.78.BC1	51539
CoV|H9EJ42.78.BC2	25824
CoV|H9EJ42.79.BC1	21089
CoV|H9EJ42.79.BC2	18766
CoV|H9EJ42.8.BC1	20905
CoV|H9EJ42.8.BC2	24676
CoV|H9EJ42.80.BC1	14871
CoV|H9EJ42.80.BC2	9967
CoV|H9EJ42.81.BC1	18691
CoV|H9EJ42.81.BC2	18081
CoV|H9EJ42.82.BC1	44770
CoV|H9EJ42.82.BC2	28108
CoV|H9EJ42.83.BC1	35019
CoV|H9EJ42.83.BC2	33069
CoV|H9EJ42.84.BC1	5100
CoV|H9EJ42.84.BC2	19810
CoV|H9EJ42.85.BC1	38556
CoV|H9EJ42.85.BC2	19458
CoV|H9EJ42.86.BC1	16105
CoV|H9EJ42.86.BC2	28576
CoV|H9EJ42.87.BC1	36216
CoV|H9EJ42.87.BC2	33084
CoV|H9EJ42.88.BC1	41923
CoV|H9EJ42.88.BC2	25160
CoV|H9EJ42.89.BC1	37171
CoV|H9EJ42.89.BC2	20813
CoV|H9EJ42.9.BC1	29041
CoV|H9EJ42.9.BC2	17060
CoV|H9EJ42.90.BC1	6850
CoV|H9EJ42.90.BC2	10952
CoV|H9EJ42.91.BC1	12597
CoV|H9EJ42.91.BC2	7909
CoV|H9EJ42.92.BC1	30875
CoV|H9EJ42.92.BC2	40407
CoV|H9EJ42.93.BC1	59892
CoV|H9EJ42.93.BC2	18638
CoV|H9EJ42.94.BC1	20056
CoV|H9EJ42.94.BC2	24960
CoV|H9EJ42.95.BC1	9664
CoV|H9EJ42.95.BC2	23753
CoV|H9EJ42.96.BC1	15308
CoV|H9EJ42.96.BC2	46193
CoV|H9EJ42.97.BC1	25244
CoV|H9EJ42.97.BC2	36543
CoV|H9EJ42.98.BC1	23232
CoV|H9EJ42.98.BC2	24352
CoV|H9EJ42.99.BC1	21967
CoV|H9EJ42.99.BC2	46245
CoV|H9EJ43.143.BC1	59036
CoV|H9EJ43.143.BC2	15284
CoV|H9EJ43.144.BC1	51952
CoV|H9EJ43.144.BC2	55359
CoV|H9EJ44.0.BC1	33363
CoV|H9EJ44.0.BC2	32657
CoV|H9EJ44.1.BC1	14155
CoV|H9EJ44.1.BC2	13155
CoV|H9EJ44.10.BC1	20642
CoV|H9EJ44.10.BC2	25297
CoV|H9EJ44.11.BC1	7140
CoV|H9EJ44.11.BC2	14422
CoV|H9EJ44.12.BC1	10266
CoV|H9EJ44.12.BC2	31375
CoV|H9EJ44.13.BC1	7170
CoV|H9EJ44.13.BC2	7930
CoV|H9EJ44.14.BC1	1679
CoV|H9EJ44.14.BC2	2351
CoV|H9EJ44.15.BC1	31546
CoV|H9EJ44.15.BC2	17635
CoV|H9EJ44.16.BC1	30697
CoV|H9EJ44.16.BC2	16640
CoV|H9EJ44.17.BC1	24017
CoV|H9EJ44.17.BC2	19931
CoV|H9EJ44.18.BC1	3435
CoV|H9EJ44.18.BC2	19014
CoV|H9EJ44.19.BC1	20350
CoV|H9EJ44.19.BC2	31907
CoV|H9EJ44.2.BC1	2351
CoV|H9EJ44.2.BC2	18900
CoV|H9EJ44.20.BC1	9402
CoV|H9EJ44.20.BC2	1046
CoV|H9EJ44.21.BC1	16480
CoV|H9EJ44.21.BC2	7575
CoV|H9EJ44.22.BC1	10830
CoV|H9EJ44.22.BC2	18926
CoV|H9EJ44.23.BC1	25292
CoV|H9EJ44.23.BC2	26433
CoV|H9EJ44.24.BC1	6998
CoV|H9EJ44.24.BC2	28540
CoV|H9EJ44.25.BC1	37071
CoV|H9EJ44.25.BC2	15718
CoV|H9EJ44.26.BC1	18064
CoV|H9EJ44.26.BC2	5007
CoV|H9EJ44.27.BC1	15510
CoV|H9EJ44.27.BC2	8072
CoV|H9EJ44.28.BC1	46277
CoV|H9EJ44.28.BC2	36361
CoV|H9EJ44.29.BC1	55151
CoV|H9EJ44.29.BC2	48444
CoV|H9EJ44.3.BC1	8739
CoV|H9EJ44.3.BC2	16530
CoV|H9EJ44.30.BC1	45400
CoV|H9EJ44.30.BC2	28196
CoV|H9EJ44.31.BC1	37986
CoV|H9EJ44.31.BC2	73391
CoV|H9EJ44.32.BC1	38053
CoV|H9EJ44.32.BC2	40156
CoV|H9EJ44.33.BC1	14257
CoV|H9EJ44.33.BC2	13326
CoV|H9EJ44.34.BC1	25853
CoV|H9EJ44.34.BC2	14776
CoV|H9EJ44.35.BC1	3026
CoV|H9EJ44.35.BC2	15583
CoV|H9EJ44.36.BC1	24329
CoV|H9EJ44.36.BC2	33865
CoV|H9EJ44.37.BC1	30164
CoV|H9EJ44.37.BC2	7568
CoV|H9EJ44.38.BC1	32803
CoV|H9EJ44.38.BC2	19719
CoV|H9EJ44.39.BC1	14365
CoV|H9EJ44.39.BC2	6246
CoV|H9EJ44.4.BC1	11805
CoV|H9EJ44.4.BC2	14499
CoV|H9EJ44.40.BC1	8097
CoV|H9EJ44.40.BC2	36974
CoV|H9EJ44.41.BC1	21604
CoV|H9EJ44.41.BC2	32900
CoV|H9EJ44.42.BC1	16245
CoV|H9EJ44.42.BC2	5589
CoV|H9EJ44.43.BC1	32774
CoV|H9EJ44.43.BC2	25178
CoV|H9EJ44.44.BC1	4983
CoV|H9EJ44.44.BC2	7077
CoV|H9EJ44.45.BC1	20985
CoV|H9EJ44.45.BC2	22026
CoV|H9EJ44.46.BC1	35418
CoV|H9EJ44.46.BC2	30757
CoV|H9EJ44.47.BC1	40237
CoV|H9EJ44.47.BC2	19904
CoV|H9EJ44.5.BC1	22805
CoV|H9EJ44.5.BC2	7520
CoV|H9EJ44.6.BC1	9860
CoV|H9EJ44.6.BC2	2472
CoV|H9EJ44.7.BC1	30511
CoV|H9EJ44.7.BC2	40264
CoV|H9EJ44.8.BC1	52451
CoV|H9EJ44.8.BC2	31576
CoV|H9EJ44.9.BC1	20363
CoV|H9EJ44.9.BC2	15347
CoV|H9EJ69.0.BC1	32314
CoV|H9EJ69.0.BC2	25597
CoV|H9EJ69.1.BC1	24672
CoV|H9EJ69.1.BC2	18280
CoV|H9EJ69.10.BC1	10882
CoV|H9EJ69.10.BC2	6868
CoV|H9EJ69.11.BC1	52495
CoV|H9EJ69.11.BC2	36138
CoV|H9EJ69.12.BC1	77341
CoV|H9EJ69.12.BC2	32883
CoV|H9EJ69.2.BC1	26109
CoV|H9EJ69.2.BC2	13439
CoV|H9EJ69.3.BC1	15448
CoV|H9EJ69.3.BC2	12913
CoV|H9EJ69.4.BC1	42168
CoV|H9EJ69.4.BC2	24955
CoV|H9EJ69.5.BC1	46997
CoV|H9EJ69.5.BC2	31302
CoV|H9EJ69.6.BC1	21381
CoV|H9EJ69.6.BC2	33558
CoV|H9EJ69.7.BC1	40114
CoV|H9EJ69.7.BC2	15366
CoV|H9EJ69.8.BC1	79685
CoV|H9EJ69.8.BC2	52446
CoV|H9EJ69.9.BC1	43367
CoV|H9EJ69.9.BC2	30088
CoV|H9EJA2.0.BC1	47300
CoV|H9EJA2.0.BC2	39451
CoV|H9EJA2.1.BC1	63769
CoV|H9EJA2.1.BC2	48909
CoV|P0C5A6.0.BC1	15713
CoV|P0C5A6.0.BC2	21489
CoV|P0C5A6.1.BC1	18982
CoV|P0C5A6.1.BC2	13375
CoV|P0C5A6.2.BC1	33738
CoV|P0C5A6.2.BC2	26337
CoV|P0C5A9.0.BC1	50283
CoV|P0C5A9.0.BC2	30129
CoV|P0C5B5.0.BC1	12575
CoV|P0C5B5.0.BC2	18429
CoV|P0C5B5.1.BC1	10968
CoV|P0C5B5.1.BC2	16213
CoV|P0C5B5.2.BC1	10832
CoV|P0C5B5.2.BC2	1848
CoV|P0C5B5.3.BC1	19612
CoV|P0C5B5.3.BC2	35971
CoV|P0C5B5.4.BC1	36548
CoV|P0C5B5.4.BC2	24287
CoV|P0C5B5.5.BC1	27407
CoV|P0C5B5.5.BC2	33993
CoV|P0C5B5.6.BC1	19245
CoV|P0C5B5.6.BC2	28508
CoV|P0C6F5.0.BC1	35086
CoV|P0C6F5.0.BC2	23518
CoV|P0C6F5.1.BC1	20299
CoV|P0C6F5.1.BC2	35310
CoV|P0C6F5.100.BC1	13191
CoV|P0C6F5.100.BC2	20565
CoV|P0C6F5.101.BC1	2310
CoV|P0C6F5.101.BC2	7920
CoV|P0C6F5.102.BC1	41445
CoV|P0C6F5.102.BC2	19014
CoV|P0C6F5.103.BC1	48151
CoV|P0C6F5.103.BC2	29897
CoV|P0C6F5.104.BC1	21821
CoV|P0C6F5.104.BC2	16343
CoV|P0C6F5.105.BC1	19063
CoV|P0C6F5.105.BC2	18050
CoV|P0C6F5.106.BC1	20800
CoV|P0C6F5.106.BC2	35390
CoV|P0C6F5.107.BC1	30755
CoV|P0C6F5.107.BC2	18890
CoV|P0C6F5.108.BC1	48867
CoV|P0C6F5.108.BC2	56997
CoV|P0C6F5.109.BC1	48148
CoV|P0C6F5.109.BC2	32249
CoV|P0C6F5.11.BC1	38642
CoV|P0C6F5.11.BC2	40578
CoV|P0C6F5.110.BC1	74019
CoV|P0C6F5.110.BC2	42778
CoV|P0C6F5.111.BC1	39210
CoV|P0C6F5.111.BC2	50019
CoV|P0C6F5.112.BC1	13269
CoV|P0C6F5.112.BC2	14706
CoV|P0C6F5.113.BC1	24304
CoV|P0C6F5.113.BC2	19528
CoV|P0C6F5.114.BC1	18720
CoV|P0C6F5.114.BC2	19762
CoV|P0C6F5.115.BC1	33174
CoV|P0C6F5.115.BC2	32810
CoV|P0C6F5.116.BC1	35511
CoV|P0C6F5.116.BC2	36688
CoV|P0C6F5.117.BC1	33453
CoV|P0C6F5.117.BC2	36411
CoV|P0C6F5.118.BC1	24517
CoV|P0C6F5.118.BC2	31542
CoV|P0C6F5.119.BC1	28647
CoV|P0C6F5.119.BC2	33262
CoV|P0C6F5.12.BC1	24798
CoV|P0C6F5.12.BC2	35748
CoV|P0C6F5.120.BC1	22153
CoV|P0C6F5.120.BC2	25212
CoV|P0C6F5.121.BC1	38820
CoV|P0C6F5.121.BC2	37600
CoV|P0C6F5.122.BC1	12996
CoV|P0C6F5.122.BC2	29681
CoV|P0C6F5.123.BC1	21007
CoV|P0C6F5.123.BC2	12267
CoV|P0C6F5.124.BC1	27728
CoV|P0C6F5.124.BC2	28505
CoV|P0C6F5.125.BC1	25455
CoV|P0C6F5.125.BC2	22250
CoV|P0C6F5.126.BC1	15025
CoV|P0C6F5.126.BC2	23386
CoV|P0C6F5.127.BC1	27534
CoV|P0C6F5.127.BC2	58582
CoV|P0C6F5.128.BC1	30766
CoV|P0C6F5.128.BC2	49428
CoV|P0C6F5.129.BC1	35108
CoV|P0C6F5.129.BC2	25637
CoV|P0C6F5.13.BC1	23832
CoV|P0C6F5.13.BC2	12246
CoV|P0C6F5.130.BC1	74814
CoV|P0C6F5.130.BC2	38776
CoV|P0C6F5.131.BC1	38019
CoV|P0C6F5.131.BC2	43669
CoV|P0C6F5.132.BC1	43308
CoV|P0C6F5.132.BC2	33934
CoV|P0C6F5.133.BC1	58982
CoV|P0C6F5.133.BC2	64896
CoV|P0C6F5.134.BC1	47921
CoV|P0C6F5.134.BC2	46361
CoV|P0C6F5.135.BC1	25938
CoV|P0C6F5.135.BC2	10357
CoV|P0C6F5.136.BC1	15664
CoV|P0C6F5.136.BC2	30780
CoV|P0C6F5.137.BC1	10966
CoV|P0C6F5.137.BC2	12965
CoV|P0C6F5.138.BC1	10232
CoV|P0C6F5.138.BC2	13228
CoV|P0C6F5.139.BC1	24492
CoV|P0C6F5.139.BC2	19819
CoV|P0C6F5.14.BC1	19668
CoV|P0C6F5.14.BC2	12876
CoV|P0C6F5.140.BC1	28178
CoV|P0C6F5.140.BC2	20055
CoV|P0C6F5.141.BC1	37348
CoV|P0C6F5.141.BC2	31406
CoV|P0C6F5.142.BC1	13128
CoV|P0C6F5.142.BC2	49501
CoV|P0C6F5.143.BC1	19068
CoV|P0C6F5.143.BC2	34417
CoV|P0C6F5.144.BC1	22602
CoV|P0C6F5.144.BC2	19573
CoV|P0C6F5.145.BC1	29805
CoV|P0C6F5.145.BC2	14968
CoV|P0C6F5.146.BC1	13911
CoV|P0C6F5.146.BC2	34015
CoV|P0C6F5.147.BC1	31724
CoV|P0C6F5.147.BC2	53305
CoV|P0C6F5.148.BC1	14113
CoV|P0C6F5.148.BC2	39867
CoV|P0C6F5.149.BC1	27774
CoV|P0C6F5.149.BC2	37410
CoV|P0C6F5.15.BC1	18645
CoV|P0C6F5.15.BC2	22340
CoV|P0C6F5.150.BC1	36227
CoV|P0C6F5.150.BC2	31389
CoV|P0C6F5.151.BC1	23380
CoV|P0C6F5.151.BC2	18145
CoV|P0C6F5.152.BC1	32885
CoV|P0C6F5.152.BC2	29614
CoV|P0C6F5.153.BC1	30866
CoV|P0C6F5.153.BC2	29309
CoV|P0C6F5.154.BC1	79677
CoV|P0C6F5.154.BC2	54813
CoV|P0C6F5.155.BC1	67691
CoV|P0C6F5.155.BC2	35410
CoV|P0C6F5.16.BC1	7411
CoV|P0C6F5.16.BC2	9570
CoV|P0C6F5.17.BC1	47083
CoV|P0C6F5.17.BC2	35794
CoV|P0C6F5.18.BC1	32271
CoV|P0C6F5.18.BC2	34074
CoV|P0C6F5.19.BC1	25319
CoV|P0C6F5.19.BC2	27881
CoV|P0C6F5.2.BC1	15230
CoV|P0C6F5.2.BC2	20036
CoV|P0C6F5.20.BC1	26357
CoV|P0C6F5.20.BC2	30437
CoV|P0C6F5.21.BC1	24757
CoV|P0C6F5.21.BC2	7689
CoV|P0C6F5.22.BC1	12959
CoV|P0C6F5.22.BC2	12027
CoV|P0C6F5.23.BC1	14417
CoV|P0C6F5.23.BC2	19913
CoV|P0C6F5.24.BC1	11289
CoV|P0C6F5.24.BC2	18377
CoV|P0C6F5.25.BC1	34098
CoV|P0C6F5.25.BC2	20587
CoV|P0C6F5.26.BC1	18213
CoV|P0C6F5.26.BC2	39002
CoV|P0C6F5.27.BC1	31412
CoV|P0C6F5.27.BC2	42794
CoV|P0C6F5.28.BC1	26124
CoV|P0C6F5.28.BC2	51932
CoV|P0C6F5.29.BC1	20927
CoV|P0C6F5.29.BC2	15075
CoV|P0C6F5.3.BC1	33419
CoV|P0C6F5.3.BC2	20030
CoV|P0C6F5.30.BC1	19789
CoV|P0C6F5.30.BC2	24782
CoV|P0C6F5.31.BC1	16259
CoV|P0C6F5.31.BC2	28127
CoV|P0C6F5.32.BC1	20785
CoV|P0C6F5.32.BC2	22041
CoV|P0C6F5.33.BC1	19419
CoV|P0C6F5.33.BC2	12229
CoV|P0C6F5.34.BC1	12835
CoV|P0C6F5.34.BC2	13399
CoV|P0C6F5.35.BC1	34909
CoV|P0C6F5.35.BC2	36356
CoV|P0C6F5.36.BC1	33317
CoV|P0C6F5.36.BC2	34195
CoV|P0C6F5.37.BC1	33874
CoV|P0C6F5.37.BC2	29367
CoV|P0C6F5.38.BC1	44980
CoV|P0C6F5.38.BC2	27469
CoV|P0C6F5.39.BC1	31661
CoV|P0C6F5.39.BC2	31055
CoV|P0C6F5.4.BC1	14028
CoV|P0C6F5.4.BC2	24254
CoV|P0C6F5.40.BC1	22400
CoV|P0C6F5.40.BC2	20020
CoV|P0C6F5.41.BC1	9928
CoV|P0C6F5.41.BC2	52591
CoV|P0C6F5.42.BC1	15440
CoV|P0C6F5.42.BC2	11278
CoV|P0C6F5.43.BC1	19237
CoV|P0C6F5.43.BC2	20576
CoV|P0C6F5.44.BC1	23573
CoV|P0C6F5.44.BC2	11910
CoV|P0C6F5.45.BC1	29655
CoV|P0C6F5.45.BC2	22438
CoV|P0C6F5.46.BC1	51747
CoV|P0C6F5.46.BC2	25172
CoV|P0C6F5.47.BC1	22488
CoV|P0C6F5.47.BC2	16455
CoV|P0C6F5.48.BC1	20015
CoV|P0C6F5.48.BC2	18538
CoV|P0C6F5.49.BC1	8291
CoV|P0C6F5.49.BC2	17342
CoV|P0C6F5.5.BC1	20460
CoV|P0C6F5.5.BC2	15039
CoV|P0C6F5.50.BC1	23755
CoV|P0C6F5.50.BC2	48290
CoV|P0C6F5.51.BC1	32063
CoV|P0C6F5.51.BC2	30322
CoV|P0C6F5.52.BC1	28040
CoV|P0C6F5.52.BC2	28336
CoV|P0C6F5.53.BC1	27705
CoV|P0C6F5.53.BC2	25416
CoV|P0C6F5.54.BC1	10563
CoV|P0C6F5.54.BC2	10117
CoV|P0C6F5.55.BC1	17789
CoV|P0C6F5.55.BC2	10391
CoV|P0C6F5.56.BC1	31155
CoV|P0C6F5.56.BC2	36607
CoV|P0C6F5.57.BC1	17707
CoV|P0C6F5.57.BC2	25845
CoV|P0C6F5.58.BC1	25856
CoV|P0C6F5.58.BC2	26235
CoV|P0C6F5.59.BC1	5691
CoV|P0C6F5.59.BC2	13850
CoV|P0C6F5.6.BC1	22180
CoV|P0C6F5.6.BC2	26784
CoV|P0C6F5.60.BC1	16691
CoV|P0C6F5.60.BC2	9677
CoV|P0C6F5.61.BC1	31930
CoV|P0C6F5.61.BC2	24883
CoV|P0C6F5.62.BC1	24951
CoV|P0C6F5.62.BC2	32890
CoV|P0C6F5.63.BC1	24351
CoV|P0C6F5.63.BC2	37430
CoV|P0C6F5.64.BC1	17481
CoV|P0C6F5.64.BC2	19547
CoV|P0C6F5.65.BC1	16869
CoV|P0C6F5.65.BC2	15414
CoV|P0C6F5.66.BC1	14105
CoV|P0C6F5.66.BC2	48076
CoV|P0C6F5.67.BC1	41567
CoV|P0C6F5.67.BC2	39650
CoV|P0C6F5.68.BC1	21822
CoV|P0C6F5.68.BC2	47626
CoV|P0C6F5.69.BC1	21418
CoV|P0C6F5.69.BC2	15723
CoV|P0C6F5.7.BC1	9130
CoV|P0C6F5.7.BC2	14697
CoV|P0C6F5.70.BC1	13933
CoV|P0C6F5.70.BC2	23395
CoV|P0C6F5.71.BC1	22043
CoV|P0C6F5.71.BC2	26437
CoV|P0C6F5.72.BC1	72913
CoV|P0C6F5.72.BC2	27724
CoV|P0C6F5.73.BC1	51775
CoV|P0C6F5.73.BC2	20968
CoV|P0C6F5.74.BC1	35255
CoV|P0C6F5.74.BC2	11813
CoV|P0C6F5.75.BC1	21494
CoV|P0C6F5.75.BC2	43135
CoV|P0C6F5.76.BC1	33179
CoV|P0C6F5.76.BC2	33172
CoV|P0C6F5.77.BC1	23310
CoV|P0C6F5.77.BC2	9245
CoV|P0C6F5.78.BC1	32917
CoV|P0C6F5.78.BC2	53498
CoV|P0C6F5.79.BC1	32518
CoV|P0C6F5.79.BC2	26517
CoV|P0C6F5.8.BC1	6201
CoV|P0C6F5.8.BC2	25160
CoV|P0C6F5.80.BC1	26636
CoV|P0C6F5.80.BC2	22115
CoV|P0C6F5.81.BC1	30884
CoV|P0C6F5.81.BC2	15849
CoV|P0C6F5.82.BC1	36038
CoV|P0C6F5.82.BC2	24196
CoV|P0C6F5.83.BC1	25922
CoV|P0C6F5.83.BC2	65868
CoV|P0C6F5.84.BC1	9636
CoV|P0C6F5.84.BC2	24750
CoV|P0C6F5.85.BC1	37358
CoV|P0C6F5.85.BC2	21599
CoV|P0C6F5.86.BC1	21225
CoV|P0C6F5.86.BC2	27184
CoV|P0C6F5.87.BC1	23133
CoV|P0C6F5.87.BC2	16914
CoV|P0C6F5.88.BC1	34748
CoV|P0C6F5.88.BC2	32838
CoV|P0C6F5.89.BC1	22833
CoV|P0C6F5.89.BC2	207
CoV|P0C6F5.90.BC1	20728
CoV|P0C6F5.90.BC2	38762
CoV|P0C6F5.91.BC1	21048
CoV|P0C6F5.91.BC2	50383
CoV|P0C6F5.92.BC1	9715
CoV|P0C6F5.92.BC2	22111
CoV|P0C6F5.93.BC1	30585
CoV|P0C6F5.93.BC2	34386
CoV|P0C6F5.94.BC1	21348
CoV|P0C6F5.94.BC2	31595
CoV|P0C6F5.95.BC1	24635
CoV|P0C6F5.95.BC2	22864
CoV|P0C6F5.96.BC1	24650
CoV|P0C6F5.96.BC2	35046
CoV|P0C6F5.97.BC1	31052
CoV|P0C6F5.97.BC2	27117
CoV|P0C6F5.98.BC1	26880
CoV|P0C6F5.98.BC2	26474
CoV|P0C6F5.99.BC1	54788
CoV|P0C6F5.99.BC2	31720
CoV|P0C6T7.0.BC1	38880
CoV|P0C6T7.0.BC2	10665
CoV|P0C6T7.1.BC1	34187
CoV|P0C6T7.1.BC2	26339
CoV|P0C6T7.10.BC1	43046
CoV|P0C6T7.10.BC2	29976
CoV|P0C6T7.100.BC1	17178
CoV|P0C6T7.100.BC2	21594
CoV|P0C6T7.101.BC1	26760
CoV|P0C6T7.101.BC2	26015
CoV|P0C6T7.102.BC1	22531
CoV|P0C6T7.102.BC2	1861
CoV|P0C6T7.103.BC1	56060
CoV|P0C6T7.103.BC2	30086
CoV|P0C6T7.104.BC1	31775
CoV|P0C6T7.104.BC2	46622
CoV|P0C6T7.105.BC1	25103
CoV|P0C6T7.105.BC2	39777
CoV|P0C6T7.106.BC1	51869
CoV|P0C6T7.106.BC2	22676
CoV|P0C6T7.107.BC1	36370
CoV|P0C6T7.107.BC2	24713
CoV|P0C6T7.108.BC1	16797
CoV|P0C6T7.108.BC2	21062
CoV|P0C6T7.109.BC1	46875
CoV|P0C6T7.109.BC2	36655
CoV|P0C6T7.11.BC1	23340
CoV|P0C6T7.11.BC2	59426
CoV|P0C6T7.110.BC1	54345
CoV|P0C6T7.110.BC2	46037
CoV|P0C6T7.111.BC1	16597
CoV|P0C6T7.111.BC2	14642
CoV|P0C6T7.112.BC1	14383
CoV|P0C6T7.112.BC2	6758
CoV|P0C6T7.113.BC1	21883
CoV|P0C6T7.113.BC2	17189
CoV|P0C6T7.114.BC1	16861
CoV|P0C6T7.114.BC2	23662
CoV|P0C6T7.115.BC1	13748
CoV|P0C6T7.115.BC2	13775
CoV|P0C6T7.116.BC1	4610
CoV|P0C6T7.116.BC2	11936
CoV|P0C6T7.117.BC1	13317
CoV|P0C6T7.117.BC2	50636
CoV|P0C6T7.118.BC1	13771
CoV|P0C6T7.118.BC2	51164
CoV|P0C6T7.119.BC1	21935
CoV|P0C6T7.119.BC2	21328
CoV|P0C6T7.12.BC1	19714
CoV|P0C6T7.12.BC2	55230
CoV|P0C6T7.120.BC1	40138
CoV|P0C6T7.120.BC2	22669
CoV|P0C6T7.121.BC1	31244
CoV|P0C6T7.121.BC2	41737
CoV|P0C6T7.122.BC1	18952
CoV|P0C6T7.122.BC2	22434
CoV|P0C6T7.123.BC1	15445
CoV|P0C6T7.123.BC2	18692
CoV|P0C6T7.124.BC1	30653
CoV|P0C6T7.124.BC2	24875
CoV|P0C6T7.125.BC1	22682
CoV|P0C6T7.125.BC2	11871
CoV|P0C6T7.126.BC1	20102
CoV|P0C6T7.126.BC2	19333
CoV|P0C6T7.127.BC1	20850
CoV|P0C6T7.127.BC2	10951
CoV|P0C6T7.128.BC1	16403
CoV|P0C6T7.128.BC2	55119
CoV|P0C6T7.129.BC1	20512
CoV|P0C6T7.129.BC2	22898
CoV|P0C6T7.13.BC1	16784
CoV|P0C6T7.13.BC2	12729
CoV|P0C6T7.130.BC1	45340
CoV|P0C6T7.130.BC2	33561
CoV|P0C6T7.131.BC1	22038
CoV|P0C6T7.131.BC2	20806
CoV|P0C6T7.132.BC1	43448
CoV|P0C6T7.132.BC2	63334
CoV|P0C6T7.133.BC1	54810
CoV|P0C6T7.133.BC2	60874
CoV|P0C6T7.134.BC1	2363
CoV|P0C6T7.134.BC2	25978
CoV|P0C6T7.135.BC1	11619
CoV|P0C6T7.135.BC2	14708
CoV|P0C6T7.136.BC1	47940
CoV|P0C6T7.136.BC2	10306
CoV|P0C6T7.137.BC1	17168
CoV|P0C6T7.137.BC2	15100
CoV|P0C6T7.138.BC1	13424
CoV|P0C6T7.138.BC2	25389
CoV|P0C6T7.139.BC1	35222
CoV|P0C6T7.139.BC2	64001
CoV|P0C6T7.140.BC1	13782
CoV|P0C6T7.140.BC2	43344
CoV|P0C6T7.141.BC1	41177
CoV|P0C6T7.141.BC2	8526
CoV|P0C6T7.142.BC1	36444
CoV|P0C6T7.142.BC2	17259
CoV|P0C6T7.143.BC1	38927
CoV|P0C6T7.143.BC2	16289
CoV|P0C6T7.144.BC1	24000
CoV|P0C6T7.144.BC2	18541
CoV|P0C6T7.145.BC1	29173
CoV|P0C6T7.145.BC2	18637
CoV|P0C6T7.146.BC1	48457
CoV|P0C6T7.146.BC2	36741
CoV|P0C6T7.147.BC1	43681
CoV|P0C6T7.147.BC2	69405
CoV|P0C6T7.148.BC1	54255
CoV|P0C6T7.148.BC2	35472
CoV|P0C6T7.149.BC1	33658
CoV|P0C6T7.149.BC2	23398
CoV|P0C6T7.15.BC1	9086
CoV|P0C6T7.15.BC2	9629
CoV|P0C6T7.150.BC1	5216
CoV|P0C6T7.150.BC2	16646
CoV|P0C6T7.151.BC1	14226
CoV|P0C6T7.151.BC2	13344
CoV|P0C6T7.152.BC1	24812
CoV|P0C6T7.152.BC2	31441
CoV|P0C6T7.153.BC1	35513
CoV|P0C6T7.153.BC2	9595
CoV|P0C6T7.154.BC1	40730
CoV|P0C6T7.154.BC2	21141
CoV|P0C6T7.155.BC1	46153
CoV|P0C6T7.155.BC2	38265
CoV|P0C6T7.16.BC1	10914
CoV|P0C6T7.16.BC2	14684
CoV|P0C6T7.17.BC1	32110
CoV|P0C6T7.17.BC2	24125
CoV|P0C6T7.18.BC1	36514
CoV|P0C6T7.18.BC2	21449
CoV|P0C6T7.19.BC1	19941
CoV|P0C6T7.19.BC2	24801
CoV|P0C6T7.2.BC1	29984
CoV|P0C6T7.2.BC2	39558
CoV|P0C6T7.20.BC1	9204
CoV|P0C6T7.20.BC2	21107
CoV|P0C6T7.21.BC1	17470
CoV|P0C6T7.21.BC2	41913
CoV|P0C6T7.22.BC1	10489
CoV|P0C6T7.22.BC2	5347
CoV|P0C6T7.23.BC1	8071
CoV|P0C6T7.23.BC2	10652
CoV|P0C6T7.24.BC1	8612
CoV|P0C6T7.24.BC2	11839
CoV|P0C6T7.26.BC1	43793
CoV|P0C6T7.26.BC2	30057
CoV|P0C6T7.27.BC1	32060
CoV|P0C6T7.27.BC2	39163
CoV|P0C6T7.28.BC1	20365
CoV|P0C6T7.28.BC2	18098
CoV|P0C6T7.29.BC1	27817
CoV|P0C6T7.29.BC2	25457
CoV|P0C6T7.3.BC1	29347
CoV|P0C6T7.3.BC2	26946
CoV|P0C6T7.31.BC1	7286
CoV|P0C6T7.31.BC2	15095
CoV|P0C6T7.32.BC1	16533
CoV|P0C6T7.32.BC2	17043
CoV|P0C6T7.33.BC1	33353
CoV|P0C6T7.33.BC2	33552
CoV|P0C6T7.34.BC1	49210
CoV|P0C6T7.34.BC2	15702
CoV|P0C6T7.35.BC1	31045
CoV|P0C6T7.35.BC2	38701
CoV|P0C6T7.36.BC1	43432
CoV|P0C6T7.36.BC2	18851
CoV|P0C6T7.37.BC1	27825
CoV|P0C6T7.37.BC2	34601
CoV|P0C6T7.38.BC1	25741
CoV|P0C6T7.38.BC2	33824
CoV|P0C6T7.39.BC1	19426
CoV|P0C6T7.39.BC2	30373
CoV|P0C6T7.40.BC1	10099
CoV|P0C6T7.40.BC2	12271
CoV|P0C6T7.41.BC1	18068
CoV|P0C6T7.41.BC2	40416
CoV|P0C6T7.42.BC1	11769
CoV|P0C6T7.42.BC2	40408
CoV|P0C6T7.43.BC1	13446
CoV|P0C6T7.43.BC2	14247
CoV|P0C6T7.44.BC1	27606
CoV|P0C6T7.44.BC2	21078
CoV|P0C6T7.45.BC1	22779
CoV|P0C6T7.45.BC2	30521
CoV|P0C6T7.46.BC1	27226
CoV|P0C6T7.46.BC2	32596
CoV|P0C6T7.47.BC1	35522
CoV|P0C6T7.47.BC2	44818
CoV|P0C6T7.48.BC1	9123
CoV|P0C6T7.48.BC2	15544
CoV|P0C6T7.49.BC1	20010
CoV|P0C6T7.49.BC2	23210
CoV|P0C6T7.5.BC1	42065
CoV|P0C6T7.5.BC2	12777
CoV|P0C6T7.50.BC1	59062
CoV|P0C6T7.50.BC2	61557
CoV|P0C6T7.51.BC1	29701
CoV|P0C6T7.51.BC2	30245
CoV|P0C6T7.52.BC1	19658
CoV|P0C6T7.52.BC2	21408
CoV|P0C6T7.53.BC1	28629
CoV|P0C6T7.53.BC2	18137
CoV|P0C6T7.54.BC1	17692
CoV|P0C6T7.54.BC2	32527
CoV|P0C6T7.55.BC1	18014
CoV|P0C6T7.55.BC2	38525
CoV|P0C6T7.56.BC1	33134
CoV|P0C6T7.56.BC2	45317
CoV|P0C6T7.57.BC1	14755
CoV|P0C6T7.57.BC2	24315
CoV|P0C6T7.58.BC1	14940
CoV|P0C6T7.58.BC2	43057
CoV|P0C6T7.59.BC1	10655
CoV|P0C6T7.59.BC2	9334
CoV|P0C6T7.6.BC1	31156
CoV|P0C6T7.6.BC2	9559
CoV|P0C6T7.60.BC1	20187
CoV|P0C6T7.60.BC2	18216
CoV|P0C6T7.61.BC1	20596
CoV|P0C6T7.61.BC2	18968
CoV|P0C6T7.62.BC1	24536
CoV|P0C6T7.62.BC2	10941
CoV|P0C6T7.63.BC1	7834
CoV|P0C6T7.63.BC2	32206
CoV|P0C6T7.64.BC1	28001
CoV|P0C6T7.64.BC2	18751
CoV|P0C6T7.65.BC1	34793
CoV|P0C6T7.65.BC2	28670
CoV|P0C6T7.66.BC1	15332
CoV|P0C6T7.66.BC2	24306
CoV|P0C6T7.67.BC1	40557
CoV|P0C6T7.67.BC2	28807
CoV|P0C6T7.68.BC1	28866
CoV|P0C6T7.68.BC2	35213
CoV|P0C6T7.69.BC1	21874
CoV|P0C6T7.69.BC2	28319
CoV|P0C6T7.7.BC1	3547
CoV|P0C6T7.7.BC2	21914
CoV|P0C6T7.70.BC1	33543
CoV|P0C6T7.70.BC2	65375
CoV|P0C6T7.71.BC1	32349
CoV|P0C6T7.71.BC2	38675
CoV|P0C6T7.72.BC1	43226
CoV|P0C6T7.72.BC2	32208
CoV|P0C6T7.73.BC1	36599
CoV|P0C6T7.73.BC2	41361
CoV|P0C6T7.74.BC1	20336
CoV|P0C6T7.74.BC2	21883
CoV|P0C6T7.75.BC1	45855
CoV|P0C6T7.75.BC2	37866
CoV|P0C6T7.76.BC1	27443
CoV|P0C6T7.76.BC2	30169
CoV|P0C6T7.77.BC1	7627
CoV|P0C6T7.77.BC2	18036
CoV|P0C6T7.78.BC1	32704
CoV|P0C6T7.78.BC2	13176
CoV|P0C6T7.79.BC1	5351
CoV|P0C6T7.79.BC2	24055
CoV|P0C6T7.8.BC1	21864
CoV|P0C6T7.8.BC2	8965
CoV|P0C6T7.80.BC1	12425
CoV|P0C6T7.80.BC2	16375
CoV|P0C6T7.81.BC1	17723
CoV|P0C6T7.81.BC2	24241
CoV|P0C6T7.82.BC1	28835
CoV|P0C6T7.82.BC2	26670
CoV|P0C6T7.83.BC1	17282
CoV|P0C6T7.83.BC2	40696
CoV|P0C6T7.84.BC1	18049
CoV|P0C6T7.84.BC2	12202
CoV|P0C6T7.85.BC1	22725
CoV|P0C6T7.85.BC2	40753
CoV|P0C6T7.86.BC1	41012
CoV|P0C6T7.86.BC2	26533
CoV|P0C6T7.87.BC1	31593
CoV|P0C6T7.87.BC2	33212
CoV|P0C6T7.88.BC1	28376
CoV|P0C6T7.88.BC2	32223
CoV|P0C6T7.89.BC1	17735
CoV|P0C6T7.89.BC2	67076
CoV|P0C6T7.90.BC1	10423
CoV|P0C6T7.90.BC2	49560
CoV|P0C6T7.91.BC1	26389
CoV|P0C6T7.91.BC2	7995
CoV|P0C6T7.92.BC1	17579
CoV|P0C6T7.92.BC2	19404
CoV|P0C6T7.93.BC1	37882
CoV|P0C6T7.93.BC2	36256
CoV|P0C6T7.94.BC1	59526
CoV|P0C6T7.94.BC2	88278
CoV|P0C6T7.95.BC1	16522
CoV|P0C6T7.95.BC2	29715
CoV|P0C6T7.96.BC1	14866
CoV|P0C6T7.96.BC2	13564
CoV|P0C6T7.97.BC1	58390
CoV|P0C6T7.97.BC2	51218
CoV|P0C6T7.98.BC1	39069
CoV|P0C6T7.98.BC2	33523
CoV|P0C6T7.99.BC1	43757
CoV|P0C6T7.99.BC2	30977
CoV|P0C6U2.0.BC1	40459
CoV|P0C6U2.0.BC2	44867
CoV|P0C6U2.1.BC1	25153
CoV|P0C6U2.1.BC2	13990
CoV|P0C6U2.10.BC1	11068
CoV|P0C6U2.10.BC2	20100
CoV|P0C6U2.100.BC1	46850
CoV|P0C6U2.100.BC2	51436
CoV|P0C6U2.101.BC1	30696
CoV|P0C6U2.101.BC2	20696
CoV|P0C6U2.102.BC1	16614
CoV|P0C6U2.102.BC2	20622
CoV|P0C6U2.103.BC1	20816
CoV|P0C6U2.103.BC2	21046
CoV|P0C6U2.104.BC1	20012
CoV|P0C6U2.104.BC2	17493
CoV|P0C6U2.105.BC1	30330
CoV|P0C6U2.105.BC2	14142
CoV|P0C6U2.106.BC1	12452
CoV|P0C6U2.106.BC2	12011
CoV|P0C6U2.107.BC1	15755
CoV|P0C6U2.107.BC2	34781
CoV|P0C6U2.108.BC1	18802
CoV|P0C6U2.108.BC2	29214
CoV|P0C6U2.109.BC1	27013
CoV|P0C6U2.109.BC2	30294
CoV|P0C6U2.11.BC1	20752
CoV|P0C6U2.11.BC2	29133
CoV|P0C6U2.110.BC1	8529
CoV|P0C6U2.110.BC2	7276
CoV|P0C6U2.111.BC1	29572
CoV|P0C6U2.111.BC2	17376
CoV|P0C6U2.112.BC1	15821
CoV|P0C6U2.112.BC2	17394
CoV|P0C6U2.113.BC1	12712
CoV|P0C6U2.113.BC2	13494
CoV|P0C6U2.114.BC1	15872
CoV|P0C6U2.114.BC2	15277
CoV|P0C6U2.115.BC1	11437
CoV|P0C6U2.115.BC2	17514
CoV|P0C6U2.116.BC1	18628
CoV|P0C6U2.116.BC2	16110
CoV|P0C6U2.117.BC1	4066
CoV|P0C6U2.117.BC2	30218
CoV|P0C6U2.118.BC1	27137
CoV|P0C6U2.118.BC2	27970
CoV|P0C6U2.119.BC1	39263
CoV|P0C6U2.119.BC2	32734
CoV|P0C6U2.12.BC1	54327
CoV|P0C6U2.12.BC2	32241
CoV|P0C6U2.120.BC1	29693
CoV|P0C6U2.120.BC2	37033
CoV|P0C6U2.121.BC1	69373
CoV|P0C6U2.121.BC2	53716
CoV|P0C6U2.122.BC1	39100
CoV|P0C6U2.122.BC2	62185
CoV|P0C6U2.123.BC1	42928
CoV|P0C6U2.123.BC2	51353
CoV|P0C6U2.124.BC1	18901
CoV|P0C6U2.124.BC2	26665
CoV|P0C6U2.125.BC1	18207
CoV|P0C6U2.125.BC2	30725
CoV|P0C6U2.126.BC1	9165
CoV|P0C6U2.126.BC2	18383
CoV|P0C6U2.127.BC1	17195
CoV|P0C6U2.127.BC2	10887
CoV|P0C6U2.128.BC1	10683
CoV|P0C6U2.128.BC2	16658
CoV|P0C6U2.129.BC1	801
CoV|P0C6U2.129.BC2	42846
CoV|P0C6U2.13.BC1	47444
CoV|P0C6U2.13.BC2	28464
CoV|P0C6U2.130.BC1	25623
CoV|P0C6U2.130.BC2	23803
CoV|P0C6U2.131.BC1	15730
CoV|P0C6U2.131.BC2	26959
CoV|P0C6U2.132.BC1	39654
CoV|P0C6U2.132.BC2	16117
CoV|P0C6U2.133.BC1	46283
CoV|P0C6U2.133.BC2	23439
CoV|P0C6U2.134.BC1	12277
CoV|P0C6U2.134.BC2	4813
CoV|P0C6U2.135.BC1	13414
CoV|P0C6U2.135.BC2	18989
CoV|P0C6U2.136.BC1	34759
CoV|P0C6U2.136.BC2	49940
CoV|P0C6U2.137.BC1	46015
CoV|P0C6U2.137.BC2	25099
CoV|P0C6U2.138.BC1	16578
CoV|P0C6U2.138.BC2	20196
CoV|P0C6U2.139.BC1	16909
CoV|P0C6U2.139.BC2	14846
CoV|P0C6U2.14.BC1	27249
CoV|P0C6U2.14.BC2	28816
CoV|P0C6U2.140.BC1	29828
CoV|P0C6U2.140.BC2	33349
CoV|P0C6U2.141.BC1	30777
CoV|P0C6U2.141.BC2	31900
CoV|P0C6U2.142.BC1	16562
CoV|P0C6U2.142.BC2	11391
CoV|P0C6U2.143.BC1	20776
CoV|P0C6U2.143.BC2	23383
CoV|P0C6U2.144.BC1	56932
CoV|P0C6U2.144.BC2	30316
CoV|P0C6U2.15.BC1	21506
CoV|P0C6U2.15.BC2	14606
CoV|P0C6U2.16.BC1	36657
CoV|P0C6U2.16.BC2	20393
CoV|P0C6U2.17.BC1	20349
CoV|P0C6U2.17.BC2	16421
CoV|P0C6U2.18.BC1	18106
CoV|P0C6U2.18.BC2	32743
CoV|P0C6U2.19.BC1	23097
CoV|P0C6U2.19.BC2	18208
CoV|P0C6U2.2.BC1	13377
CoV|P0C6U2.2.BC2	4146
CoV|P0C6U2.20.BC1	31566
CoV|P0C6U2.20.BC2	18849
CoV|P0C6U2.21.BC1	26083
CoV|P0C6U2.21.BC2	5989
CoV|P0C6U2.22.BC1	13185
CoV|P0C6U2.22.BC2	24595
CoV|P0C6U2.23.BC1	26330
CoV|P0C6U2.23.BC2	37703
CoV|P0C6U2.24.BC1	19164
CoV|P0C6U2.24.BC2	34033
CoV|P0C6U2.25.BC1	16842
CoV|P0C6U2.25.BC2	40716
CoV|P0C6U2.26.BC1	17743
CoV|P0C6U2.26.BC2	14700
CoV|P0C6U2.27.BC1	27380
CoV|P0C6U2.27.BC2	19375
CoV|P0C6U2.28.BC1	11143
CoV|P0C6U2.28.BC2	23042
CoV|P0C6U2.29.BC1	38810
CoV|P0C6U2.29.BC2	44237
CoV|P0C6U2.3.BC1	29599
CoV|P0C6U2.3.BC2	15678
CoV|P0C6U2.30.BC1	33398
CoV|P0C6U2.30.BC2	32110
CoV|P0C6U2.31.BC1	22004
CoV|P0C6U2.31.BC2	35313
CoV|P0C6U2.32.BC1	20545
CoV|P0C6U2.32.BC2	21714
CoV|P0C6U2.33.BC1	13793
CoV|P0C6U2.33.BC2	25101
CoV|P0C6U2.34.BC1	50711
CoV|P0C6U2.34.BC2	18430
CoV|P0C6U2.35.BC1	59778
CoV|P0C6U2.35.BC2	57879
CoV|P0C6U2.36.BC1	20929
CoV|P0C6U2.36.BC2	23674
CoV|P0C6U2.37.BC1	4959
CoV|P0C6U2.37.BC2	7975
CoV|P0C6U2.38.BC1	24510
CoV|P0C6U2.38.BC2	25473
CoV|P0C6U2.39.BC1	14232
CoV|P0C6U2.39.BC2	8436
CoV|P0C6U2.4.BC1	20709
CoV|P0C6U2.4.BC2	25315
CoV|P0C6U2.40.BC1	7965
CoV|P0C6U2.40.BC2	10892
CoV|P0C6U2.41.BC1	28426
CoV|P0C6U2.41.BC2	32590
CoV|P0C6U2.42.BC1	19918
CoV|P0C6U2.42.BC2	32473
CoV|P0C6U2.43.BC1	16021
CoV|P0C6U2.43.BC2	20987
CoV|P0C6U2.44.BC1	42147
CoV|P0C6U2.44.BC2	25777
CoV|P0C6U2.45.BC1	33866
CoV|P0C6U2.45.BC2	53843
CoV|P0C6U2.46.BC1	45956
CoV|P0C6U2.46.BC2	11760
CoV|P0C6U2.47.BC1	40035
CoV|P0C6U2.47.BC2	22812
CoV|P0C6U2.48.BC1	33852
CoV|P0C6U2.48.BC2	39730
CoV|P0C6U2.49.BC1	2055
CoV|P0C6U2.49.BC2	9768
CoV|P0C6U2.5.BC1	46993
CoV|P0C6U2.5.BC2	26397
CoV|P0C6U2.50.BC1	14154
CoV|P0C6U2.50.BC2	13434
CoV|P0C6U2.51.BC1	39829
CoV|P0C6U2.51.BC2	16866
CoV|P0C6U2.52.BC1	21179
CoV|P0C6U2.52.BC2	37424
CoV|P0C6U2.53.BC1	13409
CoV|P0C6U2.53.BC2	18535
CoV|P0C6U2.54.BC1	4490
CoV|P0C6U2.54.BC2	6651
CoV|P0C6U2.55.BC1	25893
CoV|P0C6U2.55.BC2	22868
CoV|P0C6U2.56.BC1	11616
CoV|P0C6U2.56.BC2	11849
CoV|P0C6U2.57.BC1	36571
CoV|P0C6U2.57.BC2	45861
CoV|P0C6U2.58.BC1	35922
CoV|P0C6U2.58.BC2	37521
CoV|P0C6U2.59.BC1	27111
CoV|P0C6U2.59.BC2	16929
CoV|P0C6U2.6.BC1	46081
CoV|P0C6U2.6.BC2	16149
CoV|P0C6U2.60.BC1	21992
CoV|P0C6U2.60.BC2	10556
CoV|P0C6U2.61.BC1	12647
CoV|P0C6U2.61.BC2	9312
CoV|P0C6U2.62.BC1	9869
CoV|P0C6U2.62.BC2	10110
CoV|P0C6U2.63.BC1	21836
CoV|P0C6U2.63.BC2	16170
CoV|P0C6U2.64.BC1	12393
CoV|P0C6U2.64.BC2	21987
CoV|P0C6U2.65.BC1	21106
CoV|P0C6U2.65.BC2	12752
CoV|P0C6U2.66.BC1	25424
CoV|P0C6U2.66.BC2	29796
CoV|P0C6U2.67.BC1	3598
CoV|P0C6U2.67.BC2	15991
CoV|P0C6U2.68.BC1	26483
CoV|P0C6U2.68.BC2	22266
CoV|P0C6U2.69.BC1	16695
CoV|P0C6U2.69.BC2	19850
CoV|P0C6U2.7.BC1	9045
CoV|P0C6U2.7.BC2	17350
CoV|P0C6U2.70.BC1	32736
CoV|P0C6U2.70.BC2	46419
CoV|P0C6U2.71.BC1	15163
CoV|P0C6U2.71.BC2	22320
CoV|P0C6U2.72.BC1	18487
CoV|P0C6U2.72.BC2	12948
CoV|P0C6U2.73.BC1	12654
CoV|P0C6U2.73.BC2	17440
CoV|P0C6U2.74.BC1	28729
CoV|P0C6U2.74.BC2	12715
CoV|P0C6U2.75.BC1	42783
CoV|P0C6U2.75.BC2	27058
CoV|P0C6U2.76.BC1	25894
CoV|P0C6U2.76.BC2	24267
CoV|P0C6U2.77.BC1	40392
CoV|P0C6U2.77.BC2	15371
CoV|P0C6U2.78.BC1	33455
CoV|P0C6U2.78.BC2	29951
CoV|P0C6U2.79.BC1	18546
CoV|P0C6U2.79.BC2	11182
CoV|P0C6U2.8.BC1	27869
CoV|P0C6U2.8.BC2	20901
CoV|P0C6U2.80.BC1	6610
CoV|P0C6U2.80.BC2	6326
CoV|P0C6U2.81.BC1	27576
CoV|P0C6U2.81.BC2	31449
CoV|P0C6U2.82.BC1	32174
CoV|P0C6U2.82.BC2	32672
CoV|P0C6U2.83.BC1	38107
CoV|P0C6U2.83.BC2	29499
CoV|P0C6U2.84.BC1	63544
CoV|P0C6U2.84.BC2	30018
CoV|P0C6U2.85.BC1	33418
CoV|P0C6U2.85.BC2	47159
CoV|P0C6U2.86.BC1	20565
CoV|P0C6U2.86.BC2	29399
CoV|P0C6U2.87.BC1	35459
CoV|P0C6U2.87.BC2	38689
CoV|P0C6U2.88.BC1	53304
CoV|P0C6U2.88.BC2	30905
CoV|P0C6U2.89.BC1	25166
CoV|P0C6U2.89.BC2	23206
CoV|P0C6U2.9.BC1	24039
CoV|P0C6U2.9.BC2	16754
CoV|P0C6U2.90.BC1	38805
CoV|P0C6U2.90.BC2	26769
CoV|P0C6U2.91.BC1	7054
CoV|P0C6U2.91.BC2	8230
CoV|P0C6U2.92.BC1	8174
CoV|P0C6U2.92.BC2	10887
CoV|P0C6U2.93.BC1	18351
CoV|P0C6U2.93.BC2	23207
CoV|P0C6U2.94.BC1	47981
CoV|P0C6U2.94.BC2	20879
CoV|P0C6U2.95.BC1	19391
CoV|P0C6U2.95.BC2	23330
CoV|P0C6U2.96.BC1	13481
CoV|P0C6U2.96.BC2	17606
CoV|P0C6U2.97.BC1	54566
CoV|P0C6U2.97.BC2	30260
CoV|P0C6U2.98.BC1	41445
CoV|P0C6U2.98.BC2	32742
CoV|P0C6U2.99.BC1	65468
CoV|P0C6U2.99.BC2	56371
CoV|P0C6U4.157.BC1	43515
CoV|P0C6U4.157.BC2	45982
CoV|P0C6U7.0.BC1	27128
CoV|P0C6U7.0.BC2	40178
CoV|P0C6U7.1.BC1	33628
CoV|P0C6U7.1.BC2	20827
CoV|P0C6U7.10.BC1	12692
CoV|P0C6U7.10.BC2	24396
CoV|P0C6U7.100.BC1	31831
CoV|P0C6U7.100.BC2	27495
CoV|P0C6U7.101.BC1	7749
CoV|P0C6U7.101.BC2	18450
CoV|P0C6U7.102.BC1	15357
CoV|P0C6U7.102.BC2	20932
CoV|P0C6U7.103.BC1	52260
CoV|P0C6U7.103.BC2	41149
CoV|P0C6U7.104.BC1	46706
CoV|P0C6U7.104.BC2	29107
CoV|P0C6U7.105.BC1	15990
CoV|P0C6U7.105.BC2	7570
CoV|P0C6U7.106.BC1	15102
CoV|P0C6U7.106.BC2	5444
CoV|P0C6U7.107.BC1	48836
CoV|P0C6U7.107.BC2	35584
CoV|P0C6U7.108.BC1	43734
CoV|P0C6U7.108.BC2	40751
CoV|P0C6U7.109.BC1	41297
CoV|P0C6U7.109.BC2	66968
CoV|P0C6U7.11.BC1	29055
CoV|P0C6U7.11.BC2	14614
CoV|P0C6U7.110.BC1	49492
CoV|P0C6U7.110.BC2	1520
CoV|P0C6U7.111.BC1	30238
CoV|P0C6U7.111.BC2	46737
CoV|P0C6U7.112.BC1	15834
CoV|P0C6U7.112.BC2	11188
CoV|P0C6U7.113.BC1	25293
CoV|P0C6U7.113.BC2	47488
CoV|P0C6U7.114.BC1	27747
CoV|P0C6U7.114.BC2	31581
CoV|P0C6U7.115.BC1	27767
CoV|P0C6U7.115.BC2	22197
CoV|P0C6U7.116.BC1	36872
CoV|P0C6U7.116.BC2	20939
CoV|P0C6U7.117.BC1	20121
CoV|P0C6U7.117.BC2	14011
CoV|P0C6U7.118.BC1	17418
CoV|P0C6U7.118.BC2	19489
CoV|P0C6U7.119.BC1	21309
CoV|P0C6U7.119.BC2	16744
CoV|P0C6U7.12.BC1	18043
CoV|P0C6U7.12.BC2	34129
CoV|P0C6U7.120.BC1	9182
CoV|P0C6U7.120.BC2	10429
CoV|P0C6U7.121.BC1	11313
CoV|P0C6U7.121.BC2	14954
CoV|P0C6U7.122.BC1	8068
CoV|P0C6U7.122.BC2	11076
CoV|P0C6U7.123.BC1	9952
CoV|P0C6U7.123.BC2	13182
CoV|P0C6U7.124.BC1	11336
CoV|P0C6U7.124.BC2	10263
CoV|P0C6U7.125.BC1	27917
CoV|P0C6U7.125.BC2	23606
CoV|P0C6U7.126.BC1	37305
CoV|P0C6U7.126.BC2	28221
CoV|P0C6U7.127.BC1	50205
CoV|P0C6U7.127.BC2	61963
CoV|P0C6U7.128.BC1	41379
CoV|P0C6U7.128.BC2	61223
CoV|P0C6U7.129.BC1	26837
CoV|P0C6U7.129.BC2	38808
CoV|P0C6U7.13.BC1	21592
CoV|P0C6U7.13.BC2	26526
CoV|P0C6U7.130.BC1	15410
CoV|P0C6U7.130.BC2	38775
CoV|P0C6U7.131.BC1	6180
CoV|P0C6U7.131.BC2	21459
CoV|P0C6U7.132.BC1	17795
CoV|P0C6U7.132.BC2	22189
CoV|P0C6U7.133.BC1	17814
CoV|P0C6U7.133.BC2	5593
CoV|P0C6U7.134.BC1	21046
CoV|P0C6U7.134.BC2	30924
CoV|P0C6U7.135.BC1	17152
CoV|P0C6U7.135.BC2	19433
CoV|P0C6U7.136.BC1	3821
CoV|P0C6U7.136.BC2	13409
CoV|P0C6U7.137.BC1	8627
CoV|P0C6U7.137.BC2	13785
CoV|P0C6U7.138.BC1	13027
CoV|P0C6U7.138.BC2	17316
CoV|P0C6U7.139.BC1	32550
CoV|P0C6U7.139.BC2	23440
CoV|P0C6U7.14.BC1	27294
CoV|P0C6U7.14.BC2	39824
CoV|P0C6U7.140.BC1	34003
CoV|P0C6U7.140.BC2	12483
CoV|P0C6U7.141.BC1	47726
CoV|P0C6U7.141.BC2	53769
CoV|P0C6U7.142.BC1	14607
CoV|P0C6U7.142.BC2	33988
CoV|P0C6U7.143.BC1	9822
CoV|P0C6U7.143.BC2	39344
CoV|P0C6U7.144.BC1	25521
CoV|P0C6U7.144.BC2	27471
CoV|P0C6U7.145.BC1	23388
CoV|P0C6U7.145.BC2	3489
CoV|P0C6U7.146.BC1	17748
CoV|P0C6U7.146.BC2	10135
CoV|P0C6U7.147.BC1	29798
CoV|P0C6U7.147.BC2	24215
CoV|P0C6U7.148.BC1	17179
CoV|P0C6U7.148.BC2	50476
CoV|P0C6U7.149.BC1	18087
CoV|P0C6U7.149.BC2	17992
CoV|P0C6U7.15.BC1	23236
CoV|P0C6U7.15.BC2	13193
CoV|P0C6U7.150.BC1	31233
CoV|P0C6U7.150.BC2	22578
CoV|P0C6U7.151.BC1	25896
CoV|P0C6U7.151.BC2	48696
CoV|P0C6U7.152.BC1	18905
CoV|P0C6U7.152.BC2	42389
CoV|P0C6U7.153.BC1	17589
CoV|P0C6U7.153.BC2	15947
CoV|P0C6U7.154.BC1	42366
CoV|P0C6U7.154.BC2	34541
CoV|P0C6U7.155.BC1	41841
CoV|P0C6U7.155.BC2	20915
CoV|P0C6U7.16.BC1	14669
CoV|P0C6U7.16.BC2	7326
CoV|P0C6U7.17.BC1	20694
CoV|P0C6U7.17.BC2	27529
CoV|P0C6U7.18.BC1	22304
CoV|P0C6U7.18.BC2	16416
CoV|P0C6U7.19.BC1	17830
CoV|P0C6U7.19.BC2	16303
CoV|P0C6U7.2.BC1	22665
CoV|P0C6U7.2.BC2	41737
CoV|P0C6U7.20.BC1	17661
CoV|P0C6U7.20.BC2	23594
CoV|P0C6U7.21.BC1	19477
CoV|P0C6U7.21.BC2	19798
CoV|P0C6U7.22.BC1	15079
CoV|P0C6U7.22.BC2	25305
CoV|P0C6U7.23.BC1	23802
CoV|P0C6U7.23.BC2	39877
CoV|P0C6U7.24.BC1	27691
CoV|P0C6U7.24.BC2	36051
CoV|P0C6U7.25.BC1	719
CoV|P0C6U7.25.BC2	28091
CoV|P0C6U7.26.BC1	24229
CoV|P0C6U7.26.BC2	25372
CoV|P0C6U7.27.BC1	47002
CoV|P0C6U7.27.BC2	55714
CoV|P0C6U7.28.BC1	7656
CoV|P0C6U7.28.BC2	45417
CoV|P0C6U7.29.BC1	17798
CoV|P0C6U7.29.BC2	29846
CoV|P0C6U7.3.BC1	12803
CoV|P0C6U7.3.BC2	15511
CoV|P0C6U7.30.BC1	16548
CoV|P0C6U7.30.BC2	21241
CoV|P0C6U7.31.BC1	17317
CoV|P0C6U7.31.BC2	23410
CoV|P0C6U7.32.BC1	21924
CoV|P0C6U7.32.BC2	34928
CoV|P0C6U7.33.BC1	9726
CoV|P0C6U7.33.BC2	44078
CoV|P0C6U7.34.BC1	43029
CoV|P0C6U7.34.BC2	16658
CoV|P0C6U7.35.BC1	69581
CoV|P0C6U7.35.BC2	25603
CoV|P0C6U7.36.BC1	24819
CoV|P0C6U7.36.BC2	16868
CoV|P0C6U7.37.BC1	13596
CoV|P0C6U7.37.BC2	12398
CoV|P0C6U7.38.BC1	13858
CoV|P0C6U7.38.BC2	5043
CoV|P0C6U7.39.BC1	7723
CoV|P0C6U7.39.BC2	28597
CoV|P0C6U7.4.BC1	23153
CoV|P0C6U7.4.BC2	19874
CoV|P0C6U7.40.BC1	17136
CoV|P0C6U7.40.BC2	17924
CoV|P0C6U7.41.BC1	15263
CoV|P0C6U7.41.BC2	26442
CoV|P0C6U7.42.BC1	32123
CoV|P0C6U7.42.BC2	9535
CoV|P0C6U7.43.BC1	13593
CoV|P0C6U7.43.BC2	11148
CoV|P0C6U7.44.BC1	14830
CoV|P0C6U7.44.BC2	13695
CoV|P0C6U7.45.BC1	19410
CoV|P0C6U7.45.BC2	20324
CoV|P0C6U7.46.BC1	22783
CoV|P0C6U7.46.BC2	35980
CoV|P0C6U7.47.BC1	38887
CoV|P0C6U7.47.BC2	22172
CoV|P0C6U7.48.BC1	16134
CoV|P0C6U7.48.BC2	22173
CoV|P0C6U7.49.BC1	14867
CoV|P0C6U7.49.BC2	13903
CoV|P0C6U7.5.BC1	8136
CoV|P0C6U7.5.BC2	20798
CoV|P0C6U7.50.BC1	15185
CoV|P0C6U7.50.BC2	41042
CoV|P0C6U7.51.BC1	23022
CoV|P0C6U7.51.BC2	28736
CoV|P0C6U7.52.BC1	38362
CoV|P0C6U7.52.BC2	44433
CoV|P0C6U7.53.BC1	7077
CoV|P0C6U7.53.BC2	15523
CoV|P0C6U7.54.BC1	10512
CoV|P0C6U7.54.BC2	6275
CoV|P0C6U7.55.BC1	15875
CoV|P0C6U7.55.BC2	22817
CoV|P0C6U7.56.BC1	24702
CoV|P0C6U7.56.BC2	17081
CoV|P0C6U7.57.BC1	15689
CoV|P0C6U7.57.BC2	8944
CoV|P0C6U7.58.BC1	15355
CoV|P0C6U7.58.BC2	17952
CoV|P0C6U7.59.BC1	22570
CoV|P0C6U7.59.BC2	29652
CoV|P0C6U7.6.BC1	23842
CoV|P0C6U7.6.BC2	22313
CoV|P0C6U7.60.BC1	15545
CoV|P0C6U7.60.BC2	9053
CoV|P0C6U7.61.BC1	9963
CoV|P0C6U7.61.BC2	15806
CoV|P0C6U7.62.BC1	9828
CoV|P0C6U7.62.BC2	18136
CoV|P0C6U7.63.BC1	28929
CoV|P0C6U7.63.BC2	32165
CoV|P0C6U7.64.BC1	18207
CoV|P0C6U7.64.BC2	24455
CoV|P0C6U7.65.BC1	26949
CoV|P0C6U7.65.BC2	30823
CoV|P0C6U7.66.BC1	22647
CoV|P0C6U7.66.BC2	28891
CoV|P0C6U7.67.BC1	21129
CoV|P0C6U7.67.BC2	13103
CoV|P0C6U7.68.BC1	30857
CoV|P0C6U7.68.BC2	18330
CoV|P0C6U7.69.BC1	40009
CoV|P0C6U7.69.BC2	32910
CoV|P0C6U7.7.BC1	27306
CoV|P0C6U7.7.BC2	38312
CoV|P0C6U7.70.BC1	36889
CoV|P0C6U7.70.BC2	22256
CoV|P0C6U7.71.BC1	22793
CoV|P0C6U7.71.BC2	26873
CoV|P0C6U7.72.BC1	49257
CoV|P0C6U7.72.BC2	38482
CoV|P0C6U7.73.BC1	25592
CoV|P0C6U7.73.BC2	38262
CoV|P0C6U7.74.BC1	21297
CoV|P0C6U7.74.BC2	18575
CoV|P0C6U7.75.BC1	30153
CoV|P0C6U7.75.BC2	12803
CoV|P0C6U7.76.BC1	23209
CoV|P0C6U7.76.BC2	17970
CoV|P0C6U7.77.BC1	11767
CoV|P0C6U7.77.BC2	30183
CoV|P0C6U7.78.BC1	8665
CoV|P0C6U7.78.BC2	29940
CoV|P0C6U7.79.BC1	16837
CoV|P0C6U7.79.BC2	12999
CoV|P0C6U7.8.BC1	50963
CoV|P0C6U7.8.BC2	25453
CoV|P0C6U7.80.BC1	29653
CoV|P0C6U7.80.BC2	17220
CoV|P0C6U7.81.BC1	25207
CoV|P0C6U7.81.BC2	30361
CoV|P0C6U7.82.BC1	32414
CoV|P0C6U7.82.BC2	34328
CoV|P0C6U7.83.BC1	16139
CoV|P0C6U7.83.BC2	35839
CoV|P0C6U7.84.BC1	39413
CoV|P0C6U7.84.BC2	31442
CoV|P0C6U7.85.BC1	17437
CoV|P0C6U7.85.BC2	65131
CoV|P0C6U7.86.BC1	15140
CoV|P0C6U7.86.BC2	29377
CoV|P0C6U7.87.BC1	31458
CoV|P0C6U7.87.BC2	24996
CoV|P0C6U7.88.BC1	40121
CoV|P0C6U7.88.BC2	58670
CoV|P0C6U7.89.BC1	31548
CoV|P0C6U7.89.BC2	27547
CoV|P0C6U7.9.BC1	17881
CoV|P0C6U7.9.BC2	14386
CoV|P0C6U7.90.BC1	28499
CoV|P0C6U7.90.BC2	35713
CoV|P0C6U7.91.BC1	20379
CoV|P0C6U7.91.BC2	41503
CoV|P0C6U7.92.BC1	17826
CoV|P0C6U7.92.BC2	16543
CoV|P0C6U7.93.BC1	26796
CoV|P0C6U7.93.BC2	46306
CoV|P0C6U7.94.BC1	40936
CoV|P0C6U7.94.BC2	34290
CoV|P0C6U7.95.BC1	15903
CoV|P0C6U7.95.BC2	6062
CoV|P0C6U7.96.BC1	27002
CoV|P0C6U7.96.BC2	37980
CoV|P0C6U7.97.BC1	41391
CoV|P0C6U7.97.BC2	59077
CoV|P0C6U7.98.BC1	34809
CoV|P0C6U7.98.BC2	43132
CoV|P0C6U7.99.BC1	54938
CoV|P0C6U7.99.BC2	15795
CoV|P0C6U8.0.BC1	33346
CoV|P0C6U8.0.BC2	15389
CoV|P0C6U8.1.BC1	23392
CoV|P0C6U8.1.BC2	14260
CoV|P0C6U8.10.BC1	27396
CoV|P0C6U8.10.BC2	64676
CoV|P0C6U8.100.BC1	19232
CoV|P0C6U8.100.BC2	24761
CoV|P0C6U8.101.BC1	10540
CoV|P0C6U8.101.BC2	21582
CoV|P0C6U8.102.BC1	28281
CoV|P0C6U8.102.BC2	41745
CoV|P0C6U8.103.BC1	47546
CoV|P0C6U8.103.BC2	23309
CoV|P0C6U8.104.BC1	16890
CoV|P0C6U8.104.BC2	22008
CoV|P0C6U8.105.BC1	14164
CoV|P0C6U8.105.BC2	11681
CoV|P0C6U8.106.BC1	48014
CoV|P0C6U8.106.BC2	21233
CoV|P0C6U8.107.BC1	4981
CoV|P0C6U8.107.BC2	31265
CoV|P0C6U8.108.BC1	49012
CoV|P0C6U8.108.BC2	33229
CoV|P0C6U8.109.BC1	59948
CoV|P0C6U8.109.BC2	25648
CoV|P0C6U8.11.BC1	36598
CoV|P0C6U8.11.BC2	56504
CoV|P0C6U8.110.BC1	56379
CoV|P0C6U8.110.BC2	13313
CoV|P0C6U8.111.BC1	1304
CoV|P0C6U8.111.BC2	37659
CoV|P0C6U8.112.BC1	16012
CoV|P0C6U8.112.BC2	9865
CoV|P0C6U8.113.BC1	28807
CoV|P0C6U8.113.BC2	21285
CoV|P0C6U8.114.BC1	22872
CoV|P0C6U8.114.BC2	11763
CoV|P0C6U8.115.BC1	20223
CoV|P0C6U8.115.BC2	32700
CoV|P0C6U8.116.BC1	35414
CoV|P0C6U8.116.BC2	21518
CoV|P0C6U8.117.BC1	33302
CoV|P0C6U8.117.BC2	25070
CoV|P0C6U8.118.BC1	27572
CoV|P0C6U8.118.BC2	23314
CoV|P0C6U8.119.BC1	26652
CoV|P0C6U8.119.BC2	15625
CoV|P0C6U8.12.BC1	63626
CoV|P0C6U8.12.BC2	22448
CoV|P0C6U8.120.BC1	17517
CoV|P0C6U8.120.BC2	30254
CoV|P0C6U8.121.BC1	22711
CoV|P0C6U8.121.BC2	13597
CoV|P0C6U8.122.BC1	18272
CoV|P0C6U8.122.BC2	24783
CoV|P0C6U8.123.BC1	18942
CoV|P0C6U8.123.BC2	28517
CoV|P0C6U8.124.BC1	20344
CoV|P0C6U8.124.BC2	35090
CoV|P0C6U8.125.BC1	16135
CoV|P0C6U8.125.BC2	15366
CoV|P0C6U8.126.BC1	24132
CoV|P0C6U8.126.BC2	23219
CoV|P0C6U8.127.BC1	52822
CoV|P0C6U8.127.BC2	34855
CoV|P0C6U8.128.BC1	57494
CoV|P0C6U8.128.BC2	75145
CoV|P0C6U8.129.BC1	70346
CoV|P0C6U8.129.BC2	26077
CoV|P0C6U8.13.BC1	15775
CoV|P0C6U8.13.BC2	27593
CoV|P0C6U8.130.BC1	65712
CoV|P0C6U8.130.BC2	62600
CoV|P0C6U8.131.BC1	32294
CoV|P0C6U8.131.BC2	23946
CoV|P0C6U8.132.BC1	46403
CoV|P0C6U8.132.BC2	40869
CoV|P0C6U8.133.BC1	69968
CoV|P0C6U8.133.BC2	58013
CoV|P0C6U8.134.BC1	13262
CoV|P0C6U8.134.BC2	38890
CoV|P0C6U8.135.BC1	11270
CoV|P0C6U8.135.BC2	8818
CoV|P0C6U8.136.BC1	19281
CoV|P0C6U8.136.BC2	13414
CoV|P0C6U8.137.BC1	3227
CoV|P0C6U8.137.BC2	22311
CoV|P0C6U8.138.BC1	27415
CoV|P0C6U8.138.BC2	17762
CoV|P0C6U8.139.BC1	28547
CoV|P0C6U8.139.BC2	37559
CoV|P0C6U8.14.BC1	20259
CoV|P0C6U8.14.BC2	15589
CoV|P0C6U8.140.BC1	31498
CoV|P0C6U8.140.BC2	54194
CoV|P0C6U8.141.BC1	69206
CoV|P0C6U8.141.BC2	33986
CoV|P0C6U8.142.BC1	35935
CoV|P0C6U8.142.BC2	25619
CoV|P0C6U8.143.BC1	46317
CoV|P0C6U8.143.BC2	27649
CoV|P0C6U8.144.BC1	10777
CoV|P0C6U8.144.BC2	8794
CoV|P0C6U8.145.BC1	24840
CoV|P0C6U8.145.BC2	14464
CoV|P0C6U8.146.BC1	50919
CoV|P0C6U8.146.BC2	40418
CoV|P0C6U8.147.BC1	46743
CoV|P0C6U8.147.BC2	26954
CoV|P0C6U8.148.BC1	25689
CoV|P0C6U8.148.BC2	23398
CoV|P0C6U8.149.BC1	21599
CoV|P0C6U8.149.BC2	23783
CoV|P0C6U8.15.BC1	10855
CoV|P0C6U8.15.BC2	7939
CoV|P0C6U8.150.BC1	21248
CoV|P0C6U8.150.BC2	30065
CoV|P0C6U8.151.BC1	19551
CoV|P0C6U8.151.BC2	30377
CoV|P0C6U8.152.BC1	29691
CoV|P0C6U8.152.BC2	18275
CoV|P0C6U8.153.BC1	21966
CoV|P0C6U8.153.BC2	17354
CoV|P0C6U8.154.BC1	22333
CoV|P0C6U8.154.BC2	35088
CoV|P0C6U8.155.BC1	34742
CoV|P0C6U8.155.BC2	42598
CoV|P0C6U8.16.BC1	15282
CoV|P0C6U8.16.BC2	10827
CoV|P0C6U8.17.BC1	23389
CoV|P0C6U8.17.BC2	34882
CoV|P0C6U8.18.BC1	42137
CoV|P0C6U8.18.BC2	47532
CoV|P0C6U8.19.BC1	27797
CoV|P0C6U8.19.BC2	14278
CoV|P0C6U8.2.BC1	46295
CoV|P0C6U8.2.BC2	22546
CoV|P0C6U8.20.BC1	11814
CoV|P0C6U8.20.BC2	29759
CoV|P0C6U8.21.BC1	31507
CoV|P0C6U8.21.BC2	11417
CoV|P0C6U8.22.BC1	5947
CoV|P0C6U8.22.BC2	7776
CoV|P0C6U8.23.BC1	8592
CoV|P0C6U8.23.BC2	5876
CoV|P0C6U8.24.BC1	14761
CoV|P0C6U8.24.BC2	16035
CoV|P0C6U8.25.BC1	20480
CoV|P0C6U8.25.BC2	23670
CoV|P0C6U8.26.BC1	33573
CoV|P0C6U8.26.BC2	26847
CoV|P0C6U8.27.BC1	36907
CoV|P0C6U8.27.BC2	51271
CoV|P0C6U8.28.BC1	45063
CoV|P0C6U8.28.BC2	12665
CoV|P0C6U8.29.BC1	17622
CoV|P0C6U8.29.BC2	39127
CoV|P0C6U8.3.BC1	11988
CoV|P0C6U8.3.BC2	21686
CoV|P0C6U8.30.BC1	24355
CoV|P0C6U8.30.BC2	22795
CoV|P0C6U8.31.BC1	20477
CoV|P0C6U8.31.BC2	9056
CoV|P0C6U8.32.BC1	29197
CoV|P0C6U8.32.BC2	5463
CoV|P0C6U8.33.BC1	19556
CoV|P0C6U8.33.BC2	45709
CoV|P0C6U8.34.BC1	38024
CoV|P0C6U8.34.BC2	29544
CoV|P0C6U8.35.BC1	30860
CoV|P0C6U8.35.BC2	37167
CoV|P0C6U8.36.BC1	16766
CoV|P0C6U8.36.BC2	42294
CoV|P0C6U8.37.BC1	55644
CoV|P0C6U8.37.BC2	15442
CoV|P0C6U8.38.BC1	29683
CoV|P0C6U8.38.BC2	10425
CoV|P0C6U8.39.BC1	14266
CoV|P0C6U8.39.BC2	19997
CoV|P0C6U8.4.BC1	13840
CoV|P0C6U8.4.BC2	52222
CoV|P0C6U8.40.BC1	13143
CoV|P0C6U8.40.BC2	8174
CoV|P0C6U8.41.BC1	6996
CoV|P0C6U8.41.BC2	48709
CoV|P0C6U8.42.BC1	14778
CoV|P0C6U8.42.BC2	19329
CoV|P0C6U8.43.BC1	36829
CoV|P0C6U8.43.BC2	17788
CoV|P0C6U8.44.BC1	46090
CoV|P0C6U8.44.BC2	31393
CoV|P0C6U8.45.BC1	25006
CoV|P0C6U8.45.BC2	20158
CoV|P0C6U8.46.BC1	26493
CoV|P0C6U8.46.BC2	21412
CoV|P0C6U8.47.BC1	28407
CoV|P0C6U8.47.BC2	43404
CoV|P0C6U8.48.BC1	9227
CoV|P0C6U8.48.BC2	1070
CoV|P0C6U8.49.BC1	15325
CoV|P0C6U8.49.BC2	11737
CoV|P0C6U8.5.BC1	20237
CoV|P0C6U8.5.BC2	29547
CoV|P0C6U8.50.BC1	38266
CoV|P0C6U8.50.BC2	51958
CoV|P0C6U8.51.BC1	47942
CoV|P0C6U8.51.BC2	32835
CoV|P0C6U8.52.BC1	21025
CoV|P0C6U8.52.BC2	32004
CoV|P0C6U8.53.BC1	37211
CoV|P0C6U8.53.BC2	18809
CoV|P0C6U8.54.BC1	19081
CoV|P0C6U8.54.BC2	30668
CoV|P0C6U8.55.BC1	28844
CoV|P0C6U8.55.BC2	18994
CoV|P0C6U8.56.BC1	39228
CoV|P0C6U8.56.BC2	40094
CoV|P0C6U8.57.BC1	8484
CoV|P0C6U8.57.BC2	22415
CoV|P0C6U8.58.BC1	11303
CoV|P0C6U8.58.BC2	13755
CoV|P0C6U8.59.BC1	9235
CoV|P0C6U8.59.BC2	13611
CoV|P0C6U8.6.BC1	30934
CoV|P0C6U8.6.BC2	16456
CoV|P0C6U8.60.BC1	21785
CoV|P0C6U8.60.BC2	26178
CoV|P0C6U8.61.BC1	38375
CoV|P0C6U8.61.BC2	17612
CoV|P0C6U8.62.BC1	29747
CoV|P0C6U8.62.BC2	33297
CoV|P0C6U8.63.BC1	27065
CoV|P0C6U8.63.BC2	25543
CoV|P0C6U8.64.BC1	21326
CoV|P0C6U8.64.BC2	24546
CoV|P0C6U8.65.BC1	26424
CoV|P0C6U8.65.BC2	30557
CoV|P0C6U8.66.BC1	26662
CoV|P0C6U8.66.BC2	82261
CoV|P0C6U8.67.BC1	18688
CoV|P0C6U8.67.BC2	64378
CoV|P0C6U8.68.BC1	20849
CoV|P0C6U8.68.BC2	28820
CoV|P0C6U8.69.BC1	39152
CoV|P0C6U8.69.BC2	25597
CoV|P0C6U8.7.BC1	5586
CoV|P0C6U8.7.BC2	12537
CoV|P0C6U8.70.BC1	21239
CoV|P0C6U8.70.BC2	42804
CoV|P0C6U8.71.BC1	27481
CoV|P0C6U8.71.BC2	29314
CoV|P0C6U8.72.BC1	22961
CoV|P0C6U8.72.BC2	50226
CoV|P0C6U8.73.BC1	67729
CoV|P0C6U8.73.BC2	25572
CoV|P0C6U8.74.BC1	15200
CoV|P0C6U8.74.BC2	41832
CoV|P0C6U8.75.BC1	21780
CoV|P0C6U8.75.BC2	44692
CoV|P0C6U8.76.BC1	17443
CoV|P0C6U8.76.BC2	33116
CoV|P0C6U8.77.BC1	12141
CoV|P0C6U8.77.BC2	13747
CoV|P0C6U8.78.BC1	39824
CoV|P0C6U8.78.BC2	29508
CoV|P0C6U8.79.BC1	18962
CoV|P0C6U8.79.BC2	5439
CoV|P0C6U8.8.BC1	31627
CoV|P0C6U8.8.BC2	37762
CoV|P0C6U8.80.BC1	19850
CoV|P0C6U8.80.BC2	19749
CoV|P0C6U8.81.BC1	26104
CoV|P0C6U8.81.BC2	35121
CoV|P0C6U8.82.BC1	30530
CoV|P0C6U8.82.BC2	54408
CoV|P0C6U8.83.BC1	25994
CoV|P0C6U8.83.BC2	32626
CoV|P0C6U8.84.BC1	21632
CoV|P0C6U8.84.BC2	10598
CoV|P0C6U8.85.BC1	48707
CoV|P0C6U8.85.BC2	22257
CoV|P0C6U8.86.BC1	30757
CoV|P0C6U8.86.BC2	57997
CoV|P0C6U8.87.BC1	14203
CoV|P0C6U8.87.BC2	29904
CoV|P0C6U8.88.BC1	18551
CoV|P0C6U8.88.BC2	10334
CoV|P0C6U8.89.BC1	9904
CoV|P0C6U8.89.BC2	25479
CoV|P0C6U8.9.BC1	24339
CoV|P0C6U8.9.BC2	19838
CoV|P0C6U8.90.BC1	52346
CoV|P0C6U8.90.BC2	27205
CoV|P0C6U8.91.BC1	9697
CoV|P0C6U8.91.BC2	29208
CoV|P0C6U8.92.BC1	21839
CoV|P0C6U8.92.BC2	11215
CoV|P0C6U8.93.BC1	33784
CoV|P0C6U8.93.BC2	14736
CoV|P0C6U8.94.BC1	65589
CoV|P0C6U8.94.BC2	55595
CoV|P0C6U8.95.BC1	12959
CoV|P0C6U8.95.BC2	28046
CoV|P0C6U8.96.BC1	17566
CoV|P0C6U8.96.BC2	19284
CoV|P0C6U8.97.BC1	58601
CoV|P0C6U8.97.BC2	41321
CoV|P0C6U8.98.BC1	30176
CoV|P0C6U8.98.BC2	39045
CoV|P0C6U8.99.BC1	32643
CoV|P0C6U8.99.BC2	24467
CoV|P0C6V9.155.BC1	57680
CoV|P0C6V9.155.BC2	65148
CoV|P0C6V9.156.BC1	40800
CoV|P0C6V9.156.BC2	37914
CoV|P0C6V9.157.BC1	11210
CoV|P0C6V9.157.BC2	23322
CoV|P0C6V9.158.BC1	12033
CoV|P0C6V9.158.BC2	28893
CoV|P0C6V9.159.BC1	27385
CoV|P0C6V9.159.BC2	29275
CoV|P0C6V9.160.BC1	26643
CoV|P0C6V9.160.BC2	20342
CoV|P0C6V9.161.BC1	19222
CoV|P0C6V9.161.BC2	19599
CoV|P0C6V9.162.BC1	21751
CoV|P0C6V9.162.BC2	12989
CoV|P0C6V9.163.BC1	48092
CoV|P0C6V9.163.BC2	34635
CoV|P0C6V9.164.BC1	22561
CoV|P0C6V9.164.BC2	34276
CoV|P0C6V9.165.BC1	21202
CoV|P0C6V9.165.BC2	30886
CoV|P0C6V9.166.BC1	5089
CoV|P0C6V9.166.BC2	39178
CoV|P0C6V9.167.BC1	25906
CoV|P0C6V9.167.BC2	9181
CoV|P0C6V9.168.BC1	14087
CoV|P0C6V9.168.BC2	35262
CoV|P0C6V9.169.BC1	36954
CoV|P0C6V9.169.BC2	43943
CoV|P0C6V9.170.BC1	22629
CoV|P0C6V9.170.BC2	32021
CoV|P0C6V9.171.BC1	15728
CoV|P0C6V9.171.BC2	19491
CoV|P0C6V9.172.BC1	12985
CoV|P0C6V9.172.BC2	9121
CoV|P0C6V9.173.BC1	27831
CoV|P0C6V9.173.BC2	16117
CoV|P0C6V9.174.BC1	16207
CoV|P0C6V9.174.BC2	16024
CoV|P0C6V9.175.BC1	18913
CoV|P0C6V9.175.BC2	4105
CoV|P0C6V9.176.BC1	2739
CoV|P0C6V9.176.BC2	1411
CoV|P0C6V9.177.BC1	36639
CoV|P0C6V9.177.BC2	40030
CoV|P0C6V9.178.BC1	12186
CoV|P0C6V9.178.BC2	13452
CoV|P0C6V9.179.BC1	23261
CoV|P0C6V9.179.BC2	20722
CoV|P0C6V9.180.BC1	15255
CoV|P0C6V9.180.BC2	6920
CoV|P0C6V9.181.BC1	24467
CoV|P0C6V9.181.BC2	11802
CoV|P0C6V9.182.BC1	24497
CoV|P0C6V9.182.BC2	17043
CoV|P0C6V9.183.BC1	18879
CoV|P0C6V9.183.BC2	15540
CoV|P0C6V9.184.BC1	45624
CoV|P0C6V9.184.BC2	34107
CoV|P0C6V9.185.BC1	26298
CoV|P0C6V9.185.BC2	36190
CoV|P0C6V9.186.BC1	14559
CoV|P0C6V9.186.BC2	14909
CoV|P0C6V9.187.BC1	14769
CoV|P0C6V9.187.BC2	9583
CoV|P0C6V9.188.BC1	32244
CoV|P0C6V9.188.BC2	39135
CoV|P0C6V9.189.BC1	29123
CoV|P0C6V9.189.BC2	46706
CoV|P0C6V9.190.BC1	16035
CoV|P0C6V9.190.BC2	29347
CoV|P0C6V9.191.BC1	29988
CoV|P0C6V9.191.BC2	16726
CoV|P0C6V9.192.BC1	55233
CoV|P0C6V9.192.BC2	50048
CoV|P0C6V9.193.BC1	44986
CoV|P0C6V9.193.BC2	32967
CoV|P0C6V9.194.BC1	31498
CoV|P0C6V9.194.BC2	18527
CoV|P0C6V9.195.BC1	9316
CoV|P0C6V9.195.BC2	33441
CoV|P0C6V9.196.BC1	16198
CoV|P0C6V9.196.BC2	15258
CoV|P0C6V9.197.BC1	21974
CoV|P0C6V9.197.BC2	17577
CoV|P0C6V9.198.BC1	26528
CoV|P0C6V9.198.BC2	28679
CoV|P0C6V9.199.BC1	34658
CoV|P0C6V9.199.BC2	40852
CoV|P0C6V9.200.BC1	17332
CoV|P0C6V9.200.BC2	31336
CoV|P0C6V9.201.BC1	32098
CoV|P0C6V9.201.BC2	48850
CoV|P0C6V9.202.BC1	30097
CoV|P0C6V9.202.BC2	16578
CoV|P0C6V9.203.BC1	27873
CoV|P0C6V9.203.BC2	47622
CoV|P0C6V9.204.BC1	59015
CoV|P0C6V9.204.BC2	30633
CoV|P0C6V9.205.BC1	25774
CoV|P0C6V9.205.BC2	22893
CoV|P0C6V9.206.BC1	41694
CoV|P0C6V9.206.BC2	42414
CoV|P0C6V9.207.BC1	48666
CoV|P0C6V9.207.BC2	16514
CoV|P0C6V9.208.BC1	21466
CoV|P0C6V9.208.BC2	8501
CoV|P0C6V9.209.BC1	20242
CoV|P0C6V9.209.BC2	27725
CoV|P0C6V9.210.BC1	40327
CoV|P0C6V9.210.BC2	56228
CoV|P0C6V9.211.BC1	62060
CoV|P0C6V9.211.BC2	5182
CoV|P0C6V9.212.BC1	17193
CoV|P0C6V9.212.BC2	11007
CoV|P0C6V9.213.BC1	48371
CoV|P0C6V9.213.BC2	38007
CoV|P0C6V9.214.BC1	28746
CoV|P0C6V9.214.BC2	28260
CoV|P0C6V9.215.BC1	11715
CoV|P0C6V9.215.BC2	19808
CoV|P0C6V9.216.BC1	12424
CoV|P0C6V9.216.BC2	19203
CoV|P0C6V9.217.BC1	20943
CoV|P0C6V9.217.BC2	7519
CoV|P0C6V9.218.BC1	10299
CoV|P0C6V9.218.BC2	8921
CoV|P0C6V9.219.BC1	24651
CoV|P0C6V9.219.BC2	26567
CoV|P0C6V9.220.BC1	31582
CoV|P0C6V9.220.BC2	46072
CoV|P0C6V9.221.BC1	33469
CoV|P0C6V9.221.BC2	24205
CoV|P0C6V9.222.BC1	35003
CoV|P0C6V9.222.BC2	25463
CoV|P0C6V9.223.BC1	16868
CoV|P0C6V9.223.BC2	8393
CoV|P0C6V9.224.BC1	21496
CoV|P0C6V9.224.BC2	13150
CoV|P0C6V9.225.BC1	30526
CoV|P0C6V9.225.BC2	64671
CoV|P0C6V9.226.BC1	53268
CoV|P0C6V9.226.BC2	31188
CoV|P0C6V9.227.BC1	54267
CoV|P0C6V9.227.BC2	45366
CoV|P0C6V9.228.BC1	22397
CoV|P0C6V9.228.BC2	13289
CoV|P0C6V9.229.BC1	12347
CoV|P0C6V9.229.BC2	15373
CoV|P0C6V9.230.BC1	38090
CoV|P0C6V9.230.BC2	35534
CoV|P0C6V9.231.BC1	25941
CoV|P0C6V9.231.BC2	23731
CoV|P0C6V9.232.BC1	26514
CoV|P0C6V9.232.BC2	32586
CoV|P0C6V9.233.BC1	80760
CoV|P0C6V9.233.BC2	84716
CoV|P0C6V9.234.BC1	43124
CoV|P0C6V9.234.BC2	42511
CoV|P0C6V9.235.BC1	19748
CoV|P0C6V9.235.BC2	33358
CoV|P0C6V9.236.BC1	18804
CoV|P0C6V9.236.BC2	19015
CoV|P0C6V9.237.BC1	16821
CoV|P0C6V9.237.BC2	14575
CoV|P0C6V9.238.BC1	26648
CoV|P0C6V9.238.BC2	24331
CoV|P0C6V9.239.BC1	28522
CoV|P0C6V9.239.BC2	13537
CoV|P0C6V9.240.BC1	4404
CoV|P0C6V9.240.BC2	16795
CoV|P0C6V9.241.BC1	21455
CoV|P0C6V9.241.BC2	5486
CoV|P0C6V9.242.BC1	27211
CoV|P0C6V9.242.BC2	18987
CoV|P0C6V9.243.BC1	31124
CoV|P0C6V9.243.BC2	28817
CoV|P0C6V9.244.BC1	67213
CoV|P0C6V9.244.BC2	46076
CoV|P0C6V9.245.BC1	28818
CoV|P0C6V9.245.BC2	30210
CoV|P0C6V9.246.BC1	15808
CoV|P0C6V9.246.BC2	18485
CoV|P0C6V9.247.BC1	15482
CoV|P0C6V9.247.BC2	26559
CoV|P0C6V9.248.BC1	9689
CoV|P0C6V9.248.BC2	6361
CoV|P0C6V9.249.BC1	13731
CoV|P0C6V9.249.BC2	11990
CoV|P0C6V9.250.BC1	30099
CoV|P0C6V9.250.BC2	21440
CoV|P0C6V9.251.BC1	24129
CoV|P0C6V9.251.BC2	33384
CoV|P0C6W2.10.BC1	22236
CoV|P0C6W2.10.BC2	32707
CoV|P0C6W2.100.BC1	11241
CoV|P0C6W2.100.BC2	20579
CoV|P0C6W2.101.BC1	20119
CoV|P0C6W2.101.BC2	21394
CoV|P0C6W2.102.BC1	8323
CoV|P0C6W2.102.BC2	29257
CoV|P0C6W2.103.BC1	50841
CoV|P0C6W2.103.BC2	31015
CoV|P0C6W2.104.BC1	28876
CoV|P0C6W2.104.BC2	26987
CoV|P0C6W2.105.BC1	32403
CoV|P0C6W2.105.BC2	49173
CoV|P0C6W2.106.BC1	15188
CoV|P0C6W2.106.BC2	23679
CoV|P0C6W2.107.BC1	18366
CoV|P0C6W2.107.BC2	40413
CoV|P0C6W2.108.BC1	43303
CoV|P0C6W2.108.BC2	55680
CoV|P0C6W2.109.BC1	60826
CoV|P0C6W2.109.BC2	53611
CoV|P0C6W2.11.BC1	69392
CoV|P0C6W2.11.BC2	70750
CoV|P0C6W2.110.BC1	33899
CoV|P0C6W2.110.BC2	35469
CoV|P0C6W2.111.BC1	2517
CoV|P0C6W2.111.BC2	18220
CoV|P0C6W2.112.BC1	18281
CoV|P0C6W2.112.BC2	10084
CoV|P0C6W2.113.BC1	19465
CoV|P0C6W2.113.BC2	22336
CoV|P0C6W2.114.BC1	35566
CoV|P0C6W2.114.BC2	21024
CoV|P0C6W2.115.BC1	53635
CoV|P0C6W2.115.BC2	17951
CoV|P0C6W2.116.BC1	10421
CoV|P0C6W2.116.BC2	42472
CoV|P0C6W2.117.BC1	13686
CoV|P0C6W2.117.BC2	25616
CoV|P0C6W2.118.BC1	14923
CoV|P0C6W2.118.BC2	20843
CoV|P0C6W2.119.BC1	15960
CoV|P0C6W2.119.BC2	32156
CoV|P0C6W2.12.BC1	28022
CoV|P0C6W2.12.BC2	28598
CoV|P0C6W2.120.BC1	19687
CoV|P0C6W2.120.BC2	31124
CoV|P0C6W2.121.BC1	17667
CoV|P0C6W2.121.BC2	12575
CoV|P0C6W2.122.BC1	12185
CoV|P0C6W2.122.BC2	12404
CoV|P0C6W2.123.BC1	22626
CoV|P0C6W2.123.BC2	32612
CoV|P0C6W2.124.BC1	18137
CoV|P0C6W2.124.BC2	16531
CoV|P0C6W2.125.BC1	20801
CoV|P0C6W2.125.BC2	21514
CoV|P0C6W2.126.BC1	29739
CoV|P0C6W2.126.BC2	8603
CoV|P0C6W2.127.BC1	33814
CoV|P0C6W2.127.BC2	22428
CoV|P0C6W2.128.BC1	53166
CoV|P0C6W2.128.BC2	67828
CoV|P0C6W2.129.BC1	30409
CoV|P0C6W2.129.BC2	42596
CoV|P0C6W2.13.BC1	23934
CoV|P0C6W2.13.BC2	28694
CoV|P0C6W2.130.BC1	34916
CoV|P0C6W2.130.BC2	30377
CoV|P0C6W2.131.BC1	27159
CoV|P0C6W2.131.BC2	21281
CoV|P0C6W2.132.BC1	39842
CoV|P0C6W2.132.BC2	43507
CoV|P0C6W2.133.BC1	95671
CoV|P0C6W2.133.BC2	87759
CoV|P0C6W2.134.BC1	22033
CoV|P0C6W2.134.BC2	15430
CoV|P0C6W2.135.BC1	27248
CoV|P0C6W2.135.BC2	32793
CoV|P0C6W2.136.BC1	26337
CoV|P0C6W2.136.BC2	15118
CoV|P0C6W2.137.BC1	5934
CoV|P0C6W2.137.BC2	15451
CoV|P0C6W2.138.BC1	13966
CoV|P0C6W2.138.BC2	13983
CoV|P0C6W2.139.BC1	35368
CoV|P0C6W2.139.BC2	46197
CoV|P0C6W2.14.BC1	14051
CoV|P0C6W2.14.BC2	19964
CoV|P0C6W2.140.BC1	26849
CoV|P0C6W2.140.BC2	34248
CoV|P0C6W2.141.BC1	50725
CoV|P0C6W2.141.BC2	36688
CoV|P0C6W2.142.BC1	45751
CoV|P0C6W2.142.BC2	42577
CoV|P0C6W2.143.BC1	24405
CoV|P0C6W2.143.BC2	28336
CoV|P0C6W2.144.BC1	34929
CoV|P0C6W2.144.BC2	17882
CoV|P0C6W2.145.BC1	36545
CoV|P0C6W2.145.BC2	35524
CoV|P0C6W2.146.BC1	76967
CoV|P0C6W2.146.BC2	36065
CoV|P0C6W2.147.BC1	33466
CoV|P0C6W2.147.BC2	47073
CoV|P0C6W2.148.BC1	31719
CoV|P0C6W2.148.BC2	25862
CoV|P0C6W2.149.BC1	33189
CoV|P0C6W2.149.BC2	16805
CoV|P0C6W2.15.BC1	16763
CoV|P0C6W2.15.BC2	13629
CoV|P0C6W2.150.BC1	21222
CoV|P0C6W2.150.BC2	12155
CoV|P0C6W2.151.BC1	19899
CoV|P0C6W2.151.BC2	32200
CoV|P0C6W2.152.BC1	23925
CoV|P0C6W2.152.BC2	27281
CoV|P0C6W2.153.BC1	19775
CoV|P0C6W2.153.BC2	20381
CoV|P0C6W2.154.BC1	27765
CoV|P0C6W2.154.BC2	28888
CoV|P0C6W2.155.BC1	56267
CoV|P0C6W2.155.BC2	37340
CoV|P0C6W2.156.BC1	13618
CoV|P0C6W2.156.BC2	28643
CoV|P0C6W2.157.BC1	11790
CoV|P0C6W2.157.BC2	9714
CoV|P0C6W2.158.BC1	34443
CoV|P0C6W2.158.BC2	18952
CoV|P0C6W2.159.BC1	21613
CoV|P0C6W2.159.BC2	35989
CoV|P0C6W2.16.BC1	4599
CoV|P0C6W2.16.BC2	6756
CoV|P0C6W2.160.BC1	33412
CoV|P0C6W2.160.BC2	15563
CoV|P0C6W2.161.BC1	5694
CoV|P0C6W2.161.BC2	37376
CoV|P0C6W2.162.BC1	16526
CoV|P0C6W2.162.BC2	33706
CoV|P0C6W2.163.BC1	17306
CoV|P0C6W2.163.BC2	14242
CoV|P0C6W2.164.BC1	21216
CoV|P0C6W2.164.BC2	20719
CoV|P0C6W2.165.BC1	5995
CoV|P0C6W2.165.BC2	6513
CoV|P0C6W2.166.BC1	28778
CoV|P0C6W2.166.BC2	10013
CoV|P0C6W2.167.BC1	32721
CoV|P0C6W2.167.BC2	16541
CoV|P0C6W2.168.BC1	16373
CoV|P0C6W2.168.BC2	47217
CoV|P0C6W2.169.BC1	22902
CoV|P0C6W2.169.BC2	49631
CoV|P0C6W2.17.BC1	32794
CoV|P0C6W2.17.BC2	33698
CoV|P0C6W2.170.BC1	35265
CoV|P0C6W2.170.BC2	31241
CoV|P0C6W2.171.BC1	5553
CoV|P0C6W2.171.BC2	14636
CoV|P0C6W2.172.BC1	8264
CoV|P0C6W2.172.BC2	8081
CoV|P0C6W2.173.BC1	45644
CoV|P0C6W2.173.BC2	44709
CoV|P0C6W2.174.BC1	43175
CoV|P0C6W2.174.BC2	12013
CoV|P0C6W2.175.BC1	21858
CoV|P0C6W2.175.BC2	19991
CoV|P0C6W2.176.BC1	27964
CoV|P0C6W2.176.BC2	35298
CoV|P0C6W2.177.BC1	49221
CoV|P0C6W2.177.BC2	22282
CoV|P0C6W2.178.BC1	7270
CoV|P0C6W2.178.BC2	18638
CoV|P0C6W2.179.BC1	29510
CoV|P0C6W2.179.BC2	36996
CoV|P0C6W2.18.BC1	1926
CoV|P0C6W2.18.BC2	44861
CoV|P0C6W2.180.BC1	40923
CoV|P0C6W2.180.BC2	23663
CoV|P0C6W2.181.BC1	14132
CoV|P0C6W2.181.BC2	23646
CoV|P0C6W2.182.BC1	14191
CoV|P0C6W2.182.BC2	27458
CoV|P0C6W2.183.BC1	12878
CoV|P0C6W2.183.BC2	13428
CoV|P0C6W2.184.BC1	51919
CoV|P0C6W2.184.BC2	55364
CoV|P0C6W2.185.BC1	13741
CoV|P0C6W2.185.BC2	36680
CoV|P0C6W2.186.BC1	17227
CoV|P0C6W2.186.BC2	5881
CoV|P0C6W2.187.BC1	32846
CoV|P0C6W2.187.BC2	15604
CoV|P0C6W2.188.BC1	11933
CoV|P0C6W2.188.BC2	40638
CoV|P0C6W2.189.BC1	49070
CoV|P0C6W2.189.BC2	38138
CoV|P0C6W2.19.BC1	31331
CoV|P0C6W2.19.BC2	28776
CoV|P0C6W2.190.BC1	3487
CoV|P0C6W2.190.BC2	4216
CoV|P0C6W2.191.BC1	25113
CoV|P0C6W2.191.BC2	54247
CoV|P0C6W2.192.BC1	51116
CoV|P0C6W2.192.BC2	40546
CoV|P0C6W2.193.BC1	26208
CoV|P0C6W2.193.BC2	26415
CoV|P0C6W2.194.BC1	6923
CoV|P0C6W2.194.BC2	33499
CoV|P0C6W2.195.BC1	19397
CoV|P0C6W2.195.BC2	10665
CoV|P0C6W2.196.BC1	22516
CoV|P0C6W2.196.BC2	31518
CoV|P0C6W2.197.BC1	16054
CoV|P0C6W2.197.BC2	21129
CoV|P0C6W2.198.BC1	20720
CoV|P0C6W2.198.BC2	13266
CoV|P0C6W2.199.BC1	16142
CoV|P0C6W2.199.BC2	15442
CoV|P0C6W2.2.BC1	27337
CoV|P0C6W2.2.BC2	17142
CoV|P0C6W2.20.BC1	10179
CoV|P0C6W2.20.BC2	23496
CoV|P0C6W2.200.BC1	37414
CoV|P0C6W2.200.BC2	52722
CoV|P0C6W2.201.BC1	21808
CoV|P0C6W2.201.BC2	30807
CoV|P0C6W2.202.BC1	30286
CoV|P0C6W2.202.BC2	24629
CoV|P0C6W2.203.BC1	49624
CoV|P0C6W2.203.BC2	30827
CoV|P0C6W2.204.BC1	26561
CoV|P0C6W2.204.BC2	23232
CoV|P0C6W2.205.BC1	30280
CoV|P0C6W2.205.BC2	19313
CoV|P0C6W2.206.BC1	37354
CoV|P0C6W2.206.BC2	25408
CoV|P0C6W2.207.BC1	28640
CoV|P0C6W2.207.BC2	21092
CoV|P0C6W2.208.BC1	4373
CoV|P0C6W2.208.BC2	15533
CoV|P0C6W2.209.BC1	29515
CoV|P0C6W2.209.BC2	28321
CoV|P0C6W2.21.BC1	11568
CoV|P0C6W2.21.BC2	48862
CoV|P0C6W2.210.BC1	27676
CoV|P0C6W2.210.BC2	38607
CoV|P0C6W2.211.BC1	19420
CoV|P0C6W2.211.BC2	13154
CoV|P0C6W2.212.BC1	27003
CoV|P0C6W2.212.BC2	35361
CoV|P0C6W2.213.BC1	28444
CoV|P0C6W2.213.BC2	38812
CoV|P0C6W2.214.BC1	26162
CoV|P0C6W2.214.BC2	34249
CoV|P0C6W2.215.BC1	6766
CoV|P0C6W2.215.BC2	27517
CoV|P0C6W2.216.BC1	15918
CoV|P0C6W2.216.BC2	20265
CoV|P0C6W2.217.BC1	19727
CoV|P0C6W2.217.BC2	21147
CoV|P0C6W2.218.BC1	7318
CoV|P0C6W2.218.BC2	13482
CoV|P0C6W2.219.BC1	41484
CoV|P0C6W2.219.BC2	33852
CoV|P0C6W2.22.BC1	7026
CoV|P0C6W2.22.BC2	14584
CoV|P0C6W2.220.BC1	42838
CoV|P0C6W2.220.BC2	15438
CoV|P0C6W2.221.BC1	33135
CoV|P0C6W2.221.BC2	9370
CoV|P0C6W2.222.BC1	41899
CoV|P0C6W2.222.BC2	18651
CoV|P0C6W2.223.BC1	20214
CoV|P0C6W2.223.BC2	14168
CoV|P0C6W2.224.BC1	27462
CoV|P0C6W2.224.BC2	49466
CoV|P0C6W2.225.BC1	26398
CoV|P0C6W2.225.BC2	45215
CoV|P0C6W2.226.BC1	55400
CoV|P0C6W2.226.BC2	58281
CoV|P0C6W2.227.BC1	23306
CoV|P0C6W2.227.BC2	20494
CoV|P0C6W2.228.BC1	15598
CoV|P0C6W2.228.BC2	15486
CoV|P0C6W2.229.BC1	18555
CoV|P0C6W2.229.BC2	22770
CoV|P0C6W2.23.BC1	9947
CoV|P0C6W2.23.BC2	10161
CoV|P0C6W2.230.BC1	14051
CoV|P0C6W2.230.BC2	22191
CoV|P0C6W2.231.BC1	51231
CoV|P0C6W2.231.BC2	27737
CoV|P0C6W2.232.BC1	21901
CoV|P0C6W2.232.BC2	49548
CoV|P0C6W2.233.BC1	27936
CoV|P0C6W2.233.BC2	25460
CoV|P0C6W2.234.BC1	16560
CoV|P0C6W2.234.BC2	22327
CoV|P0C6W2.235.BC1	25671
CoV|P0C6W2.235.BC2	25831
CoV|P0C6W2.236.BC1	16521
CoV|P0C6W2.236.BC2	3115
CoV|P0C6W2.237.BC1	14587
CoV|P0C6W2.237.BC2	13243
CoV|P0C6W2.238.BC1	34736
CoV|P0C6W2.238.BC2	17955
CoV|P0C6W2.239.BC1	10154
CoV|P0C6W2.239.BC2	12449
CoV|P0C6W2.24.BC1	17935
CoV|P0C6W2.24.BC2	10798
CoV|P0C6W2.240.BC1	18808
CoV|P0C6W2.240.BC2	15839
CoV|P0C6W2.241.BC1	33202
CoV|P0C6W2.241.BC2	13453
CoV|P0C6W2.242.BC1	18169
CoV|P0C6W2.242.BC2	50262
CoV|P0C6W2.243.BC1	29157
CoV|P0C6W2.243.BC2	40158
CoV|P0C6W2.244.BC1	55905
CoV|P0C6W2.244.BC2	35726
CoV|P0C6W2.245.BC1	29722
CoV|P0C6W2.245.BC2	24062
CoV|P0C6W2.246.BC1	9159
CoV|P0C6W2.246.BC2	10914
CoV|P0C6W2.247.BC1	9728
CoV|P0C6W2.247.BC2	8139
CoV|P0C6W2.248.BC1	10617
CoV|P0C6W2.248.BC2	16588
CoV|P0C6W2.249.BC1	10358
CoV|P0C6W2.249.BC2	29859
CoV|P0C6W2.25.BC1	13342
CoV|P0C6W2.25.BC2	5748
CoV|P0C6W2.250.BC1	27517
CoV|P0C6W2.250.BC2	18913
CoV|P0C6W2.251.BC1	50287
CoV|P0C6W2.251.BC2	41916
CoV|P0C6W2.26.BC1	25963
CoV|P0C6W2.26.BC2	39584
CoV|P0C6W2.27.BC1	41186
CoV|P0C6W2.27.BC2	35878
CoV|P0C6W2.28.BC1	18150
CoV|P0C6W2.28.BC2	33305
CoV|P0C6W2.29.BC1	31778
CoV|P0C6W2.29.BC2	15501
CoV|P0C6W2.3.BC1	19828
CoV|P0C6W2.3.BC2	30520
CoV|P0C6W2.30.BC1	10940
CoV|P0C6W2.30.BC2	17989
CoV|P0C6W2.31.BC1	11317
CoV|P0C6W2.31.BC2	1687
CoV|P0C6W2.32.BC1	17996
CoV|P0C6W2.32.BC2	22836
CoV|P0C6W2.33.BC1	21755
CoV|P0C6W2.33.BC2	39024
CoV|P0C6W2.34.BC1	22952
CoV|P0C6W2.34.BC2	23487
CoV|P0C6W2.35.BC1	22900
CoV|P0C6W2.35.BC2	23026
CoV|P0C6W2.36.BC1	65952
CoV|P0C6W2.36.BC2	31059
CoV|P0C6W2.37.BC1	55902
CoV|P0C6W2.37.BC2	33357
CoV|P0C6W2.38.BC1	37999
CoV|P0C6W2.38.BC2	42394
CoV|P0C6W2.39.BC1	5323
CoV|P0C6W2.39.BC2	10281
CoV|P0C6W2.4.BC1	29107
CoV|P0C6W2.4.BC2	32124
CoV|P0C6W2.40.BC1	14067
CoV|P0C6W2.40.BC2	13617
CoV|P0C6W2.41.BC1	20891
CoV|P0C6W2.41.BC2	26746
CoV|P0C6W2.42.BC1	10293
CoV|P0C6W2.42.BC2	13607
CoV|P0C6W2.43.BC1	34947
CoV|P0C6W2.43.BC2	30543
CoV|P0C6W2.44.BC1	40227
CoV|P0C6W2.44.BC2	36947
CoV|P0C6W2.45.BC1	27082
CoV|P0C6W2.45.BC2	55344
CoV|P0C6W2.46.BC1	35844
CoV|P0C6W2.46.BC2	24361
CoV|P0C6W2.47.BC1	18010
CoV|P0C6W2.47.BC2	10206
CoV|P0C6W2.48.BC1	20230
CoV|P0C6W2.48.BC2	10163
CoV|P0C6W2.49.BC1	24468
CoV|P0C6W2.49.BC2	29926
CoV|P0C6W2.5.BC1	29933
CoV|P0C6W2.5.BC2	56362
CoV|P0C6W2.50.BC1	42970
CoV|P0C6W2.50.BC2	36604
CoV|P0C6W2.51.BC1	22469
CoV|P0C6W2.51.BC2	37387
CoV|P0C6W2.52.BC1	42774
CoV|P0C6W2.52.BC2	30628
CoV|P0C6W2.53.BC1	20090
CoV|P0C6W2.53.BC2	18961
CoV|P0C6W2.54.BC1	10942
CoV|P0C6W2.54.BC2	23493
CoV|P0C6W2.55.BC1	33722
CoV|P0C6W2.55.BC2	30713
CoV|P0C6W2.56.BC1	29764
CoV|P0C6W2.56.BC2	26849
CoV|P0C6W2.57.BC1	13393
CoV|P0C6W2.57.BC2	18048
CoV|P0C6W2.58.BC1	24785
CoV|P0C6W2.58.BC2	17049
CoV|P0C6W2.59.BC1	5642
CoV|P0C6W2.59.BC2	15621
CoV|P0C6W2.6.BC1	9556
CoV|P0C6W2.6.BC2	14010
CoV|P0C6W2.60.BC1	9041
CoV|P0C6W2.60.BC2	14457
CoV|P0C6W2.61.BC1	36629
CoV|P0C6W2.61.BC2	32837
CoV|P0C6W2.62.BC1	36174
CoV|P0C6W2.62.BC2	12047
CoV|P0C6W2.63.BC1	21585
CoV|P0C6W2.63.BC2	15543
CoV|P0C6W2.64.BC1	14467
CoV|P0C6W2.64.BC2	11302
CoV|P0C6W2.65.BC1	34283
CoV|P0C6W2.65.BC2	24796
CoV|P0C6W2.66.BC1	33833
CoV|P0C6W2.66.BC2	24128
CoV|P0C6W2.67.BC1	45684
CoV|P0C6W2.67.BC2	76491
CoV|P0C6W2.68.BC1	14841
CoV|P0C6W2.68.BC2	8303
CoV|P0C6W2.69.BC1	16675
CoV|P0C6W2.69.BC2	16669
CoV|P0C6W2.7.BC1	10016
CoV|P0C6W2.7.BC2	7719
CoV|P0C6W2.70.BC1	16357
CoV|P0C6W2.70.BC2	28424
CoV|P0C6W2.71.BC1	13713
CoV|P0C6W2.71.BC2	24295
CoV|P0C6W2.72.BC1	25544
CoV|P0C6W2.72.BC2	43543
CoV|P0C6W2.73.BC1	39997
CoV|P0C6W2.73.BC2	24389
CoV|P0C6W2.74.BC1	16047
CoV|P0C6W2.74.BC2	20063
CoV|P0C6W2.75.BC1	16611
CoV|P0C6W2.75.BC2	37981
CoV|P0C6W2.76.BC1	14649
CoV|P0C6W2.76.BC2	1311
CoV|P0C6W2.77.BC1	23489
CoV|P0C6W2.77.BC2	18986
CoV|P0C6W2.78.BC1	42617
CoV|P0C6W2.78.BC2	47770
CoV|P0C6W2.79.BC1	28482
CoV|P0C6W2.79.BC2	27126
CoV|P0C6W2.8.BC1	10127
CoV|P0C6W2.8.BC2	35725
CoV|P0C6W2.80.BC1	7774
CoV|P0C6W2.80.BC2	15432
CoV|P0C6W2.81.BC1	17187
CoV|P0C6W2.81.BC2	33833
CoV|P0C6W2.82.BC1	14154
CoV|P0C6W2.82.BC2	15771
CoV|P0C6W2.83.BC1	19666
CoV|P0C6W2.83.BC2	47885
CoV|P0C6W2.84.BC1	26861
CoV|P0C6W2.84.BC2	10746
CoV|P0C6W2.85.BC1	37305
CoV|P0C6W2.85.BC2	17944
CoV|P0C6W2.86.BC1	40907
CoV|P0C6W2.86.BC2	13486
CoV|P0C6W2.87.BC1	19828
CoV|P0C6W2.87.BC2	19210
CoV|P0C6W2.88.BC1	21725
CoV|P0C6W2.88.BC2	29588
CoV|P0C6W2.89.BC1	31431
CoV|P0C6W2.89.BC2	32784
CoV|P0C6W2.9.BC1	20282
CoV|P0C6W2.9.BC2	20983
CoV|P0C6W2.90.BC1	32295
CoV|P0C6W2.90.BC2	28413
CoV|P0C6W2.91.BC1	8454
CoV|P0C6W2.91.BC2	13362
CoV|P0C6W2.92.BC1	36264
CoV|P0C6W2.92.BC2	34290
CoV|P0C6W2.93.BC1	32492
CoV|P0C6W2.93.BC2	42869
CoV|P0C6W2.94.BC1	21492
CoV|P0C6W2.94.BC2	36876
CoV|P0C6W2.95.BC1	23007
CoV|P0C6W2.95.BC2	47984
CoV|P0C6W2.96.BC1	8080
CoV|P0C6W2.96.BC2	4418
CoV|P0C6W2.97.BC1	27818
CoV|P0C6W2.97.BC2	29395
CoV|P0C6W2.98.BC1	30353
CoV|P0C6W2.98.BC2	41390
CoV|P0C6W2.99.BC1	29865
CoV|P0C6W2.99.BC2	45128
CoV|P0C6W6.155.BC1	58377
CoV|P0C6W6.155.BC2	44249
CoV|P0C6W6.156.BC1	17651
CoV|P0C6W6.156.BC2	18873
CoV|P0C6W6.157.BC1	25118
CoV|P0C6W6.157.BC2	30200
CoV|P0C6W6.158.BC1	31908
CoV|P0C6W6.158.BC2	14411
CoV|P0C6W6.159.BC1	26024
CoV|P0C6W6.159.BC2	30525
CoV|P0C6W6.160.BC1	4752
CoV|P0C6W6.160.BC2	24710
CoV|P0C6W6.161.BC1	17726
CoV|P0C6W6.161.BC2	25216
CoV|P0C6W6.162.BC1	31305
CoV|P0C6W6.162.BC2	18223
CoV|P0C6W6.163.BC1	23773
CoV|P0C6W6.163.BC2	19420
CoV|P0C6W6.164.BC1	20557
CoV|P0C6W6.164.BC2	18641
CoV|P0C6W6.165.BC1	30014
CoV|P0C6W6.165.BC2	17479
CoV|P0C6W6.166.BC1	13176
CoV|P0C6W6.166.BC2	16172
CoV|P0C6W6.167.BC1	18701
CoV|P0C6W6.167.BC2	29188
CoV|P0C6W6.168.BC1	30262
CoV|P0C6W6.168.BC2	35138
CoV|P0C6W6.169.BC1	13636
CoV|P0C6W6.169.BC2	40633
CoV|P0C6W6.170.BC1	20028
CoV|P0C6W6.170.BC2	10588
CoV|P0C6W6.171.BC1	28303
CoV|P0C6W6.171.BC2	32373
CoV|P0C6W6.172.BC1	8210
CoV|P0C6W6.172.BC2	14016
CoV|P0C6W6.173.BC1	38482
CoV|P0C6W6.173.BC2	40066
CoV|P0C6W6.174.BC1	21219
CoV|P0C6W6.174.BC2	39555
CoV|P0C6W6.175.BC1	19963
CoV|P0C6W6.175.BC2	12073
CoV|P0C6W6.176.BC1	18289
CoV|P0C6W6.176.BC2	21065
CoV|P0C6W6.177.BC1	42036
CoV|P0C6W6.177.BC2	29267
CoV|P0C6W6.178.BC1	5921
CoV|P0C6W6.178.BC2	13694
CoV|P0C6W6.179.BC1	9038
CoV|P0C6W6.179.BC2	22654
CoV|P0C6W6.180.BC1	67372
CoV|P0C6W6.180.BC2	35178
CoV|P0C6W6.181.BC1	21502
CoV|P0C6W6.181.BC2	30230
CoV|P0C6W6.182.BC1	11124
CoV|P0C6W6.182.BC2	13608
CoV|P0C6W6.183.BC1	22163
CoV|P0C6W6.183.BC2	7999
CoV|P0C6W6.184.BC1	25984
CoV|P0C6W6.184.BC2	27702
CoV|P0C6W6.185.BC1	47387
CoV|P0C6W6.185.BC2	50086
CoV|P0C6W6.186.BC1	9566
CoV|P0C6W6.186.BC2	10915
CoV|P0C6W6.187.BC1	14298
CoV|P0C6W6.187.BC2	11057
CoV|P0C6W6.188.BC1	29276
CoV|P0C6W6.188.BC2	16484
CoV|P0C6W6.189.BC1	28310
CoV|P0C6W6.189.BC2	29435
CoV|P0C6W6.190.BC1	26452
CoV|P0C6W6.190.BC2	33663
CoV|P0C6W6.191.BC1	23306
CoV|P0C6W6.191.BC2	57501
CoV|P0C6W6.192.BC1	26938
CoV|P0C6W6.192.BC2	24695
CoV|P0C6W6.193.BC1	20753
CoV|P0C6W6.193.BC2	19825
CoV|P0C6W6.194.BC1	33382
CoV|P0C6W6.194.BC2	19357
CoV|P0C6W6.195.BC1	21020
CoV|P0C6W6.195.BC2	13129
CoV|P0C6W6.196.BC1	17180
CoV|P0C6W6.196.BC2	19320
CoV|P0C6W6.197.BC1	13802
CoV|P0C6W6.197.BC2	13475
CoV|P0C6W6.198.BC1	16217
CoV|P0C6W6.198.BC2	31339
CoV|P0C6W6.199.BC1	17029
CoV|P0C6W6.199.BC2	8499
CoV|P0C6W6.200.BC1	50345
CoV|P0C6W6.200.BC2	35966
CoV|P0C6W6.201.BC1	21762
CoV|P0C6W6.201.BC2	35331
CoV|P0C6W6.202.BC1	38470
CoV|P0C6W6.202.BC2	51678
CoV|P0C6W6.203.BC1	43478
CoV|P0C6W6.203.BC2	23669
CoV|P0C6W6.204.BC1	45267
CoV|P0C6W6.204.BC2	24977
CoV|P0C6W6.205.BC1	36228
CoV|P0C6W6.205.BC2	36364
CoV|P0C6W6.206.BC1	17593
CoV|P0C6W6.206.BC2	33626
CoV|P0C6W6.207.BC1	32348
CoV|P0C6W6.207.BC2	19665
CoV|P0C6W6.208.BC1	15369
CoV|P0C6W6.208.BC2	15719
CoV|P0C6W6.209.BC1	20174
CoV|P0C6W6.209.BC2	25533
CoV|P0C6W6.210.BC1	26653
CoV|P0C6W6.210.BC2	30094
CoV|P0C6W6.211.BC1	16837
CoV|P0C6W6.211.BC2	19059
CoV|P0C6W6.212.BC1	19780
CoV|P0C6W6.212.BC2	35627
CoV|P0C6W6.213.BC1	14360
CoV|P0C6W6.213.BC2	23563
CoV|P0C6W6.214.BC1	26525
CoV|P0C6W6.214.BC2	12518
CoV|P0C6W6.215.BC1	20971
CoV|P0C6W6.215.BC2	11712
CoV|P0C6W6.216.BC1	13133
CoV|P0C6W6.216.BC2	13023
CoV|P0C6W6.217.BC1	17182
CoV|P0C6W6.217.BC2	24823
CoV|P0C6W6.218.BC1	23784
CoV|P0C6W6.218.BC2	15055
CoV|P0C6W6.219.BC1	42460
CoV|P0C6W6.219.BC2	34208
CoV|P0C6W6.220.BC1	26295
CoV|P0C6W6.220.BC2	40363
CoV|P0C6W6.221.BC1	38763
CoV|P0C6W6.221.BC2	21491
CoV|P0C6W6.222.BC1	34918
CoV|P0C6W6.222.BC2	23907
CoV|P0C6W6.223.BC1	27521
CoV|P0C6W6.223.BC2	16655
CoV|P0C6W6.224.BC1	39430
CoV|P0C6W6.224.BC2	22757
CoV|P0C6W6.225.BC1	30274
CoV|P0C6W6.225.BC2	34955
CoV|P0C6W6.226.BC1	42252
CoV|P0C6W6.226.BC2	31657
CoV|P0C6W6.227.BC1	17976
CoV|P0C6W6.227.BC2	11547
CoV|P0C6W6.228.BC1	7216
CoV|P0C6W6.228.BC2	10769
CoV|P0C6W6.229.BC1	25570
CoV|P0C6W6.229.BC2	36614
CoV|P0C6W6.230.BC1	38943
CoV|P0C6W6.230.BC2	33565
CoV|P0C6W6.231.BC1	28188
CoV|P0C6W6.231.BC2	54335
CoV|P0C6W6.232.BC1	33315
CoV|P0C6W6.232.BC2	34461
CoV|P0C6W6.233.BC1	48786
CoV|P0C6W6.233.BC2	44633
CoV|P0C6W6.234.BC1	14651
CoV|P0C6W6.234.BC2	30690
CoV|P0C6W6.235.BC1	36588
CoV|P0C6W6.235.BC2	2865
CoV|P0C6W6.236.BC1	5685
CoV|P0C6W6.236.BC2	21121
CoV|P0C6W6.237.BC1	7478
CoV|P0C6W6.237.BC2	9529
CoV|P0C6W6.238.BC1	22288
CoV|P0C6W6.238.BC2	15757
CoV|P0C6W6.239.BC1	9043
CoV|P0C6W6.239.BC2	16001
CoV|P0C6W6.240.BC1	10069
CoV|P0C6W6.240.BC2	13025
CoV|P0C6W6.241.BC1	11229
CoV|P0C6W6.241.BC2	15612
CoV|P0C6W6.242.BC1	7804
CoV|P0C6W6.242.BC2	5103
CoV|P0C6W6.243.BC1	15016
CoV|P0C6W6.243.BC2	40078
CoV|P0C6W6.244.BC1	40529
CoV|P0C6W6.244.BC2	39697
CoV|P0C6W6.245.BC1	29984
CoV|P0C6W6.245.BC2	34351
CoV|P0C6W6.246.BC1	21026
CoV|P0C6W6.246.BC2	5718
CoV|P0C6W6.247.BC1	17635
CoV|P0C6W6.247.BC2	18089
CoV|P0C6W6.248.BC1	8874
CoV|P0C6W6.248.BC2	7560
CoV|P0C6W6.249.BC1	18052
CoV|P0C6W6.249.BC2	19597
CoV|P0C6W6.250.BC1	30705
CoV|P0C6W6.250.BC2	10053
CoV|P0C6X1.144.BC1	32911
CoV|P0C6X1.144.BC2	49732
CoV|P0C6X1.145.BC1	17553
CoV|P0C6X1.145.BC2	23674
CoV|P0C6X1.146.BC1	24700
CoV|P0C6X1.146.BC2	8447
CoV|P0C6X1.147.BC1	15178
CoV|P0C6X1.147.BC2	3726
CoV|P0C6X1.148.BC1	32323
CoV|P0C6X1.148.BC2	29680
CoV|P0C6X1.149.BC1	9564
CoV|P0C6X1.149.BC2	14751
CoV|P0C6X1.150.BC1	8526
CoV|P0C6X1.150.BC2	9497
CoV|P0C6X1.151.BC1	8899
CoV|P0C6X1.151.BC2	22521
CoV|P0C6X1.152.BC1	23691
CoV|P0C6X1.152.BC2	34142
CoV|P0C6X1.153.BC1	25694
CoV|P0C6X1.153.BC2	34586
CoV|P0C6X1.154.BC1	17434
CoV|P0C6X1.154.BC2	24539
CoV|P0C6X1.155.BC1	41389
CoV|P0C6X1.155.BC2	38307
CoV|P0C6X1.156.BC1	10698
CoV|P0C6X1.156.BC2	16098
CoV|P0C6X1.157.BC1	17439
CoV|P0C6X1.157.BC2	13459
CoV|P0C6X1.158.BC1	30406
CoV|P0C6X1.158.BC2	20620
CoV|P0C6X1.159.BC1	21093
CoV|P0C6X1.159.BC2	16442
CoV|P0C6X1.160.BC1	31599
CoV|P0C6X1.160.BC2	20289
CoV|P0C6X1.161.BC1	27893
CoV|P0C6X1.161.BC2	18762
CoV|P0C6X1.162.BC1	23312
CoV|P0C6X1.162.BC2	27533
CoV|P0C6X1.163.BC1	31262
CoV|P0C6X1.163.BC2	33612
CoV|P0C6X1.164.BC1	39112
CoV|P0C6X1.164.BC2	39052
CoV|P0C6X1.165.BC1	22383
CoV|P0C6X1.165.BC2	26543
CoV|P0C6X1.166.BC1	38578
CoV|P0C6X1.166.BC2	34691
CoV|P0C6X1.167.BC1	40254
CoV|P0C6X1.167.BC2	22293
CoV|P0C6X1.168.BC1	5095
CoV|P0C6X1.168.BC2	22487
CoV|P0C6X1.169.BC1	15642
CoV|P0C6X1.169.BC2	17386
CoV|P0C6X1.170.BC1	8465
CoV|P0C6X1.170.BC2	20598
CoV|P0C6X1.171.BC1	14641
CoV|P0C6X1.171.BC2	40361
CoV|P0C6X1.172.BC1	28304
CoV|P0C6X1.172.BC2	22139
CoV|P0C6X1.173.BC1	19261
CoV|P0C6X1.173.BC2	8176
CoV|P0C6X1.174.BC1	21499
CoV|P0C6X1.174.BC2	24797
CoV|P0C6X1.175.BC1	10186
CoV|P0C6X1.175.BC2	14392
CoV|P0C6X1.176.BC1	9835
CoV|P0C6X1.176.BC2	8151
CoV|P0C6X1.177.BC1	14091
CoV|P0C6X1.177.BC2	10993
CoV|P0C6X1.178.BC1	17637
CoV|P0C6X1.178.BC2	20229
CoV|P0C6X1.179.BC1	9188
CoV|P0C6X1.179.BC2	24390
CoV|P0C6X1.180.BC1	47653
CoV|P0C6X1.180.BC2	57483
CoV|P0C6X1.181.BC1	38712
CoV|P0C6X1.181.BC2	42814
CoV|P0C6X1.182.BC1	22831
CoV|P0C6X1.182.BC2	26429
CoV|P0C6X1.183.BC1	25490
CoV|P0C6X1.183.BC2	25266
CoV|P0C6X1.184.BC1	23568
CoV|P0C6X1.184.BC2	20587
CoV|P0C6X1.185.BC1	15453
CoV|P0C6X1.185.BC2	24461
CoV|P0C6X1.186.BC1	22646
CoV|P0C6X1.186.BC2	1540
CoV|P0C6X1.187.BC1	26619
CoV|P0C6X1.187.BC2	33812
CoV|P0C6X1.188.BC1	33703
CoV|P0C6X1.188.BC2	22246
CoV|P0C6X1.189.BC1	28873
CoV|P0C6X1.189.BC2	24752
CoV|P0C6X1.190.BC1	44430
CoV|P0C6X1.190.BC2	21539
CoV|P0C6X1.191.BC1	21667
CoV|P0C6X1.191.BC2	16744
CoV|P0C6X1.192.BC1	23705
CoV|P0C6X1.192.BC2	55504
CoV|P0C6X1.193.BC1	19699
CoV|P0C6X1.193.BC2	28297
CoV|P0C6X1.194.BC1	15327
CoV|P0C6X1.194.BC2	29797
CoV|P0C6X1.195.BC1	23722
CoV|P0C6X1.195.BC2	19104
CoV|P0C6X1.196.BC1	27453
CoV|P0C6X1.196.BC2	27804
CoV|P0C6X1.197.BC1	19965
CoV|P0C6X1.197.BC2	32971
CoV|P0C6X1.198.BC1	38444
CoV|P0C6X1.198.BC2	35532
CoV|P0C6X1.199.BC1	39127
CoV|P0C6X1.199.BC2	52935
CoV|P0C6X1.200.BC1	35249
CoV|P0C6X1.200.BC2	39954
CoV|P0C6X1.201.BC1	48725
CoV|P0C6X1.201.BC2	37265
CoV|P0C6X1.202.BC1	46167
CoV|P0C6X1.202.BC2	27977
CoV|P0C6X1.203.BC1	35722
CoV|P0C6X1.203.BC2	48847
CoV|P0C6X1.204.BC1	48433
CoV|P0C6X1.204.BC2	8220
CoV|P0C6X1.205.BC1	24595
CoV|P0C6X1.205.BC2	22390
CoV|P0C6X1.206.BC1	9334
CoV|P0C6X1.206.BC2	23085
CoV|P0C6X1.207.BC1	26604
CoV|P0C6X1.207.BC2	42509
CoV|P0C6X1.208.BC1	24089
CoV|P0C6X1.208.BC2	16606
CoV|P0C6X1.209.BC1	30264
CoV|P0C6X1.209.BC2	19031
CoV|P0C6X1.210.BC1	49268
CoV|P0C6X1.210.BC2	28728
CoV|P0C6X1.211.BC1	38018
CoV|P0C6X1.211.BC2	23155
CoV|P0C6X1.212.BC1	23877
CoV|P0C6X1.212.BC2	21389
CoV|P0C6X1.213.BC1	20992
CoV|P0C6X1.213.BC2	30426
CoV|P0C6X1.214.BC1	54374
CoV|P0C6X1.214.BC2	95025
CoV|P0C6X1.215.BC1	43302
CoV|P0C6X1.215.BC2	28649
CoV|P0C6X1.216.BC1	10736
CoV|P0C6X1.216.BC2	20089
CoV|P0C6X1.217.BC1	9961
CoV|P0C6X1.217.BC2	16540
CoV|P0C6X1.218.BC1	45564
CoV|P0C6X1.218.BC2	39281
CoV|P0C6X1.219.BC1	25849
CoV|P0C6X1.219.BC2	38414
CoV|P0C6X1.220.BC1	21696
CoV|P0C6X1.220.BC2	21074
CoV|P0C6X1.221.BC1	29487
CoV|P0C6X1.221.BC2	30303
CoV|P0C6X1.222.BC1	23085
CoV|P0C6X1.222.BC2	35539
CoV|P0C6X1.223.BC1	20567
CoV|P0C6X1.223.BC2	42281
CoV|P0C6X1.224.BC1	29641
CoV|P0C6X1.224.BC2	30805
CoV|P0C6X1.225.BC1	24335
CoV|P0C6X1.225.BC2	28167
CoV|P0C6X1.226.BC1	11483
CoV|P0C6X1.226.BC2	17946
CoV|P0C6X1.227.BC1	13002
CoV|P0C6X1.227.BC2	14121
CoV|P0C6X1.228.BC1	10268
CoV|P0C6X1.228.BC2	6314
CoV|P0C6X1.229.BC1	16833
CoV|P0C6X1.229.BC2	9057
CoV|P0C6X1.230.BC1	16025
CoV|P0C6X1.230.BC2	15883
CoV|P0C6X1.231.BC1	30142
CoV|P0C6X1.231.BC2	44455
CoV|P0C6X1.232.BC1	50816
CoV|P0C6X1.232.BC2	54441
CoV|P0C6X1.233.BC1	38966
CoV|P0C6X1.233.BC2	26404
CoV|P0C6X1.234.BC1	35791
CoV|P0C6X1.234.BC2	49519
CoV|P0C6X1.235.BC1	3535
CoV|P0C6X1.235.BC2	5081
CoV|P0C6X1.236.BC1	222
CoV|P0C6X1.236.BC2	6107
CoV|P0C6X1.237.BC1	18465
CoV|P0C6X1.237.BC2	16677
CoV|P0C6X1.238.BC1	12231
CoV|P0C6X1.238.BC2	19512
CoV|P0C6X1.239.BC1	36559
CoV|P0C6X1.239.BC2	12302
CoV|P0C6X1.240.BC1	18564
CoV|P0C6X1.240.BC2	30370
CoV|P0C6X3.0.BC1	48248
CoV|P0C6X3.0.BC2	38586
CoV|P0C6X3.1.BC1	29588
CoV|P0C6X3.1.BC2	33732
CoV|P0C6X3.10.BC1	14801
CoV|P0C6X3.10.BC2	16025
CoV|P0C6X3.100.BC1	223
CoV|P0C6X3.100.BC2	22310
CoV|P0C6X3.101.BC1	29205
CoV|P0C6X3.101.BC2	11951
CoV|P0C6X3.102.BC1	13921
CoV|P0C6X3.102.BC2	20377
CoV|P0C6X3.103.BC1	2444
CoV|P0C6X3.103.BC2	21759
CoV|P0C6X3.104.BC1	21980
CoV|P0C6X3.104.BC2	20336
CoV|P0C6X3.105.BC1	33908
CoV|P0C6X3.105.BC2	37023
CoV|P0C6X3.106.BC1	24320
CoV|P0C6X3.106.BC2	61517
CoV|P0C6X3.107.BC1	22091
CoV|P0C6X3.107.BC2	891
CoV|P0C6X3.108.BC1	3257
CoV|P0C6X3.108.BC2	2771
CoV|P0C6X3.109.BC1	3166
CoV|P0C6X3.109.BC2	7120
CoV|P0C6X3.11.BC1	22768
CoV|P0C6X3.11.BC2	14612
CoV|P0C6X3.110.BC1	36702
CoV|P0C6X3.110.BC2	30435
CoV|P0C6X3.111.BC1	22102
CoV|P0C6X3.111.BC2	34319
CoV|P0C6X3.112.BC1	38561
CoV|P0C6X3.112.BC2	47419
CoV|P0C6X3.113.BC1	36255
CoV|P0C6X3.113.BC2	27568
CoV|P0C6X3.114.BC1	22910
CoV|P0C6X3.114.BC2	8697
CoV|P0C6X3.115.BC1	34033
CoV|P0C6X3.115.BC2	31753
CoV|P0C6X3.116.BC1	33361
CoV|P0C6X3.116.BC2	18331
CoV|P0C6X3.117.BC1	50422
CoV|P0C6X3.117.BC2	31021
CoV|P0C6X3.118.BC1	43763
CoV|P0C6X3.118.BC2	8800
CoV|P0C6X3.119.BC1	16235
CoV|P0C6X3.119.BC2	13417
CoV|P0C6X3.12.BC1	37534
CoV|P0C6X3.12.BC2	32849
CoV|P0C6X3.120.BC1	15040
CoV|P0C6X3.120.BC2	20935
CoV|P0C6X3.121.BC1	10572
CoV|P0C6X3.121.BC2	3188
CoV|P0C6X3.122.BC1	22915
CoV|P0C6X3.122.BC2	8986
CoV|P0C6X3.123.BC1	32833
CoV|P0C6X3.123.BC2	21692
CoV|P0C6X3.124.BC1	18114
CoV|P0C6X3.124.BC2	19474
CoV|P0C6X3.125.BC1	15861
CoV|P0C6X3.125.BC2	25464
CoV|P0C6X3.126.BC1	11600
CoV|P0C6X3.126.BC2	8179
CoV|P0C6X3.127.BC1	4060
CoV|P0C6X3.127.BC2	8562
CoV|P0C6X3.128.BC1	29890
CoV|P0C6X3.128.BC2	22092
CoV|P0C6X3.129.BC1	44475
CoV|P0C6X3.129.BC2	57532
CoV|P0C6X3.13.BC1	21413
CoV|P0C6X3.13.BC2	17234
CoV|P0C6X3.130.BC1	47629
CoV|P0C6X3.130.BC2	21030
CoV|P0C6X3.131.BC1	42444
CoV|P0C6X3.131.BC2	32572
CoV|P0C6X3.132.BC1	26231
CoV|P0C6X3.132.BC2	40660
CoV|P0C6X3.133.BC1	51560
CoV|P0C6X3.133.BC2	36307
CoV|P0C6X3.134.BC1	32195
CoV|P0C6X3.134.BC2	12788
CoV|P0C6X3.135.BC1	19880
CoV|P0C6X3.135.BC2	27112
CoV|P0C6X3.136.BC1	740
CoV|P0C6X3.136.BC2	25563
CoV|P0C6X3.137.BC1	14022
CoV|P0C6X3.137.BC2	23098
CoV|P0C6X3.138.BC1	16741
CoV|P0C6X3.138.BC2	15841
CoV|P0C6X3.139.BC1	28396
CoV|P0C6X3.139.BC2	6781
CoV|P0C6X3.14.BC1	28841
CoV|P0C6X3.14.BC2	18626
CoV|P0C6X3.140.BC1	7701
CoV|P0C6X3.140.BC2	20173
CoV|P0C6X3.141.BC1	6232
CoV|P0C6X3.141.BC2	16526
CoV|P0C6X3.142.BC1	16241
CoV|P0C6X3.142.BC2	29911
CoV|P0C6X3.143.BC1	56716
CoV|P0C6X3.143.BC2	31066
CoV|P0C6X3.144.BC1	17817
CoV|P0C6X3.144.BC2	12329
CoV|P0C6X3.145.BC1	9093
CoV|P0C6X3.145.BC2	12085
CoV|P0C6X3.146.BC1	9012
CoV|P0C6X3.146.BC2	21956
CoV|P0C6X3.147.BC1	11716
CoV|P0C6X3.147.BC2	12880
CoV|P0C6X3.148.BC1	25740
CoV|P0C6X3.148.BC2	19441
CoV|P0C6X3.149.BC1	34787
CoV|P0C6X3.149.BC2	31260
CoV|P0C6X3.15.BC1	27672
CoV|P0C6X3.15.BC2	17638
CoV|P0C6X3.150.BC1	12800
CoV|P0C6X3.150.BC2	33147
CoV|P0C6X3.151.BC1	10387
CoV|P0C6X3.151.BC2	20677
CoV|P0C6X3.152.BC1	15735
CoV|P0C6X3.152.BC2	18243
CoV|P0C6X3.153.BC1	20403
CoV|P0C6X3.153.BC2	23633
CoV|P0C6X3.154.BC1	14746
CoV|P0C6X3.154.BC2	21996
CoV|P0C6X3.155.BC1	14950
CoV|P0C6X3.155.BC2	18355
CoV|P0C6X3.156.BC1	17315
CoV|P0C6X3.156.BC2	28013
CoV|P0C6X3.157.BC1	52935
CoV|P0C6X3.157.BC2	34929
CoV|P0C6X3.158.BC1	24310
CoV|P0C6X3.158.BC2	25918
CoV|P0C6X3.159.BC1	13672
CoV|P0C6X3.159.BC2	9497
CoV|P0C6X3.16.BC1	21451
CoV|P0C6X3.16.BC2	26741
CoV|P0C6X3.160.BC1	31548
CoV|P0C6X3.160.BC2	35364
CoV|P0C6X3.161.BC1	37740
CoV|P0C6X3.161.BC2	16336
CoV|P0C6X3.162.BC1	16858
CoV|P0C6X3.162.BC2	13702
CoV|P0C6X3.163.BC1	34871
CoV|P0C6X3.163.BC2	16923
CoV|P0C6X3.164.BC1	14614
CoV|P0C6X3.164.BC2	14603
CoV|P0C6X3.165.BC1	25752
CoV|P0C6X3.165.BC2	10670
CoV|P0C6X3.166.BC1	17816
CoV|P0C6X3.166.BC2	2687
CoV|P0C6X3.167.BC1	24492
CoV|P0C6X3.167.BC2	18562
CoV|P0C6X3.168.BC1	20010
CoV|P0C6X3.168.BC2	25108
CoV|P0C6X3.169.BC1	29377
CoV|P0C6X3.169.BC2	11188
CoV|P0C6X3.17.BC1	7844
CoV|P0C6X3.17.BC2	19714
CoV|P0C6X3.170.BC1	26274
CoV|P0C6X3.170.BC2	29846
CoV|P0C6X3.171.BC1	3615
CoV|P0C6X3.171.BC2	13789
CoV|P0C6X3.172.BC1	12919
CoV|P0C6X3.172.BC2	30188
CoV|P0C6X3.173.BC1	12813
CoV|P0C6X3.173.BC2	6553
CoV|P0C6X3.174.BC1	15297
CoV|P0C6X3.174.BC2	10268
CoV|P0C6X3.175.BC1	20045
CoV|P0C6X3.175.BC2	51815
CoV|P0C6X3.176.BC1	33378
CoV|P0C6X3.176.BC2	37954
CoV|P0C6X3.177.BC1	35148
CoV|P0C6X3.177.BC2	33616
CoV|P0C6X3.178.BC1	21477
CoV|P0C6X3.178.BC2	25642
CoV|P0C6X3.179.BC1	27390
CoV|P0C6X3.179.BC2	35670
CoV|P0C6X3.18.BC1	37506
CoV|P0C6X3.18.BC2	30043
CoV|P0C6X3.180.BC1	12203
CoV|P0C6X3.180.BC2	12928
CoV|P0C6X3.181.BC1	18295
CoV|P0C6X3.181.BC2	10380
CoV|P0C6X3.182.BC1	23350
CoV|P0C6X3.182.BC2	22010
CoV|P0C6X3.183.BC1	6604
CoV|P0C6X3.183.BC2	8488
CoV|P0C6X3.184.BC1	31036
CoV|P0C6X3.184.BC2	11318
CoV|P0C6X3.185.BC1	7191
CoV|P0C6X3.185.BC2	8771
CoV|P0C6X3.186.BC1	18498
CoV|P0C6X3.186.BC2	14546
CoV|P0C6X3.187.BC1	24559
CoV|P0C6X3.187.BC2	29722
CoV|P0C6X3.188.BC1	1548
CoV|P0C6X3.188.BC2	6188
CoV|P0C6X3.189.BC1	9534
CoV|P0C6X3.189.BC2	11513
CoV|P0C6X3.19.BC1	20936
CoV|P0C6X3.19.BC2	16206
CoV|P0C6X3.190.BC1	32784
CoV|P0C6X3.190.BC2	47461
CoV|P0C6X3.191.BC1	16952
CoV|P0C6X3.191.BC2	28923
CoV|P0C6X3.192.BC1	47786
CoV|P0C6X3.192.BC2	34193
CoV|P0C6X3.193.BC1	17211
CoV|P0C6X3.193.BC2	9807
CoV|P0C6X3.194.BC1	19529
CoV|P0C6X3.194.BC2	12573
CoV|P0C6X3.195.BC1	29343
CoV|P0C6X3.195.BC2	32093
CoV|P0C6X3.196.BC1	24893
CoV|P0C6X3.196.BC2	13639
CoV|P0C6X3.197.BC1	9707
CoV|P0C6X3.197.BC2	10863
CoV|P0C6X3.198.BC1	5596
CoV|P0C6X3.198.BC2	14287
CoV|P0C6X3.199.BC1	15332
CoV|P0C6X3.199.BC2	20252
CoV|P0C6X3.2.BC1	18990
CoV|P0C6X3.2.BC2	17663
CoV|P0C6X3.20.BC1	56824
CoV|P0C6X3.20.BC2	31255
CoV|P0C6X3.200.BC1	12147
CoV|P0C6X3.200.BC2	14596
CoV|P0C6X3.201.BC1	10211
CoV|P0C6X3.201.BC2	13239
CoV|P0C6X3.202.BC1	51808
CoV|P0C6X3.202.BC2	42914
CoV|P0C6X3.203.BC1	18259
CoV|P0C6X3.203.BC2	11549
CoV|P0C6X3.204.BC1	28284
CoV|P0C6X3.204.BC2	21656
CoV|P0C6X3.205.BC1	34282
CoV|P0C6X3.205.BC2	39992
CoV|P0C6X3.206.BC1	9748
CoV|P0C6X3.206.BC2	11759
CoV|P0C6X3.207.BC1	21887
CoV|P0C6X3.207.BC2	13362
CoV|P0C6X3.208.BC1	12681
CoV|P0C6X3.208.BC2	14111
CoV|P0C6X3.209.BC1	27206
CoV|P0C6X3.209.BC2	17240
CoV|P0C6X3.21.BC1	25689
CoV|P0C6X3.21.BC2	36827
CoV|P0C6X3.210.BC1	12930
CoV|P0C6X3.210.BC2	15017
CoV|P0C6X3.211.BC1	25595
CoV|P0C6X3.211.BC2	685
CoV|P0C6X3.212.BC1	22552
CoV|P0C6X3.212.BC2	19649
CoV|P0C6X3.213.BC1	30190
CoV|P0C6X3.213.BC2	34996
CoV|P0C6X3.214.BC1	31130
CoV|P0C6X3.214.BC2	24809
CoV|P0C6X3.215.BC1	15838
CoV|P0C6X3.215.BC2	17449
CoV|P0C6X3.216.BC1	17825
CoV|P0C6X3.216.BC2	21144
CoV|P0C6X3.217.BC1	30702
CoV|P0C6X3.217.BC2	17505
CoV|P0C6X3.218.BC1	11799
CoV|P0C6X3.218.BC2	18862
CoV|P0C6X3.219.BC1	14470
CoV|P0C6X3.219.BC2	14484
CoV|P0C6X3.22.BC1	31123
CoV|P0C6X3.22.BC2	28108
CoV|P0C6X3.220.BC1	31401
CoV|P0C6X3.220.BC2	29265
CoV|P0C6X3.221.BC1	26241
CoV|P0C6X3.221.BC2	42155
CoV|P0C6X3.222.BC1	1873
CoV|P0C6X3.222.BC2	14407
CoV|P0C6X3.223.BC1	57189
CoV|P0C6X3.223.BC2	18421
CoV|P0C6X3.224.BC1	40741
CoV|P0C6X3.224.BC2	58352
CoV|P0C6X3.225.BC1	21090
CoV|P0C6X3.225.BC2	29915
CoV|P0C6X3.226.BC1	50509
CoV|P0C6X3.226.BC2	29269
CoV|P0C6X3.227.BC1	38757
CoV|P0C6X3.227.BC2	76105
CoV|P0C6X3.228.BC1	61353
CoV|P0C6X3.228.BC2	50004
CoV|P0C6X3.229.BC1	12074
CoV|P0C6X3.229.BC2	11940
CoV|P0C6X3.23.BC1	10813
CoV|P0C6X3.23.BC2	36223
CoV|P0C6X3.230.BC1	16554
CoV|P0C6X3.230.BC2	3761
CoV|P0C6X3.231.BC1	7127
CoV|P0C6X3.231.BC2	7691
CoV|P0C6X3.232.BC1	14583
CoV|P0C6X3.232.BC2	18908
CoV|P0C6X3.233.BC1	5414
CoV|P0C6X3.233.BC2	6381
CoV|P0C6X3.234.BC1	11985
CoV|P0C6X3.234.BC2	6406
CoV|P0C6X3.235.BC1	27313
CoV|P0C6X3.235.BC2	36574
CoV|P0C6X3.236.BC1	33865
CoV|P0C6X3.236.BC2	23540
CoV|P0C6X3.237.BC1	17469
CoV|P0C6X3.237.BC2	16739
CoV|P0C6X3.238.BC1	19876
CoV|P0C6X3.238.BC2	26264
CoV|P0C6X3.239.BC1	7393
CoV|P0C6X3.239.BC2	22828
CoV|P0C6X3.24.BC1	26223
CoV|P0C6X3.24.BC2	23642
CoV|P0C6X3.240.BC1	18376
CoV|P0C6X3.240.BC2	6428
CoV|P0C6X3.241.BC1	10863
CoV|P0C6X3.241.BC2	8922
CoV|P0C6X3.242.BC1	13583
CoV|P0C6X3.242.BC2	14378
CoV|P0C6X3.243.BC1	7844
CoV|P0C6X3.243.BC2	17005
CoV|P0C6X3.244.BC1	14644
CoV|P0C6X3.244.BC2	21968
CoV|P0C6X3.245.BC1	9519
CoV|P0C6X3.245.BC2	18308
CoV|P0C6X3.246.BC1	24636
CoV|P0C6X3.246.BC2	22341
CoV|P0C6X3.247.BC1	61793
CoV|P0C6X3.247.BC2	54022
CoV|P0C6X3.248.BC1	19374
CoV|P0C6X3.248.BC2	19063
CoV|P0C6X3.249.BC1	1955
CoV|P0C6X3.249.BC2	16506
CoV|P0C6X3.25.BC1	26179
CoV|P0C6X3.25.BC2	37535
CoV|P0C6X3.250.BC1	1323
CoV|P0C6X3.250.BC2	2184
CoV|P0C6X3.251.BC1	18070
CoV|P0C6X3.251.BC2	22359
CoV|P0C6X3.252.BC1	20784
CoV|P0C6X3.252.BC2	16444
CoV|P0C6X3.253.BC1	16149
CoV|P0C6X3.253.BC2	18878
CoV|P0C6X3.254.BC1	24607
CoV|P0C6X3.254.BC2	33843
CoV|P0C6X3.26.BC1	36717
CoV|P0C6X3.26.BC2	11114
CoV|P0C6X3.27.BC1	37067
CoV|P0C6X3.27.BC2	15952
CoV|P0C6X3.28.BC1	22564
CoV|P0C6X3.28.BC2	15364
CoV|P0C6X3.29.BC1	23197
CoV|P0C6X3.29.BC2	10598
CoV|P0C6X3.3.BC1	21337
CoV|P0C6X3.3.BC2	22184
CoV|P0C6X3.30.BC1	7072
CoV|P0C6X3.30.BC2	8638
CoV|P0C6X3.31.BC1	19611
CoV|P0C6X3.31.BC2	1922
CoV|P0C6X3.32.BC1	28741
CoV|P0C6X3.32.BC2	19797
CoV|P0C6X3.33.BC1	73358
CoV|P0C6X3.33.BC2	56353
CoV|P0C6X3.34.BC1	49323
CoV|P0C6X3.34.BC2	47996
CoV|P0C6X3.35.BC1	63573
CoV|P0C6X3.35.BC2	48348
CoV|P0C6X3.36.BC1	25024
CoV|P0C6X3.36.BC2	41084
CoV|P0C6X3.37.BC1	58995
CoV|P0C6X3.37.BC2	46565
CoV|P0C6X3.38.BC1	12476
CoV|P0C6X3.38.BC2	16853
CoV|P0C6X3.39.BC1	9062
CoV|P0C6X3.39.BC2	10499
CoV|P0C6X3.4.BC1	10768
CoV|P0C6X3.4.BC2	18731
CoV|P0C6X3.40.BC1	11315
CoV|P0C6X3.40.BC2	17166
CoV|P0C6X3.41.BC1	19743
CoV|P0C6X3.41.BC2	17778
CoV|P0C6X3.42.BC1	16024
CoV|P0C6X3.42.BC2	19678
CoV|P0C6X3.43.BC1	38208
CoV|P0C6X3.43.BC2	37175
CoV|P0C6X3.44.BC1	20694
CoV|P0C6X3.44.BC2	21677
CoV|P0C6X3.45.BC1	14719
CoV|P0C6X3.45.BC2	4469
CoV|P0C6X3.46.BC1	14730
CoV|P0C6X3.46.BC2	16498
CoV|P0C6X3.47.BC1	6474
CoV|P0C6X3.47.BC2	26474
CoV|P0C6X3.48.BC1	46389
CoV|P0C6X3.48.BC2	24788
CoV|P0C6X3.49.BC1	34272
CoV|P0C6X3.49.BC2	20394
CoV|P0C6X3.5.BC1	8762
CoV|P0C6X3.5.BC2	4180
CoV|P0C6X3.50.BC1	23795
CoV|P0C6X3.50.BC2	6748
CoV|P0C6X3.51.BC1	20763
CoV|P0C6X3.51.BC2	10822
CoV|P0C6X3.52.BC1	3421
CoV|P0C6X3.52.BC2	4272
CoV|P0C6X3.53.BC1	25413
CoV|P0C6X3.53.BC2	5076
CoV|P0C6X3.54.BC1	15641
CoV|P0C6X3.54.BC2	4031
CoV|P0C6X3.55.BC1	21992
CoV|P0C6X3.55.BC2	1212
CoV|P0C6X3.56.BC1	17515
CoV|P0C6X3.56.BC2	16139
CoV|P0C6X3.57.BC1	1188
CoV|P0C6X3.57.BC2	18609
CoV|P0C6X3.58.BC1	13303
CoV|P0C6X3.58.BC2	20870
CoV|P0C6X3.59.BC1	14213
CoV|P0C6X3.59.BC2	11917
CoV|P0C6X3.6.BC1	12765
CoV|P0C6X3.6.BC2	35613
CoV|P0C6X3.60.BC1	20579
CoV|P0C6X3.60.BC2	23212
CoV|P0C6X3.61.BC1	14713
CoV|P0C6X3.61.BC2	23580
CoV|P0C6X3.62.BC1	18159
CoV|P0C6X3.62.BC2	11041
CoV|P0C6X3.63.BC1	16578
CoV|P0C6X3.63.BC2	17518
CoV|P0C6X3.64.BC1	11225
CoV|P0C6X3.64.BC2	25960
CoV|P0C6X3.65.BC1	39511
CoV|P0C6X3.65.BC2	27162
CoV|P0C6X3.66.BC1	28570
CoV|P0C6X3.66.BC2	36063
CoV|P0C6X3.67.BC1	25852
CoV|P0C6X3.67.BC2	13577
CoV|P0C6X3.68.BC1	23129
CoV|P0C6X3.68.BC2	13735
CoV|P0C6X3.69.BC1	26169
CoV|P0C6X3.69.BC2	38322
CoV|P0C6X3.7.BC1	24838
CoV|P0C6X3.7.BC2	32785
CoV|P0C6X3.70.BC1	25863
CoV|P0C6X3.70.BC2	28836
CoV|P0C6X3.71.BC1	15852
CoV|P0C6X3.71.BC2	26086
CoV|P0C6X3.72.BC1	38060
CoV|P0C6X3.72.BC2	11406
CoV|P0C6X3.73.BC1	44891
CoV|P0C6X3.73.BC2	32274
CoV|P0C6X3.74.BC1	33721
CoV|P0C6X3.74.BC2	47815
CoV|P0C6X3.75.BC1	18958
CoV|P0C6X3.75.BC2	5615
CoV|P0C6X3.76.BC1	19248
CoV|P0C6X3.76.BC2	9681
CoV|P0C6X3.77.BC1	9725
CoV|P0C6X3.77.BC2	17077
CoV|P0C6X3.78.BC1	13691
CoV|P0C6X3.78.BC2	2666
CoV|P0C6X3.79.BC1	35190
CoV|P0C6X3.79.BC2	293
CoV|P0C6X3.8.BC1	18729
CoV|P0C6X3.8.BC2	30644
CoV|P0C6X3.80.BC1	44810
CoV|P0C6X3.80.BC2	49852
CoV|P0C6X3.81.BC1	45873
CoV|P0C6X3.81.BC2	18721
CoV|P0C6X3.82.BC1	15799
CoV|P0C6X3.82.BC2	28121
CoV|P0C6X3.83.BC1	29710
CoV|P0C6X3.83.BC2	37120
CoV|P0C6X3.84.BC1	52747
CoV|P0C6X3.84.BC2	30014
CoV|P0C6X3.85.BC1	56220
CoV|P0C6X3.85.BC2	11425
CoV|P0C6X3.86.BC1	52064
CoV|P0C6X3.86.BC2	53669
CoV|P0C6X3.87.BC1	16304
CoV|P0C6X3.87.BC2	23307
CoV|P0C6X3.88.BC1	12704
CoV|P0C6X3.88.BC2	12858
CoV|P0C6X3.89.BC1	21501
CoV|P0C6X3.89.BC2	13262
CoV|P0C6X3.9.BC1	18916
CoV|P0C6X3.9.BC2	7537
CoV|P0C6X3.90.BC1	38520
CoV|P0C6X3.90.BC2	40697
CoV|P0C6X3.91.BC1	21502
CoV|P0C6X3.91.BC2	14187
CoV|P0C6X3.92.BC1	17483
CoV|P0C6X3.92.BC2	10735
CoV|P0C6X3.93.BC1	31638
CoV|P0C6X3.93.BC2	19292
CoV|P0C6X3.94.BC1	3782
CoV|P0C6X3.94.BC2	56297
CoV|P0C6X3.95.BC1	34497
CoV|P0C6X3.95.BC2	9185
CoV|P0C6X3.96.BC1	41803
CoV|P0C6X3.96.BC2	35764
CoV|P0C6X3.97.BC1	27636
CoV|P0C6X3.97.BC2	46345
CoV|P0C6X3.98.BC1	29674
CoV|P0C6X3.98.BC2	28249
CoV|P0C6X3.99.BC1	2314
CoV|P0C6X3.99.BC2	44537
CoV|P0C6X6.155.BC1	49722
CoV|P0C6X6.155.BC2	40320
CoV|P0C6X6.156.BC1	14779
CoV|P0C6X6.156.BC2	17471
CoV|P0C6X6.157.BC1	45307
CoV|P0C6X6.157.BC2	13745
CoV|P0C6X6.158.BC1	25369
CoV|P0C6X6.158.BC2	17637
CoV|P0C6X6.159.BC1	78257
CoV|P0C6X6.159.BC2	38391
CoV|P0C6X6.160.BC1	23978
CoV|P0C6X6.160.BC2	20251
CoV|P0C6X6.161.BC1	19247
CoV|P0C6X6.161.BC2	21710
CoV|P0C6X6.162.BC1	18440
CoV|P0C6X6.162.BC2	9985
CoV|P0C6X6.163.BC1	28177
CoV|P0C6X6.163.BC2	32520
CoV|P0C6X6.164.BC1	9418
CoV|P0C6X6.164.BC2	22923
CoV|P0C6X6.165.BC1	24706
CoV|P0C6X6.165.BC2	32847
CoV|P0C6X6.166.BC1	24748
CoV|P0C6X6.166.BC2	29064
CoV|P0C6X6.167.BC1	7373
CoV|P0C6X6.167.BC2	14591
CoV|P0C6X6.168.BC1	11631
CoV|P0C6X6.168.BC2	20908
CoV|P0C6X6.169.BC1	18388
CoV|P0C6X6.169.BC2	9731
CoV|P0C6X6.170.BC1	21727
CoV|P0C6X6.170.BC2	27835
CoV|P0C6X6.171.BC1	22190
CoV|P0C6X6.171.BC2	11518
CoV|P0C6X6.172.BC1	5686
CoV|P0C6X6.172.BC2	10875
CoV|P0C6X6.173.BC1	43102
CoV|P0C6X6.173.BC2	27851
CoV|P0C6X6.174.BC1	26241
CoV|P0C6X6.174.BC2	26132
CoV|P0C6X6.175.BC1	39495
CoV|P0C6X6.175.BC2	25290
CoV|P0C6X6.176.BC1	22206
CoV|P0C6X6.176.BC2	19737
CoV|P0C6X6.177.BC1	27197
CoV|P0C6X6.177.BC2	37001
CoV|P0C6X6.178.BC1	12854
CoV|P0C6X6.178.BC2	13866
CoV|P0C6X6.179.BC1	26871
CoV|P0C6X6.179.BC2	37379
CoV|P0C6X6.180.BC1	21404
CoV|P0C6X6.180.BC2	28283
CoV|P0C6X6.181.BC1	24052
CoV|P0C6X6.181.BC2	21673
CoV|P0C6X6.182.BC1	14889
CoV|P0C6X6.182.BC2	5777
CoV|P0C6X6.183.BC1	20287
CoV|P0C6X6.183.BC2	7435
CoV|P0C6X6.184.BC1	66816
CoV|P0C6X6.184.BC2	55260
CoV|P0C6X6.185.BC1	31710
CoV|P0C6X6.185.BC2	16552
CoV|P0C6X6.186.BC1	4928
CoV|P0C6X6.186.BC2	10122
CoV|P0C6X6.187.BC1	19981
CoV|P0C6X6.187.BC2	2736
CoV|P0C6X6.188.BC1	24635
CoV|P0C6X6.188.BC2	37983
CoV|P0C6X6.189.BC1	37748
CoV|P0C6X6.189.BC2	41943
CoV|P0C6X6.190.BC1	47429
CoV|P0C6X6.190.BC2	17352
CoV|P0C6X6.191.BC1	21224
CoV|P0C6X6.191.BC2	18439
CoV|P0C6X6.192.BC1	9576
CoV|P0C6X6.192.BC2	13318
CoV|P0C6X6.193.BC1	34657
CoV|P0C6X6.193.BC2	40396
CoV|P0C6X6.194.BC1	10227
CoV|P0C6X6.194.BC2	16322
CoV|P0C6X6.195.BC1	15413
CoV|P0C6X6.195.BC2	23720
CoV|P0C6X6.196.BC1	10974
CoV|P0C6X6.196.BC2	11454
CoV|P0C6X6.197.BC1	19595
CoV|P0C6X6.197.BC2	23487
CoV|P0C6X6.198.BC1	15114
CoV|P0C6X6.198.BC2	13981
CoV|P0C6X6.199.BC1	19491
CoV|P0C6X6.199.BC2	6972
CoV|P0C6X6.200.BC1	28030
CoV|P0C6X6.200.BC2	20085
CoV|P0C6X6.201.BC1	16878
CoV|P0C6X6.201.BC2	30032
CoV|P0C6X6.202.BC1	33381
CoV|P0C6X6.202.BC2	11144
CoV|P0C6X6.203.BC1	33103
CoV|P0C6X6.203.BC2	46167
CoV|P0C6X6.204.BC1	21095
CoV|P0C6X6.204.BC2	6896
CoV|P0C6X6.205.BC1	2364
CoV|P0C6X6.205.BC2	12294
CoV|P0C6X6.206.BC1	46122
CoV|P0C6X6.206.BC2	20881
CoV|P0C6X6.207.BC1	40225
CoV|P0C6X6.207.BC2	25412
CoV|P0C6X6.208.BC1	38795
CoV|P0C6X6.208.BC2	16021
CoV|P0C6X6.209.BC1	4244
CoV|P0C6X6.209.BC2	14799
CoV|P0C6X6.210.BC1	61363
CoV|P0C6X6.210.BC2	27583
CoV|P0C6X6.211.BC1	37472
CoV|P0C6X6.211.BC2	33702
CoV|P0C6X6.212.BC1	11449
CoV|P0C6X6.212.BC2	11688
CoV|P0C6X6.213.BC1	16698
CoV|P0C6X6.213.BC2	21455
CoV|P0C6X6.214.BC1	6800
CoV|P0C6X6.214.BC2	22338
CoV|P0C6X6.215.BC1	18469
CoV|P0C6X6.215.BC2	31731
CoV|P0C6X6.216.BC1	14952
CoV|P0C6X6.216.BC2	15569
CoV|P0C6X6.217.BC1	21441
CoV|P0C6X6.217.BC2	13807
CoV|P0C6X6.218.BC1	30106
CoV|P0C6X6.218.BC2	9210
CoV|P0C6X6.219.BC1	33145
CoV|P0C6X6.219.BC2	22387
CoV|P0C6X6.220.BC1	17750
CoV|P0C6X6.220.BC2	22801
CoV|P0C6X6.221.BC1	15856
CoV|P0C6X6.221.BC2	18649
CoV|P0C6X6.222.BC1	2263
CoV|P0C6X6.222.BC2	38793
CoV|P0C6X6.223.BC1	28071
CoV|P0C6X6.223.BC2	25118
CoV|P0C6X6.224.BC1	28677
CoV|P0C6X6.224.BC2	53245
CoV|P0C6X6.225.BC1	41721
CoV|P0C6X6.225.BC2	21766
CoV|P0C6X6.226.BC1	37299
CoV|P0C6X6.226.BC2	46014
CoV|P0C6X6.227.BC1	8529
CoV|P0C6X6.227.BC2	17117
CoV|P0C6X6.228.BC1	8720
CoV|P0C6X6.228.BC2	11046
CoV|P0C6X6.229.BC1	7948
CoV|P0C6X6.229.BC2	14064
CoV|P0C6X6.230.BC1	21422
CoV|P0C6X6.230.BC2	34908
CoV|P0C6X6.231.BC1	28930
CoV|P0C6X6.231.BC2	23537
CoV|P0C6X6.232.BC1	12931
CoV|P0C6X6.232.BC2	20418
CoV|P0C6X6.233.BC1	20855
CoV|P0C6X6.233.BC2	15793
CoV|P0C6X6.234.BC1	56724
CoV|P0C6X6.234.BC2	80488
CoV|P0C6X6.235.BC1	33831
CoV|P0C6X6.235.BC2	29368
CoV|P0C6X6.236.BC1	43597
CoV|P0C6X6.236.BC2	32310
CoV|P0C6X6.237.BC1	5182
CoV|P0C6X6.237.BC2	8560
CoV|P0C6X6.238.BC1	25956
CoV|P0C6X6.238.BC2	11043
CoV|P0C6X6.239.BC1	12342
CoV|P0C6X6.239.BC2	11411
CoV|P0C6X6.240.BC1	14818
CoV|P0C6X6.240.BC2	11971
CoV|P0C6X6.241.BC1	17933
CoV|P0C6X6.241.BC2	21504
CoV|P0C6X6.242.BC1	23742
CoV|P0C6X6.242.BC2	23755
CoV|P0C6X6.243.BC1	32122
CoV|P0C6X6.243.BC2	18782
CoV|P0C6X6.244.BC1	38239
CoV|P0C6X6.244.BC2	40651
CoV|P0C6X6.245.BC1	27160
CoV|P0C6X6.245.BC2	29294
CoV|P0C6X6.246.BC1	25340
CoV|P0C6X6.246.BC2	17662
CoV|P0C6X6.247.BC1	9472
CoV|P0C6X6.247.BC2	13265
CoV|P0C6X6.248.BC1	15347
CoV|P0C6X6.248.BC2	18133
CoV|P0C6X6.249.BC1	20593
CoV|P0C6X6.249.BC2	18529
CoV|P0C6X6.250.BC1	2863
CoV|P0C6X6.250.BC2	22695
CoV|P0C6X6.251.BC1	21568
CoV|P0C6X6.251.BC2	15809
CoV|P0C6X6.252.BC1	16237
CoV|P0C6X6.252.BC2	21522
CoV|P0C6X7.155.BC1	76610
CoV|P0C6X7.155.BC2	44273
CoV|P0C6X7.156.BC1	23393
CoV|P0C6X7.156.BC2	48618
CoV|P0C6X7.157.BC1	25628
CoV|P0C6X7.157.BC2	22778
CoV|P0C6X7.158.BC1	18043
CoV|P0C6X7.158.BC2	23942
CoV|P0C6X7.159.BC1	34078
CoV|P0C6X7.159.BC2	40795
CoV|P0C6X7.160.BC1	22007
CoV|P0C6X7.160.BC2	17223
CoV|P0C6X7.161.BC1	22754
CoV|P0C6X7.161.BC2	31943
CoV|P0C6X7.162.BC1	40699
CoV|P0C6X7.162.BC2	22339
CoV|P0C6X7.163.BC1	28619
CoV|P0C6X7.163.BC2	40632
CoV|P0C6X7.164.BC1	15283
CoV|P0C6X7.164.BC2	15999
CoV|P0C6X7.165.BC1	22762
CoV|P0C6X7.165.BC2	23466
CoV|P0C6X7.166.BC1	13167
CoV|P0C6X7.166.BC2	28425
CoV|P0C6X7.167.BC1	14855
CoV|P0C6X7.167.BC2	24276
CoV|P0C6X7.168.BC1	39371
CoV|P0C6X7.168.BC2	46788
CoV|P0C6X7.169.BC1	22333
CoV|P0C6X7.169.BC2	22214
CoV|P0C6X7.170.BC1	24358
CoV|P0C6X7.170.BC2	28472
CoV|P0C6X7.171.BC1	15799
CoV|P0C6X7.171.BC2	11531
CoV|P0C6X7.172.BC1	10953
CoV|P0C6X7.172.BC2	4731
CoV|P0C6X7.173.BC1	14612
CoV|P0C6X7.173.BC2	33020
CoV|P0C6X7.174.BC1	33103
CoV|P0C6X7.174.BC2	38637
CoV|P0C6X7.175.BC1	20759
CoV|P0C6X7.175.BC2	12189
CoV|P0C6X7.176.BC1	19805
CoV|P0C6X7.176.BC2	23386
CoV|P0C6X7.177.BC1	21020
CoV|P0C6X7.177.BC2	26760
CoV|P0C6X7.178.BC1	5189
CoV|P0C6X7.178.BC2	6517
CoV|P0C6X7.179.BC1	23207
CoV|P0C6X7.179.BC2	13318
CoV|P0C6X7.180.BC1	48376
CoV|P0C6X7.180.BC2	47227
CoV|P0C6X7.181.BC1	27932
CoV|P0C6X7.181.BC2	9978
CoV|P0C6X7.182.BC1	17390
CoV|P0C6X7.182.BC2	13960
CoV|P0C6X7.183.BC1	15332
CoV|P0C6X7.183.BC2	22177
CoV|P0C6X7.184.BC1	20782
CoV|P0C6X7.184.BC2	28513
CoV|P0C6X7.185.BC1	18829
CoV|P0C6X7.185.BC2	20451
CoV|P0C6X7.186.BC1	9149
CoV|P0C6X7.186.BC2	8518
CoV|P0C6X7.187.BC1	26482
CoV|P0C6X7.187.BC2	16240
CoV|P0C6X7.188.BC1	35633
CoV|P0C6X7.188.BC2	35427
CoV|P0C6X7.189.BC1	31274
CoV|P0C6X7.189.BC2	47686
CoV|P0C6X7.190.BC1	25308
CoV|P0C6X7.190.BC2	18577
CoV|P0C6X7.191.BC1	34258
CoV|P0C6X7.191.BC2	21877
CoV|P0C6X7.192.BC1	54190
CoV|P0C6X7.192.BC2	65536
CoV|P0C6X7.193.BC1	10408
CoV|P0C6X7.193.BC2	9711
CoV|P0C6X7.194.BC1	27344
CoV|P0C6X7.194.BC2	25273
CoV|P0C6X7.195.BC1	25232
CoV|P0C6X7.195.BC2	15683
CoV|P0C6X7.196.BC1	36332
CoV|P0C6X7.196.BC2	22520
CoV|P0C6X7.197.BC1	32081
CoV|P0C6X7.197.BC2	21768
CoV|P0C6X7.198.BC1	17620
CoV|P0C6X7.198.BC2	14221
CoV|P0C6X7.199.BC1	12102
CoV|P0C6X7.199.BC2	15645
CoV|P0C6X7.200.BC1	27459
CoV|P0C6X7.200.BC2	21172
CoV|P0C6X7.201.BC1	28186
CoV|P0C6X7.201.BC2	26792
CoV|P0C6X7.202.BC1	27608
CoV|P0C6X7.202.BC2	31188
CoV|P0C6X7.203.BC1	29047
CoV|P0C6X7.203.BC2	28020
CoV|P0C6X7.204.BC1	24589
CoV|P0C6X7.204.BC2	39586
CoV|P0C6X7.205.BC1	36982
CoV|P0C6X7.205.BC2	33407
CoV|P0C6X7.206.BC1	53059
CoV|P0C6X7.206.BC2	38539
CoV|P0C6X7.207.BC1	26971
CoV|P0C6X7.207.BC2	24856
CoV|P0C6X7.208.BC1	2540
CoV|P0C6X7.208.BC2	14474
CoV|P0C6X7.209.BC1	40267
CoV|P0C6X7.209.BC2	15785
CoV|P0C6X7.210.BC1	31119
CoV|P0C6X7.210.BC2	40921
CoV|P0C6X7.211.BC1	25603
CoV|P0C6X7.211.BC2	21975
CoV|P0C6X7.212.BC1	31036
CoV|P0C6X7.212.BC2	39291
CoV|P0C6X7.213.BC1	13690
CoV|P0C6X7.213.BC2	28268
CoV|P0C6X7.214.BC1	16497
CoV|P0C6X7.214.BC2	27586
CoV|P0C6X7.215.BC1	27193
CoV|P0C6X7.215.BC2	12556
CoV|P0C6X7.216.BC1	21386
CoV|P0C6X7.216.BC2	14213
CoV|P0C6X7.217.BC1	9498
CoV|P0C6X7.217.BC2	10378
CoV|P0C6X7.218.BC1	28857
CoV|P0C6X7.218.BC2	24944
CoV|P0C6X7.219.BC1	27349
CoV|P0C6X7.219.BC2	10029
CoV|P0C6X7.220.BC1	39823
CoV|P0C6X7.220.BC2	43360
CoV|P0C6X7.221.BC1	31603
CoV|P0C6X7.221.BC2	37247
CoV|P0C6X7.222.BC1	24062
CoV|P0C6X7.222.BC2	18252
CoV|P0C6X7.223.BC1	17641
CoV|P0C6X7.223.BC2	18522
CoV|P0C6X7.224.BC1	30320
CoV|P0C6X7.224.BC2	36522
CoV|P0C6X7.225.BC1	56369
CoV|P0C6X7.225.BC2	45392
CoV|P0C6X7.226.BC1	64800
CoV|P0C6X7.226.BC2	49798
CoV|P0C6X7.227.BC1	24589
CoV|P0C6X7.227.BC2	8797
CoV|P0C6X7.228.BC1	20795
CoV|P0C6X7.228.BC2	13942
CoV|P0C6X7.229.BC1	26472
CoV|P0C6X7.229.BC2	43860
CoV|P0C6X7.230.BC1	39637
CoV|P0C6X7.230.BC2	44187
CoV|P0C6X7.231.BC1	4147
CoV|P0C6X7.231.BC2	19524
CoV|P0C6X7.232.BC1	31102
CoV|P0C6X7.232.BC2	13310
CoV|P0C6X7.233.BC1	47076
CoV|P0C6X7.233.BC2	31665
CoV|P0C6X7.234.BC1	23908
CoV|P0C6X7.234.BC2	29123
CoV|P0C6X7.235.BC1	36575
CoV|P0C6X7.235.BC2	49345
CoV|P0C6X7.236.BC1	16904
CoV|P0C6X7.236.BC2	22455
CoV|P0C6X7.237.BC1	16938
CoV|P0C6X7.237.BC2	12390
CoV|P0C6X7.238.BC1	16003
CoV|P0C6X7.238.BC2	27890
CoV|P0C6X7.239.BC1	12387
CoV|P0C6X7.239.BC2	14612
CoV|P0C6X7.240.BC1	14386
CoV|P0C6X7.240.BC2	18376
CoV|P0C6X7.241.BC1	14762
CoV|P0C6X7.241.BC2	6625
CoV|P0C6X7.242.BC1	54789
CoV|P0C6X7.242.BC2	27884
CoV|P0C6X7.243.BC1	20769
CoV|P0C6X7.243.BC2	30589
CoV|P0C6X7.244.BC1	25621
CoV|P0C6X7.244.BC2	41474
CoV|P0C6X7.245.BC1	23377
CoV|P0C6X7.245.BC2	47899
CoV|P0C6X7.246.BC1	18036
CoV|P0C6X7.246.BC2	7183
CoV|P0C6X7.247.BC1	15779
CoV|P0C6X7.247.BC2	13236
CoV|P0C6X7.248.BC1	15727
CoV|P0C6X7.248.BC2	17910
CoV|P0C6X7.249.BC1	5335
CoV|P0C6X7.249.BC2	3945
CoV|P0C6X7.250.BC1	44285
CoV|P0C6X7.250.BC2	18720
CoV|P0DTD2.0.BC1	19852
CoV|P0DTD2.0.BC2	31268
CoV|P0DTD2.1.BC1	19771
CoV|P0DTD2.1.BC2	12767
CoV|P0DTD2.2.BC1	32198
CoV|P0DTD2.2.BC2	34108
CoV|P0DTD3.0.BC1	22119
CoV|P0DTD3.0.BC2	38528
CoV|P0DTD3.1.BC1	50848
CoV|P0DTD3.1.BC2	39585
CoV|P15130.0.BC1	29630
CoV|P15130.0.BC2	12909
CoV|P15130.1.BC1	21288
CoV|P15130.1.BC2	18260
CoV|P15130.10.BC1	23773
CoV|P15130.10.BC2	27311
CoV|P15130.11.BC1	8173
CoV|P15130.11.BC2	7585
CoV|P15130.12.BC1	21582
CoV|P15130.12.BC2	5712
CoV|P15130.2.BC1	20692
CoV|P15130.2.BC2	16041
CoV|P15130.3.BC1	27135
CoV|P15130.3.BC2	30951
CoV|P15130.4.BC1	26526
CoV|P15130.4.BC2	24457
CoV|P15130.5.BC1	32033
CoV|P15130.5.BC2	18988
CoV|P15130.6.BC1	19888
CoV|P15130.6.BC2	35903
CoV|P15130.7.BC1	40529
CoV|P15130.7.BC2	31621
CoV|P15130.8.BC1	55721
CoV|P15130.8.BC2	66678
CoV|P15130.9.BC1	51016
CoV|P15130.9.BC2	40039
CoV|P15422.0.BC1	28628
CoV|P15422.0.BC2	46935
CoV|P15422.1.BC1	33319
CoV|P15422.1.BC2	15283
CoV|P15422.2.BC1	56931
CoV|P15422.2.BC2	69403
CoV|P15422.3.BC1	28862
CoV|P15422.3.BC2	20337
CoV|P15422.4.BC1	12514
CoV|P15422.4.BC2	16493
CoV|P15422.5.BC1	14080
CoV|P15422.5.BC2	17482
CoV|P15422.6.BC1	17490
CoV|P15422.6.BC2	26850
CoV|P15422.7.BC1	13643
CoV|P15422.7.BC2	17756
CoV|P15423.0.BC1	22491
CoV|P15423.0.BC2	10825
CoV|P15423.1.BC1	19573
CoV|P15423.1.BC2	21715
CoV|P15423.10.BC1	5691
CoV|P15423.10.BC2	9193
CoV|P15423.11.BC1	13836
CoV|P15423.11.BC2	16266
CoV|P15423.12.BC1	25439
CoV|P15423.12.BC2	18175
CoV|P15423.13.BC1	22787
CoV|P15423.13.BC2	14924
CoV|P15423.14.BC1	29487
CoV|P15423.14.BC2	12169
CoV|P15423.15.BC1	21313
CoV|P15423.15.BC2	27165
CoV|P15423.16.BC1	42230
CoV|P15423.16.BC2	45635
CoV|P15423.17.BC1	12565
CoV|P15423.17.BC2	25238
CoV|P15423.18.BC1	26873
CoV|P15423.18.BC2	18678
CoV|P15423.19.BC1	26690
CoV|P15423.19.BC2	24274
CoV|P15423.2.BC1	34392
CoV|P15423.2.BC2	21376
CoV|P15423.20.BC1	5907
CoV|P15423.20.BC2	17533
CoV|P15423.21.BC1	14673
CoV|P15423.21.BC2	23176
CoV|P15423.22.BC1	43650
CoV|P15423.22.BC2	13538
CoV|P15423.23.BC1	40309
CoV|P15423.23.BC2	29580
CoV|P15423.24.BC1	50833
CoV|P15423.24.BC2	66905
CoV|P15423.25.BC1	24779
CoV|P15423.25.BC2	44109
CoV|P15423.26.BC1	21914
CoV|P15423.26.BC2	21535
CoV|P15423.27.BC1	14916
CoV|P15423.27.BC2	22890
CoV|P15423.28.BC1	11202
CoV|P15423.28.BC2	10899
CoV|P15423.29.BC1	11811
CoV|P15423.29.BC2	8518
CoV|P15423.3.BC1	20438
CoV|P15423.3.BC2	8069
CoV|P15423.30.BC1	18987
CoV|P15423.30.BC2	8825
CoV|P15423.31.BC1	18869
CoV|P15423.31.BC2	26616
CoV|P15423.32.BC1	19638
CoV|P15423.32.BC2	16314
CoV|P15423.33.BC1	16325
CoV|P15423.33.BC2	11189
CoV|P15423.34.BC1	40905
CoV|P15423.34.BC2	27148
CoV|P15423.35.BC1	25936
CoV|P15423.35.BC2	34968
CoV|P15423.36.BC1	22466
CoV|P15423.36.BC2	24968
CoV|P15423.37.BC1	12476
CoV|P15423.37.BC2	16377
CoV|P15423.38.BC1	7675
CoV|P15423.38.BC2	7186
CoV|P15423.39.BC1	43204
CoV|P15423.39.BC2	57321
CoV|P15423.4.BC1	14876
CoV|P15423.4.BC2	21480
CoV|P15423.40.BC1	29162
CoV|P15423.40.BC2	41583
CoV|P15423.5.BC1	10824
CoV|P15423.5.BC2	15286
CoV|P15423.6.BC1	29844
CoV|P15423.6.BC2	5028
CoV|P15423.7.BC1	15894
CoV|P15423.7.BC2	12682
CoV|P15423.8.BC1	33789
CoV|P15423.8.BC2	14738
CoV|P15423.9.BC1	24122
CoV|P15423.9.BC2	21636
CoV|P19739.0.BC1	29178
CoV|P19739.0.BC2	38672
CoV|P19739.1.BC1	36223
CoV|P19739.1.BC2	77283
CoV|P19739.2.BC1	49098
CoV|P19739.2.BC2	87992
CoV|P19739.3.BC1	37156
CoV|P19739.3.BC2	67894
CoV|P19740.0.BC1	21711
CoV|P19740.0.BC2	35144
CoV|P19740.1.BC1	18594
CoV|P19740.1.BC2	25612
CoV|P19740.2.BC1	18020
CoV|P19740.2.BC2	13824
CoV|P19741.0.BC1	48733
CoV|P19741.0.BC2	37608
CoV|P19741.1.BC1	34117
CoV|P19741.1.BC2	49648
CoV|P30215.0.BC1	30337
CoV|P30215.0.BC2	12675
CoV|P30215.1.BC1	20044
CoV|P30215.1.BC2	23669
CoV|P30215.10.BC1	11872
CoV|P30215.10.BC2	39616
CoV|P30215.11.BC1	46834
CoV|P30215.11.BC2	28806
CoV|P30215.12.BC1	14703
CoV|P30215.12.BC2	38602
CoV|P30215.13.BC1	55284
CoV|P30215.13.BC2	39114
CoV|P30215.14.BC1	81245
CoV|P30215.14.BC2	40622
CoV|P30215.2.BC1	14608
CoV|P30215.2.BC2	17367
CoV|P30215.3.BC1	16122
CoV|P30215.3.BC2	11349
CoV|P30215.4.BC1	822
CoV|P30215.4.BC2	11798
CoV|P30215.5.BC1	44123
CoV|P30215.5.BC2	28425
CoV|P30215.6.BC1	9062
CoV|P30215.6.BC2	24811
CoV|P30215.7.BC1	26351
CoV|P30215.7.BC2	6327
CoV|P30215.8.BC1	9831
CoV|P30215.8.BC2	12410
CoV|P30215.9.BC1	30473
CoV|P30215.9.BC2	5433
CoV|P33469.0.BC1	68894
CoV|P33469.0.BC2	33311
CoV|P33469.1.BC1	19082
CoV|P33469.1.BC2	35353
CoV|P33469.10.BC1	15380
CoV|P33469.10.BC2	12889
CoV|P33469.11.BC1	18444
CoV|P33469.11.BC2	11884
CoV|P33469.12.BC1	27526
CoV|P33469.12.BC2	30370
CoV|P33469.13.BC1	43947
CoV|P33469.13.BC2	44638
CoV|P33469.14.BC1	31265
CoV|P33469.14.BC2	45835
CoV|P33469.15.BC1	31626
CoV|P33469.15.BC2	39156
CoV|P33469.2.BC1	12754
CoV|P33469.2.BC2	18379
CoV|P33469.3.BC1	24055
CoV|P33469.3.BC2	20534
CoV|P33469.4.BC1	21220
CoV|P33469.4.BC2	26746
CoV|P33469.5.BC1	13487
CoV|P33469.5.BC2	28815
CoV|P33469.6.BC1	7569
CoV|P33469.6.BC2	50672
CoV|P33469.7.BC1	39751
CoV|P33469.7.BC2	38303
CoV|P33469.8.BC1	13439
CoV|P33469.8.BC2	18405
CoV|P33469.9.BC1	24336
CoV|P33469.9.BC2	15005
CoV|P36334.0.BC1	17398
CoV|P36334.0.BC2	28913
CoV|P36334.1.BC1	24945
CoV|P36334.1.BC2	5357
CoV|P36334.10.BC1	56990
CoV|P36334.10.BC2	24548
CoV|P36334.11.BC1	21982
CoV|P36334.11.BC2	26053
CoV|P36334.12.BC1	15673
CoV|P36334.12.BC2	26792
CoV|P36334.13.BC1	20768
CoV|P36334.13.BC2	15033
CoV|P36334.14.BC1	22676
CoV|P36334.14.BC2	33353
CoV|P36334.15.BC1	36314
CoV|P36334.15.BC2	36850
CoV|P36334.16.BC1	19051
CoV|P36334.16.BC2	36723
CoV|P36334.17.BC1	25776
CoV|P36334.17.BC2	23664
CoV|P36334.18.BC1	19012
CoV|P36334.18.BC2	37934
CoV|P36334.19.BC1	31810
CoV|P36334.19.BC2	21771
CoV|P36334.2.BC1	13518
CoV|P36334.2.BC2	6023
CoV|P36334.20.BC1	16591
CoV|P36334.20.BC2	27097
CoV|P36334.21.BC1	14871
CoV|P36334.21.BC2	11565
CoV|P36334.22.BC1	28842
CoV|P36334.22.BC2	14935
CoV|P36334.23.BC1	13560
CoV|P36334.23.BC2	17276
CoV|P36334.24.BC1	20909
CoV|P36334.24.BC2	44572
CoV|P36334.25.BC1	24699
CoV|P36334.25.BC2	30087
CoV|P36334.26.BC1	35387
CoV|P36334.26.BC2	33233
CoV|P36334.27.BC1	9225
CoV|P36334.27.BC2	11794
CoV|P36334.28.BC1	38471
CoV|P36334.28.BC2	31430
CoV|P36334.29.BC1	31083
CoV|P36334.29.BC2	41828
CoV|P36334.3.BC1	16647
CoV|P36334.3.BC2	12951
CoV|P36334.30.BC1	15505
CoV|P36334.30.BC2	34288
CoV|P36334.31.BC1	34599
CoV|P36334.31.BC2	16152
CoV|P36334.32.BC1	28721
CoV|P36334.32.BC2	27570
CoV|P36334.33.BC1	28380
CoV|P36334.33.BC2	18036
CoV|P36334.34.BC1	12990
CoV|P36334.34.BC2	18351
CoV|P36334.35.BC1	10087
CoV|P36334.35.BC2	14914
CoV|P36334.36.BC1	8785
CoV|P36334.36.BC2	3586
CoV|P36334.37.BC1	11851
CoV|P36334.37.BC2	12210
CoV|P36334.38.BC1	38178
CoV|P36334.38.BC2	34263
CoV|P36334.39.BC1	24734
CoV|P36334.39.BC2	21640
CoV|P36334.4.BC1	4420
CoV|P36334.4.BC2	12335
CoV|P36334.40.BC1	12095
CoV|P36334.40.BC2	25835
CoV|P36334.41.BC1	13658
CoV|P36334.41.BC2	25275
CoV|P36334.42.BC1	22000
CoV|P36334.42.BC2	17577
CoV|P36334.43.BC1	13903
CoV|P36334.43.BC2	7965
CoV|P36334.44.BC1	8207
CoV|P36334.44.BC2	9124
CoV|P36334.45.BC1	40340
CoV|P36334.45.BC2	36944
CoV|P36334.46.BC1	22902
CoV|P36334.46.BC2	43253
CoV|P36334.47.BC1	17146
CoV|P36334.47.BC2	3442
CoV|P36334.5.BC1	38389
CoV|P36334.5.BC2	41373
CoV|P36334.6.BC1	9657
CoV|P36334.6.BC2	20616
CoV|P36334.7.BC1	16299
CoV|P36334.7.BC2	25593
CoV|P36334.8.BC1	18100
CoV|P36334.8.BC2	5650
CoV|P36334.9.BC1	10551
CoV|P36334.9.BC2	12165
CoV|P59594.0.BC1	42860
CoV|P59594.0.BC2	9545
CoV|P59594.1.BC1	6814
CoV|P59594.1.BC2	42787
CoV|P59594.10.BC1	49726
CoV|P59594.10.BC2	32877
CoV|P59594.11.BC1	16966
CoV|P59594.11.BC2	15307
CoV|P59594.12.BC1	12952
CoV|P59594.12.BC2	18717
CoV|P59594.13.BC1	42875
CoV|P59594.13.BC2	51398
CoV|P59594.14.BC1	21024
CoV|P59594.14.BC2	26339
CoV|P59594.15.BC1	25169
CoV|P59594.15.BC2	61638
CoV|P59594.16.BC1	13090
CoV|P59594.16.BC2	18288
CoV|P59594.17.BC1	7949
CoV|P59594.17.BC2	8838
CoV|P59594.18.BC1	32898
CoV|P59594.18.BC2	40793
CoV|P59594.19.BC1	36830
CoV|P59594.19.BC2	19289
CoV|P59594.2.BC1	16743
CoV|P59594.2.BC2	19284
CoV|P59594.20.BC1	29705
CoV|P59594.20.BC2	53309
CoV|P59594.21.BC1	52450
CoV|P59594.21.BC2	32626
CoV|P59594.22.BC1	37032
CoV|P59594.22.BC2	43044
CoV|P59594.23.BC1	12641
CoV|P59594.23.BC2	9247
CoV|P59594.24.BC1	16936
CoV|P59594.24.BC2	11934
CoV|P59594.25.BC1	25336
CoV|P59594.25.BC2	26823
CoV|P59594.26.BC1	9926
CoV|P59594.26.BC2	26582
CoV|P59594.27.BC1	27353
CoV|P59594.27.BC2	15600
CoV|P59594.28.BC1	21724
CoV|P59594.28.BC2	27874
CoV|P59594.29.BC1	35124
CoV|P59594.29.BC2	41794
CoV|P59594.3.BC1	19012
CoV|P59594.3.BC2	13243
CoV|P59594.30.BC1	20523
CoV|P59594.30.BC2	18742
CoV|P59594.31.BC1	11033
CoV|P59594.31.BC2	21657
CoV|P59594.32.BC1	11017
CoV|P59594.32.BC2	2790
CoV|P59594.33.BC1	8412
CoV|P59594.33.BC2	11522
CoV|P59594.34.BC1	4115
CoV|P59594.34.BC2	14526
CoV|P59594.35.BC1	40248
CoV|P59594.35.BC2	22180
CoV|P59594.36.BC1	14910
CoV|P59594.36.BC2	30538
CoV|P59594.37.BC1	9741
CoV|P59594.37.BC2	937
CoV|P59594.38.BC1	7845
CoV|P59594.38.BC2	13767
CoV|P59594.39.BC1	5512
CoV|P59594.39.BC2	27654
CoV|P59594.4.BC1	11449
CoV|P59594.4.BC2	44555
CoV|P59594.40.BC1	18596
CoV|P59594.40.BC2	20693
CoV|P59594.41.BC1	14492
CoV|P59594.41.BC2	11362
CoV|P59594.42.BC1	48291
CoV|P59594.42.BC2	34161
CoV|P59594.5.BC1	13809
CoV|P59594.5.BC2	9532
CoV|P59594.6.BC1	14503
CoV|P59594.6.BC2	21259
CoV|P59594.7.BC1	18272
CoV|P59594.7.BC2	13812
CoV|P59594.8.BC1	22887
CoV|P59594.8.BC2	19423
CoV|P59594.9.BC1	17106
CoV|P59594.9.BC2	22952
CoV|P59595.0.BC1	41936
CoV|P59595.0.BC2	37885
CoV|P59595.1.BC1	37863
CoV|P59595.1.BC2	30137
CoV|P59595.10.BC1	24515
CoV|P59595.10.BC2	18426
CoV|P59595.11.BC1	12060
CoV|P59595.11.BC2	423
CoV|P59595.12.BC1	6387
CoV|P59595.12.BC2	44019
CoV|P59595.13.BC1	46953
CoV|P59595.13.BC2	58199
CoV|P59595.14.BC1	60180
CoV|P59595.14.BC2	30133
CoV|P59595.2.BC1	15840
CoV|P59595.2.BC2	15712
CoV|P59595.3.BC1	20780
CoV|P59595.3.BC2	19410
CoV|P59595.4.BC1	31516
CoV|P59595.4.BC2	28805
CoV|P59595.5.BC1	43919
CoV|P59595.5.BC2	45079
CoV|P59595.6.BC1	53362
CoV|P59595.6.BC2	50011
CoV|P59595.7.BC1	31404
CoV|P59595.7.BC2	35909
CoV|P59595.8.BC1	58570
CoV|P59595.8.BC2	37478
CoV|P59595.9.BC1	41604
CoV|P59595.9.BC2	39112
CoV|P59596.0.BC1	29365
CoV|P59596.0.BC2	20465
CoV|P59596.3.BC1	21620
CoV|P59596.3.BC2	11055
CoV|P59596.4.BC1	23225
CoV|P59596.4.BC2	12641
CoV|P59596.6.BC1	39277
CoV|P59596.6.BC2	39032
CoV|P59632.0.BC1	31565
CoV|P59632.0.BC2	24173
CoV|P59632.1.BC1	56178
CoV|P59632.1.BC2	29767
CoV|P59632.2.BC1	6417
CoV|P59632.2.BC2	79280
CoV|P59632.3.BC1	672
CoV|P59632.3.BC2	33660
CoV|P59632.4.BC1	18688
CoV|P59632.4.BC2	34892
CoV|P59632.5.BC1	35279
CoV|P59632.5.BC2	23706
CoV|P59632.6.BC1	6692
CoV|P59632.6.BC2	6224
CoV|P59632.7.BC1	2826
CoV|P59632.7.BC2	5125
CoV|P59632.8.BC1	47161
CoV|P59632.8.BC2	38539
CoV|P59633.0.BC1	10861
CoV|P59633.0.BC2	11485
CoV|P59633.1.BC1	14684
CoV|P59633.1.BC2	10589
CoV|P59633.2.BC1	23490
CoV|P59633.2.BC2	15784
CoV|P59633.3.BC1	27292
CoV|P59633.3.BC2	20438
CoV|P59633.4.BC1	22201
CoV|P59633.4.BC2	21588
CoV|P59634.0.BC1	13956
CoV|P59634.0.BC2	17626
CoV|P59634.1.BC1	28747
CoV|P59634.1.BC2	30616
CoV|P59635.0.BC1	26961
CoV|P59635.0.BC2	48876
CoV|P59635.2.BC1	33519
CoV|P59635.2.BC2	32924
CoV|P59635.3.BC1	18135
CoV|P59635.3.BC2	29293
CoV|P59636.0.BC1	15697
CoV|P59636.0.BC2	21123
CoV|P59636.1.BC1	14363
CoV|P59636.1.BC2	20596
CoV|P59636.2.BC1	19173
CoV|P59636.2.BC2	13925
CoV|Q01455.0.BC1	28679
CoV|Q01455.0.BC2	22024
CoV|Q01455.1.BC1	51880
CoV|Q01455.1.BC2	30102
CoV|Q01455.2.BC1	82188
CoV|Q01455.2.BC2	76753
CoV|Q01455.3.BC1	15310
CoV|Q01455.3.BC2	17696
CoV|Q01455.4.BC1	18186
CoV|Q01455.4.BC2	11378
CoV|Q01455.5.BC1	11028
CoV|Q01455.5.BC2	4958
CoV|Q01455.6.BC1	38150
CoV|Q01455.6.BC2	22922
CoV|Q01455.7.BC1	33416
CoV|Q01455.7.BC2	26180
CoV|Q04853.0.BC1	21578
CoV|Q04853.0.BC2	23495
CoV|Q04853.1.BC1	11933
CoV|Q04853.1.BC2	20208
CoV|Q04853.2.BC1	26087
CoV|Q04853.2.BC2	17503
CoV|Q04854.0.BC1	1739
CoV|Q04854.0.BC2	85442
CoV|Q04854.1.BC1	25452
CoV|Q04854.1.BC2	23371
CoV|Q04854.2.BC1	22373
CoV|Q04854.2.BC2	41392
CoV|Q0Q468.0.BC1	33784
CoV|Q0Q468.0.BC2	30316
CoV|Q0Q468.1.BC1	32495
CoV|Q0Q468.1.BC2	50960
CoV|Q0Q468.10.BC1	34805
CoV|Q0Q468.10.BC2	9258
CoV|Q0Q468.11.BC1	26330
CoV|Q0Q468.11.BC2	4518
CoV|Q0Q468.12.BC1	21664
CoV|Q0Q468.12.BC2	27308
CoV|Q0Q468.13.BC1	55636
CoV|Q0Q468.13.BC2	33326
CoV|Q0Q468.14.BC1	57720
CoV|Q0Q468.14.BC2	45584
CoV|Q0Q468.2.BC1	12505
CoV|Q0Q468.2.BC2	10816
CoV|Q0Q468.3.BC1	17527
CoV|Q0Q468.3.BC2	6651
CoV|Q0Q468.4.BC1	24898
CoV|Q0Q468.4.BC2	31766
CoV|Q0Q468.5.BC1	26581
CoV|Q0Q468.5.BC2	21781
CoV|Q0Q468.6.BC1	28756
CoV|Q0Q468.6.BC2	60979
CoV|Q0Q468.7.BC1	10747
CoV|Q0Q468.7.BC2	22798
CoV|Q0Q468.8.BC1	33211
CoV|Q0Q468.8.BC2	36784
CoV|Q0Q468.9.BC1	51159
CoV|Q0Q468.9.BC2	32476
CoV|Q0Q469.0.BC1	11050
CoV|Q0Q469.0.BC2	14536
CoV|Q0Q469.1.BC1	11773
CoV|Q0Q469.1.BC2	11352
CoV|Q0Q469.2.BC1	25171
CoV|Q0Q469.2.BC2	11231
CoV|Q0Q469.3.BC1	24430
CoV|Q0Q469.3.BC2	23768
CoV|Q0Q470.0.BC1	16961
CoV|Q0Q470.0.BC2	19690
CoV|Q0Q470.1.BC1	31433
CoV|Q0Q470.1.BC2	46407
CoV|Q0Q470.2.BC1	9928
CoV|Q0Q470.2.BC2	27586
CoV|Q0Q470.3.BC1	44500
CoV|Q0Q470.3.BC2	28125
CoV|Q0Q472.0.BC1	18362
CoV|Q0Q472.0.BC2	17610
CoV|Q0Q472.3.BC1	28400
CoV|Q0Q472.3.BC2	16848
CoV|Q0Q472.4.BC1	18039
CoV|Q0Q472.4.BC2	17746
CoV|Q0Q472.5.BC1	23970
CoV|Q0Q472.5.BC2	26180
CoV|Q0Q472.6.BC1	27122
CoV|Q0Q472.6.BC2	38080
CoV|Q0Q473.0.BC1	50300
CoV|Q0Q473.0.BC2	60522
CoV|Q0Q473.1.BC1	19107
CoV|Q0Q473.1.BC2	49576
CoV|Q0Q474.0.BC1	13416
CoV|Q0Q474.0.BC2	13601
CoV|Q0Q474.1.BC1	15938
CoV|Q0Q474.1.BC2	52233
CoV|Q0Q474.2.BC1	24466
CoV|Q0Q474.2.BC2	51785
CoV|Q0Q474.3.BC1	35417
CoV|Q0Q474.3.BC2	28051
CoV|Q0Q474.4.BC1	45173
CoV|Q0Q474.4.BC2	20476
CoV|Q0Q474.5.BC1	15205
CoV|Q0Q474.5.BC2	18953
CoV|Q0Q474.6.BC1	6356
CoV|Q0Q474.6.BC2	11103
CoV|Q0Q474.7.BC1	9128
CoV|Q0Q474.7.BC2	13430
CoV|Q0Q474.8.BC1	39801
CoV|Q0Q474.8.BC2	23810
CoV|Q0Q475.0.BC1	17428
CoV|Q0Q475.0.BC2	31000
CoV|Q0Q475.1.BC1	20538
CoV|Q0Q475.1.BC2	23073
CoV|Q0Q475.10.BC1	23187
CoV|Q0Q475.10.BC2	36582
CoV|Q0Q475.11.BC1	14771
CoV|Q0Q475.11.BC2	23989
CoV|Q0Q475.14.BC1	26778
CoV|Q0Q475.14.BC2	36682
CoV|Q0Q475.15.BC1	61369
CoV|Q0Q475.15.BC2	55191
CoV|Q0Q475.16.BC1	10468
CoV|Q0Q475.16.BC2	9102
CoV|Q0Q475.17.BC1	13112
CoV|Q0Q475.17.BC2	8604
CoV|Q0Q475.18.BC1	23968
CoV|Q0Q475.18.BC2	13167
CoV|Q0Q475.2.BC1	24155
CoV|Q0Q475.2.BC2	10338
CoV|Q0Q475.20.BC1	26980
CoV|Q0Q475.20.BC2	51245
CoV|Q0Q475.21.BC1	80747
CoV|Q0Q475.21.BC2	36459
CoV|Q0Q475.22.BC1	43386
CoV|Q0Q475.22.BC2	57721
CoV|Q0Q475.23.BC1	25237
CoV|Q0Q475.23.BC2	20059
CoV|Q0Q475.24.BC1	14794
CoV|Q0Q475.24.BC2	17886
CoV|Q0Q475.25.BC1	27676
CoV|Q0Q475.25.BC2	18175
CoV|Q0Q475.26.BC1	15694
CoV|Q0Q475.26.BC2	33400
CoV|Q0Q475.3.BC1	5024
CoV|Q0Q475.3.BC2	6570
CoV|Q0Q475.31.BC1	26119
CoV|Q0Q475.31.BC2	27975
CoV|Q0Q475.32.BC1	7036
CoV|Q0Q475.32.BC2	10275
CoV|Q0Q475.38.BC1	18242
CoV|Q0Q475.38.BC2	21778
CoV|Q0Q475.39.BC1	26543
CoV|Q0Q475.39.BC2	41995
CoV|Q0Q475.4.BC1	7147
CoV|Q0Q475.4.BC2	34597
CoV|Q0Q475.5.BC1	27660
CoV|Q0Q475.5.BC2	19489
CoV|Q0Q475.6.BC1	33088
CoV|Q0Q475.6.BC2	19446
CoV|Q0Q475.7.BC1	22433
CoV|Q0Q475.7.BC2	16377
CoV|Q0Q475.8.BC1	8458
CoV|Q0Q475.8.BC2	13177
CoV|Q0Q475.9.BC1	12724
CoV|Q0Q475.9.BC2	13865
CoV|Q14EA6.0.BC1	17570
CoV|Q14EA6.0.BC2	14766
CoV|Q14EA6.1.BC1	10368
CoV|Q14EA6.1.BC2	14289
CoV|Q14EA6.10.BC1	16776
CoV|Q14EA6.10.BC2	14448
CoV|Q14EA6.11.BC1	22245
CoV|Q14EA6.11.BC2	8504
CoV|Q14EA6.12.BC1	5257
CoV|Q14EA6.12.BC2	3394
CoV|Q14EA6.13.BC1	14409
CoV|Q14EA6.13.BC2	40217
CoV|Q14EA6.14.BC1	89389
CoV|Q14EA6.14.BC2	33481
CoV|Q14EA6.2.BC1	13594
CoV|Q14EA6.2.BC2	26257
CoV|Q14EA6.3.BC1	9006
CoV|Q14EA6.3.BC2	31528
CoV|Q14EA6.4.BC1	17532
CoV|Q14EA6.4.BC2	23116
CoV|Q14EA6.5.BC1	31738
CoV|Q14EA6.5.BC2	27722
CoV|Q14EA6.6.BC1	32573
CoV|Q14EA6.6.BC2	32353
CoV|Q14EA6.7.BC1	44105
CoV|Q14EA6.7.BC2	24367
CoV|Q14EA6.8.BC1	28566
CoV|Q14EA6.8.BC2	12380
CoV|Q14EA6.9.BC1	31389
CoV|Q14EA6.9.BC2	9136
CoV|Q14EA7.0.BC1	18989
CoV|Q14EA7.0.BC2	27554
CoV|Q14EA7.1.BC1	53603
CoV|Q14EA7.1.BC2	50012
CoV|Q14EA7.2.BC1	48322
CoV|Q14EA7.2.BC2	54026
CoV|Q14EA7.3.BC1	29261
CoV|Q14EA7.3.BC2	33286
CoV|Q14EA7.4.BC1	14323
CoV|Q14EA7.4.BC2	22320
CoV|Q14EA7.5.BC1	11133
CoV|Q14EA7.5.BC2	16369
CoV|Q14EA7.6.BC1	15382
CoV|Q14EA7.6.BC2	30562
CoV|Q14EA8.0.BC1	50371
CoV|Q14EA8.0.BC2	54235
CoV|Q14EA8.1.BC1	29475
CoV|Q14EA8.1.BC2	20659
CoV|Q14EA9.0.BC1	44499
CoV|Q14EA9.0.BC2	6941
CoV|Q14EA9.1.BC1	15617
CoV|Q14EA9.1.BC2	23988
CoV|Q14EA9.2.BC1	19383
CoV|Q14EA9.2.BC2	23744
CoV|Q14EB0.0.BC1	47309
CoV|Q14EB0.0.BC2	41123
CoV|Q14EB0.1.BC1	3651
CoV|Q14EB0.1.BC2	14497
CoV|Q14EB0.10.BC1	23390
CoV|Q14EB0.10.BC2	28555
CoV|Q14EB0.11.BC1	31583
CoV|Q14EB0.11.BC2	24189
CoV|Q14EB0.12.BC1	8410
CoV|Q14EB0.12.BC2	9940
CoV|Q14EB0.13.BC1	24747
CoV|Q14EB0.13.BC2	12757
CoV|Q14EB0.14.BC1	10871
CoV|Q14EB0.14.BC2	2848
CoV|Q14EB0.15.BC1	27947
CoV|Q14EB0.15.BC2	30986
CoV|Q14EB0.16.BC1	42875
CoV|Q14EB0.16.BC2	42833
CoV|Q14EB0.17.BC1	40987
CoV|Q14EB0.17.BC2	20811
CoV|Q14EB0.18.BC1	11637
CoV|Q14EB0.18.BC2	22660
CoV|Q14EB0.19.BC1	36981
CoV|Q14EB0.19.BC2	30510
CoV|Q14EB0.2.BC1	10370
CoV|Q14EB0.2.BC2	11348
CoV|Q14EB0.20.BC1	18719
CoV|Q14EB0.20.BC2	50487
CoV|Q14EB0.21.BC1	17077
CoV|Q14EB0.21.BC2	18481
CoV|Q14EB0.22.BC1	27472
CoV|Q14EB0.22.BC2	20337
CoV|Q14EB0.23.BC1	31175
CoV|Q14EB0.23.BC2	35657
CoV|Q14EB0.24.BC1	23818
CoV|Q14EB0.24.BC2	14556
CoV|Q14EB0.25.BC1	47664
CoV|Q14EB0.25.BC2	21955
CoV|Q14EB0.26.BC1	36478
CoV|Q14EB0.26.BC2	30686
CoV|Q14EB0.27.BC1	21730
CoV|Q14EB0.27.BC2	4920
CoV|Q14EB0.28.BC1	36153
CoV|Q14EB0.28.BC2	49042
CoV|Q14EB0.29.BC1	21572
CoV|Q14EB0.29.BC2	10363
CoV|Q14EB0.3.BC1	13194
CoV|Q14EB0.3.BC2	10317
CoV|Q14EB0.30.BC1	15910
CoV|Q14EB0.30.BC2	18429
CoV|Q14EB0.31.BC1	37290
CoV|Q14EB0.31.BC2	9694
CoV|Q14EB0.32.BC1	42971
CoV|Q14EB0.32.BC2	39126
CoV|Q14EB0.33.BC1	33537
CoV|Q14EB0.33.BC2	38098
CoV|Q14EB0.34.BC1	16706
CoV|Q14EB0.34.BC2	13909
CoV|Q14EB0.35.BC1	15515
CoV|Q14EB0.35.BC2	20380
CoV|Q14EB0.36.BC1	20612
CoV|Q14EB0.36.BC2	32761
CoV|Q14EB0.37.BC1	13352
CoV|Q14EB0.37.BC2	6928
CoV|Q14EB0.38.BC1	29233
CoV|Q14EB0.38.BC2	42478
CoV|Q14EB0.39.BC1	5028
CoV|Q14EB0.39.BC2	17048
CoV|Q14EB0.4.BC1	17750
CoV|Q14EB0.4.BC2	7459
CoV|Q14EB0.40.BC1	7576
CoV|Q14EB0.40.BC2	13285
CoV|Q14EB0.41.BC1	9934
CoV|Q14EB0.41.BC2	18508
CoV|Q14EB0.42.BC1	20754
CoV|Q14EB0.42.BC2	16802
CoV|Q14EB0.43.BC1	21893
CoV|Q14EB0.43.BC2	34296
CoV|Q14EB0.44.BC1	12297
CoV|Q14EB0.44.BC2	13505
CoV|Q14EB0.45.BC1	16652
CoV|Q14EB0.45.BC2	15536
CoV|Q14EB0.46.BC1	49048
CoV|Q14EB0.46.BC2	34874
CoV|Q14EB0.47.BC1	55341
CoV|Q14EB0.47.BC2	44222
CoV|Q14EB0.5.BC1	40563
CoV|Q14EB0.5.BC2	20989
CoV|Q14EB0.6.BC1	11154
CoV|Q14EB0.6.BC2	1827
CoV|Q14EB0.7.BC1	34448
CoV|Q14EB0.7.BC2	29088
CoV|Q14EB0.8.BC1	18784
CoV|Q14EB0.8.BC2	11318
CoV|Q14EB0.9.BC1	20085
CoV|Q14EB0.9.BC2	32568
CoV|Q14EB1.0.BC1	31729
CoV|Q14EB1.0.BC2	25472
CoV|Q14EB1.1.BC1	23733
CoV|Q14EB1.1.BC2	11777
CoV|Q14EB1.10.BC1	15452
CoV|Q14EB1.10.BC2	14854
CoV|Q14EB1.11.BC1	23512
CoV|Q14EB1.11.BC2	41004
CoV|Q14EB1.12.BC1	33792
CoV|Q14EB1.12.BC2	62619
CoV|Q14EB1.2.BC1	18804
CoV|Q14EB1.2.BC2	13818
CoV|Q14EB1.3.BC1	8221
CoV|Q14EB1.3.BC2	29356
CoV|Q14EB1.4.BC1	8063
CoV|Q14EB1.4.BC2	19846
CoV|Q14EB1.5.BC1	8525
CoV|Q14EB1.5.BC2	8586
CoV|Q14EB1.6.BC1	11302
CoV|Q14EB1.6.BC2	10490
CoV|Q14EB1.7.BC1	12128
CoV|Q14EB1.7.BC2	18528
CoV|Q14EB1.8.BC1	29841
CoV|Q14EB1.8.BC2	28126
CoV|Q14EB1.9.BC1	38275
CoV|Q14EB1.9.BC2	28727
CoV|Q2HZW9.0.BC1	25348
CoV|Q2HZW9.0.BC2	36180
CoV|Q2HZW9.1.BC1	55330
CoV|Q2HZW9.1.BC2	44816
CoV|Q2HZW9.2.BC1	43000
CoV|Q2HZW9.2.BC2	50678
CoV|Q2HZW9.3.BC1	25394
CoV|Q2HZW9.3.BC2	39271
CoV|Q2HZW9.4.BC1	9029
CoV|Q2HZW9.4.BC2	23303
CoV|Q2HZW9.5.BC1	30196
CoV|Q2HZW9.5.BC2	33238
CoV|Q2HZW9.6.BC1	31494
CoV|Q2HZW9.6.BC2	39345
CoV|Q2HZW9.7.BC1	27739
CoV|Q2HZW9.7.BC2	44516
CoV|Q3I5I5.0.BC1	8613
CoV|Q3I5I5.0.BC2	11666
CoV|Q3I5I5.1.BC1	13601
CoV|Q3I5I5.1.BC2	10769
CoV|Q3I5I6.0.BC1	23621
CoV|Q3I5I6.0.BC2	2454
CoV|Q3I5I6.1.BC1	14977
CoV|Q3I5I6.1.BC2	14422
CoV|Q3I5I6.2.BC1	12520
CoV|Q3I5I6.2.BC2	4588
CoV|Q3I5I7.0.BC1	44731
CoV|Q3I5I7.0.BC2	32124
CoV|Q3I5I7.10.BC1	15210
CoV|Q3I5I7.10.BC2	16921
CoV|Q3I5I7.11.BC1	5531
CoV|Q3I5I7.11.BC2	14199
CoV|Q3I5I7.12.BC1	27480
CoV|Q3I5I7.12.BC2	30379
CoV|Q3I5I7.13.BC1	50427
CoV|Q3I5I7.13.BC2	12199
CoV|Q3I5I7.6.BC1	44385
CoV|Q3I5I7.6.BC2	17299
CoV|Q3I5I7.7.BC1	20288
CoV|Q3I5I7.7.BC2	19917
CoV|Q3I5I7.8.BC1	49969
CoV|Q3I5I7.8.BC2	32809
CoV|Q3I5I7.9.BC1	35256
CoV|Q3I5I7.9.BC2	62376
CoV|Q3I5I8.1.BC1	18329
CoV|Q3I5I8.1.BC2	23253
CoV|Q3I5I8.2.BC1	21855
CoV|Q3I5I8.2.BC2	15033
CoV|Q3I5I8.3.BC1	23305
CoV|Q3I5I8.3.BC2	37528
CoV|Q3I5J0.0.BC1	32204
CoV|Q3I5J0.0.BC2	30766
CoV|Q3I5J0.1.BC1	43486
CoV|Q3I5J0.1.BC2	29906
CoV|Q3I5J0.2.BC1	17880
CoV|Q3I5J0.2.BC2	26036
CoV|Q3I5J0.3.BC1	22647
CoV|Q3I5J0.3.BC2	19854
CoV|Q3I5J1.0.BC1	9806
CoV|Q3I5J1.0.BC2	6824
CoV|Q3I5J1.1.BC1	18162
CoV|Q3I5J1.1.BC2	21408
CoV|Q3I5J2.0.BC1	22849
CoV|Q3I5J2.0.BC2	30907
CoV|Q3I5J2.1.BC1	49896
CoV|Q3I5J2.1.BC2	32605
CoV|Q3I5J2.2.BC1	59899
CoV|Q3I5J2.2.BC2	50630
CoV|Q3I5J2.3.BC1	28151
CoV|Q3I5J2.3.BC2	25275
CoV|Q3I5J2.4.BC1	17124
CoV|Q3I5J2.4.BC2	8326
CoV|Q3I5J2.5.BC1	21449
CoV|Q3I5J2.5.BC2	19835
CoV|Q3I5J2.6.BC1	34917
CoV|Q3I5J2.6.BC2	37126
CoV|Q3I5J4.0.BC1	14802
CoV|Q3I5J4.0.BC2	14454
CoV|Q3I5J4.1.BC1	17304
CoV|Q3I5J4.1.BC2	24265
CoV|Q3I5J4.2.BC1	21126
CoV|Q3I5J4.2.BC2	2625
CoV|Q3I5J4.6.BC1	6996
CoV|Q3I5J4.6.BC2	9893
CoV|Q3I5J4.7.BC1	7560
CoV|Q3I5J4.7.BC2	2687
CoV|Q3I5J5.0.BC1	28498
CoV|Q3I5J5.0.BC2	28586
CoV|Q3I5J5.1.BC1	20974
CoV|Q3I5J5.1.BC2	22202
CoV|Q3I5J5.10.BC1	30872
CoV|Q3I5J5.10.BC2	13232
CoV|Q3I5J5.11.BC1	28198
CoV|Q3I5J5.11.BC2	28562
CoV|Q3I5J5.12.BC1	26550
CoV|Q3I5J5.12.BC2	916
CoV|Q3I5J5.13.BC1	28414
CoV|Q3I5J5.13.BC2	36266
CoV|Q3I5J5.14.BC1	18321
CoV|Q3I5J5.14.BC2	21335
CoV|Q3I5J5.15.BC1	81184
CoV|Q3I5J5.15.BC2	88189
CoV|Q3I5J5.16.BC1	36201
CoV|Q3I5J5.16.BC2	9998
CoV|Q3I5J5.17.BC1	14895
CoV|Q3I5J5.17.BC2	11949
CoV|Q3I5J5.18.BC1	23924
CoV|Q3I5J5.18.BC2	26465
CoV|Q3I5J5.19.BC1	44010
CoV|Q3I5J5.19.BC2	21711
CoV|Q3I5J5.2.BC1	24030
CoV|Q3I5J5.2.BC2	19002
CoV|Q3I5J5.20.BC1	24564
CoV|Q3I5J5.20.BC2	59948
CoV|Q3I5J5.21.BC1	50491
CoV|Q3I5J5.21.BC2	37188
CoV|Q3I5J5.22.BC1	18213
CoV|Q3I5J5.22.BC2	39632
CoV|Q3I5J5.23.BC1	24017
CoV|Q3I5J5.23.BC2	20295
CoV|Q3I5J5.24.BC1	2606
CoV|Q3I5J5.24.BC2	28340
CoV|Q3I5J5.25.BC1	22428
CoV|Q3I5J5.25.BC2	21269
CoV|Q3I5J5.26.BC1	23806
CoV|Q3I5J5.26.BC2	14549
CoV|Q3I5J5.27.BC1	33122
CoV|Q3I5J5.27.BC2	20089
CoV|Q3I5J5.28.BC1	41777
CoV|Q3I5J5.28.BC2	86423
CoV|Q3I5J5.29.BC1	27074
CoV|Q3I5J5.29.BC2	31754
CoV|Q3I5J5.3.BC1	15147
CoV|Q3I5J5.3.BC2	13402
CoV|Q3I5J5.30.BC1	24738
CoV|Q3I5J5.30.BC2	25792
CoV|Q3I5J5.31.BC1	9891
CoV|Q3I5J5.31.BC2	33269
CoV|Q3I5J5.32.BC1	24776
CoV|Q3I5J5.32.BC2	19354
CoV|Q3I5J5.33.BC1	13582
CoV|Q3I5J5.33.BC2	11052
CoV|Q3I5J5.34.BC1	19771
CoV|Q3I5J5.34.BC2	33674
CoV|Q3I5J5.35.BC1	16654
CoV|Q3I5J5.35.BC2	11353
CoV|Q3I5J5.36.BC1	16293
CoV|Q3I5J5.36.BC2	14779
CoV|Q3I5J5.37.BC1	12896
CoV|Q3I5J5.37.BC2	21509
CoV|Q3I5J5.38.BC1	20230
CoV|Q3I5J5.38.BC2	20114
CoV|Q3I5J5.39.BC1	2742
CoV|Q3I5J5.39.BC2	36372
CoV|Q3I5J5.4.BC1	10997
CoV|Q3I5J5.4.BC2	9924
CoV|Q3I5J5.40.BC1	10023
CoV|Q3I5J5.40.BC2	8004
CoV|Q3I5J5.41.BC1	26853
CoV|Q3I5J5.41.BC2	59265
CoV|Q3I5J5.42.BC1	17029
CoV|Q3I5J5.42.BC2	31731
CoV|Q3I5J5.43.BC1	16695
CoV|Q3I5J5.43.BC2	23363
CoV|Q3I5J5.5.BC1	20391
CoV|Q3I5J5.5.BC2	25598
CoV|Q3I5J5.6.BC1	14994
CoV|Q3I5J5.6.BC2	27813
CoV|Q3I5J5.7.BC1	7928
CoV|Q3I5J5.7.BC2	11798
CoV|Q3I5J5.8.BC1	10110
CoV|Q3I5J5.8.BC2	5942
CoV|Q3I5J5.9.BC1	15986
CoV|Q3I5J5.9.BC2	10996
CoV|Q3LZW9.0.BC1	58459
CoV|Q3LZW9.0.BC2	64069
CoV|Q3LZX0.0.BC1	19936
CoV|Q3LZX0.0.BC2	19130
CoV|Q3LZX0.1.BC1	29507
CoV|Q3LZX0.1.BC2	17638
CoV|Q3LZX0.2.BC1	6200
CoV|Q3LZX0.2.BC2	33166
CoV|Q3LZX0.3.BC1	33804
CoV|Q3LZX0.3.BC2	29643
CoV|Q3LZX0.4.BC1	31806
CoV|Q3LZX0.4.BC2	33967
CoV|Q3LZX0.5.BC1	20080
CoV|Q3LZX0.5.BC2	7107
CoV|Q3LZX0.6.BC1	9842
CoV|Q3LZX0.6.BC2	5309
CoV|Q3LZX0.7.BC1	24235
CoV|Q3LZX0.7.BC2	5255
CoV|Q3LZX1.0.BC1	14859
CoV|Q3LZX1.0.BC2	30682
CoV|Q3LZX1.1.BC1	20694
CoV|Q3LZX1.1.BC2	17464
CoV|Q3LZX1.10.BC1	47787
CoV|Q3LZX1.10.BC2	14644
CoV|Q3LZX1.14.BC1	12351
CoV|Q3LZX1.14.BC2	24646
CoV|Q3LZX1.15.BC1	38787
CoV|Q3LZX1.15.BC2	37027
CoV|Q3LZX1.16.BC1	18486
CoV|Q3LZX1.16.BC2	8306
CoV|Q3LZX1.17.BC1	4583
CoV|Q3LZX1.17.BC2	9440
CoV|Q3LZX1.18.BC1	28429
CoV|Q3LZX1.18.BC2	30249
CoV|Q3LZX1.19.BC1	23516
CoV|Q3LZX1.19.BC2	24372
CoV|Q3LZX1.2.BC1	9379
CoV|Q3LZX1.2.BC2	11622
CoV|Q3LZX1.20.BC1	22652
CoV|Q3LZX1.20.BC2	40621
CoV|Q3LZX1.21.BC1	48203
CoV|Q3LZX1.21.BC2	38518
CoV|Q3LZX1.22.BC1	26148
CoV|Q3LZX1.22.BC2	17836
CoV|Q3LZX1.23.BC1	20725
CoV|Q3LZX1.23.BC2	13265
CoV|Q3LZX1.24.BC1	10561
CoV|Q3LZX1.24.BC2	4534
CoV|Q3LZX1.25.BC1	28598
CoV|Q3LZX1.25.BC2	26043
CoV|Q3LZX1.26.BC1	5486
CoV|Q3LZX1.26.BC2	4161
CoV|Q3LZX1.27.BC1	18787
CoV|Q3LZX1.27.BC2	40089
CoV|Q3LZX1.28.BC1	33515
CoV|Q3LZX1.28.BC2	45969
CoV|Q3LZX1.29.BC1	26227
CoV|Q3LZX1.29.BC2	46544
CoV|Q3LZX1.3.BC1	9888
CoV|Q3LZX1.3.BC2	6496
CoV|Q3LZX1.30.BC1	8638
CoV|Q3LZX1.30.BC2	11201
CoV|Q3LZX1.31.BC1	19948
CoV|Q3LZX1.31.BC2	21600
CoV|Q3LZX1.32.BC1	4825
CoV|Q3LZX1.32.BC2	12241
CoV|Q3LZX1.33.BC1	8183
CoV|Q3LZX1.33.BC2	5452
CoV|Q3LZX1.34.BC1	7477
CoV|Q3LZX1.34.BC2	13835
CoV|Q3LZX1.35.BC1	11096
CoV|Q3LZX1.35.BC2	18543
CoV|Q3LZX1.36.BC1	10613
CoV|Q3LZX1.36.BC2	14834
CoV|Q3LZX1.37.BC1	18374
CoV|Q3LZX1.37.BC2	17529
CoV|Q3LZX1.38.BC1	27164
CoV|Q3LZX1.38.BC2	18679
CoV|Q3LZX1.39.BC1	23814
CoV|Q3LZX1.39.BC2	26916
CoV|Q3LZX1.4.BC1	7352
CoV|Q3LZX1.4.BC2	14203
CoV|Q3LZX1.40.BC1	19837
CoV|Q3LZX1.40.BC2	8303
CoV|Q3LZX1.41.BC1	34006
CoV|Q3LZX1.41.BC2	28313
CoV|Q3LZX1.42.BC1	27247
CoV|Q3LZX1.42.BC2	27089
CoV|Q3LZX1.5.BC1	12289
CoV|Q3LZX1.5.BC2	23263
CoV|Q3LZX1.6.BC1	15778
CoV|Q3LZX1.6.BC2	15032
CoV|Q3LZX1.7.BC1	24231
CoV|Q3LZX1.7.BC2	16662
CoV|Q3LZX1.8.BC1	10842
CoV|Q3LZX1.8.BC2	8583
CoV|Q3LZX1.9.BC1	16213
CoV|Q3LZX1.9.BC2	34834
CoV|Q3LZX3.0.BC1	13246
CoV|Q3LZX3.0.BC2	20450
CoV|Q3LZX3.1.BC1	11506
CoV|Q3LZX3.1.BC2	26023
CoV|Q3LZX3.2.BC1	29016
CoV|Q3LZX3.2.BC2	32109
CoV|Q3LZX4.0.BC1	43057
CoV|Q3LZX4.0.BC2	44273
CoV|Q3LZX4.10.BC1	27957
CoV|Q3LZX4.10.BC2	19062
CoV|Q3LZX4.11.BC1	1058
CoV|Q3LZX4.11.BC2	10051
CoV|Q3LZX4.12.BC1	25076
CoV|Q3LZX4.12.BC2	44334
CoV|Q3LZX4.13.BC1	47445
CoV|Q3LZX4.13.BC2	39184
CoV|Q3LZX4.14.BC1	42611
CoV|Q3LZX4.14.BC2	39171
CoV|Q3LZX4.2.BC1	17093
CoV|Q3LZX4.2.BC2	16192
CoV|Q3LZX4.3.BC1	18880
CoV|Q3LZX4.3.BC2	14340
CoV|Q3LZX4.5.BC1	33529
CoV|Q3LZX4.5.BC2	37867
CoV|Q3LZX4.6.BC1	52065
CoV|Q3LZX4.6.BC2	37084
CoV|Q3LZX4.7.BC1	33067
CoV|Q3LZX4.7.BC2	40538
CoV|Q3LZX4.8.BC1	53165
CoV|Q3LZX4.8.BC2	37466
CoV|Q3LZX4.9.BC1	45084
CoV|Q3LZX4.9.BC2	34245
CoV|Q3LZX5.0.BC1	10752
CoV|Q3LZX5.0.BC2	16134
CoV|Q3LZX5.1.BC1	17272
CoV|Q3LZX5.1.BC2	20899
CoV|Q3LZX5.2.BC1	14731
CoV|Q3LZX5.2.BC2	26218
CoV|Q3LZX5.3.BC1	29468
CoV|Q3LZX5.3.BC2	20121
CoV|Q3LZX6.0.BC1	57558
CoV|Q3LZX6.0.BC2	5589
CoV|Q3LZX7.0.BC1	20412
CoV|Q3LZX7.0.BC2	15212
CoV|Q3LZX7.1.BC1	60903
CoV|Q3LZX7.1.BC2	55924
CoV|Q3LZX7.2.BC1	51427
CoV|Q3LZX7.2.BC2	45384
CoV|Q3LZX7.3.BC1	27072
CoV|Q3LZX7.3.BC2	30380
CoV|Q3LZX8.0.BC1	9511
CoV|Q3LZX8.0.BC2	9734
CoV|Q3LZX8.1.BC1	17026
CoV|Q3LZX8.1.BC2	6857
CoV|Q3LZX9.0.BC1	34570
CoV|Q3LZX9.0.BC2	15102
CoV|Q4VID0.0.BC1	28270
CoV|Q4VID0.0.BC2	33182
CoV|Q4VID0.1.BC1	23363
CoV|Q4VID0.1.BC2	24496
CoV|Q4VID0.2.BC1	44865
CoV|Q4VID0.2.BC2	19896
CoV|Q4VID0.3.BC1	39896
CoV|Q4VID0.3.BC2	59094
CoV|Q4VID0.4.BC1	19897
CoV|Q4VID0.4.BC2	34147
CoV|Q4VID0.5.BC1	13237
CoV|Q4VID0.5.BC2	26610
CoV|Q4VID0.6.BC1	18448
CoV|Q4VID0.6.BC2	18148
CoV|Q7TFA0.0.BC1	27789
CoV|Q7TFA0.0.BC2	20740
CoV|Q7TFA1.0.BC1	43105
CoV|Q7TFA1.0.BC2	15511
CoV|Q7TLC7.0.BC1	12464
CoV|Q7TLC7.0.BC2	6402
CoV|Q7TLC7.1.BC1	15798
CoV|Q7TLC7.1.BC2	8721
CoV|Q80872.0.BC1	8790
CoV|Q80872.0.BC2	28836
CoV|Q80872.1.BC1	22606
CoV|Q80872.1.BC2	25861
CoV|Q80872.2.BC1	10307
CoV|Q80872.2.BC2	34388
CoV|Q80872.3.BC1	31423
CoV|Q80872.3.BC2	23033
CoV|Q80872.4.BC1	25359
CoV|Q80872.4.BC2	27573
CoV|Q80872.5.BC1	4873
CoV|Q80872.5.BC2	7424
CoV|Q80872.6.BC1	8109
CoV|Q80872.6.BC2	14803
CoV|Q80872.7.BC1	9457
CoV|Q80872.7.BC2	24275
CoV|Q80872.8.BC1	19474
CoV|Q80872.8.BC2	20522
CoV|Q80H93.0.BC1	12916
CoV|Q80H93.0.BC2	12210
CoV|Q80H93.1.BC1	13590
CoV|Q80H93.1.BC2	21626
CoV|Q80H93.2.BC1	22720
CoV|Q80H93.2.BC2	27142
CoV|QHN73809.109.BC1	39068
CoV|QHN73809.109.BC2	30467
CoV|QHN73809.110.BC1	33778
CoV|QHN73809.110.BC2	39080
CoV|QHO60600.1.BC1	7721
CoV|QHO60600.1.BC2	12748
CoV|QHO60600.2.BC1	13471
CoV|QHO60600.2.BC2	13055
CoV|QHO60600.3.BC1	9878
CoV|QHO60600.3.BC2	41536
CoV|QHQ71962.14.BC1	36403
CoV|QHQ71962.14.BC2	17378
CoV|QHQ71962.15.BC1	20538
CoV|QHQ71962.15.BC2	9256
CoV|QHQ71969.1.BC1	11738
CoV|QHQ71969.1.BC2	8977
CoV|QHQ71969.2.BC1	24043
CoV|QHQ71969.2.BC2	23621
CoV|QHQ71972.198.BC1	19338
CoV|QHQ71972.198.BC2	21753
CoV|QHQ71972.199.BC1	9427
CoV|QHQ71972.199.BC2	16284
CoV|QHQ82463.0.BC1	23306
CoV|QHQ82463.0.BC2	29177
CoV|QHQ82463.1.BC1	36423
CoV|QHQ82463.1.BC2	17381
CoV|QHQ82463.10.BC1	23937
CoV|QHQ82463.10.BC2	25215
CoV|QHQ82463.100.BC1	35637
CoV|QHQ82463.100.BC2	55573
CoV|QHQ82463.101.BC1	10082
CoV|QHQ82463.101.BC2	12320
CoV|QHQ82463.102.BC1	12124
CoV|QHQ82463.102.BC2	1874
CoV|QHQ82463.103.BC1	872
CoV|QHQ82463.103.BC2	939
CoV|QHQ82463.104.BC1	60415
CoV|QHQ82463.104.BC2	55180
CoV|QHQ82463.105.BC1	11318
CoV|QHQ82463.105.BC2	20319
CoV|QHQ82463.106.BC1	52465
CoV|QHQ82463.106.BC2	80150
CoV|QHQ82463.107.BC1	25659
CoV|QHQ82463.107.BC2	16831
CoV|QHQ82463.108.BC1	2459
CoV|QHQ82463.108.BC2	69196
CoV|QHQ82463.109.BC1	69309
CoV|QHQ82463.109.BC2	66041
CoV|QHQ82463.11.BC1	25709
CoV|QHQ82463.11.BC2	45570
CoV|QHQ82463.110.BC1	10009
CoV|QHQ82463.110.BC2	25366
CoV|QHQ82463.111.BC1	26209
CoV|QHQ82463.111.BC2	37712
CoV|QHQ82463.112.BC1	9381
CoV|QHQ82463.112.BC2	6957
CoV|QHQ82463.113.BC1	22033
CoV|QHQ82463.113.BC2	21192
CoV|QHQ82463.114.BC1	26497
CoV|QHQ82463.114.BC2	2120
CoV|QHQ82463.115.BC1	38005
CoV|QHQ82463.115.BC2	51842
CoV|QHQ82463.116.BC1	14115
CoV|QHQ82463.116.BC2	21528
CoV|QHQ82463.117.BC1	32381
CoV|QHQ82463.117.BC2	60495
CoV|QHQ82463.118.BC1	28621
CoV|QHQ82463.118.BC2	18716
CoV|QHQ82463.119.BC1	41005
CoV|QHQ82463.119.BC2	24373
CoV|QHQ82463.12.BC1	39896
CoV|QHQ82463.12.BC2	45045
CoV|QHQ82463.120.BC1	38688
CoV|QHQ82463.120.BC2	29648
CoV|QHQ82463.121.BC1	18336
CoV|QHQ82463.121.BC2	18499
CoV|QHQ82463.122.BC1	11439
CoV|QHQ82463.122.BC2	9424
CoV|QHQ82463.123.BC1	13189
CoV|QHQ82463.123.BC2	18246
CoV|QHQ82463.124.BC1	12378
CoV|QHQ82463.124.BC2	32072
CoV|QHQ82463.125.BC1	44810
CoV|QHQ82463.125.BC2	33168
CoV|QHQ82463.126.BC1	24153
CoV|QHQ82463.126.BC2	20226
CoV|QHQ82463.127.BC1	25163
CoV|QHQ82463.127.BC2	17579
CoV|QHQ82463.128.BC1	4789
CoV|QHQ82463.128.BC2	20783
CoV|QHQ82463.129.BC1	146699
CoV|QHQ82463.129.BC2	89455
CoV|QHQ82463.13.BC1	23712
CoV|QHQ82463.13.BC2	11327
CoV|QHQ82463.130.BC1	27006
CoV|QHQ82463.130.BC2	22510
CoV|QHQ82463.131.BC1	41267
CoV|QHQ82463.131.BC2	44907
CoV|QHQ82463.132.BC1	20442
CoV|QHQ82463.132.BC2	31396
CoV|QHQ82463.133.BC1	37648
CoV|QHQ82463.133.BC2	66239
CoV|QHQ82463.134.BC1	69737
CoV|QHQ82463.134.BC2	61904
CoV|QHQ82463.135.BC1	30567
CoV|QHQ82463.135.BC2	29705
CoV|QHQ82463.136.BC1	15771
CoV|QHQ82463.136.BC2	23272
CoV|QHQ82463.137.BC1	12340
CoV|QHQ82463.137.BC2	9400
CoV|QHQ82463.138.BC1	8477
CoV|QHQ82463.138.BC2	15242
CoV|QHQ82463.139.BC1	14240
CoV|QHQ82463.139.BC2	11136
CoV|QHQ82463.14.BC1	29866
CoV|QHQ82463.14.BC2	28873
CoV|QHQ82463.140.BC1	27408
CoV|QHQ82463.140.BC2	20392
CoV|QHQ82463.141.BC1	23422
CoV|QHQ82463.141.BC2	35030
CoV|QHQ82463.142.BC1	34935
CoV|QHQ82463.142.BC2	47084
CoV|QHQ82463.143.BC1	24837
CoV|QHQ82463.143.BC2	63521
CoV|QHQ82463.144.BC1	19712
CoV|QHQ82463.144.BC2	24490
CoV|QHQ82463.145.BC1	9734
CoV|QHQ82463.145.BC2	6745
CoV|QHQ82463.146.BC1	30502
CoV|QHQ82463.146.BC2	28785
CoV|QHQ82463.147.BC1	63240
CoV|QHQ82463.147.BC2	55796
CoV|QHQ82463.148.BC1	15683
CoV|QHQ82463.148.BC2	28296
CoV|QHQ82463.149.BC1	18767
CoV|QHQ82463.149.BC2	23293
CoV|QHQ82463.15.BC1	13439
CoV|QHQ82463.15.BC2	9314
CoV|QHQ82463.150.BC1	15559
CoV|QHQ82463.150.BC2	27371
CoV|QHQ82463.151.BC1	20123
CoV|QHQ82463.151.BC2	17990
CoV|QHQ82463.152.BC1	27384
CoV|QHQ82463.152.BC2	11422
CoV|QHQ82463.153.BC1	38604
CoV|QHQ82463.153.BC2	21509
CoV|QHQ82463.154.BC1	13771
CoV|QHQ82463.154.BC2	19008
CoV|QHQ82463.155.BC1	59940
CoV|QHQ82463.155.BC2	41796
CoV|QHQ82463.156.BC1	56685
CoV|QHQ82463.156.BC2	34535
CoV|QHQ82463.157.BC1	21864
CoV|QHQ82463.157.BC2	20983
CoV|QHQ82463.158.BC1	14791
CoV|QHQ82463.158.BC2	23311
CoV|QHQ82463.159.BC1	23246
CoV|QHQ82463.159.BC2	25061
CoV|QHQ82463.16.BC1	7386
CoV|QHQ82463.16.BC2	6871
CoV|QHQ82463.160.BC1	66807
CoV|QHQ82463.160.BC2	25993
CoV|QHQ82463.161.BC1	16713
CoV|QHQ82463.161.BC2	25282
CoV|QHQ82463.162.BC1	35783
CoV|QHQ82463.162.BC2	35343
CoV|QHQ82463.163.BC1	19923
CoV|QHQ82463.163.BC2	13554
CoV|QHQ82463.164.BC1	28833
CoV|QHQ82463.164.BC2	34894
CoV|QHQ82463.165.BC1	23519
CoV|QHQ82463.165.BC2	27130
CoV|QHQ82463.166.BC1	37625
CoV|QHQ82463.166.BC2	46031
CoV|QHQ82463.167.BC1	28762
CoV|QHQ82463.167.BC2	23122
CoV|QHQ82463.168.BC1	24741
CoV|QHQ82463.168.BC2	30427
CoV|QHQ82463.169.BC1	47045
CoV|QHQ82463.169.BC2	33241
CoV|QHQ82463.17.BC1	19256
CoV|QHQ82463.17.BC2	7117
CoV|QHQ82463.170.BC1	25566
CoV|QHQ82463.170.BC2	39499
CoV|QHQ82463.171.BC1	28677
CoV|QHQ82463.171.BC2	20694
CoV|QHQ82463.172.BC1	13270
CoV|QHQ82463.172.BC2	20255
CoV|QHQ82463.173.BC1	15749
CoV|QHQ82463.173.BC2	8018
CoV|QHQ82463.174.BC1	35471
CoV|QHQ82463.174.BC2	19790
CoV|QHQ82463.175.BC1	52755
CoV|QHQ82463.175.BC2	46610
CoV|QHQ82463.176.BC1	16255
CoV|QHQ82463.176.BC2	32634
CoV|QHQ82463.177.BC1	12066
CoV|QHQ82463.177.BC2	14151
CoV|QHQ82463.178.BC1	24931
CoV|QHQ82463.178.BC2	26420
CoV|QHQ82463.179.BC1	15574
CoV|QHQ82463.179.BC2	9970
CoV|QHQ82463.18.BC1	18928
CoV|QHQ82463.18.BC2	27721
CoV|QHQ82463.180.BC1	19657
CoV|QHQ82463.180.BC2	39936
CoV|QHQ82463.181.BC1	22101
CoV|QHQ82463.181.BC2	31902
CoV|QHQ82463.182.BC1	43514
CoV|QHQ82463.182.BC2	30362
CoV|QHQ82463.183.BC1	11620
CoV|QHQ82463.183.BC2	9573
CoV|QHQ82463.184.BC1	22445
CoV|QHQ82463.184.BC2	14492
CoV|QHQ82463.185.BC1	71803
CoV|QHQ82463.185.BC2	88956
CoV|QHQ82463.186.BC1	29247
CoV|QHQ82463.186.BC2	29325
CoV|QHQ82463.187.BC1	8389
CoV|QHQ82463.187.BC2	13159
CoV|QHQ82463.188.BC1	24164
CoV|QHQ82463.188.BC2	16879
CoV|QHQ82463.189.BC1	41679
CoV|QHQ82463.189.BC2	22096
CoV|QHQ82463.19.BC1	33540
CoV|QHQ82463.19.BC2	64070
CoV|QHQ82463.190.BC1	27895
CoV|QHQ82463.190.BC2	19649
CoV|QHQ82463.191.BC1	10817
CoV|QHQ82463.191.BC2	18374
CoV|QHQ82463.192.BC1	58075
CoV|QHQ82463.192.BC2	47002
CoV|QHQ82463.193.BC1	48366
CoV|QHQ82463.193.BC2	45234
CoV|QHQ82463.194.BC1	27475
CoV|QHQ82463.194.BC2	25190
CoV|QHQ82463.195.BC1	24429
CoV|QHQ82463.195.BC2	23051
CoV|QHQ82463.196.BC1	18435
CoV|QHQ82463.196.BC2	18124
CoV|QHQ82463.197.BC1	15752
CoV|QHQ82463.197.BC2	25714
CoV|QHQ82463.198.BC1	16213
CoV|QHQ82463.198.BC2	27139
CoV|QHQ82463.199.BC1	18608
CoV|QHQ82463.199.BC2	27929
CoV|QHQ82463.2.BC1	47761
CoV|QHQ82463.2.BC2	46984
CoV|QHQ82463.20.BC1	28181
CoV|QHQ82463.20.BC2	18121
CoV|QHQ82463.200.BC1	15139
CoV|QHQ82463.200.BC2	14201
CoV|QHQ82463.201.BC1	34673
CoV|QHQ82463.201.BC2	45355
CoV|QHQ82463.202.BC1	12598
CoV|QHQ82463.202.BC2	21717
CoV|QHQ82463.203.BC1	32469
CoV|QHQ82463.203.BC2	60839
CoV|QHQ82463.204.BC1	23061
CoV|QHQ82463.204.BC2	25903
CoV|QHQ82463.205.BC1	16502
CoV|QHQ82463.205.BC2	20442
CoV|QHQ82463.206.BC1	25983
CoV|QHQ82463.206.BC2	17638
CoV|QHQ82463.207.BC1	21425
CoV|QHQ82463.207.BC2	25122
CoV|QHQ82463.208.BC1	14173
CoV|QHQ82463.208.BC2	18054
CoV|QHQ82463.209.BC1	16200
CoV|QHQ82463.209.BC2	11277
CoV|QHQ82463.21.BC1	22129
CoV|QHQ82463.21.BC2	18922
CoV|QHQ82463.210.BC1	21678
CoV|QHQ82463.210.BC2	22547
CoV|QHQ82463.211.BC1	23234
CoV|QHQ82463.211.BC2	22006
CoV|QHQ82463.212.BC1	19090
CoV|QHQ82463.212.BC2	23082
CoV|QHQ82463.213.BC1	24386
CoV|QHQ82463.213.BC2	35631
CoV|QHQ82463.214.BC1	20403
CoV|QHQ82463.214.BC2	39454
CoV|QHQ82463.215.BC1	33403
CoV|QHQ82463.215.BC2	26460
CoV|QHQ82463.216.BC1	19973
CoV|QHQ82463.216.BC2	26986
CoV|QHQ82463.217.BC1	15558
CoV|QHQ82463.217.BC2	20970
CoV|QHQ82463.218.BC1	18581
CoV|QHQ82463.218.BC2	21164
CoV|QHQ82463.219.BC1	20955
CoV|QHQ82463.219.BC2	4723
CoV|QHQ82463.22.BC1	11242
CoV|QHQ82463.22.BC2	25615
CoV|QHQ82463.220.BC1	49690
CoV|QHQ82463.220.BC2	47668
CoV|QHQ82463.221.BC1	22748
CoV|QHQ82463.221.BC2	26781
CoV|QHQ82463.222.BC1	32584
CoV|QHQ82463.222.BC2	19937
CoV|QHQ82463.223.BC1	30802
CoV|QHQ82463.223.BC2	12954
CoV|QHQ82463.224.BC1	26610
CoV|QHQ82463.224.BC2	22051
CoV|QHQ82463.225.BC1	34417
CoV|QHQ82463.225.BC2	35193
CoV|QHQ82463.226.BC1	28451
CoV|QHQ82463.226.BC2	32843
CoV|QHQ82463.227.BC1	25696
CoV|QHQ82463.227.BC2	33540
CoV|QHQ82463.228.BC1	26949
CoV|QHQ82463.228.BC2	21760
CoV|QHQ82463.229.BC1	26054
CoV|QHQ82463.229.BC2	19134
CoV|QHQ82463.23.BC1	9257
CoV|QHQ82463.23.BC2	23941
CoV|QHQ82463.230.BC1	17804
CoV|QHQ82463.230.BC2	24708
CoV|QHQ82463.231.BC1	29716
CoV|QHQ82463.231.BC2	35015
CoV|QHQ82463.232.BC1	52572
CoV|QHQ82463.232.BC2	22812
CoV|QHQ82463.233.BC1	46856
CoV|QHQ82463.233.BC2	27013
CoV|QHQ82463.234.BC1	41996
CoV|QHQ82463.234.BC2	39536
CoV|QHQ82463.235.BC1	16766
CoV|QHQ82463.235.BC2	26066
CoV|QHQ82463.236.BC1	26996
CoV|QHQ82463.236.BC2	44227
CoV|QHQ82463.237.BC1	5451
CoV|QHQ82463.237.BC2	16095
CoV|QHQ82463.238.BC1	5114
CoV|QHQ82463.238.BC2	15319
CoV|QHQ82463.239.BC1	18380
CoV|QHQ82463.239.BC2	5425
CoV|QHQ82463.24.BC1	20378
CoV|QHQ82463.24.BC2	14292
CoV|QHQ82463.240.BC1	2763
CoV|QHQ82463.240.BC2	7000
CoV|QHQ82463.241.BC1	16857
CoV|QHQ82463.241.BC2	8024
CoV|QHQ82463.242.BC1	34690
CoV|QHQ82463.242.BC2	22079
CoV|QHQ82463.243.BC1	32102
CoV|QHQ82463.243.BC2	34802
CoV|QHQ82463.244.BC1	32742
CoV|QHQ82463.244.BC2	21760
CoV|QHQ82463.245.BC1	49719
CoV|QHQ82463.245.BC2	52770
CoV|QHQ82463.246.BC1	27045
CoV|QHQ82463.246.BC2	16472
CoV|QHQ82463.247.BC1	12191
CoV|QHQ82463.247.BC2	17246
CoV|QHQ82463.248.BC1	27339
CoV|QHQ82463.248.BC2	17290
CoV|QHQ82463.249.BC1	20633
CoV|QHQ82463.249.BC2	19632
CoV|QHQ82463.25.BC1	19895
CoV|QHQ82463.25.BC2	22972
CoV|QHQ82463.250.BC1	13176
CoV|QHQ82463.250.BC2	38449
CoV|QHQ82463.251.BC1	16368
CoV|QHQ82463.251.BC2	20938
CoV|QHQ82463.26.BC1	22737
CoV|QHQ82463.26.BC2	16492
CoV|QHQ82463.27.BC1	15438
CoV|QHQ82463.27.BC2	18542
CoV|QHQ82463.28.BC1	16815
CoV|QHQ82463.28.BC2	9106
CoV|QHQ82463.29.BC1	24581
CoV|QHQ82463.29.BC2	17486
CoV|QHQ82463.3.BC1	26544
CoV|QHQ82463.3.BC2	29519
CoV|QHQ82463.30.BC1	43472
CoV|QHQ82463.30.BC2	40437
CoV|QHQ82463.31.BC2	14483
CoV|QHQ82463.32.BC1	17758
CoV|QHQ82463.32.BC2	22430
CoV|QHQ82463.33.BC1	33254
CoV|QHQ82463.33.BC2	26294
CoV|QHQ82463.34.BC1	37853
CoV|QHQ82463.34.BC2	24877
CoV|QHQ82463.35.BC1	27621
CoV|QHQ82463.35.BC2	21636
CoV|QHQ82463.36.BC1	13579
CoV|QHQ82463.36.BC2	19830
CoV|QHQ82463.37.BC1	3896
CoV|QHQ82463.37.BC2	37482
CoV|QHQ82463.38.BC1	61309
CoV|QHQ82463.38.BC2	38545
CoV|QHQ82463.39.BC1	45001
CoV|QHQ82463.39.BC2	45283
CoV|QHQ82463.4.BC1	21739
CoV|QHQ82463.4.BC2	12774
CoV|QHQ82463.40.BC1	10827
CoV|QHQ82463.40.BC2	13524
CoV|QHQ82463.41.BC1	10119
CoV|QHQ82463.41.BC2	4207
CoV|QHQ82463.42.BC1	13159
CoV|QHQ82463.42.BC2	9632
CoV|QHQ82463.43.BC1	9212
CoV|QHQ82463.43.BC2	11666
CoV|QHQ82463.44.BC1	14143
CoV|QHQ82463.44.BC2	13881
CoV|QHQ82463.45.BC1	31871
CoV|QHQ82463.45.BC2	21910
CoV|QHQ82463.46.BC1	14197
CoV|QHQ82463.46.BC2	21267
CoV|QHQ82463.47.BC1	20522
CoV|QHQ82463.47.BC2	13491
CoV|QHQ82463.48.BC1	31083
CoV|QHQ82463.48.BC2	26902
CoV|QHQ82463.49.BC1	3185
CoV|QHQ82463.49.BC2	16682
CoV|QHQ82463.5.BC1	49858
CoV|QHQ82463.5.BC2	43785
CoV|QHQ82463.50.BC1	7704
CoV|QHQ82463.50.BC2	5379
CoV|QHQ82463.51.BC1	65128
CoV|QHQ82463.51.BC2	67692
CoV|QHQ82463.52.BC1	23248
CoV|QHQ82463.52.BC2	22766
CoV|QHQ82463.53.BC1	17940
CoV|QHQ82463.53.BC2	14770
CoV|QHQ82463.54.BC1	25667
CoV|QHQ82463.54.BC2	29954
CoV|QHQ82463.55.BC1	21901
CoV|QHQ82463.55.BC2	17352
CoV|QHQ82463.56.BC1	34541
CoV|QHQ82463.56.BC2	59052
CoV|QHQ82463.57.BC1	22758
CoV|QHQ82463.57.BC2	15447
CoV|QHQ82463.58.BC1	9269
CoV|QHQ82463.58.BC2	14172
CoV|QHQ82463.59.BC1	22018
CoV|QHQ82463.59.BC2	24296
CoV|QHQ82463.6.BC1	29715
CoV|QHQ82463.6.BC2	37920
CoV|QHQ82463.60.BC1	671
CoV|QHQ82463.60.BC2	22095
CoV|QHQ82463.61.BC1	9487
CoV|QHQ82463.61.BC2	12275
CoV|QHQ82463.62.BC1	37829
CoV|QHQ82463.62.BC2	20186
CoV|QHQ82463.63.BC1	23169
CoV|QHQ82463.63.BC2	34630
CoV|QHQ82463.64.BC1	29376
CoV|QHQ82463.64.BC2	24744
CoV|QHQ82463.65.BC1	24546
CoV|QHQ82463.65.BC2	14890
CoV|QHQ82463.66.BC1	14454
CoV|QHQ82463.66.BC2	9558
CoV|QHQ82463.67.BC1	52880
CoV|QHQ82463.67.BC2	54666
CoV|QHQ82463.68.BC1	22120
CoV|QHQ82463.68.BC2	20927
CoV|QHQ82463.69.BC1	26717
CoV|QHQ82463.69.BC2	35546
CoV|QHQ82463.7.BC1	44208
CoV|QHQ82463.7.BC2	31896
CoV|QHQ82463.70.BC1	21398
CoV|QHQ82463.70.BC2	38244
CoV|QHQ82463.71.BC1	32274
CoV|QHQ82463.71.BC2	42556
CoV|QHQ82463.72.BC1	35030
CoV|QHQ82463.72.BC2	24202
CoV|QHQ82463.73.BC1	29505
CoV|QHQ82463.73.BC2	65802
CoV|QHQ82463.74.BC1	48365
CoV|QHQ82463.74.BC2	19733
CoV|QHQ82463.75.BC1	31275
CoV|QHQ82463.75.BC2	6754
CoV|QHQ82463.76.BC1	35700
CoV|QHQ82463.76.BC2	70340
CoV|QHQ82463.77.BC1	33114
CoV|QHQ82463.77.BC2	36139
CoV|QHQ82463.78.BC1	5674
CoV|QHQ82463.78.BC2	2199
CoV|QHQ82463.79.BC1	24089
CoV|QHQ82463.79.BC2	25402
CoV|QHQ82463.8.BC1	11900
CoV|QHQ82463.8.BC2	13231
CoV|QHQ82463.80.BC1	23817
CoV|QHQ82463.80.BC2	17758
CoV|QHQ82463.81.BC1	11373
CoV|QHQ82463.81.BC2	10245
CoV|QHQ82463.82.BC1	27071
CoV|QHQ82463.82.BC2	48515
CoV|QHQ82463.83.BC1	51104
CoV|QHQ82463.83.BC2	39204
CoV|QHQ82463.84.BC1	35704
CoV|QHQ82463.84.BC2	24770
CoV|QHQ82463.85.BC1	16204
CoV|QHQ82463.85.BC2	27803
CoV|QHQ82463.86.BC1	29464
CoV|QHQ82463.86.BC2	23530
CoV|QHQ82463.87.BC1	65332
CoV|QHQ82463.87.BC2	51464
CoV|QHQ82463.88.BC1	22801
CoV|QHQ82463.88.BC2	20687
CoV|QHQ82463.89.BC1	24509
CoV|QHQ82463.89.BC2	9910
CoV|QHQ82463.9.BC1	27765
CoV|QHQ82463.9.BC2	16813
CoV|QHQ82463.90.BC1	29923
CoV|QHQ82463.90.BC2	31004
CoV|QHQ82463.91.BC1	10011
CoV|QHQ82463.91.BC2	48084
CoV|QHQ82463.92.BC1	13557
CoV|QHQ82463.92.BC2	18950
CoV|QHQ82463.93.BC1	42675
CoV|QHQ82463.93.BC2	48847
CoV|QHQ82463.94.BC1	41955
CoV|QHQ82463.94.BC2	33290
CoV|QHQ82463.95.BC1	49260
CoV|QHQ82463.95.BC2	45721
CoV|QHQ82463.96.BC1	30929
CoV|QHQ82463.96.BC2	6042
CoV|QHQ82463.97.BC1	14470
CoV|QHQ82463.97.BC2	13117
CoV|QHQ82463.98.BC1	37687
CoV|QHQ82463.98.BC2	16424
CoV|QHQ82463.99.BC1	37014
CoV|QHQ82463.99.BC2	62309
CoV|QHQ82466.0.BC1	59356
CoV|QHQ82466.0.BC2	49487
CoV|QHQ82466.1.BC1	48749
CoV|QHQ82466.1.BC2	111967
CoV|QHQ82467.0.BC1	31668
CoV|QHQ82467.0.BC2	51851
CoV|QHQ82467.1.BC1	74390
CoV|QHQ82467.1.BC2	35742
CoV|QHQ82467.2.BC1	80602
CoV|QHQ82467.2.BC2	29361
CoV|QHQ82467.3.BC1	17381
CoV|QHQ82467.3.BC2	18072
CoV|QHQ82467.4.BC1	11246
CoV|QHQ82467.4.BC2	15869
CoV|QHQ82467.5.BC1	29021
CoV|QHQ82467.5.BC2	24712
CoV|QHQ82467.6.BC1	33327
CoV|QHQ82467.6.BC2	33164
CoV|QHQ82471.0.BC1	42069
CoV|QHQ82471.0.BC2	51001
CoV|QHQ82471.1.BC1	26294
CoV|QHQ82471.1.BC2	31914
CoV|QHQ82471.10.BC1	20547
CoV|QHQ82471.10.BC2	37079
CoV|QHQ82471.11.BC1	4935
CoV|QHQ82471.11.BC2	3423
CoV|QHQ82471.12.BC1	27528
CoV|QHQ82471.12.BC2	10450
CoV|QHQ82471.13.BC1	55547
CoV|QHQ82471.13.BC2	26267
CoV|QHQ82471.2.BC1	19413
CoV|QHQ82471.2.BC2	23481
CoV|QHQ82471.3.BC1	14139
CoV|QHQ82471.3.BC2	16753
CoV|QHQ82471.4.BC1	18400
CoV|QHQ82471.4.BC2	36373
CoV|QHQ82471.5.BC1	43873
CoV|QHQ82471.5.BC2	46321
CoV|QHQ82471.6.BC1	51686
CoV|QHQ82471.6.BC2	88005
CoV|QHQ82471.7.BC1	33844
CoV|QHQ82471.7.BC2	39779
CoV|QHQ82471.8.BC1	36566
CoV|QHQ82471.8.BC2	49366
CoV|QHQ82471.9.BC1	53828
CoV|QHQ82471.9.BC2	59645
CoV|QHR63249.249.BC1	14888
CoV|QHR63249.249.BC2	15996
CoV|QHR63249.250.BC1	17595
CoV|QHR63249.250.BC2	14564
CoV|QHR63260.0.BC1	20867
CoV|QHR63260.0.BC2	42893
CoV|QHR63260.1.BC1	10238
CoV|QHR63260.1.BC2	19638
CoV|QHR63260.10.BC1	34600
CoV|QHR63260.10.BC2	24258
CoV|QHR63260.11.BC1	44806
CoV|QHR63260.11.BC2	21290
CoV|QHR63260.12.BC1	27214
CoV|QHR63260.12.BC2	15121
CoV|QHR63260.13.BC1	31482
CoV|QHR63260.13.BC2	34983
CoV|QHR63260.14.BC1	25575
CoV|QHR63260.14.BC2	17989
CoV|QHR63260.15.BC1	26379
CoV|QHR63260.15.BC2	26837
CoV|QHR63260.16.BC1	19126
CoV|QHR63260.16.BC2	27240
CoV|QHR63260.17.BC1	9740
CoV|QHR63260.17.BC2	15756
CoV|QHR63260.18.BC1	6039
CoV|QHR63260.18.BC2	14857
CoV|QHR63260.19.BC1	36849
CoV|QHR63260.19.BC2	39145
CoV|QHR63260.2.BC1	10320
CoV|QHR63260.2.BC2	6966
CoV|QHR63260.20.BC1	21881
CoV|QHR63260.20.BC2	8893
CoV|QHR63260.21.BC1	49705
CoV|QHR63260.21.BC2	34148
CoV|QHR63260.22.BC1	62380
CoV|QHR63260.22.BC2	54437
CoV|QHR63260.23.BC1	19159
CoV|QHR63260.23.BC2	53395
CoV|QHR63260.24.BC1	20396
CoV|QHR63260.24.BC2	4614
CoV|QHR63260.25.BC1	9399
CoV|QHR63260.25.BC2	3021
CoV|QHR63260.26.BC1	16401
CoV|QHR63260.26.BC2	31266
CoV|QHR63260.27.BC1	13265
CoV|QHR63260.27.BC2	10609
CoV|QHR63260.28.BC1	19955
CoV|QHR63260.28.BC2	22824
CoV|QHR63260.29.BC1	33173
CoV|QHR63260.29.BC2	45981
CoV|QHR63260.3.BC1	8172
CoV|QHR63260.3.BC2	11692
CoV|QHR63260.30.BC1	31128
CoV|QHR63260.30.BC2	18079
CoV|QHR63260.31.BC1	26930
CoV|QHR63260.31.BC2	19931
CoV|QHR63260.32.BC1	14051
CoV|QHR63260.32.BC2	20873
CoV|QHR63260.33.BC1	4236
CoV|QHR63260.33.BC2	7587
CoV|QHR63260.34.BC1	11490
CoV|QHR63260.34.BC2	10225
CoV|QHR63260.35.BC1	50129
CoV|QHR63260.35.BC2	23612
CoV|QHR63260.36.BC1	23166
CoV|QHR63260.36.BC2	15225
CoV|QHR63260.37.BC1	26540
CoV|QHR63260.37.BC2	19048
CoV|QHR63260.38.BC1	33171
CoV|QHR63260.38.BC2	12863
CoV|QHR63260.39.BC1	21463
CoV|QHR63260.39.BC2	33780
CoV|QHR63260.4.BC1	5645
CoV|QHR63260.4.BC2	11302
CoV|QHR63260.40.BC1	49008
CoV|QHR63260.40.BC2	44214
CoV|QHR63260.41.BC1	10952
CoV|QHR63260.41.BC2	6326
CoV|QHR63260.42.BC1	13636
CoV|QHR63260.42.BC2	18936
CoV|QHR63260.43.BC1	19675
CoV|QHR63260.43.BC2	20555
CoV|QHR63260.44.BC1	35049
CoV|QHR63260.44.BC2	15264
CoV|QHR63260.5.BC1	19732
CoV|QHR63260.5.BC2	16155
CoV|QHR63260.6.BC1	25311
CoV|QHR63260.6.BC2	17569
CoV|QHR63260.7.BC1	19129
CoV|QHR63260.7.BC2	28310
CoV|QHR63260.8.BC1	7052
CoV|QHR63260.8.BC2	14377
CoV|QHR63260.9.BC1	24158
CoV|QHR63260.9.BC2	15770
CoV|QHR63261.0.BC1	25892
CoV|QHR63261.0.BC2	10279
CoV|QHR63261.1.BC1	9482
CoV|QHR63261.1.BC2	31999
CoV|QHR63261.2.BC1	32924
CoV|QHR63261.2.BC2	32288
CoV|QHR63261.3.BC1	29928
CoV|QHR63261.3.BC2	32993
CoV|QHR63261.4.BC1	25228
CoV|QHR63261.4.BC2	9614
CoV|QHR63261.5.BC1	19018
CoV|QHR63261.5.BC2	11973
CoV|QHR63261.6.BC1	13866
CoV|QHR63261.6.BC2	21097
CoV|QHR63261.7.BC1	1263
CoV|QHR63261.7.BC2	5940
CoV|QHR63261.8.BC1	28920
CoV|QHR63261.8.BC2	15962
CoV|QHR63264.0.BC1	5235
CoV|QHR63264.0.BC2	11540
CoV|QHR63264.1.BC1	11081
CoV|QHR63264.1.BC2	7680
CoV|QHR63265.0.BC1	20693
CoV|QHR63265.0.BC2	27636
CoV|QHR63265.1.BC1	41354
CoV|QHR63265.1.BC2	43973
CoV|QHR63265.2.BC1	38726
CoV|QHR63265.2.BC2	39236
CoV|QHR63265.3.BC1	22264
CoV|QHR63265.3.BC2	38581
CoV|QHR63267.0.BC1	16118
CoV|QHR63267.0.BC2	29336
CoV|QHR63267.1.BC1	9460
CoV|QHR63267.1.BC2	16036
CoV|QHR63267.2.BC1	22225
CoV|QHR63267.2.BC2	22531
CoV|QHR63267.3.BC1	12003
CoV|QHR63267.3.BC2	20536
CoV|QHR63269.247.BC1	17375
CoV|QHR63269.247.BC2	8681
CoV|QHR63269.248.BC1	17026
CoV|QHR63269.248.BC2	17921
CoV|QHR63269.79.BC1	23573
CoV|QHR63269.79.BC2	11908
CoV|QHR63269.80.BC1	19280
CoV|QHR63269.80.BC2	21470
CoV|QHR63276.0.BC1	77451
CoV|QHR63276.0.BC2	16878
CoV|QHR63289.109.BC1	78899
CoV|QHR63289.109.BC2	70895
CoV|QHR63289.110.BC1	46873
CoV|QHR63289.110.BC2	23879
CoV|QHR63289.91.BC1	11008
CoV|QHR63289.91.BC2	11034
CoV|QHR63289.92.BC1	20075
CoV|QHR63289.92.BC2	32233
CoV|QHR84449.7.BC1	50914
CoV|QHR84449.7.BC2	54447
CoV|QHR84449.8.BC1	11738
CoV|QHR84449.8.BC2	24813
CoV|QHU36823.102.BC1	29384
CoV|QHU36823.102.BC2	12366
CoV|QHU36823.103.BC1	51122
CoV|QHU36823.103.BC2	31233
CoV|QHU36823.95.BC1	32907
CoV|QHU36823.95.BC2	45138
CoV|QHU36823.96.BC1	5928
CoV|QHU36823.96.BC2	7996
CoV|QHU36843.79.BC1	23906
CoV|QHU36843.79.BC2	22018
CoV|QHU36843.80.BC1	38100
CoV|QHU36843.80.BC2	37872
CoV|QHU36863.89.BC1	26211
CoV|QHU36863.89.BC2	27650
CoV|QHU36863.90.BC1	38770
CoV|QHU36863.90.BC2	53157
CoV|QHU79172.156.BC1	54184
CoV|QHU79172.156.BC2	45198
CoV|QHU79173.0.BC1	2961
CoV|QHU79173.0.BC2	20038
CoV|QHU79174.3.BC1	19660
CoV|QHU79174.3.BC2	38941
CoV|QHU79174.4.BC1	9427
CoV|QHU79174.4.BC2	11473
CoV|QHW06048.127.BC1	24203
CoV|QHW06048.127.BC2	9594
CoV|QHW06048.128.BC1	5357
CoV|QHW06048.128.BC2	13507
CoV|QHW06048.3.BC1	18221
CoV|QHW06048.3.BC2	22032
CoV|QHW06048.4.BC1	21937
CoV|QHW06048.4.BC2	20941
CoV|QHW06048.56.BC1	40783
CoV|QHW06048.56.BC2	15162
CoV|QHW06048.57.BC1	19764
CoV|QHW06048.57.BC2	14242
CoV|QHW06056.5.BC1	60315
CoV|QHW06056.5.BC2	17593
CoV|QHW06056.6.BC1	51200
CoV|QHW06056.6.BC2	46766
CoV|QHW06057.0.BC1	57675
CoV|QHW06057.0.BC2	49876
CoV|QHW06058.20.BC1	30754
CoV|QHW06058.20.BC2	18449
CoV|QHW06058.21.BC1	18581
CoV|QHW06058.21.BC2	14711
CoV|QHW06059.0.BC1	39323
CoV|QHW06059.0.BC2	40049
CoV|QHW06059.1.BC1	31380
CoV|QHW06059.1.BC2	11144
CoV|QHZ00378.245.BC1	40175
CoV|QHZ00378.245.BC2	50899
CoV|QHZ00378.246.BC1	16883
CoV|QHZ00378.246.BC2	19760
CoV|QHZ00378.31.BC1	20765
CoV|QHZ00378.31.BC2	13893
CoV|QHZ00378.32.BC1	33455
CoV|QHZ00378.32.BC2	24084
CoV|QHZ00379.6.BC1	17239
CoV|QHZ00379.6.BC2	12465
CoV|QHZ00379.7.BC1	20135
CoV|QHZ00379.7.BC2	16421
CoV|QHZ00380.3.BC1	20324
CoV|QHZ00380.3.BC2	31479
CoV|QHZ00380.4.BC1	25074
CoV|QHZ00380.4.BC2	15378
CoV|QHZ00380.7.BC1	17704
CoV|QHZ00380.7.BC2	7056
CoV|QHZ00380.8.BC1	34949
CoV|QHZ00380.8.BC2	22832
CoV|QHZ00381.0.BC1	40536
CoV|QHZ00381.0.BC2	49380
CoV|QHZ00381.1.BC1	20487
CoV|QHZ00381.1.BC2	64543
CoV|QHZ00398.203.BC1	58646
CoV|QHZ00398.203.BC2	46710
CoV|QHZ00398.204.BC1	27951
CoV|QHZ00398.204.BC2	21114
CoV|QHZ00398.37.BC1	45224
CoV|QHZ00398.37.BC2	51432
CoV|QHZ00398.38.BC1	51569
CoV|QHZ00398.38.BC2	38051
CoV|QHZ87581.1.BC1	38208
CoV|QHZ87581.1.BC2	30986
CoV|QHZ87581.2.BC1	19925
CoV|QHZ87581.2.BC2	32478
CoV|QHZ87581.33.BC1	33339
CoV|QHZ87581.33.BC2	24202
CoV|QHZ87581.34.BC1	26828
CoV|QHZ87581.34.BC2	35068
CoV|QIA98605.108.BC1	23433
CoV|QIA98605.108.BC2	32867
CoV|QIA98605.109.BC1	34622
CoV|QIA98605.109.BC2	26211
CoV|QIC50514.6.BC1	51725
CoV|QIC50514.6.BC2	35579
CoV|QIC50514.7.BC1	24911
CoV|QIC50514.7.BC2	25016
CoV|QIC53203.153.BC1	47202
CoV|QIC53203.153.BC2	28586
CoV|QIC53203.154.BC1	25621
CoV|QIC53203.154.BC2	18637
CoV|QIC53203.28.BC1	30833
CoV|QIC53203.28.BC2	29194
CoV|QIC53203.29.BC1	8237
CoV|QIC53203.29.BC2	5662
CoV|QIC53204.27.BC1	20191
CoV|QIC53204.27.BC2	17767
CoV|QIC53204.28.BC1	27277
CoV|QIC53204.28.BC2	14618
CoV|QID21067.224.BC1	10946
CoV|QID21067.224.BC2	13129
CoV|QID21067.225.BC1	22630
CoV|QID21067.225.BC2	12195
CoV|QID21074.0.BC1	17116
CoV|QID21074.0.BC2	18719
CoV|QID98793.113.BC1	13372
CoV|QID98793.113.BC2	17161
CoV|QID98793.114.BC1	25649
CoV|QID98793.114.BC2	27203
CoV|R9UMC1.0.BC1	26247
CoV|R9UMC1.0.BC2	12995
CoV|R9UMC1.1.BC1	35337
CoV|R9UMC1.1.BC2	22563
CoV|R9UMC1.2.BC1	22449
CoV|R9UMC1.2.BC2	21287
CoV|R9UNX1.0.BC1	14685
CoV|R9UNX1.0.BC2	22103
CoV|R9UNX1.1.BC1	44593
CoV|R9UNX1.1.BC2	43103
CoV|R9UNX1.2.BC1	21203
CoV|R9UNX1.2.BC2	44213
CoV|R9UNX5.0.BC1	17379
CoV|R9UNX5.0.BC2	14376
CoV|R9UNX5.1.BC1	61114
CoV|R9UNX5.1.BC2	77377
CoV|R9UNX5.2.BC1	43953
CoV|R9UNX5.2.BC2	48959
CoV|R9UNX5.3.BC1	24382
CoV|R9UNX5.3.BC2	25744
CoV|R9UNX5.4.BC1	36771
CoV|R9UNX5.4.BC2	35170
CoV|R9UNX5.5.BC1	19659
CoV|R9UNX5.5.BC2	33378
CoV|R9UNX5.6.BC1	29039
CoV|R9UNX5.6.BC2	27341
CoV|R9UQ53.0.BC1	12629
CoV|R9UQ53.0.BC2	27878
CoV|R9UQ53.1.BC1	15044
CoV|R9UQ53.1.BC2	17580
CoV|R9UQ53.10.BC1	18368
CoV|R9UQ53.10.BC2	29093
CoV|R9UQ53.11.BC1	17397
CoV|R9UQ53.11.BC2	39385
CoV|R9UQ53.12.BC1	56285
CoV|R9UQ53.12.BC2	56692
CoV|R9UQ53.13.BC1	8033
CoV|R9UQ53.13.BC2	28961
CoV|R9UQ53.14.BC1	12091
CoV|R9UQ53.14.BC2	18838
CoV|R9UQ53.15.BC1	24179
CoV|R9UQ53.15.BC2	44312
CoV|R9UQ53.16.BC1	33423
CoV|R9UQ53.16.BC2	18315
CoV|R9UQ53.17.BC1	49438
CoV|R9UQ53.17.BC2	46100
CoV|R9UQ53.18.BC1	31174
CoV|R9UQ53.18.BC2	36339
CoV|R9UQ53.19.BC1	21612
CoV|R9UQ53.19.BC2	22939
CoV|R9UQ53.2.BC1	24152
CoV|R9UQ53.2.BC2	7905
CoV|R9UQ53.20.BC1	12577
CoV|R9UQ53.20.BC2	19337
CoV|R9UQ53.21.BC1	7651
CoV|R9UQ53.21.BC2	30956
CoV|R9UQ53.22.BC1	13405
CoV|R9UQ53.22.BC2	4897
CoV|R9UQ53.23.BC1	21634
CoV|R9UQ53.23.BC2	28943
CoV|R9UQ53.24.BC1	29274
CoV|R9UQ53.24.BC2	62037
CoV|R9UQ53.25.BC1	51004
CoV|R9UQ53.25.BC2	49109
CoV|R9UQ53.26.BC1	49323
CoV|R9UQ53.26.BC2	20685
CoV|R9UQ53.27.BC1	10944
CoV|R9UQ53.27.BC2	8380
CoV|R9UQ53.28.BC1	17856
CoV|R9UQ53.28.BC2	17856
CoV|R9UQ53.29.BC1	22339
CoV|R9UQ53.29.BC2	1872
CoV|R9UQ53.3.BC1	17577
CoV|R9UQ53.3.BC2	23935
CoV|R9UQ53.30.BC1	2972
CoV|R9UQ53.30.BC2	29231
CoV|R9UQ53.31.BC1	43051
CoV|R9UQ53.31.BC2	19366
CoV|R9UQ53.32.BC1	49908
CoV|R9UQ53.32.BC2	28377
CoV|R9UQ53.33.BC1	21079
CoV|R9UQ53.33.BC2	42934
CoV|R9UQ53.34.BC1	13051
CoV|R9UQ53.34.BC2	15674
CoV|R9UQ53.35.BC1	20915
CoV|R9UQ53.35.BC2	26868
CoV|R9UQ53.36.BC1	18158
CoV|R9UQ53.36.BC2	14085
CoV|R9UQ53.37.BC1	36670
CoV|R9UQ53.37.BC2	36601
CoV|R9UQ53.38.BC1	27011
CoV|R9UQ53.38.BC2	27564
CoV|R9UQ53.39.BC1	9654
CoV|R9UQ53.39.BC2	15280
CoV|R9UQ53.4.BC1	27091
CoV|R9UQ53.4.BC2	15043
CoV|R9UQ53.40.BC1	12365
CoV|R9UQ53.40.BC2	15901
CoV|R9UQ53.41.BC1	38002
CoV|R9UQ53.41.BC2	38349
CoV|R9UQ53.42.BC1	31782
CoV|R9UQ53.42.BC2	29657
CoV|R9UQ53.43.BC1	8089
CoV|R9UQ53.43.BC2	22853
CoV|R9UQ53.44.BC1	17610
CoV|R9UQ53.44.BC2	16442
CoV|R9UQ53.45.BC1	56280
CoV|R9UQ53.45.BC2	28192
CoV|R9UQ53.46.BC1	24105
CoV|R9UQ53.46.BC2	12510
CoV|R9UQ53.47.BC1	23480
CoV|R9UQ53.47.BC2	16500
CoV|R9UQ53.5.BC1	38338
CoV|R9UQ53.5.BC2	14065
CoV|R9UQ53.6.BC1	20925
CoV|R9UQ53.6.BC2	28909
CoV|R9UQ53.7.BC1	19520
CoV|R9UQ53.7.BC2	24835
CoV|R9UQ53.8.BC1	7427
CoV|R9UQ53.8.BC2	10606
CoV|R9UQ53.9.BC1	19988
CoV|R9UQ53.9.BC2	10828
CoV|R9UQM6.0.BC1	29047
CoV|R9UQM6.0.BC2	27919
CoV|R9UQM6.1.BC1	55641
CoV|R9UQM6.1.BC2	53774
CoV|R9UQM6.2.BC1	53607
CoV|R9UQM6.2.BC2	32606
CoV|R9UQM6.3.BC1	32739
CoV|R9UQM6.3.BC2	27184
CoV|R9UQM6.4.BC1	48656
CoV|R9UQM6.4.BC2	40443
CoV|R9UQM6.5.BC1	12796
CoV|R9UQM6.5.BC2	4763
CoV|R9UQM6.6.BC1	34442
CoV|R9UQM6.6.BC2	18161
CoV|R9UQM6.7.BC1	43348
CoV|R9UQM6.7.BC2	30383
CoV|R9UQN1.0.BC1	63594
CoV|R9UQN1.0.BC2	66533
CoV|R9UQN1.1.BC1	24469
CoV|R9UQN1.1.BC2	29444
CoV|R9UQP3.0.BC1	17020
CoV|R9UQP3.0.BC2	35732
CoV|R9UQP3.1.BC1	2529
CoV|R9UQP3.1.BC2	14878
CoV|R9UQP3.2.BC1	39434
CoV|R9UQP3.2.BC2	27765
CoV|R9UQP3.3.BC1	25182
CoV|R9UQP3.3.BC2	27875
CoV|R9UQP3.4.BC1	17543
CoV|R9UQP3.4.BC2	24491
CoV|R9UQP3.5.BC1	33918
CoV|R9UQP3.5.BC2	31420
CoV|R9UQP3.6.BC1	32867
CoV|R9UQP3.6.BC2	33884
CoV|R9UQP3.7.BC1	53316
CoV|R9UQP3.7.BC2	27353
CoV|T2B9I2.0.BC1	30936
CoV|T2B9I2.0.BC2	42725
CoV|T2B9I2.1.BC1	29500
CoV|T2B9I2.1.BC2	18517
CoV|T2B9I2.10.BC1	10022
CoV|T2B9I2.10.BC2	8910
CoV|T2B9I2.100.BC1	27020
CoV|T2B9I2.100.BC2	23522
CoV|T2B9I2.101.BC1	16968
CoV|T2B9I2.101.BC2	8851
CoV|T2B9I2.102.BC1	14688
CoV|T2B9I2.102.BC2	27712
CoV|T2B9I2.103.BC1	57938
CoV|T2B9I2.103.BC2	81113
CoV|T2B9I2.104.BC1	16190
CoV|T2B9I2.104.BC2	27863
CoV|T2B9I2.105.BC1	10031
CoV|T2B9I2.105.BC2	12044
CoV|T2B9I2.106.BC1	17287
CoV|T2B9I2.106.BC2	17379
CoV|T2B9I2.107.BC1	15256
CoV|T2B9I2.107.BC2	25448
CoV|T2B9I2.108.BC1	960
CoV|T2B9I2.108.BC2	44457
CoV|T2B9I2.109.BC1	2073
CoV|T2B9I2.109.BC2	50652
CoV|T2B9I2.11.BC1	18426
CoV|T2B9I2.11.BC2	18383
CoV|T2B9I2.110.BC1	48443
CoV|T2B9I2.110.BC2	64769
CoV|T2B9I2.111.BC1	23336
CoV|T2B9I2.111.BC2	20433
CoV|T2B9I2.112.BC1	10990
CoV|T2B9I2.112.BC2	8835
CoV|T2B9I2.113.BC1	46468
CoV|T2B9I2.113.BC2	32739
CoV|T2B9I2.114.BC1	31930
CoV|T2B9I2.114.BC2	32346
CoV|T2B9I2.115.BC1	26835
CoV|T2B9I2.115.BC2	34788
CoV|T2B9I2.116.BC1	28121
CoV|T2B9I2.116.BC2	70157
CoV|T2B9I2.117.BC1	25325
CoV|T2B9I2.117.BC2	38354
CoV|T2B9I2.118.BC1	33676
CoV|T2B9I2.118.BC2	29809
CoV|T2B9I2.119.BC1	19539
CoV|T2B9I2.119.BC2	8982
CoV|T2B9I2.12.BC1	30704
CoV|T2B9I2.12.BC2	31649
CoV|T2B9I2.120.BC1	17246
CoV|T2B9I2.120.BC2	13562
CoV|T2B9I2.121.BC1	11691
CoV|T2B9I2.121.BC2	18189
CoV|T2B9I2.122.BC1	28040
CoV|T2B9I2.122.BC2	26240
CoV|T2B9I2.123.BC1	11358
CoV|T2B9I2.123.BC2	8051
CoV|T2B9I2.124.BC1	6924
CoV|T2B9I2.124.BC2	2035
CoV|T2B9I2.125.BC1	5762
CoV|T2B9I2.125.BC2	4877
CoV|T2B9I2.126.BC1	15351
CoV|T2B9I2.126.BC2	23398
CoV|T2B9I2.127.BC1	1083
CoV|T2B9I2.127.BC2	35727
CoV|T2B9I2.128.BC1	30026
CoV|T2B9I2.128.BC2	46236
CoV|T2B9I2.129.BC1	33972
CoV|T2B9I2.129.BC2	51791
CoV|T2B9I2.13.BC1	25962
CoV|T2B9I2.13.BC2	49867
CoV|T2B9I2.130.BC1	38074
CoV|T2B9I2.130.BC2	27573
CoV|T2B9I2.131.BC1	15866
CoV|T2B9I2.131.BC2	40815
CoV|T2B9I2.132.BC1	30045
CoV|T2B9I2.132.BC2	25418
CoV|T2B9I2.133.BC1	28803
CoV|T2B9I2.133.BC2	18156
CoV|T2B9I2.134.BC1	23136
CoV|T2B9I2.134.BC2	24494
CoV|T2B9I2.135.BC1	16019
CoV|T2B9I2.135.BC2	10202
CoV|T2B9I2.136.BC1	17821
CoV|T2B9I2.136.BC2	12730
CoV|T2B9I2.137.BC1	30384
CoV|T2B9I2.137.BC2	25594
CoV|T2B9I2.138.BC1	15281
CoV|T2B9I2.138.BC2	16219
CoV|T2B9I2.139.BC1	8192
CoV|T2B9I2.139.BC2	20028
CoV|T2B9I2.14.BC1	33550
CoV|T2B9I2.14.BC2	8883
CoV|T2B9I2.140.BC1	33714
CoV|T2B9I2.140.BC2	22330
CoV|T2B9I2.141.BC1	23614
CoV|T2B9I2.141.BC2	23264
CoV|T2B9I2.142.BC1	46674
CoV|T2B9I2.142.BC2	42146
CoV|T2B9I2.143.BC1	31001
CoV|T2B9I2.143.BC2	30439
CoV|T2B9I2.144.BC1	7097
CoV|T2B9I2.144.BC2	5831
CoV|T2B9I2.145.BC1	24563
CoV|T2B9I2.145.BC2	190
CoV|T2B9I2.146.BC1	30691
CoV|T2B9I2.146.BC2	46452
CoV|T2B9I2.147.BC1	41833
CoV|T2B9I2.147.BC2	10646
CoV|T2B9I2.148.BC1	30651
CoV|T2B9I2.148.BC2	29441
CoV|T2B9I2.149.BC1	23172
CoV|T2B9I2.149.BC2	20433
CoV|T2B9I2.15.BC1	5311
CoV|T2B9I2.15.BC2	18391
CoV|T2B9I2.150.BC1	16761
CoV|T2B9I2.150.BC2	19224
CoV|T2B9I2.151.BC1	39818
CoV|T2B9I2.151.BC2	40025
CoV|T2B9I2.152.BC1	1883
CoV|T2B9I2.152.BC2	28694
CoV|T2B9I2.153.BC1	1140
CoV|T2B9I2.153.BC2	11065
CoV|T2B9I2.154.BC1	31610
CoV|T2B9I2.154.BC2	44878
CoV|T2B9I2.155.BC1	58816
CoV|T2B9I2.155.BC2	67183
CoV|T2B9I2.16.BC1	34647
CoV|T2B9I2.16.BC2	15372
CoV|T2B9I2.17.BC1	17047
CoV|T2B9I2.17.BC2	9463
CoV|T2B9I2.18.BC1	35152
CoV|T2B9I2.18.BC2	27683
CoV|T2B9I2.19.BC1	59642
CoV|T2B9I2.19.BC2	33122
CoV|T2B9I2.2.BC1	26688
CoV|T2B9I2.2.BC2	14927
CoV|T2B9I2.20.BC1	61527
CoV|T2B9I2.20.BC2	41771
CoV|T2B9I2.21.BC1	11971
CoV|T2B9I2.21.BC2	28314
CoV|T2B9I2.22.BC1	16517
CoV|T2B9I2.22.BC2	23819
CoV|T2B9I2.23.BC1	21673
CoV|T2B9I2.23.BC2	23441
CoV|T2B9I2.24.BC1	26422
CoV|T2B9I2.24.BC2	23561
CoV|T2B9I2.25.BC1	17830
CoV|T2B9I2.25.BC2	6376
CoV|T2B9I2.26.BC1	13253
CoV|T2B9I2.26.BC2	25303
CoV|T2B9I2.27.BC1	37311
CoV|T2B9I2.27.BC2	13567
CoV|T2B9I2.28.BC1	24678
CoV|T2B9I2.28.BC2	29324
CoV|T2B9I2.29.BC1	21548
CoV|T2B9I2.29.BC2	47198
CoV|T2B9I2.3.BC1	11585
CoV|T2B9I2.3.BC2	18273
CoV|T2B9I2.30.BC1	23859
CoV|T2B9I2.30.BC2	35706
CoV|T2B9I2.31.BC1	17125
CoV|T2B9I2.31.BC2	11776
CoV|T2B9I2.32.BC1	7638
CoV|T2B9I2.32.BC2	45993
CoV|T2B9I2.33.BC1	37140
CoV|T2B9I2.33.BC2	36131
CoV|T2B9I2.34.BC1	45356
CoV|T2B9I2.34.BC2	24406
CoV|T2B9I2.35.BC1	45910
CoV|T2B9I2.35.BC2	31073
CoV|T2B9I2.36.BC1	22322
CoV|T2B9I2.36.BC2	21045
CoV|T2B9I2.37.BC1	37910
CoV|T2B9I2.37.BC2	24766
CoV|T2B9I2.38.BC1	35530
CoV|T2B9I2.38.BC2	21705
CoV|T2B9I2.39.BC1	25662
CoV|T2B9I2.39.BC2	68541
CoV|T2B9I2.4.BC1	25458
CoV|T2B9I2.4.BC2	21424
CoV|T2B9I2.40.BC1	25891
CoV|T2B9I2.40.BC2	26383
CoV|T2B9I2.41.BC1	55334
CoV|T2B9I2.41.BC2	19469
CoV|T2B9I2.42.BC1	38297
CoV|T2B9I2.42.BC2	63325
CoV|T2B9I2.43.BC1	30359
CoV|T2B9I2.43.BC2	12454
CoV|T2B9I2.44.BC1	22724
CoV|T2B9I2.44.BC2	15304
CoV|T2B9I2.45.BC1	18897
CoV|T2B9I2.45.BC2	13981
CoV|T2B9I2.46.BC1	26988
CoV|T2B9I2.46.BC2	16752
CoV|T2B9I2.47.BC1	37584
CoV|T2B9I2.47.BC2	19402
CoV|T2B9I2.48.BC1	25175
CoV|T2B9I2.48.BC2	29114
CoV|T2B9I2.49.BC1	33527
CoV|T2B9I2.49.BC2	37953
CoV|T2B9I2.5.BC1	21415
CoV|T2B9I2.5.BC2	39530
CoV|T2B9I2.50.BC1	27711
CoV|T2B9I2.50.BC2	13315
CoV|T2B9I2.51.BC1	33089
CoV|T2B9I2.51.BC2	27816
CoV|T2B9I2.52.BC1	2565
CoV|T2B9I2.52.BC2	5462
CoV|T2B9I2.53.BC1	38943
CoV|T2B9I2.53.BC2	35205
CoV|T2B9I2.54.BC1	9456
CoV|T2B9I2.54.BC2	51535
CoV|T2B9I2.55.BC1	28773
CoV|T2B9I2.55.BC2	17813
CoV|T2B9I2.56.BC1	16367
CoV|T2B9I2.56.BC2	12017
CoV|T2B9I2.57.BC1	17942
CoV|T2B9I2.57.BC2	14526
CoV|T2B9I2.58.BC1	19884
CoV|T2B9I2.58.BC2	15790
CoV|T2B9I2.59.BC1	25658
CoV|T2B9I2.59.BC2	7750
CoV|T2B9I2.6.BC1	24290
CoV|T2B9I2.6.BC2	53358
CoV|T2B9I2.60.BC1	20822
CoV|T2B9I2.60.BC2	25978
CoV|T2B9I2.61.BC1	18624
CoV|T2B9I2.61.BC2	16117
CoV|T2B9I2.62.BC1	19901
CoV|T2B9I2.62.BC2	16443
CoV|T2B9I2.63.BC1	39137
CoV|T2B9I2.63.BC2	37481
CoV|T2B9I2.64.BC1	29272
CoV|T2B9I2.64.BC2	50657
CoV|T2B9I2.65.BC1	3456
CoV|T2B9I2.65.BC2	49688
CoV|T2B9I2.66.BC1	19451
CoV|T2B9I2.66.BC2	34297
CoV|T2B9I2.67.BC1	47491
CoV|T2B9I2.67.BC2	21809
CoV|T2B9I2.68.BC1	23944
CoV|T2B9I2.68.BC2	43202
CoV|T2B9I2.69.BC1	30431
CoV|T2B9I2.69.BC2	12230
CoV|T2B9I2.7.BC1	26261
CoV|T2B9I2.7.BC2	42970
CoV|T2B9I2.70.BC1	28486
CoV|T2B9I2.70.BC2	30798
CoV|T2B9I2.71.BC1	27203
CoV|T2B9I2.71.BC2	26044
CoV|T2B9I2.72.BC1	27336
CoV|T2B9I2.72.BC2	29045
CoV|T2B9I2.73.BC1	17794
CoV|T2B9I2.73.BC2	17020
CoV|T2B9I2.74.BC1	44237
CoV|T2B9I2.74.BC2	40576
CoV|T2B9I2.75.BC1	10900
CoV|T2B9I2.75.BC2	17740
CoV|T2B9I2.76.BC1	4897
CoV|T2B9I2.76.BC2	21790
CoV|T2B9I2.77.BC1	34784
CoV|T2B9I2.77.BC2	37947
CoV|T2B9I2.78.BC1	10558
CoV|T2B9I2.78.BC2	17234
CoV|T2B9I2.79.BC1	17299
CoV|T2B9I2.79.BC2	15314
CoV|T2B9I2.8.BC1	28323
CoV|T2B9I2.8.BC2	18855
CoV|T2B9I2.80.BC1	16381
CoV|T2B9I2.80.BC2	10008
CoV|T2B9I2.81.BC1	61049
CoV|T2B9I2.81.BC2	58974
CoV|T2B9I2.82.BC1	25509
CoV|T2B9I2.82.BC2	60995
CoV|T2B9I2.83.BC1	33459
CoV|T2B9I2.83.BC2	46747
CoV|T2B9I2.84.BC1	10308
CoV|T2B9I2.84.BC2	15079
CoV|T2B9I2.85.BC1	17955
CoV|T2B9I2.85.BC2	15022
CoV|T2B9I2.86.BC1	48705
CoV|T2B9I2.86.BC2	31589
CoV|T2B9I2.87.BC1	19439
CoV|T2B9I2.87.BC2	15689
CoV|T2B9I2.88.BC1	25337
CoV|T2B9I2.88.BC2	18240
CoV|T2B9I2.89.BC1	30475
CoV|T2B9I2.89.BC2	15206
CoV|T2B9I2.9.BC1	17214
CoV|T2B9I2.9.BC2	24188
CoV|T2B9I2.90.BC1	10757
CoV|T2B9I2.90.BC2	16006
CoV|T2B9I2.91.BC1	49654
CoV|T2B9I2.91.BC2	27524
CoV|T2B9I2.92.BC1	43671
CoV|T2B9I2.92.BC2	49256
CoV|T2B9I2.93.BC1	41460
CoV|T2B9I2.93.BC2	61809
CoV|T2B9I2.94.BC1	25571
CoV|T2B9I2.94.BC2	37264
CoV|T2B9I2.95.BC1	27287
CoV|T2B9I2.95.BC2	14738
CoV|T2B9I2.96.BC1	20822
CoV|T2B9I2.96.BC2	24420
CoV|T2B9I2.97.BC1	52052
CoV|T2B9I2.97.BC2	41843
CoV|T2B9I2.98.BC1	36709
CoV|T2B9I2.98.BC2	26935
CoV|T2B9I2.99.BC1	16160
CoV|T2B9I2.99.BC2	28499
CoV|T2B9U0.155.BC1	23340
CoV|T2B9U0.155.BC2	18793
CoV|T2B9U0.156.BC1	27120
CoV|T2B9U0.156.BC2	28084
CoV|T2B9U0.157.BC1	4576
CoV|T2B9U0.157.BC2	10387
CoV|T2B9U0.158.BC1	59474
CoV|T2B9U0.158.BC2	36303
CoV|T2B9U0.159.BC1	34384
CoV|T2B9U0.159.BC2	23902
CoV|T2B9U0.160.BC1	16050
CoV|T2B9U0.160.BC2	16477
CoV|T2B9U0.161.BC1	16925
CoV|T2B9U0.161.BC2	16528
CoV|T2B9U0.162.BC1	31476
CoV|T2B9U0.162.BC2	34106
CoV|T2B9U0.163.BC1	22761
CoV|T2B9U0.163.BC2	16268
CoV|T2B9U0.164.BC1	25887
CoV|T2B9U0.164.BC2	34899
CoV|T2B9U0.165.BC1	32153
CoV|T2B9U0.165.BC2	18732
CoV|T2B9U0.166.BC1	33100
CoV|T2B9U0.166.BC2	7041
CoV|T2B9U0.167.BC1	25326
CoV|T2B9U0.167.BC2	10458
CoV|T2B9U0.168.BC1	17933
CoV|T2B9U0.168.BC2	4273
CoV|T2B9U0.169.BC1	51769
CoV|T2B9U0.169.BC2	28591
CoV|T2B9U0.170.BC1	13058
CoV|T2B9U0.170.BC2	799
CoV|T2B9U0.171.BC1	12920
CoV|T2B9U0.171.BC2	14287
CoV|T2B9U0.172.BC1	12419
CoV|T2B9U0.172.BC2	12727
CoV|T2B9U0.173.BC1	14351
CoV|T2B9U0.173.BC2	8927
CoV|T2B9U0.174.BC1	23128
CoV|T2B9U0.174.BC2	36353
CoV|T2B9U0.175.BC1	28314
CoV|T2B9U0.175.BC2	45389
CoV|T2B9U0.176.BC1	15024
CoV|T2B9U0.176.BC2	20217
CoV|T2B9U0.177.BC1	31357
CoV|T2B9U0.177.BC2	57454
CoV|T2B9U0.178.BC1	22995
CoV|T2B9U0.178.BC2	25355
CoV|T2B9U0.179.BC1	17703
CoV|T2B9U0.179.BC2	28832
CoV|T2B9U0.180.BC1	25670
CoV|T2B9U0.180.BC2	34915
CoV|T2B9U0.181.BC1	13328
CoV|T2B9U0.181.BC2	18591
CoV|T2B9U0.182.BC1	31962
CoV|T2B9U0.182.BC2	21310
CoV|T2B9U0.183.BC1	5545
CoV|T2B9U0.183.BC2	12122
CoV|T2B9U0.184.BC1	21630
CoV|T2B9U0.184.BC2	24444
CoV|T2B9U0.185.BC1	45267
CoV|T2B9U0.185.BC2	35079
CoV|T2B9U0.186.BC1	9519
CoV|T2B9U0.186.BC2	8706
CoV|T2B9U0.187.BC1	8626
CoV|T2B9U0.187.BC2	19646
CoV|T2B9U0.188.BC1	35446
CoV|T2B9U0.188.BC2	25130
CoV|T2B9U0.189.BC1	25817
CoV|T2B9U0.189.BC2	13847
CoV|T2B9U0.190.BC1	30625
CoV|T2B9U0.190.BC2	34255
CoV|T2B9U0.191.BC1	59497
CoV|T2B9U0.191.BC2	39332
CoV|T2B9U0.192.BC1	36678
CoV|T2B9U0.192.BC2	35164
CoV|T2B9U0.193.BC1	37527
CoV|T2B9U0.193.BC2	30338
CoV|T2B9U0.194.BC1	20032
CoV|T2B9U0.194.BC2	15846
CoV|T2B9U0.195.BC1	10049
CoV|T2B9U0.195.BC2	13097
CoV|T2B9U0.196.BC1	12807
CoV|T2B9U0.196.BC2	7730
CoV|T2B9U0.197.BC1	18625
CoV|T2B9U0.197.BC2	6943
CoV|T2B9U0.198.BC1	33812
CoV|T2B9U0.198.BC2	21984
CoV|T2B9U0.199.BC1	17177
CoV|T2B9U0.199.BC2	24863
CoV|T2B9U0.200.BC1	12899
CoV|T2B9U0.200.BC2	17343
CoV|T2B9U0.201.BC1	32369
CoV|T2B9U0.201.BC2	27870
CoV|T2B9U0.202.BC1	33576
CoV|T2B9U0.202.BC2	2309
CoV|T2B9U0.203.BC1	48440
CoV|T2B9U0.203.BC2	37528
CoV|T2B9U0.204.BC1	14055
CoV|T2B9U0.204.BC2	20623
CoV|T2B9U0.205.BC1	16487
CoV|T2B9U0.205.BC2	10743
CoV|T2B9U0.206.BC1	14849
CoV|T2B9U0.206.BC2	47768
CoV|T2B9U0.207.BC1	19921
CoV|T2B9U0.207.BC2	30306
CoV|T2B9U0.208.BC1	30911
CoV|T2B9U0.208.BC2	35398
CoV|T2B9U0.209.BC1	23578
CoV|T2B9U0.209.BC2	8140
CoV|T2B9U0.210.BC1	23133
CoV|T2B9U0.210.BC2	17080
CoV|T2B9U0.211.BC1	67175
CoV|T2B9U0.211.BC2	53346
CoV|T2B9U0.212.BC1	39969
CoV|T2B9U0.212.BC2	35579
CoV|T2B9U0.213.BC1	39221
CoV|T2B9U0.213.BC2	16312
CoV|T2B9U0.214.BC1	42604
CoV|T2B9U0.214.BC2	36217
CoV|T2B9U0.215.BC1	56788
CoV|T2B9U0.215.BC2	32182
CoV|T2B9U0.216.BC1	18621
CoV|T2B9U0.216.BC2	23801
CoV|T2B9U0.217.BC1	13885
CoV|T2B9U0.217.BC2	16735
CoV|T2B9U0.218.BC1	19553
CoV|T2B9U0.218.BC2	24333
CoV|T2B9U0.219.BC1	34393
CoV|T2B9U0.219.BC2	45163
CoV|T2B9U0.220.BC1	53258
CoV|T2B9U0.220.BC2	18808
CoV|T2B9U0.221.BC1	17785
CoV|T2B9U0.221.BC2	19429
CoV|T2B9U0.222.BC1	37838
CoV|T2B9U0.222.BC2	32961
CoV|T2B9U0.223.BC1	18240
CoV|T2B9U0.223.BC2	21097
CoV|T2B9U0.224.BC1	46528
CoV|T2B9U0.224.BC2	29966
CoV|T2B9U0.225.BC1	50492
CoV|T2B9U0.225.BC2	55297
CoV|T2B9U0.226.BC1	22676
CoV|T2B9U0.226.BC2	44711
CoV|T2B9U0.227.BC1	58007
CoV|T2B9U0.227.BC2	35684
CoV|T2B9U0.228.BC1	14154
CoV|T2B9U0.228.BC2	16610
CoV|T2B9U0.229.BC1	15719
CoV|T2B9U0.229.BC2	10579
CoV|T2B9U0.230.BC1	23454
CoV|T2B9U0.230.BC2	31058
CoV|T2B9U0.231.BC1	1404
CoV|T2B9U0.231.BC2	7792
CoV|T2B9U0.232.BC1	739
CoV|T2B9U0.232.BC2	663
CoV|T2B9U0.233.BC1	1954
CoV|T2B9U0.233.BC2	3972
CoV|T2B9U0.234.BC1	34440
CoV|T2B9U0.234.BC2	18885
CoV|T2B9U0.235.BC1	27329
CoV|T2B9U0.235.BC2	47902
CoV|T2B9U0.236.BC1	23570
CoV|T2B9U0.236.BC2	17986
CoV|T2B9U0.237.BC1	21388
CoV|T2B9U0.237.BC2	6515
CoV|T2B9U0.238.BC1	15274
CoV|T2B9U0.238.BC2	7653
CoV|T2B9U0.239.BC1	12327
CoV|T2B9U0.239.BC2	19215
CoV|T2B9U0.240.BC1	11737
CoV|T2B9U0.240.BC2	7672
CoV|T2B9U0.241.BC1	17669
CoV|T2B9U0.241.BC2	13805
CoV|T2B9U0.242.BC1	31196
CoV|T2B9U0.242.BC2	23323
CoV|T2B9U0.243.BC1	42543
CoV|T2B9U0.243.BC2	38524
CoV|T2B9U0.244.BC1	15517
CoV|T2B9U0.244.BC2	32571
CoV|T2B9U0.245.BC1	19667
CoV|T2B9U0.245.BC2	23556
CoV|T2B9U0.246.BC1	4294
CoV|T2B9U0.246.BC2	10242
CoV|T2B9U0.247.BC1	19420
CoV|T2B9U0.247.BC2	20201
CoV|T2B9U0.248.BC1	14229
CoV|T2B9U0.248.BC2	5933
CoV|T2B9U0.249.BC1	18674
CoV|T2B9U0.249.BC2	20565
CoV|T2B9U0.250.BC1	20995
CoV|T2B9U0.250.BC2	4584
CoV|T2B9U0.251.BC1	22337
CoV|T2B9U0.251.BC2	15052
CoV|T2B9U9.0.BC1	17249
CoV|T2B9U9.0.BC2	22608
CoV|T2B9U9.1.BC1	20037
CoV|T2B9U9.1.BC2	18215
CoV|T2B9U9.2.BC1	29210
CoV|T2B9U9.2.BC2	15482
CoV|T2B9U9.3.BC1	31071
CoV|T2B9U9.3.BC2	28716
CoV|T2BBK0.0.BC1	25318
CoV|T2BBK0.0.BC2	13451
CoV|T2BBK0.1.BC1	21648
CoV|T2BBK0.1.BC2	31632
CoV|T2BBK0.10.BC1	35919
CoV|T2BBK0.10.BC2	13078
CoV|T2BBK0.11.BC1	14068
CoV|T2BBK0.11.BC2	17025
CoV|T2BBK0.12.BC1	10679
CoV|T2BBK0.12.BC2	19590
CoV|T2BBK0.13.BC1	29303
CoV|T2BBK0.13.BC2	75043
CoV|T2BBK0.2.BC1	15249
CoV|T2BBK0.2.BC2	39029
CoV|T2BBK0.3.BC1	41716
CoV|T2BBK0.3.BC2	42697
CoV|T2BBK0.4.BC1	18997
CoV|T2BBK0.4.BC2	26826
CoV|T2BBK0.5.BC1	11064
CoV|T2BBK0.5.BC2	43433
CoV|T2BBK0.6.BC1	32974
CoV|T2BBK0.6.BC2	27121
CoV|T2BBK0.7.BC1	17555
CoV|T2BBK0.7.BC2	15987
CoV|T2BBK0.8.BC1	31078
CoV|T2BBK0.8.BC2	11361
CoV|T2BBK0.9.BC1	14594
CoV|T2BBK0.9.BC2	30564
CoV|YP_009725297.5.BC1	18350
CoV|YP_009725297.5.BC2	11402
CoV|YP_009725298.21.BC1	16927
CoV|YP_009725298.21.BC2	16482
CoV|YP_009725299.68.BC1	7437
CoV|YP_009725299.68.BC2	28828
CoV|YP_009725300.16.BC1	27749
CoV|YP_009725300.16.BC2	32703
CoV|YP_009725301.9.BC1	36702
CoV|YP_009725301.9.BC2	44647
CoV|YP_009725302.9.BC1	21269
CoV|YP_009725302.9.BC2	6986
CoV|YP_009725303.1.BC1	9012
CoV|YP_009725303.1.BC2	12632
CoV|YP_009725304.6.BC1	11780
CoV|YP_009725304.6.BC2	28745
CoV|YP_009725305.3.BC1	35556
CoV|YP_009725305.3.BC2	30282
CoV|YP_009725306.3.BC1	11873
CoV|YP_009725306.3.BC2	54728
CoV|YP_009725307.32.BC1	20632
CoV|YP_009725307.32.BC2	16554
CoV|YP_009725308.20.BC1	25649
CoV|YP_009725308.20.BC2	46826
CoV|YP_009725309.17.BC1	10581
CoV|YP_009725309.17.BC2	24562
CoV|YP_009725310.11.BC1	9086
CoV|YP_009725310.11.BC2	21706
CoV|YP_009725311.9.BC1	14303
CoV|YP_009725311.9.BC2	29349
CoV|YP_009725312.0.BC1	1176
CoV|YP_009725312.0.BC2	37395
Vir3|10057	1
Vir3|10058	1
Vir3|1012	1
Vir3|10124	1
Vir3|10153	1
Vir3|10167	1
Vir3|10206	1
Vir3|10223	1
Vir3|10271	1
Vir3|10346	1
Vir3|10376	1
Vir3|10394	1
Vir3|10417	1
Vir3|10424	1
Vir3|10582	1
Vir3|1060	1
Vir3|10602	1
Vir3|10719	1
Vir3|10760	1
Vir3|10786	1
Vir3|10830	1
Vir3|1084	1
Vir3|10848	1
Vir3|108607	1
Vir3|108613	1
Vir3|10865	1
Vir3|108651	1
Vir3|108665	2
Vir3|108669	1
Vir3|108683	1
Vir3|108712	1
Vir3|108713	1
Vir3|108800	1
Vir3|108803	2
Vir3|108838	1
Vir3|108840	3
Vir3|108857	1
Vir3|108892	1
Vir3|108913	1
Vir3|108943	1
Vir3|108961	1
Vir3|108964	2
Vir3|109107	1
Vir3|109183	1
Vir3|109205	1
Vir3|109225	1
Vir3|10923	1
Vir3|109241	1
Vir3|109283	1
Vir3|109285	1
Vir3|109329	2
Vir3|109338	1
Vir3|109349	1
Vir3|109363	1
Vir3|109366	4
Vir3|109412	1
Vir3|109447	1
Vir3|109453	3
Vir3|109482	1
Vir3|109529	1
Vir3|10955	1
Vir3|109575	1
Vir3|109576	1
Vir3|109599	1
Vir3|109607	1
Vir3|109610	1
Vir3|109616	1
Vir3|109647	1
Vir3|109699	1
Vir3|109700	1
Vir3|109720	1
Vir3|10975	1
Vir3|109779	1
Vir3|109807	2
Vir3|109809	1
Vir3|109820	1
Vir3|109847	1
Vir3|109858	1
Vir3|109875	1
Vir3|109936	1
Vir3|109938	1
Vir3|109946	2
Vir3|109947	9
Vir3|109950	1
Vir3|109969	1
Vir3|109975	1
Vir3|109982	1
Vir3|110000	4
Vir3|110001	3
Vir3|11001	1
Vir3|110028	1
Vir3|110030	1
Vir3|110038	1
Vir3|110059	1
Vir3|110061	1
Vir3|110068	1
Vir3|110079	1
Vir3|110094	1
Vir3|110118	1
Vir3|110123	1
Vir3|110131	4
Vir3|110183	1
Vir3|110193	1
Vir3|110194	1
Vir3|110227	1
Vir3|110359	2
Vir3|110400	1
Vir3|110439	2
Vir3|110446	1
Vir3|110509	1
Vir3|110523	1
Vir3|110529	1
Vir3|110530	1
Vir3|110541	1
Vir3|110556	1
Vir3|110578	1
Vir3|110587	2
Vir3|110627	1
Vir3|110628	1
Vir3|110657	1
Vir3|110691	2
Vir3|110747	1
Vir3|110750	1
Vir3|110800	1
Vir3|110832	1
Vir3|110861	1
Vir3|110865	1
Vir3|110866	2
Vir3|110874	1
Vir3|110877	1
Vir3|110906	1
Vir3|110973	1
Vir3|111012	1
Vir3|111024	1
Vir3|111051	1
Vir3|111080	1
Vir3|111083	1
Vir3|111088	1
Vir3|111115	1
Vir3|111143	1
Vir3|111200	1
Vir3|111219	1
Vir3|111225	1
Vir3|111231	1
Vir3|111250	1
Vir3|111254	1
Vir3|111302	1
Vir3|111306	1
Vir3|111343	1
Vir3|111347	1
Vir3|111350	1
Vir3|111409	1
Vir3|111455	1
Vir3|111491	1
Vir3|111494	1
Vir3|111540	1
Vir3|111545	1
Vir3|111582	1
Vir3|111599	1
Vir3|111665	2
Vir3|111682	1
Vir3|111734	1
Vir3|111757	1
Vir3|111762	1
Vir3|111847	1
Vir3|111855	1
Vir3|111941	1
Vir3|11200	1
Vir3|11201	1
Vir3|112015	1
Vir3|112041	1
Vir3|112045	1
Vir3|112115	1
Vir3|112139	1
Vir3|112140	1
Vir3|11215	1
Vir3|112155	1
Vir3|112216	1
Vir3|112227	1
Vir3|112252	2
Vir3|112267	1
Vir3|112284	3
Vir3|112290	1
Vir3|112291	1
Vir3|112301	1
Vir3|112328	1
Vir3|112340	1
Vir3|112345	1
Vir3|112365	1
Vir3|112378	1
Vir3|112381	1
Vir3|112391	1
Vir3|112432	1
Vir3|112461	1
Vir3|112462	1
Vir3|112494	1
Vir3|112523	1
Vir3|112530	1
Vir3|112575	1
Vir3|112589	1
Vir3|112591	1
Vir3|112607	6
Vir3|112614	10
Vir3|112659	1
Vir3|112755	1
Vir3|112765	1
Vir3|112767	1
Vir3|112845	1
Vir3|112878	1
Vir3|112891	1
Vir3|112902	1
Vir3|112931	1
Vir3|112942	1
Vir3|112954	1
Vir3|112978	1
Vir3|112979	1
Vir3|113000	1
Vir3|113015	2
Vir3|113048	1
Vir3|113072	1
Vir3|113087	1
Vir3|113114	1
Vir3|113227	1
Vir3|113331	1
Vir3|113336	1
Vir3|11335	1
Vir3|113381	1
Vir3|113475	1
Vir3|113477	1
Vir3|113488	1
Vir3|113523	1
Vir3|113671	1
Vir3|113743	1
Vir3|113766	1
Vir3|113804	1
Vir3|113821	1
Vir3|113971	1
Vir3|114039	1
Vir3|114041	1
Vir3|114076	1
Vir3|114128	1
Vir3|114137	1
Vir3|114153	1
Vir3|114168	1
Vir3|1142	1
Vir3|114219	1
Vir3|114226	1
Vir3|114279	1
Vir3|114301	1
Vir3|114319	1
Vir3|114394	1
Vir3|114414	1
Vir3|114437	1
Vir3|114503	1
Vir3|114593	1
Vir3|114611	1
Vir3|114619	1
Vir3|11462	1
Vir3|114628	2
Vir3|114670	1
Vir3|114674	1
Vir3|114690	2
Vir3|114707	1
Vir3|114733	1
Vir3|11474	1
Vir3|114742	1
Vir3|114778	1
Vir3|114779	2
Vir3|114805	1
Vir3|114807	1
Vir3|114861	1
Vir3|114862	1
Vir3|1149	1
Vir3|11490	1
Vir3|114913	1
Vir3|114931	1
Vir3|114949	1
Vir3|114962	1
Vir3|114966	1
Vir3|115000	1
Vir3|115008	1
Vir3|115135	1
Vir3|115138	1
Vir3|115149	1
Vir3|115187	1
Vir3|1152	1
Vir3|115217	1
Vir3|115283	1
Vir3|115291	1
Vir3|115331	1
Vir3|115338	1
Vir3|11536	1
Vir3|11537	1
Vir3|115399	1
Vir3|115420	1
Vir3|115428	1
Vir3|11551	1
Vir3|115516	1
Vir3|115562	1
Vir3|115564	2
Vir3|115676	1
Vir3|115740	1
Vir3|115789	2
Vir3|115820	1
Vir3|115967	1
Vir3|115989	1
Vir3|115995	1
Vir3|116030	1
Vir3|116077	1
Vir3|116211	1
Vir3|116224	1
Vir3|116242	1
Vir3|116364	1
Vir3|116373	2
Vir3|116420	1
Vir3|116424	1
Vir3|116472	1
Vir3|116482	1
Vir3|116499	1
Vir3|116518	1
Vir3|116546	1
Vir3|116591	3
Vir3|116593	1
Vir3|116634	1
Vir3|116656	1
Vir3|116757	1
Vir3|116776	1
Vir3|116789	2
Vir3|116822	1
Vir3|116840	1
Vir3|116847	1
Vir3|116975	1
Vir3|117075	1
Vir3|117084	1
Vir3|117099	1
Vir3|11712	1
Vir3|117184	1
Vir3|11725	1
Vir3|117299	1
Vir3|117366	1
Vir3|117388	1
Vir3|117398	1
Vir3|117422	1
Vir3|117444	1
Vir3|117501	1
Vir3|117552	1
Vir3|117577	1
Vir3|117579	1
Vir3|117609	1
Vir3|117628	1
Vir3|117632	1
Vir3|117695	1
Vir3|117765	1
Vir3|117774	1
Vir3|117812	1
Vir3|11782	1
Vir3|117871	2
Vir3|117904	1
Vir3|117933	1
Vir3|117962	1
Vir3|118020	2
Vir3|118026	1
Vir3|118083	1
Vir3|118126	1
Vir3|118140	1
Vir3|118162	1
Vir3|118165	1
Vir3|118180	1
Vir3|118204	1
Vir3|118248	1
Vir3|118263	1
Vir3|118284	1
Vir3|118294	1
Vir3|118298	1
Vir3|118328	1
Vir3|118353	1
Vir3|118362	1
Vir3|118367	1
Vir3|11839	1
Vir3|118400	1
Vir3|118416	1
Vir3|11843	1
Vir3|118436	1
Vir3|118469	1
Vir3|118479	1
Vir3|118521	1
Vir3|118558	1
Vir3|118574	1
Vir3|118605	1
Vir3|118619	1
Vir3|118620	1
Vir3|118625	7
Vir3|118666	1
Vir3|118669	1
Vir3|118694	1
Vir3|118700	1
Vir3|118708	2
Vir3|118712	1
Vir3|118724	1
Vir3|118727	1
Vir3|118743	1
Vir3|118753	1
Vir3|118773	1
Vir3|1188	1
Vir3|118825	2
Vir3|118837	1
Vir3|118856	2
Vir3|1189	1
Vir3|118917	1
Vir3|118939	1
Vir3|118948	1
Vir3|119175	1
Vir3|11918	1
Vir3|119309	1
Vir3|119339	2
Vir3|119368	1
Vir3|119379	1
Vir3|119436	1
Vir3|119505	1
Vir3|119561	1
Vir3|119573	1
Vir3|119612	1
Vir3|119619	1
Vir3|119658	1
Vir3|119662	1
Vir3|119683	1
Vir3|119708	1
Vir3|119741	2
Vir3|119775	1
Vir3|119791	1
Vir3|119852	1
Vir3|119875	1
Vir3|119893	1
Vir3|119971	1
Vir3|120056	1
Vir3|120101	1
Vir3|120177	1
Vir3|120179	1
Vir3|120286	1
Vir3|120295	1
Vir3|120306	1
Vir3|120307	1
Vir3|12031	1
Vir3|12032	1
Vir3|120397	1
Vir3|120406	1
Vir3|120451	1
Vir3|120479	1
Vir3|120564	1
Vir3|120593	1
Vir3|120634	1
Vir3|120670	1
Vir3|120671	1
Vir3|120680	1
Vir3|120728	1
Vir3|120777	1
Vir3|120813	1
Vir3|120838	1
Vir3|120845	1
Vir3|120895	2
Vir3|120913	1
Vir3|121040	1
Vir3|121051	1
Vir3|121060	1
Vir3|121062	1
Vir3|12119	1
Vir3|121329	1
Vir3|121388	1
Vir3|121405	1
Vir3|121411	1
Vir3|121418	1
Vir3|121421	1
Vir3|121479	1
Vir3|121503	1
Vir3|121510	1
Vir3|121542	1
Vir3|121548	1
Vir3|121617	1
Vir3|121627	1
Vir3|121635	1
Vir3|121638	1
Vir3|121649	1
Vir3|121650	1
Vir3|121704	1
Vir3|121787	2
Vir3|121789	1
Vir3|121798	1
Vir3|121807	1
Vir3|121843	2
Vir3|122011	1
Vir3|122066	1
Vir3|122130	1
Vir3|122163	1
Vir3|122187	1
Vir3|122201	1
Vir3|122248	1
Vir3|122257	1
Vir3|12228	1
Vir3|122294	1
Vir3|122385	1
Vir3|122429	1
Vir3|122440	1
Vir3|122470	2
Vir3|122479	1
Vir3|122506	1
Vir3|122572	1
Vir3|122576	1
Vir3|122580	1
Vir3|122600	1
Vir3|12262	1
Vir3|122646	1
Vir3|12265	1
Vir3|122655	1
Vir3|122666	1
Vir3|122726	1
Vir3|122735	1
Vir3|122746	1
Vir3|122804	1
Vir3|122814	2
Vir3|122864	1
Vir3|122877	1
Vir3|122879	1
Vir3|12291	1
Vir3|122921	1
Vir3|122945	1
Vir3|122949	1
Vir3|12296	1
Vir3|122994	1
Vir3|123001	1
Vir3|123033	1
Vir3|123066	2
Vir3|123075	2
Vir3|123081	1
Vir3|123118	1
Vir3|123158	1
Vir3|123181	1
Vir3|12321	1
Vir3|123250	1
Vir3|123287	1
Vir3|123299	1
Vir3|123329	1
Vir3|123386	1
Vir3|123427	2
Vir3|123439	1
Vir3|123531	1
Vir3|123545	1
Vir3|123573	1
Vir3|123581	1
Vir3|123636	1
Vir3|123684	1
Vir3|123699	1
Vir3|123709	2
Vir3|123797	1
Vir3|123806	1
Vir3|123815	1
Vir3|123838	1
Vir3|123894	1
Vir3|123922	1
Vir3|123993	1
Vir3|123994	1
Vir3|124004	1
Vir3|124023	1
Vir3|124087	1
Vir3|124103	1
Vir3|12414	1
Vir3|124141	1
Vir3|124150	1
Vir3|124155	1
Vir3|124171	2
Vir3|124183	1
Vir3|124209	1
Vir3|124221	1
Vir3|124261	1
Vir3|124294	1
Vir3|124303	1
Vir3|12431	1
Vir3|124311	1
Vir3|124313	1
Vir3|12432	1
Vir3|124356	2
Vir3|124357	1
Vir3|124401	1
Vir3|124402	1
Vir3|124453	1
Vir3|124475	1
Vir3|124478	1
Vir3|124481	1
Vir3|124565	1
Vir3|124568	1
Vir3|124569	1
Vir3|124646	1
Vir3|124672	1
Vir3|124681	1
Vir3|124698	1
Vir3|124740	2
Vir3|124771	1
Vir3|124808	1
Vir3|124837	1
Vir3|124838	1
Vir3|124869	1
Vir3|124880	1
Vir3|124896	1
Vir3|124900	1
Vir3|124938	1
Vir3|124954	1
Vir3|124961	1
Vir3|124964	1
Vir3|124980	1
Vir3|125070	2
Vir3|125134	1
Vir3|125143	1
Vir3|125269	1
Vir3|125332	1
Vir3|125345	1
Vir3|125361	1
Vir3|125375	1
Vir3|125403	1
Vir3|125426	1
Vir3|125433	1
Vir3|125448	1
Vir3|125516	1
Vir3|125553	1
Vir3|125568	1
Vir3|125580	1
Vir3|125692	1
Vir3|125717	1
Vir3|125724	1
Vir3|125782	1
Vir3|125801	1
Vir3|125833	2
Vir3|125875	1
Vir3|125885	1
Vir3|125921	2
Vir3|125924	1
Vir3|125943	1
Vir3|126030	1
Vir3|126031	1
Vir3|126036	1
Vir3|126061	1
Vir3|126076	2
Vir3|126121	1
Vir3|126161	2
Vir3|126193	1
Vir3|12624	1
Vir3|126331	1
Vir3|126338	3
Vir3|126349	1
Vir3|12637	1
Vir3|126417	1
Vir3|126484	1
Vir3|126496	1
Vir3|126498	1
Vir3|126536	1
Vir3|126570	1
Vir3|126622	1
Vir3|12673	1
Vir3|126764	1
Vir3|126801	1
Vir3|126862	1
Vir3|126881	2
Vir3|126910	1
Vir3|126926	1
Vir3|126962	1
Vir3|126981	1
Vir3|12699	1
Vir3|127001	1
Vir3|127005	1
Vir3|127009	1
Vir3|127012	1
Vir3|127039	1
Vir3|127047	1
Vir3|127083	1
Vir3|12718	1
Vir3|127197	1
Vir3|127259	1
Vir3|127270	1
Vir3|127273	1
Vir3|127274	1
Vir3|127281	1
Vir3|127304	1
Vir3|127306	1
Vir3|127321	1
Vir3|127338	3
Vir3|127355	1
Vir3|127491	1
Vir3|127496	1
Vir3|127511	1
Vir3|127562	1
Vir3|127604	1
Vir3|127611	1
Vir3|127715	1
Vir3|12779	1
Vir3|127906	1
Vir3|127971	1
Vir3|127990	1
Vir3|128001	2
Vir3|128044	2
Vir3|128097	1
Vir3|128170	1
Vir3|128191	1
Vir3|128205	1
Vir3|128213	1
Vir3|128268	1
Vir3|12873	1
Vir3|12885	1
Vir3|13025	1
Vir3|13040	1
Vir3|13078	1
Vir3|13093	1
Vir3|131	1
Vir3|13119	1
Vir3|13131	1
Vir3|13132	2
Vir3|13194	1
Vir3|13243	1
Vir3|13307	1
Vir3|13309	1
Vir3|13376	1
Vir3|1338	1
Vir3|13459	1
Vir3|13565	1
Vir3|13651	1
Vir3|13714	1
Vir3|13726	1
Vir3|1376	1
Vir3|13805	1
Vir3|1381	1
Vir3|13868	2
Vir3|1393	1
Vir3|13933	1
Vir3|14081	1
Vir3|14097	2
Vir3|1414	2
Vir3|14214	1
Vir3|14328	1
Vir3|14365	1
Vir3|14410	1
Vir3|14466	1
Vir3|14591	2
Vir3|14595	1
Vir3|14616	1
Vir3|14628	1
Vir3|14644	1
Vir3|14654	1
Vir3|14701	1
Vir3|14738	1
Vir3|14938	1
Vir3|14942	1
Vir3|14966	1
Vir3|14968	1
Vir3|15104	1
Vir3|15155	1
Vir3|15159	1
Vir3|15171	2
Vir3|15260	1
Vir3|15338	1
Vir3|15340	1
Vir3|15365	1
Vir3|15394	1
Vir3|15496	1
Vir3|15511	1
Vir3|15544	1
Vir3|15549	1
Vir3|15610	1
Vir3|15613	1
Vir3|15666	1
Vir3|15719	1
Vir3|15736	1
Vir3|15738	1
Vir3|15796	1
Vir3|15797	1
Vir3|15844	1
Vir3|15898	1
Vir3|15971	1
Vir3|15976	1
Vir3|16064	1
Vir3|16090	1
Vir3|16143	1
Vir3|16197	1
Vir3|16205	1
Vir3|16221	1
Vir3|16242	1
Vir3|16308	1
Vir3|16331	1
Vir3|16417	1
Vir3|16427	1
Vir3|1650	1
Vir3|16506	1
Vir3|1657	1
Vir3|16619	1
Vir3|16623	1
Vir3|16663	1
Vir3|16664	1
Vir3|16795	2
Vir3|16796	4
Vir3|16808	1
Vir3|16859	1
Vir3|169	1
Vir3|16903	1
Vir3|1691	1
Vir3|16992	1
Vir3|17	1
Vir3|17027	1
Vir3|17077	1
Vir3|1709	1
Vir3|17099	1
Vir3|17201	1
Vir3|17250	1
Vir3|17259	1
Vir3|17330	1
Vir3|17467	1
Vir3|17505	1
Vir3|17523	1
Vir3|17584	1
Vir3|17625	1
Vir3|17678	1
Vir3|17812	1
Vir3|17862	1
Vir3|17873	1
Vir3|17911	1
Vir3|17987	1
Vir3|18095	1
Vir3|18108	1
Vir3|1812	1
Vir3|18127	1
Vir3|18138	1
Vir3|18143	1
Vir3|18144	1
Vir3|18288	1
Vir3|18320	1
Vir3|18347	1
Vir3|18349	1
Vir3|18407	1
Vir3|1857	1
Vir3|18671	1
Vir3|18731	1
Vir3|18824	1
Vir3|18830	1
Vir3|18842	1
Vir3|19097	1
Vir3|19158	1
Vir3|19160	1
Vir3|19177	1
Vir3|19188	1
Vir3|19234	1
Vir3|19281	1
Vir3|19340	1
Vir3|19385	1
Vir3|19473	1
Vir3|1954	1
Vir3|19547	1
Vir3|19559	1
Vir3|19636	2
Vir3|19642	1
Vir3|19650	2
Vir3|19651	1
Vir3|19656	1
Vir3|19731	1
Vir3|19770	2
Vir3|19777	1
Vir3|19807	1
Vir3|19813	1
Vir3|19818	1
Vir3|19831	1
Vir3|19834	1
Vir3|19841	1
Vir3|19845	1
Vir3|19903	1
Vir3|19906	1
Vir3|19908	1
Vir3|19939	1
Vir3|20124	1
Vir3|20171	1
Vir3|20190	1
Vir3|20194	1
Vir3|20266	1
Vir3|20282	1
Vir3|20361	1
Vir3|20370	1
Vir3|20380	1
Vir3|20420	1
Vir3|20428	1
Vir3|2044	1
Vir3|20482	2
Vir3|20505	1
Vir3|20508	1
Vir3|20513	1
Vir3|20528	1
Vir3|20559	1
Vir3|20569	1
Vir3|20624	1
Vir3|20643	1
Vir3|20651	1
Vir3|20754	1
Vir3|20776	2
Vir3|20839	1
Vir3|20876	1
Vir3|20899	1
Vir3|20911	1
Vir3|20974	1
Vir3|20990	1
Vir3|20991	1
Vir3|20997	1
Vir3|21065	1
Vir3|21108	2
Vir3|21184	1
Vir3|21205	1
Vir3|21206	1
Vir3|21241	1
Vir3|21250	2
Vir3|21310	2
Vir3|21409	1
Vir3|21482	1
Vir3|21577	1
Vir3|21627	1
Vir3|21632	1
Vir3|21655	1
Vir3|21706	1
Vir3|21716	2
Vir3|21777	1
Vir3|21858	1
Vir3|21864	1
Vir3|2191	1
Vir3|21949	1
Vir3|22067	1
Vir3|2207	1
Vir3|22114	1
Vir3|22133	1
Vir3|22281	1
Vir3|22361	1
Vir3|22362	1
Vir3|22372	1
Vir3|22440	1
Vir3|22457	1
Vir3|22502	1
Vir3|22590	1
Vir3|226	1
Vir3|22627	1
Vir3|22649	1
Vir3|227	4
Vir3|22716	1
Vir3|22733	1
Vir3|22783	1
Vir3|228	1
Vir3|22870	1
Vir3|229	1
Vir3|22907	1
Vir3|22932	1
Vir3|22954	1
Vir3|23054	1
Vir3|23066	2
Vir3|23067	1
Vir3|23126	1
Vir3|23167	1
Vir3|23217	1
Vir3|23234	1
Vir3|23240	1
Vir3|2326	1
Vir3|23261	1
Vir3|23278	1
Vir3|23326	1
Vir3|23327	1
Vir3|23388	1
Vir3|23395	1
Vir3|23491	1
Vir3|23492	1
Vir3|23495	1
Vir3|23513	1
Vir3|23523	1
Vir3|23658	1
Vir3|23666	1
Vir3|23671	1
Vir3|23675	1
Vir3|23689	1
Vir3|23723	1
Vir3|23847	1
Vir3|23982	1
Vir3|24015	1
Vir3|24031	2
Vir3|24080	1
Vir3|24126	1
Vir3|24138	1
Vir3|24151	1
Vir3|24196	1
Vir3|24223	1
Vir3|24233	1
Vir3|24265	1
Vir3|24313	1
Vir3|24325	1
Vir3|24329	1
Vir3|2435	1
Vir3|24363	1
Vir3|24413	1
Vir3|24414	1
Vir3|24434	1
Vir3|24504	1
Vir3|2453	1
Vir3|2463	1
Vir3|24662	1
Vir3|24663	1
Vir3|24666	1
Vir3|24767	1
Vir3|24774	1
Vir3|24781	1
Vir3|24810	1
Vir3|24890	1
Vir3|24894	1
Vir3|24920	1
Vir3|24942	1
Vir3|24966	1
Vir3|24967	1
Vir3|25075	1
Vir3|25084	1
Vir3|25101	1
Vir3|25303	2
Vir3|25317	2
Vir3|25379	1
Vir3|25446	1
Vir3|25461	1
Vir3|25606	1
Vir3|25613	1
Vir3|2562	1
Vir3|25647	1
Vir3|25667	1
Vir3|25681	1
Vir3|25682	1
Vir3|25736	1
Vir3|25852	1
Vir3|25927	1
Vir3|26055	1
Vir3|26161	1
Vir3|26192	1
Vir3|26218	1
Vir3|26243	1
Vir3|26254	1
Vir3|26263	1
Vir3|26292	1
Vir3|26432	1
Vir3|26542	1
Vir3|26557	1
Vir3|26604	1
Vir3|26636	1
Vir3|2668	1
Vir3|26692	1
Vir3|26713	1
Vir3|26838	1
Vir3|26860	1
Vir3|26897	1
Vir3|26901	1
Vir3|2694	1
Vir3|26961	1
Vir3|26983	1
Vir3|27023	1
Vir3|27125	1
Vir3|27156	1
Vir3|27234	1
Vir3|27319	1
Vir3|27334	1
Vir3|27468	1
Vir3|27474	98
Vir3|27475	86
Vir3|27493	1
Vir3|27495	1
Vir3|2751	1
Vir3|27520	1
Vir3|2753	1
Vir3|27670	1
Vir3|27674	1
Vir3|2775	1
Vir3|27816	1
Vir3|27848	1
Vir3|27864	1
Vir3|2787	1
Vir3|27883	1
Vir3|2790	1
Vir3|27913	1
Vir3|27920	1
Vir3|27983	1
Vir3|28008	1
Vir3|28009	2
Vir3|28011	3
Vir3|28012	2
Vir3|28018	2
Vir3|28019	1
Vir3|28036	1
Vir3|28037	1
Vir3|28038	2
Vir3|28043	1
Vir3|28049	2
Vir3|28053	1
Vir3|28056	2
Vir3|28068	1
Vir3|28095	3
Vir3|28097	1
Vir3|28098	1
Vir3|28106	1
Vir3|28116	2
Vir3|28117	2
Vir3|28120	1
Vir3|28121	1
Vir3|28123	1
Vir3|28124	1
Vir3|28129	1
Vir3|28133	1
Vir3|28143	1
Vir3|28147	1
Vir3|28150	2
Vir3|28151	1
Vir3|28159	1
Vir3|28160	1
Vir3|28162	1
Vir3|28163	2
Vir3|28168	1
Vir3|28179	1
Vir3|28183	1
Vir3|28184	2
Vir3|28185	4
Vir3|28189	1
Vir3|2819	1
Vir3|28190	1
Vir3|28198	1
Vir3|28202	2
Vir3|28204	4
Vir3|28206	2
Vir3|28207	2
Vir3|28215	1
Vir3|28224	1
Vir3|28227	1
Vir3|28229	1
Vir3|28233	2
Vir3|28234	2
Vir3|2824	1
Vir3|28241	4
Vir3|28242	3
Vir3|28243	1
Vir3|28244	2
Vir3|28249	1
Vir3|28282	2
Vir3|28306	1
Vir3|28314	1
Vir3|28329	2
Vir3|28351	2
Vir3|28358	1
Vir3|28372	5
Vir3|28373	6
Vir3|2839	1
Vir3|28396	2
Vir3|28404	1
Vir3|28414	1
Vir3|28415	2
Vir3|2842	1
Vir3|28435	1
Vir3|28438	1
Vir3|28467	1
Vir3|28473	1
Vir3|28490	1
Vir3|28509	1
Vir3|28511	1
Vir3|28515	1
Vir3|28516	1
Vir3|28522	1
Vir3|28527	1
Vir3|28528	2
Vir3|28529	3
Vir3|28530	5
Vir3|28531	1
Vir3|28561	1
Vir3|28574	15
Vir3|28575	14
Vir3|28603	1
Vir3|28611	1
Vir3|28618	8
Vir3|28619	8
Vir3|28645	1
Vir3|28672	2
Vir3|28673	2
Vir3|28674	3
Vir3|28675	1
Vir3|28676	1
Vir3|28700	1
Vir3|28713	1
Vir3|28770	4
Vir3|28771	3
Vir3|28811	1
Vir3|28827	1
Vir3|28835	1
Vir3|28849	1
Vir3|28911	3
Vir3|28912	4
Vir3|28923	1
Vir3|28924	1
Vir3|28935	1
Vir3|28944	5
Vir3|28945	4
Vir3|28967	1
Vir3|29005	3
Vir3|29016	1
Vir3|29039	1
Vir3|29051	2
Vir3|29101	4
Vir3|29102	3
Vir3|29106	1
Vir3|29128	1
Vir3|29145	1
Vir3|29164	1
Vir3|29173	1
Vir3|29181	1
Vir3|29227	2
Vir3|29228	1
Vir3|29231	4
Vir3|29232	3
Vir3|29259	1
Vir3|2926	2
Vir3|29281	1
Vir3|29291	1
Vir3|29329	1
Vir3|29398	1
Vir3|29425	1
Vir3|29429	2
Vir3|29434	1
Vir3|29445	1
Vir3|29447	8
Vir3|29448	3
Vir3|29450	1
Vir3|29451	1
Vir3|29456	1
Vir3|29460	1
Vir3|29468	1
Vir3|29481	1
Vir3|29482	1
Vir3|29490	1
Vir3|29494	1
Vir3|29496	1
Vir3|29500	1
Vir3|29525	3
Vir3|29526	4
Vir3|29528	2
Vir3|29529	2
Vir3|29573	1
Vir3|29582	1
Vir3|29608	1
Vir3|29609	1
Vir3|29612	1
Vir3|29613	2
Vir3|29654	2
Vir3|29655	2
Vir3|29656	1
Vir3|29672	1
Vir3|29676	5
Vir3|29677	2
Vir3|29701	3
Vir3|29708	1
Vir3|29714	5
Vir3|29715	4
Vir3|29720	1
Vir3|29727	1
Vir3|29880	1
Vir3|29889	1
Vir3|29914	1
Vir3|29950	1
Vir3|29957	1
Vir3|30016	1
Vir3|30076	1
Vir3|30079	1
Vir3|30115	1
Vir3|30117	1
Vir3|30216	1
Vir3|30385	1
Vir3|30401	1
Vir3|30402	1
Vir3|30423	1
Vir3|30558	1
Vir3|30604	1
Vir3|30666	1
Vir3|30709	1
Vir3|30769	1
Vir3|30793	1
Vir3|30820	1
Vir3|30881	1
Vir3|30916	1
Vir3|30937	1
Vir3|30947	2
Vir3|30950	1
Vir3|30982	1
Vir3|30996	1
Vir3|30997	1
Vir3|31023	1
Vir3|31183	1
Vir3|31217	1
Vir3|31238	1
Vir3|31251	1
Vir3|31264	1
Vir3|31276	2
Vir3|31279	1
Vir3|31351	1
Vir3|31377	1
Vir3|31462	1
Vir3|31475	1
Vir3|31521	1
Vir3|31545	1
Vir3|31558	1
Vir3|31564	1
Vir3|31738	1
Vir3|31923	1
Vir3|31935	1
Vir3|31939	1
Vir3|3198	1
Vir3|32019	1
Vir3|32069	1
Vir3|32073	1
Vir3|32132	1
Vir3|3214	1
Vir3|32275	1
Vir3|32301	1
Vir3|32361	1
Vir3|32373	1
Vir3|32411	1
Vir3|32582	1
Vir3|32612	1
Vir3|32671	1
Vir3|32713	1
Vir3|32852	1
Vir3|3288	1
Vir3|32941	1
Vir3|32982	2
Vir3|32993	1
Vir3|33036	2
Vir3|33050	1
Vir3|33179	1
Vir3|33243	1
Vir3|33261	2
Vir3|33292	1
Vir3|33324	1
Vir3|33366	16
Vir3|33412	1
Vir3|33421	1
Vir3|33422	1
Vir3|33462	1
Vir3|33483	1
Vir3|33499	1
Vir3|33512	1
Vir3|3369	1
Vir3|33819	1
Vir3|33850	1
Vir3|33859	1
Vir3|33889	1
Vir3|33947	1
Vir3|33989	1
Vir3|3402	1
Vir3|34023	1
Vir3|34089	1
Vir3|34105	1
Vir3|34122	1
Vir3|34211	1
Vir3|34246	1
Vir3|34265	1
Vir3|34410	1
Vir3|34580	1
Vir3|34622	1
Vir3|34634	1
Vir3|34637	1
Vir3|34655	1
Vir3|3468	1
Vir3|3469	1
Vir3|34841	1
Vir3|34843	1
Vir3|34890	1
Vir3|34896	1
Vir3|34920	1
Vir3|34972	1
Vir3|3501	1
Vir3|3502	1
Vir3|35093	1
Vir3|35119	1
Vir3|35157	1
Vir3|35227	1
Vir3|3526	1
Vir3|35325	1
Vir3|35330	1
Vir3|35362	1
Vir3|35373	1
Vir3|35393	1
Vir3|35456	1
Vir3|35491	1
Vir3|35517	2
Vir3|3552	1
Vir3|35537	1
Vir3|35562	1
Vir3|35601	1
Vir3|35603	1
Vir3|35607	1
Vir3|35677	1
Vir3|35679	1
Vir3|35838	1
Vir3|35990	1
Vir3|35998	1
Vir3|36083	1
Vir3|36208	1
Vir3|36231	1
Vir3|36243	1
Vir3|36346	1
Vir3|36352	1
Vir3|36357	1
Vir3|36365	1
Vir3|36367	1
Vir3|364	1
Vir3|36428	1
Vir3|36429	1
Vir3|3643	1
Vir3|36512	1
Vir3|36578	1
Vir3|3663	1
Vir3|36729	1
Vir3|36757	1
Vir3|36770	1
Vir3|36815	1
Vir3|3688	1
Vir3|3696	1
Vir3|36960	1
Vir3|37026	1
Vir3|3706	1
Vir3|37101	1
Vir3|37127	1
Vir3|37162	1
Vir3|37218	1
Vir3|37293	1
Vir3|37319	1
Vir3|37341	1
Vir3|37355	1
Vir3|37371	1
Vir3|37392	1
Vir3|37422	1
Vir3|37431	1
Vir3|37473	1
Vir3|37528	1
Vir3|37546	1
Vir3|37566	1
Vir3|37606	1
Vir3|37638	1
Vir3|37647	1
Vir3|37680	1
Vir3|37687	1
Vir3|37759	1
Vir3|37768	1
Vir3|37780	1
Vir3|37781	1
Vir3|37798	1
Vir3|37836	2
Vir3|37981	1
Vir3|38007	2
Vir3|38054	1
Vir3|38190	1
Vir3|38327	1
Vir3|38375	1
Vir3|38393	1
Vir3|38452	1
Vir3|38504	1
Vir3|3851	1
Vir3|3852	1
Vir3|38710	1
Vir3|38711	1
Vir3|38722	1
Vir3|38743	1
Vir3|38802	1
Vir3|38811	1
Vir3|38812	1
Vir3|3894	1
Vir3|38941	1
Vir3|38997	1
Vir3|39	1
Vir3|39000	1
Vir3|39005	1
Vir3|39023	1
Vir3|39034	1
Vir3|3904	1
Vir3|39065	2
Vir3|39104	1
Vir3|3911	1
Vir3|39111	1
Vir3|39116	1
Vir3|39152	1
Vir3|39194	1
Vir3|39246	1
Vir3|39262	1
Vir3|39267	1
Vir3|3927	1
Vir3|39283	1
Vir3|39319	1
Vir3|39374	1
Vir3|39375	1
Vir3|39377	1
Vir3|3940	1
Vir3|39522	1
Vir3|39525	1
Vir3|39590	1
Vir3|39679	1
Vir3|39727	1
Vir3|39801	1
Vir3|39861	1
Vir3|3989	1
Vir3|40	1
Vir3|40056	1
Vir3|40057	1
Vir3|40071	1
Vir3|40076	1
Vir3|40113	1
Vir3|40160	1
Vir3|4018	1
Vir3|40185	1
Vir3|40221	1
Vir3|40259	1
Vir3|40332	1
Vir3|40395	1
Vir3|40403	1
Vir3|40412	1
Vir3|40427	1
Vir3|40444	1
Vir3|40459	1
Vir3|4047	1
Vir3|40475	1
Vir3|40479	1
Vir3|40548	1
Vir3|40557	1
Vir3|40609	1
Vir3|40693	1
Vir3|40770	1
Vir3|40887	1
Vir3|40891	1
Vir3|40938	1
Vir3|41026	1
Vir3|41030	1
Vir3|41033	1
Vir3|41115	1
Vir3|41141	1
Vir3|41221	1
Vir3|41286	1
Vir3|41307	1
Vir3|41308	1
Vir3|41339	1
Vir3|4136	1
Vir3|41456	1
Vir3|4146	2
Vir3|41578	1
Vir3|41584	1
Vir3|41586	1
Vir3|41635	1
Vir3|4168	1
Vir3|41686	1
Vir3|41703	1
Vir3|4173	1
Vir3|41799	1
Vir3|41800	1
Vir3|41889	1
Vir3|41921	1
Vir3|41933	1
Vir3|41940	1
Vir3|41961	1
Vir3|42006	1
Vir3|42007	1
Vir3|42054	1
Vir3|42118	1
Vir3|42125	1
Vir3|42132	1
Vir3|42138	1
Vir3|42180	1
Vir3|42312	1
Vir3|42417	1
Vir3|42471	1
Vir3|42519	1
Vir3|42693	1
Vir3|42714	3
Vir3|42800	1
Vir3|42818	1
Vir3|42911	1
Vir3|42940	1
Vir3|42948	1
Vir3|42960	1
Vir3|43004	1
Vir3|43086	78
Vir3|43087	69
Vir3|43106	1
Vir3|43183	1
Vir3|43274	1
Vir3|43283	1
Vir3|43295	1
Vir3|43483	1
Vir3|43503	1
Vir3|43568	1
Vir3|43597	1
Vir3|43648	1
Vir3|43664	1
Vir3|43672	1
Vir3|43678	1
Vir3|43684	1
Vir3|43697	1
Vir3|43773	1
Vir3|43795	1
Vir3|43839	1
Vir3|43860	1
Vir3|43865	1
Vir3|43888	1
Vir3|43921	1
Vir3|43924	1
Vir3|43951	1
Vir3|43978	1
Vir3|4398	1
Vir3|44092	1
Vir3|4420	1
Vir3|4421	1
Vir3|44231	1
Vir3|4442	1
Vir3|4443	1
Vir3|44442	1
Vir3|4446	1
Vir3|44460	1
Vir3|44514	1
Vir3|44580	1
Vir3|44594	1
Vir3|44595	1
Vir3|44602	1
Vir3|44607	1
Vir3|44608	2
Vir3|44647	1
Vir3|44688	1
Vir3|44724	1
Vir3|4473	1
Vir3|44748	1
Vir3|44750	1
Vir3|44783	1
Vir3|44838	1
Vir3|44872	2
Vir3|44911	1
Vir3|44927	1
Vir3|4498	1
Vir3|44987	1
Vir3|45102	1
Vir3|45130	1
Vir3|45165	2
Vir3|45205	1
Vir3|45206	1
Vir3|45237	1
Vir3|4525	1
Vir3|45368	1
Vir3|45441	1
Vir3|45535	1
Vir3|45543	1
Vir3|45631	1
Vir3|45632	1
Vir3|45642	1
Vir3|45663	1
Vir3|45672	1
Vir3|45692	1
Vir3|45705	1
Vir3|45738	1
Vir3|45739	1
Vir3|45755	1
Vir3|45759	1
Vir3|4580	1
Vir3|45814	1
Vir3|45855	1
Vir3|45905	1
Vir3|45985	2
Vir3|46087	1
Vir3|46102	1
Vir3|46124	1
Vir3|46156	1
Vir3|46181	1
Vir3|46380	2
Vir3|46413	1
Vir3|46415	1
Vir3|46511	1
Vir3|46533	1
Vir3|4656	1
Vir3|46680	1
Vir3|46729	1
Vir3|46731	1
Vir3|47234	1
Vir3|47272	1
Vir3|47287	1
Vir3|47347	1
Vir3|47433	1
Vir3|47438	1
Vir3|47475	1
Vir3|47478	4
Vir3|47486	1
Vir3|47489	5
Vir3|47490	1
Vir3|47504	2
Vir3|47508	1
Vir3|47510	4
Vir3|47517	1
Vir3|47559	1
Vir3|47585	1
Vir3|47655	1
Vir3|47842	1
Vir3|47855	1
Vir3|47983	1
Vir3|48045	1
Vir3|48048	1
Vir3|48055	2
Vir3|48073	1
Vir3|48082	1
Vir3|48085	1
Vir3|48105	1
Vir3|48150	1
Vir3|48213	1
Vir3|48230	1
Vir3|48245	1
Vir3|48259	1
Vir3|48289	1
Vir3|4829	1
Vir3|48301	1
Vir3|48320	1
Vir3|48334	1
Vir3|48392	1
Vir3|48415	1
Vir3|48436	1
Vir3|4845	1
Vir3|48485	1
Vir3|48535	1
Vir3|48548	1
Vir3|48556	1
Vir3|4862	1
Vir3|48760	1
Vir3|48794	1
Vir3|4880	1
Vir3|48815	1
Vir3|48839	1
Vir3|48840	1
Vir3|48841	1
Vir3|48846	1
Vir3|48883	1
Vir3|48967	1
Vir3|48973	1
Vir3|48991	1
Vir3|48992	1
Vir3|49030	1
Vir3|49035	1
Vir3|49071	1
Vir3|49102	1
Vir3|49183	1
Vir3|49303	1
Vir3|49342	1
Vir3|49449	1
Vir3|49450	1
Vir3|49536	1
Vir3|49562	1
Vir3|49616	1
Vir3|49650	1
Vir3|49693	1
Vir3|49698	1
Vir3|49720	1
Vir3|49755	1
Vir3|49757	1
Vir3|4978	1
Vir3|49796	1
Vir3|4991	1
Vir3|49922	1
Vir3|49937	1
Vir3|4994	1
Vir3|49949	1
Vir3|49967	1
Vir3|50125	1
Vir3|50166	2
Vir3|50219	1
Vir3|50241	1
Vir3|50308	1
Vir3|50328	1
Vir3|50356	1
Vir3|50569	2
Vir3|5062	1
Vir3|50649	1
Vir3|50650	1
Vir3|50699	1
Vir3|5071	1
Vir3|50718	1
Vir3|50783	1
Vir3|50844	1
Vir3|50853	1
Vir3|50862	1
Vir3|50921	1
Vir3|50925	2
Vir3|50981	1
Vir3|50998	1
Vir3|51127	1
Vir3|51244	1
Vir3|51249	1
Vir3|51273	1
Vir3|51274	1
Vir3|51281	1
Vir3|51294	1
Vir3|51304	1
Vir3|5136	1
Vir3|51485	1
Vir3|51503	1
Vir3|51506	1
Vir3|51699	3
Vir3|51704	2
Vir3|51735	1
Vir3|51739	1
Vir3|51750	3
Vir3|51822	1
Vir3|51824	1
Vir3|51825	1
Vir3|51886	1
Vir3|519	1
Vir3|51950	1
Vir3|51993	1
Vir3|52002	1
Vir3|52003	2
Vir3|52019	2
Vir3|52033	1
Vir3|52034	2
Vir3|52051	1
Vir3|52093	1
Vir3|52128	26
Vir3|52176	3
Vir3|52178	1
Vir3|52200	1
Vir3|52283	1
Vir3|52289	3
Vir3|52292	1
Vir3|52293	2
Vir3|52294	1
Vir3|52331	9
Vir3|52332	7
Vir3|52334	1
Vir3|52389	1
Vir3|52398	1
Vir3|52431	3
Vir3|52432	3
Vir3|52438	1
Vir3|52482	2
Vir3|52483	1
Vir3|52560	1
Vir3|52563	1
Vir3|52584	2
Vir3|52629	1
Vir3|52650	1
Vir3|52659	1
Vir3|52689	1
Vir3|527	2
Vir3|52796	1
Vir3|52848	1
Vir3|52963	1
Vir3|52964	1
Vir3|52988	1
Vir3|52989	2
Vir3|53011	1
Vir3|53022	1
Vir3|53050	1
Vir3|53113	1
Vir3|53122	1
Vir3|5313	1
Vir3|53133	1
Vir3|53138	1
Vir3|53181	1
Vir3|53182	1
Vir3|53210	1
Vir3|53226	1
Vir3|5328	1
Vir3|53292	8
Vir3|53293	1
Vir3|53294	2
Vir3|53313	1
Vir3|53407	1
Vir3|53408	1
Vir3|53509	2
Vir3|53588	1
Vir3|53641	1
Vir3|53652	1
Vir3|53663	1
Vir3|5379	1
Vir3|53831	1
Vir3|53832	1
Vir3|53845	1
Vir3|53908	1
Vir3|53909	1
Vir3|53934	1
Vir3|54000	1
Vir3|5405	1
Vir3|54050	1
Vir3|54062	1
Vir3|54093	1
Vir3|54128	1
Vir3|54131	1
Vir3|54196	1
Vir3|54224	1
Vir3|54302	1
Vir3|54345	1
Vir3|54409	1
Vir3|54504	1
Vir3|54517	1
Vir3|54518	2
Vir3|54601	1
Vir3|54623	1
Vir3|54647	2
Vir3|54705	1
Vir3|54707	1
Vir3|5477	1
Vir3|54793	1
Vir3|54813	1
Vir3|54822	2
Vir3|54845	1
Vir3|54945	1
Vir3|54946	1
Vir3|55011	1
Vir3|55062	1
Vir3|55090	1
Vir3|55096	1
Vir3|55196	1
Vir3|5524	1
Vir3|55381	1
Vir3|55388	1
Vir3|55393	1
Vir3|5541	1
Vir3|55414	1
Vir3|55415	1
Vir3|55453	1
Vir3|55470	1
Vir3|55588	1
Vir3|55659	1
Vir3|5568	1
Vir3|55711	1
Vir3|55731	1
Vir3|55777	1
Vir3|55920	1
Vir3|55922	1
Vir3|55926	1
Vir3|55931	1
Vir3|55967	1
Vir3|55988	1
Vir3|56008	1
Vir3|56023	1
Vir3|56025	1
Vir3|56059	1
Vir3|56069	1
Vir3|56186	2
Vir3|56236	1
Vir3|56245	1
Vir3|56264	1
Vir3|56275	1
Vir3|56316	1
Vir3|56411	1
Vir3|56417	1
Vir3|56491	1
Vir3|56499	1
Vir3|56500	1
Vir3|56582	1
Vir3|56589	2
Vir3|56594	1
Vir3|56692	1
Vir3|56694	1
Vir3|56730	1
Vir3|56750	1
Vir3|56759	2
Vir3|56763	1
Vir3|56779	1
Vir3|56852	1
Vir3|56957	1
Vir3|56978	1
Vir3|57012	1
Vir3|57201	1
Vir3|57213	1
Vir3|57236	1
Vir3|57292	1
Vir3|57340	1
Vir3|57403	1
Vir3|57502	1
Vir3|57542	1
Vir3|57578	1
Vir3|57579	1
Vir3|57609	1
Vir3|57643	2
Vir3|57645	1
Vir3|57655	1
Vir3|57672	1
Vir3|57684	1
Vir3|57705	2
Vir3|57751	1
Vir3|57761	1
Vir3|57768	1
Vir3|57778	1
Vir3|57847	1
Vir3|57898	1
Vir3|57905	1
Vir3|57959	1
Vir3|58028	1
Vir3|58047	1
Vir3|58167	1
Vir3|58250	1
Vir3|5827	1
Vir3|5828	1
Vir3|58346	1
Vir3|5835	1
Vir3|58407	1
Vir3|58435	1
Vir3|58436	1
Vir3|58456	1
Vir3|58490	1
Vir3|58536	1
Vir3|58568	2
Vir3|58644	1
Vir3|58645	1
Vir3|58681	1
Vir3|58812	1
Vir3|58835	1
Vir3|58858	1
Vir3|58863	1
Vir3|58881	1
Vir3|58972	1
Vir3|58999	1
Vir3|590	1
Vir3|59032	1
Vir3|59093	1
Vir3|59108	1
Vir3|59128	1
Vir3|59154	1
Vir3|59177	1
Vir3|59244	1
Vir3|59435	1
Vir3|59456	1
Vir3|5946	1
Vir3|59492	1
Vir3|59495	1
Vir3|59512	1
Vir3|5963	1
Vir3|59711	1
Vir3|5979	2
Vir3|59791	1
Vir3|5980	1
Vir3|59814	1
Vir3|59889	1
Vir3|59921	1
Vir3|59983	1
Vir3|60004	1
Vir3|60152	1
Vir3|60171	1
Vir3|60218	1
Vir3|60221	1
Vir3|60222	1
Vir3|60317	1
Vir3|60326	1
Vir3|6045	1
Vir3|6049	1
Vir3|60492	1
Vir3|60527	1
Vir3|60535	2
Vir3|60564	2
Vir3|60678	2
Vir3|60679	1
Vir3|60716	1
Vir3|60730	1
Vir3|60830	1
Vir3|60855	1
Vir3|60883	1
Vir3|60884	1
Vir3|60970	1
Vir3|61008	1
Vir3|61027	1
Vir3|61041	1
Vir3|6107	1
Vir3|61078	1
Vir3|61142	1
Vir3|61143	1
Vir3|61196	1
Vir3|61313	1
Vir3|61324	1
Vir3|61432	1
Vir3|6144	1
Vir3|61447	2
Vir3|61448	1
Vir3|6148	1
Vir3|61502	1
Vir3|61552	1
Vir3|61554	2
Vir3|61555	2
Vir3|61563	1
Vir3|61584	1
Vir3|61609	1
Vir3|61612	1
Vir3|61668	1
Vir3|61669	1
Vir3|61718	1
Vir3|61808	1
Vir3|61847	1
Vir3|61890	1
Vir3|620	1
Vir3|62050	2
Vir3|62093	1
Vir3|621	2
Vir3|62101	1
Vir3|62109	1
Vir3|62256	1
Vir3|62296	1
Vir3|62298	1
Vir3|62299	1
Vir3|62348	1
Vir3|62385	1
Vir3|6260	1
Vir3|62728	1
Vir3|62867	1
Vir3|62868	1
Vir3|62892	1
Vir3|6300	1
Vir3|63038	1
Vir3|63064	1
Vir3|63065	1
Vir3|63089	1
Vir3|63140	1
Vir3|63171	1
Vir3|63185	1
Vir3|63258	1
Vir3|63324	1
Vir3|6343	1
Vir3|63519	1
Vir3|63615	1
Vir3|63627	1
Vir3|63688	1
Vir3|63759	1
Vir3|63765	1
Vir3|63768	1
Vir3|63779	1
Vir3|63853	1
Vir3|63910	1
Vir3|6396	1
Vir3|63978	1
Vir3|63979	1
Vir3|6401	1
Vir3|6402	1
Vir3|64025	1
Vir3|64030	1
Vir3|64065	1
Vir3|64079	1
Vir3|6409	1
Vir3|64155	1
Vir3|64196	1
Vir3|64213	1
Vir3|6426	1
Vir3|64268	1
Vir3|64269	1
Vir3|64311	1
Vir3|64336	2
Vir3|64379	1
Vir3|64402	1
Vir3|64506	1
Vir3|64584	1
Vir3|64585	1
Vir3|64645	1
Vir3|64651	1
Vir3|64670	1
Vir3|64695	1
Vir3|64792	1
Vir3|64849	1
Vir3|64923	1
Vir3|65032	1
Vir3|65125	1
Vir3|65143	1
Vir3|65145	1
Vir3|6518	1
Vir3|65190	1
Vir3|65256	1
Vir3|65261	1
Vir3|6530	1
Vir3|65359	1
Vir3|65366	1
Vir3|65418	1
Vir3|65425	1
Vir3|65426	1
Vir3|65428	1
Vir3|65482	1
Vir3|65489	1
Vir3|65508	1
Vir3|65579	1
Vir3|65639	1
Vir3|65684	1
Vir3|65686	2
Vir3|65692	1
Vir3|65695	1
Vir3|6570	1
Vir3|65710	1
Vir3|65711	1
Vir3|65716	1
Vir3|65827	1
Vir3|65833	1
Vir3|65856	1
Vir3|65881	3
Vir3|65895	2
Vir3|65908	1
Vir3|65921	1
Vir3|66038	1
Vir3|66057	1
Vir3|66085	1
Vir3|66095	1
Vir3|66141	1
Vir3|66305	1
Vir3|66315	1
Vir3|66347	1
Vir3|66376	1
Vir3|6638	1
Vir3|66427	1
Vir3|6643	1
Vir3|66449	1
Vir3|66563	1
Vir3|66566	1
Vir3|66577	1
Vir3|66600	1
Vir3|66627	1
Vir3|66651	1
Vir3|66689	1
Vir3|66766	1
Vir3|66781	1
Vir3|66793	1
Vir3|66854	1
Vir3|66855	1
Vir3|66870	1
Vir3|66893	1
Vir3|66910	1
Vir3|66921	1
Vir3|66967	1
Vir3|67004	1
Vir3|67012	1
Vir3|67031	1
Vir3|67049	1
Vir3|67052	1
Vir3|67076	1
Vir3|6711	1
Vir3|67188	1
Vir3|67201	1
Vir3|67203	1
Vir3|67323	1
Vir3|67375	2
Vir3|67399	2
Vir3|67433	2
Vir3|67477	1
Vir3|67523	1
Vir3|67525	1
Vir3|67532	1
Vir3|67534	1
Vir3|67552	1
Vir3|67561	1
Vir3|67597	2
Vir3|67618	1
Vir3|67623	1
Vir3|67672	1
Vir3|67698	1
Vir3|67797	1
Vir3|67802	1
Vir3|67819	1
Vir3|67898	2
Vir3|67926	1
Vir3|67947	1
Vir3|68029	1
Vir3|68048	1
Vir3|68172	1
Vir3|68179	1
Vir3|68215	1
Vir3|68289	1
Vir3|68354	2
Vir3|68419	1
Vir3|6842	1
Vir3|68436	1
Vir3|68459	1
Vir3|68467	1
Vir3|68500	1
Vir3|68550	1
Vir3|68556	1
Vir3|68573	1
Vir3|68752	1
Vir3|68782	1
Vir3|68785	1
Vir3|68812	1
Vir3|68822	1
Vir3|68828	1
Vir3|68878	2
Vir3|69022	1
Vir3|69091	1
Vir3|69135	2
Vir3|69166	1
Vir3|69282	1
Vir3|69288	1
Vir3|69304	1
Vir3|69350	1
Vir3|69463	1
Vir3|69568	1
Vir3|69645	1
Vir3|6967	2
Vir3|69714	1
Vir3|69928	1
Vir3|69929	1
Vir3|69970	1
Vir3|69975	1
Vir3|70063	1
Vir3|7008	1
Vir3|70103	1
Vir3|70154	1
Vir3|70194	1
Vir3|70234	1
Vir3|70281	1
Vir3|70300	1
Vir3|70301	1
Vir3|70318	1
Vir3|70335	1
Vir3|70349	1
Vir3|70372	1
Vir3|7043	1
Vir3|70451	1
Vir3|70591	1
Vir3|70614	1
Vir3|70617	1
Vir3|70696	1
Vir3|70697	1
Vir3|70734	1
Vir3|70878	1
Vir3|7088	1
Vir3|70891	1
Vir3|70950	1
Vir3|71007	1
Vir3|71020	1
Vir3|71021	1
Vir3|71077	1
Vir3|71091	1
Vir3|71275	1
Vir3|71328	2
Vir3|71447	1
Vir3|71473	1
Vir3|71499	1
Vir3|71508	1
Vir3|71518	1
Vir3|71543	1
Vir3|71633	1
Vir3|7166	1
Vir3|71730	1
Vir3|71750	1
Vir3|71844	1
Vir3|71877	1
Vir3|71929	1
Vir3|71946	2
Vir3|71967	1
Vir3|72026	1
Vir3|72064	1
Vir3|7210	1
Vir3|72171	1
Vir3|72206	1
Vir3|72247	1
Vir3|7235	1
Vir3|72408	1
Vir3|72482	1
Vir3|72496	2
Vir3|725	1
Vir3|72533	1
Vir3|72542	1
Vir3|72548	1
Vir3|7255	1
Vir3|7256	2
Vir3|72609	1
Vir3|72611	1
Vir3|72614	1
Vir3|72730	1
Vir3|72805	1
Vir3|72818	1
Vir3|7285	1
Vir3|72863	1
Vir3|7290	1
Vir3|72978	1
Vir3|73060	1
Vir3|73087	1
Vir3|73233	1
Vir3|73234	1
Vir3|7331	1
Vir3|73357	1
Vir3|73376	1
Vir3|73452	1
Vir3|73465	2
Vir3|73466	1
Vir3|73499	1
Vir3|73557	1
Vir3|73570	1
Vir3|7361	1
Vir3|73896	1
Vir3|739	1
Vir3|73918	1
Vir3|73964	1
Vir3|73987	1
Vir3|73988	1
Vir3|74005	1
Vir3|7403	1
Vir3|74088	1
Vir3|74089	1
Vir3|74145	1
Vir3|74182	1
Vir3|74187	1
Vir3|74200	1
Vir3|74263	1
Vir3|74264	1
Vir3|74279	1
Vir3|74384	2
Vir3|7442	1
Vir3|74549	1
Vir3|74629	1
Vir3|74712	1
Vir3|74713	1
Vir3|74864	1
Vir3|74902	1
Vir3|75082	1
Vir3|75096	1
Vir3|75097	1
Vir3|75114	1
Vir3|75167	1
Vir3|75179	1
Vir3|7526	1
Vir3|75405	1
Vir3|75490	1
Vir3|75530	1
Vir3|7554	1
Vir3|75629	1
Vir3|75679	1
Vir3|75685	1
Vir3|75688	1
Vir3|75698	1
Vir3|75745	1
Vir3|75810	1
Vir3|75839	2
Vir3|75896	1
Vir3|75947	1
Vir3|7598	2
Vir3|76019	1
Vir3|76031	1
Vir3|76135	1
Vir3|76139	1
Vir3|76141	1
Vir3|76149	1
Vir3|76155	1
Vir3|76163	1
Vir3|76179	1
Vir3|7627	1
Vir3|76276	2
Vir3|76309	1
Vir3|7631	1
Vir3|76325	1
Vir3|76362	1
Vir3|76447	1
Vir3|76498	1
Vir3|7650	1
Vir3|7651	1
Vir3|76695	1
Vir3|76736	2
Vir3|76744	1
Vir3|7675	1
Vir3|76773	1
Vir3|76775	1
Vir3|76790	1
Vir3|76806	1
Vir3|7685	1
Vir3|76963	1
Vir3|77039	1
Vir3|77102	1
Vir3|77233	1
Vir3|77236	1
Vir3|7726	1
Vir3|77290	1
Vir3|77291	1
Vir3|77292	1
Vir3|77327	1
Vir3|77452	1
Vir3|77528	1
Vir3|77551	1
Vir3|77631	2
Vir3|7769	1
Vir3|77722	1
Vir3|77735	1
Vir3|77803	1
Vir3|77804	1
Vir3|77907	1
Vir3|77923	1
Vir3|77957	1
Vir3|78038	1
Vir3|78182	1
Vir3|78230	1
Vir3|78281	1
Vir3|78289	1
Vir3|7830	1
Vir3|78441	1
Vir3|78457	1
Vir3|78557	1
Vir3|78563	1
Vir3|78583	1
Vir3|78606	1
Vir3|78649	1
Vir3|78763	1
Vir3|78770	1
Vir3|78776	1
Vir3|78836	1
Vir3|78887	1
Vir3|78959	1
Vir3|79014	1
Vir3|79093	1
Vir3|79115	1
Vir3|79122	1
Vir3|79126	1
Vir3|79184	1
Vir3|79185	1
Vir3|79186	1
Vir3|79212	1
Vir3|79222	1
Vir3|79244	1
Vir3|79315	1
Vir3|79316	1
Vir3|7938	2
Vir3|79395	1
Vir3|79402	1
Vir3|7943	1
Vir3|79463	1
Vir3|79522	1
Vir3|79547	1
Vir3|79566	1
Vir3|79650	1
Vir3|79705	1
Vir3|79747	1
Vir3|79787	1
Vir3|79816	1
Vir3|79865	1
Vir3|79909	1
Vir3|79942	1
Vir3|8000	1
Vir3|8001	1
Vir3|80012	1
Vir3|80033	1
Vir3|80089	1
Vir3|80113	2
Vir3|80174	1
Vir3|80252	1
Vir3|80343	1
Vir3|80394	1
Vir3|80405	1
Vir3|80425	1
Vir3|80457	1
Vir3|80460	1
Vir3|80552	1
Vir3|80553	1
Vir3|80562	1
Vir3|80625	1
Vir3|80640	1
Vir3|80641	1
Vir3|80775	1
Vir3|80820	1
Vir3|80852	1
Vir3|80966	1
Vir3|80989	1
Vir3|80998	2
Vir3|81062	1
Vir3|81119	1
Vir3|81132	1
Vir3|8127	1
Vir3|8132	1
Vir3|81339	1
Vir3|81343	1
Vir3|81371	1
Vir3|81389	1
Vir3|81417	1
Vir3|81505	1
Vir3|81516	1
Vir3|81529	1
Vir3|8153	1
Vir3|81530	1
Vir3|81633	1
Vir3|81636	1
Vir3|81644	1
Vir3|81666	1
Vir3|81803	1
Vir3|81822	1
Vir3|81828	1
Vir3|81845	1
Vir3|81887	1
Vir3|81925	1
Vir3|81975	1
Vir3|82019	1
Vir3|82068	1
Vir3|821	1
Vir3|82250	1
Vir3|82251	1
Vir3|82372	1
Vir3|82410	1
Vir3|82482	1
Vir3|82794	1
Vir3|82812	1
Vir3|82816	2
Vir3|82877	1
Vir3|82924	1
Vir3|82995	1
Vir3|83013	1
Vir3|83023	1
Vir3|83097	1
Vir3|83108	1
Vir3|83144	1
Vir3|83170	1
Vir3|83202	1
Vir3|83224	1
Vir3|83228	1
Vir3|8323	1
Vir3|833	1
Vir3|83309	1
Vir3|83378	1
Vir3|83408	1
Vir3|83445	1
Vir3|83477	1
Vir3|83502	1
Vir3|83589	1
Vir3|83628	1
Vir3|83710	2
Vir3|83770	2
Vir3|83789	1
Vir3|83831	1
Vir3|8384	1
Vir3|83959	1
Vir3|83996	1
Vir3|84072	1
Vir3|84120	1
Vir3|84184	1
Vir3|84248	2
Vir3|84274	2
Vir3|8433	1
Vir3|84435	1
Vir3|8444	1
Vir3|8447	1
Vir3|84486	1
Vir3|84493	1
Vir3|84497	1
Vir3|84513	1
Vir3|84550	1
Vir3|84559	1
Vir3|84592	1
Vir3|84665	1
Vir3|84735	1
Vir3|84787	2
Vir3|84816	1
Vir3|84859	1
Vir3|84908	1
Vir3|8492	1
Vir3|84953	1
Vir3|8499	1
Vir3|8502	1
Vir3|85216	1
Vir3|8522	1
Vir3|85223	1
Vir3|85277	1
Vir3|8530	2
Vir3|85309	1
Vir3|8532	1
Vir3|85336	1
Vir3|85518	1
Vir3|85522	2
Vir3|85599	1
Vir3|856	1
Vir3|85671	1
Vir3|85705	1
Vir3|85800	1
Vir3|85801	1
Vir3|85810	1
Vir3|85817	1
Vir3|85837	1
Vir3|85840	1
Vir3|85889	1
Vir3|85901	1
Vir3|85954	1
Vir3|85968	1
Vir3|85989	1
Vir3|85991	1
Vir3|8618	1
Vir3|8622	1
Vir3|86253	1
Vir3|86266	1
Vir3|8632	1
Vir3|86333	1
Vir3|86338	1
Vir3|86346	2
Vir3|86404	1
Vir3|86616	1
Vir3|86634	1
Vir3|86669	1
Vir3|86839	1
Vir3|86872	1
Vir3|86896	1
Vir3|86909	1
Vir3|86921	1
Vir3|86997	1
Vir3|8701	1
Vir3|87034	1
Vir3|8706	1
Vir3|8707	1
Vir3|87075	1
Vir3|87116	1
Vir3|87133	1
Vir3|87135	1
Vir3|87156	1
Vir3|87195	1
Vir3|87240	2
Vir3|87243	1
Vir3|8729	1
Vir3|87295	1
Vir3|87354	1
Vir3|8738	1
Vir3|87422	1
Vir3|8745	1
Vir3|87509	1
Vir3|87523	1
Vir3|87703	1
Vir3|8778	1
Vir3|87803	1
Vir3|87834	1
Vir3|87847	1
Vir3|87901	1
Vir3|87961	1
Vir3|87984	1
Vir3|87986	1
Vir3|87991	1
Vir3|87992	1
Vir3|8800	1
Vir3|88013	1
Vir3|88040	1
Vir3|88121	1
Vir3|88140	1
Vir3|88169	1
Vir3|88175	1
Vir3|88183	1
Vir3|88194	2
Vir3|88236	2
Vir3|88370	1
Vir3|88401	1
Vir3|88498	1
Vir3|88506	1
Vir3|88522	2
Vir3|88529	2
Vir3|8856	1
Vir3|88569	1
Vir3|88570	1
Vir3|88608	1
Vir3|88637	1
Vir3|88670	1
Vir3|88730	1
Vir3|88753	1
Vir3|88756	1
Vir3|89014	1
Vir3|8902	1
Vir3|89028	1
Vir3|89064	1
Vir3|8910	2
Vir3|89166	1
Vir3|89240	1
Vir3|89325	1
Vir3|89351	1
Vir3|89386	1
Vir3|89424	1
Vir3|89446	1
Vir3|89451	1
Vir3|89464	2
Vir3|89515	1
Vir3|89587	1
Vir3|8961	1
Vir3|89748	1
Vir3|89752	1
Vir3|89811	1
Vir3|90013	1
Vir3|90040	1
Vir3|90050	1
Vir3|90119	1
Vir3|90192	1
Vir3|90289	1
Vir3|90365	2
Vir3|90367	1
Vir3|90378	1
Vir3|90400	1
Vir3|90422	1
Vir3|90426	1
Vir3|90447	1
Vir3|90505	1
Vir3|9052	1
Vir3|90535	1
Vir3|90536	2
Vir3|90568	1
Vir3|90585	1
Vir3|90613	1
Vir3|90675	1
Vir3|90713	1
Vir3|90716	1
Vir3|90750	1
Vir3|90755	1
Vir3|90815	1
Vir3|9084	1
Vir3|90948	1
Vir3|91000	1
Vir3|91009	1
Vir3|91049	1
Vir3|91060	1
Vir3|91107	1
Vir3|91122	1
Vir3|91128	1
Vir3|91150	1
Vir3|91166	1
Vir3|9123	1
Vir3|91275	1
Vir3|91286	1
Vir3|91328	1
Vir3|91478	1
Vir3|91517	1
Vir3|9158	1
Vir3|91592	1
Vir3|91621	1
Vir3|91642	1
Vir3|91682	1
Vir3|91730	1
Vir3|91774	1
Vir3|9179	1
Vir3|91801	1
Vir3|91815	1
Vir3|91901	2
Vir3|91912	1
Vir3|91981	1
Vir3|92002	1
Vir3|92003	1
Vir3|92053	1
Vir3|92056	1
Vir3|92079	1
Vir3|92155	1
Vir3|92173	1
Vir3|92205	2
Vir3|92232	1
Vir3|92254	1
Vir3|92263	1
Vir3|92298	1
Vir3|92324	1
Vir3|92401	1
Vir3|92434	1
Vir3|9253	1
Vir3|92547	1
Vir3|92585	1
Vir3|92619	1
Vir3|92634	1
Vir3|92667	1
Vir3|92669	1
Vir3|9267	1
Vir3|92773	2
Vir3|92848	1
Vir3|92858	1
Vir3|9288	2
Vir3|92955	1
Vir3|93072	1
Vir3|93154	1
Vir3|93286	1
Vir3|93326	1
Vir3|93391	2
Vir3|93419	1
Vir3|93422	1
Vir3|93444	1
Vir3|93456	1
Vir3|93467	1
Vir3|93487	1
Vir3|93534	1
Vir3|93535	1
Vir3|93598	1
Vir3|93617	1
Vir3|93636	161
Vir3|93708	1
Vir3|93721	1
Vir3|93745	1
Vir3|93806	1
Vir3|9383	1
Vir3|93940	1
Vir3|93949	1
Vir3|93953	1
Vir3|93954	1
Vir3|93987	1
Vir3|94008	2
Vir3|94020	1
Vir3|94026	1
Vir3|94032	1
Vir3|94064	1
Vir3|94082	1
Vir3|94102	1
Vir3|94150	1
Vir3|94193	1
Vir3|94226	1
Vir3|94228	1
Vir3|94239	1
Vir3|94255	1
Vir3|94267	1
Vir3|94310	1
Vir3|94312	1
Vir3|94338	2
Vir3|94384	1
Vir3|94400	1
Vir3|94425	1
Vir3|9446	1
Vir3|94465	1
Vir3|94596	1
Vir3|94624	1
Vir3|94660	1
Vir3|94762	1
Vir3|9479	1
Vir3|9480	1
Vir3|94848	1
Vir3|94924	1
Vir3|94980	1
Vir3|94992	1
Vir3|95006	1
Vir3|95014	1
Vir3|95039	1
Vir3|9507	1
Vir3|95219	1
Vir3|95229	1
Vir3|95234	1
Vir3|95251	1
Vir3|9526	1
Vir3|95286	1
Vir3|95329	1
Vir3|95378	1
Vir3|95400	1
Vir3|95472	1
Vir3|95496	1
Vir3|95546	1
Vir3|95586	1
Vir3|9562	1
Vir3|95622	2
Vir3|95770	1
Vir3|95788	1
Vir3|95808	1
Vir3|95864	1
Vir3|95956	1
Vir3|95966	1
Vir3|96019	1
Vir3|96051	1
Vir3|96099	1
Vir3|96100	1
Vir3|96102	1
Vir3|96115	1
Vir3|96176	1
Vir3|9620	1
Vir3|9621	1
Vir3|9638	1
Vir3|9662	1
Vir3|9675	1
Vir3|9687	1
Vir3|9803	1
Vir3|9815	1
Vir3|9834	1
Vir3|9861	1
Vir3|9950	1
