CoV|BCA25643.133.BC1	32906
CoV|BCA25643.133.BC2	33082
CoV|BCA25643.134.BC1	46955
CoV|BCA25643.134.BC2	38366
CoV|BCA25651.11.BC1	6396
CoV|BCA25651.11.BC2	5418
CoV|BCA25651.12.BC1	26848
CoV|BCA25651.12.BC2	36189
CoV|BCA25653.40.BC1	14792
CoV|BCA25653.40.BC2	17675
CoV|BCA25653.41.BC1	4439
CoV|BCA25653.41.BC2	3698
CoV|H9EJ24.0.BC1	13477
CoV|H9EJ24.0.BC2	24742
CoV|H9EJ24.1.BC1	46388
CoV|H9EJ24.1.BC2	46649
CoV|H9EJ24.2.BC1	45002
CoV|H9EJ24.2.BC2	40487
CoV|H9EJ24.3.BC1	40030
CoV|H9EJ24.3.BC2	29347
CoV|H9EJ24.4.BC1	23647
CoV|H9EJ24.4.BC2	18247
CoV|H9EJ24.5.BC1	9087
CoV|H9EJ24.5.BC2	14199
CoV|H9EJ24.6.BC1	16341
CoV|H9EJ24.6.BC2	27583
CoV|H9EJ24.7.BC1	15119
CoV|H9EJ24.7.BC2	16445
CoV|H9EJ42.0.BC1	21566
CoV|H9EJ42.0.BC2	18551
CoV|H9EJ42.1.BC1	22713
CoV|H9EJ42.1.BC2	18218
CoV|H9EJ42.10.BC1	27809
CoV|H9EJ42.10.BC2	13014
CoV|H9EJ42.100.BC1	11614
CoV|H9EJ42.100.BC2	23860
CoV|H9EJ42.101.BC1	12151
CoV|H9EJ42.101.BC2	9095
CoV|H9EJ42.102.BC1	31887
CoV|H9EJ42.102.BC2	28328
CoV|H9EJ42.103.BC1	20351
CoV|H9EJ42.103.BC2	44203
CoV|H9EJ42.104.BC1	28845
CoV|H9EJ42.104.BC2	42500
CoV|H9EJ42.105.BC1	18734
CoV|H9EJ42.105.BC2	43348
CoV|H9EJ42.106.BC1	16590
CoV|H9EJ42.106.BC2	27235
CoV|H9EJ42.107.BC1	6404
CoV|H9EJ42.107.BC2	10819
CoV|H9EJ42.108.BC1	16141
CoV|H9EJ42.108.BC2	15858
CoV|H9EJ42.109.BC1	9549
CoV|H9EJ42.109.BC2	16175
CoV|H9EJ42.11.BC1	12149
CoV|H9EJ42.11.BC2	10338
CoV|H9EJ42.110.BC1	23666
CoV|H9EJ42.110.BC2	23349
CoV|H9EJ42.111.BC1	22813
CoV|H9EJ42.111.BC2	33394
CoV|H9EJ42.112.BC1	28695
CoV|H9EJ42.112.BC2	23568
CoV|H9EJ42.113.BC1	18561
CoV|H9EJ42.113.BC2	22504
CoV|H9EJ42.114.BC1	9193
CoV|H9EJ42.114.BC2	14710
CoV|H9EJ42.115.BC1	19705
CoV|H9EJ42.115.BC2	25603
CoV|H9EJ42.116.BC1	27106
CoV|H9EJ42.116.BC2	20330
CoV|H9EJ42.117.BC1	44704
CoV|H9EJ42.117.BC2	6143
CoV|H9EJ42.118.BC1	55964
CoV|H9EJ42.118.BC2	65759
CoV|H9EJ42.119.BC1	65352
CoV|H9EJ42.119.BC2	38014
CoV|H9EJ42.12.BC1	41033
CoV|H9EJ42.12.BC2	19415
CoV|H9EJ42.120.BC1	28144
CoV|H9EJ42.120.BC2	38982
CoV|H9EJ42.121.BC1	27592
CoV|H9EJ42.121.BC2	29992
CoV|H9EJ42.122.BC1	29754
CoV|H9EJ42.122.BC2	12530
CoV|H9EJ42.123.BC1	29265
CoV|H9EJ42.123.BC2	30148
CoV|H9EJ42.124.BC1	17710
CoV|H9EJ42.124.BC2	15119
CoV|H9EJ42.125.BC1	28819
CoV|H9EJ42.125.BC2	17843
CoV|H9EJ42.126.BC1	29911
CoV|H9EJ42.126.BC2	13556
CoV|H9EJ42.127.BC1	47304
CoV|H9EJ42.127.BC2	11940
CoV|H9EJ42.128.BC1	35775
CoV|H9EJ42.128.BC2	18476
CoV|H9EJ42.129.BC1	59150
CoV|H9EJ42.129.BC2	39692
CoV|H9EJ42.13.BC1	12392
CoV|H9EJ42.13.BC2	36106
CoV|H9EJ42.130.BC1	30708
CoV|H9EJ42.130.BC2	32362
CoV|H9EJ42.131.BC1	26687
CoV|H9EJ42.131.BC2	32958
CoV|H9EJ42.132.BC1	52888
CoV|H9EJ42.132.BC2	43587
CoV|H9EJ42.133.BC1	21498
CoV|H9EJ42.133.BC2	10753
CoV|H9EJ42.134.BC1	67592
CoV|H9EJ42.134.BC2	58267
CoV|H9EJ42.135.BC1	23300
CoV|H9EJ42.135.BC2	21713
CoV|H9EJ42.136.BC1	15874
CoV|H9EJ42.136.BC2	45315
CoV|H9EJ42.137.BC1	13872
CoV|H9EJ42.137.BC2	11119
CoV|H9EJ42.138.BC1	16217
CoV|H9EJ42.138.BC2	11504
CoV|H9EJ42.139.BC1	16781
CoV|H9EJ42.139.BC2	11469
CoV|H9EJ42.14.BC1	42640
CoV|H9EJ42.14.BC2	50156
CoV|H9EJ42.140.BC1	23807
CoV|H9EJ42.140.BC2	33782
CoV|H9EJ42.141.BC1	13363
CoV|H9EJ42.141.BC2	23333
CoV|H9EJ42.142.BC1	14001
CoV|H9EJ42.142.BC2	17402
CoV|H9EJ42.143.BC1	41134
CoV|H9EJ42.143.BC2	30567
CoV|H9EJ42.144.BC1	36636
CoV|H9EJ42.144.BC2	31335
CoV|H9EJ42.145.BC1	21860
CoV|H9EJ42.145.BC2	16072
CoV|H9EJ42.146.BC1	32779
CoV|H9EJ42.146.BC2	27328
CoV|H9EJ42.147.BC1	31776
CoV|H9EJ42.147.BC2	18676
CoV|H9EJ42.148.BC1	26572
CoV|H9EJ42.148.BC2	17612
CoV|H9EJ42.149.BC1	12439
CoV|H9EJ42.149.BC2	26242
CoV|H9EJ42.15.BC1	69633
CoV|H9EJ42.15.BC2	42831
CoV|H9EJ42.150.BC1	13522
CoV|H9EJ42.150.BC2	13194
CoV|H9EJ42.151.BC1	16155
CoV|H9EJ42.151.BC2	19883
CoV|H9EJ42.152.BC1	18304
CoV|H9EJ42.152.BC2	20985
CoV|H9EJ42.153.BC1	14012
CoV|H9EJ42.153.BC2	22617
CoV|H9EJ42.154.BC1	42061
CoV|H9EJ42.154.BC2	23714
CoV|H9EJ42.155.BC1	19032
CoV|H9EJ42.155.BC2	18321
CoV|H9EJ42.156.BC1	12399
CoV|H9EJ42.156.BC2	13599
CoV|H9EJ42.157.BC1	12463
CoV|H9EJ42.157.BC2	26639
CoV|H9EJ42.158.BC1	2836
CoV|H9EJ42.158.BC2	8593
CoV|H9EJ42.159.BC1	15145
CoV|H9EJ42.159.BC2	22516
CoV|H9EJ42.16.BC1	17147
CoV|H9EJ42.16.BC2	20551
CoV|H9EJ42.160.BC1	14747
CoV|H9EJ42.160.BC2	5020
CoV|H9EJ42.161.BC1	7311
CoV|H9EJ42.161.BC2	7749
CoV|H9EJ42.162.BC1	30410
CoV|H9EJ42.162.BC2	27905
CoV|H9EJ42.163.BC1	31477
CoV|H9EJ42.163.BC2	14003
CoV|H9EJ42.164.BC1	14202
CoV|H9EJ42.164.BC2	9256
CoV|H9EJ42.165.BC1	24009
CoV|H9EJ42.165.BC2	9582
CoV|H9EJ42.166.BC1	15296
CoV|H9EJ42.166.BC2	8016
CoV|H9EJ42.167.BC1	17618
CoV|H9EJ42.167.BC2	19507
CoV|H9EJ42.168.BC1	35348
CoV|H9EJ42.168.BC2	31640
CoV|H9EJ42.169.BC1	21608
CoV|H9EJ42.169.BC2	41248
CoV|H9EJ42.17.BC1	23997
CoV|H9EJ42.17.BC2	11461
CoV|H9EJ42.170.BC1	12454
CoV|H9EJ42.170.BC2	22754
CoV|H9EJ42.171.BC1	17155
CoV|H9EJ42.171.BC2	15728
CoV|H9EJ42.172.BC1	15612
CoV|H9EJ42.172.BC2	12391
CoV|H9EJ42.173.BC1	22052
CoV|H9EJ42.173.BC2	20039
CoV|H9EJ42.174.BC1	11812
CoV|H9EJ42.174.BC2	7921
CoV|H9EJ42.175.BC1	11786
CoV|H9EJ42.175.BC2	9490
CoV|H9EJ42.176.BC1	17046
CoV|H9EJ42.176.BC2	25153
CoV|H9EJ42.177.BC1	27261
CoV|H9EJ42.177.BC2	15557
CoV|H9EJ42.178.BC1	22867
CoV|H9EJ42.178.BC2	27545
CoV|H9EJ42.179.BC1	30908
CoV|H9EJ42.179.BC2	48959
CoV|H9EJ42.18.BC1	14708
CoV|H9EJ42.18.BC2	7910
CoV|H9EJ42.180.BC1	25376
CoV|H9EJ42.180.BC2	33955
CoV|H9EJ42.181.BC1	21647
CoV|H9EJ42.181.BC2	28633
CoV|H9EJ42.182.BC1	29165
CoV|H9EJ42.182.BC2	25721
CoV|H9EJ42.183.BC1	21377
CoV|H9EJ42.183.BC2	14532
CoV|H9EJ42.184.BC1	20957
CoV|H9EJ42.184.BC2	31092
CoV|H9EJ42.185.BC1	8177
CoV|H9EJ42.185.BC2	41237
CoV|H9EJ42.186.BC1	22894
CoV|H9EJ42.186.BC2	22190
CoV|H9EJ42.187.BC1	15119
CoV|H9EJ42.187.BC2	12419
CoV|H9EJ42.188.BC1	20602
CoV|H9EJ42.188.BC2	17468
CoV|H9EJ42.189.BC1	63195
CoV|H9EJ42.189.BC2	31419
CoV|H9EJ42.19.BC1	12468
CoV|H9EJ42.19.BC2	12318
CoV|H9EJ42.190.BC1	19344
CoV|H9EJ42.190.BC2	5637
CoV|H9EJ42.191.BC1	46135
CoV|H9EJ42.191.BC2	30380
CoV|H9EJ42.192.BC1	15626
CoV|H9EJ42.192.BC2	17094
CoV|H9EJ42.193.BC1	8362
CoV|H9EJ42.193.BC2	24086
CoV|H9EJ42.194.BC1	34296
CoV|H9EJ42.194.BC2	8897
CoV|H9EJ42.195.BC1	12817
CoV|H9EJ42.195.BC2	33007
CoV|H9EJ42.196.BC1	24303
CoV|H9EJ42.196.BC2	23009
CoV|H9EJ42.197.BC1	37107
CoV|H9EJ42.197.BC2	34036
CoV|H9EJ42.198.BC1	9775
CoV|H9EJ42.198.BC2	57216
CoV|H9EJ42.199.BC1	34727
CoV|H9EJ42.199.BC2	15849
CoV|H9EJ42.2.BC1	19582
CoV|H9EJ42.2.BC2	17413
CoV|H9EJ42.20.BC1	11204
CoV|H9EJ42.20.BC2	6617
CoV|H9EJ42.200.BC1	27881
CoV|H9EJ42.200.BC2	19058
CoV|H9EJ42.201.BC1	23504
CoV|H9EJ42.201.BC2	15274
CoV|H9EJ42.202.BC1	38229
CoV|H9EJ42.202.BC2	37743
CoV|H9EJ42.203.BC1	30902
CoV|H9EJ42.203.BC2	33466
CoV|H9EJ42.204.BC1	16575
CoV|H9EJ42.204.BC2	18417
CoV|H9EJ42.205.BC1	15902
CoV|H9EJ42.205.BC2	29496
CoV|H9EJ42.206.BC1	21023
CoV|H9EJ42.206.BC2	32217
CoV|H9EJ42.207.BC1	76224
CoV|H9EJ42.207.BC2	50616
CoV|H9EJ42.208.BC1	18460
CoV|H9EJ42.208.BC2	23036
CoV|H9EJ42.209.BC1	44749
CoV|H9EJ42.209.BC2	14029
CoV|H9EJ42.21.BC1	19103
CoV|H9EJ42.21.BC2	6722
CoV|H9EJ42.210.BC1	34335
CoV|H9EJ42.210.BC2	23532
CoV|H9EJ42.211.BC1	25534
CoV|H9EJ42.211.BC2	18940
CoV|H9EJ42.212.BC1	17430
CoV|H9EJ42.212.BC2	15058
CoV|H9EJ42.213.BC1	38255
CoV|H9EJ42.213.BC2	50705
CoV|H9EJ42.214.BC1	29360
CoV|H9EJ42.214.BC2	29285
CoV|H9EJ42.215.BC1	27341
CoV|H9EJ42.215.BC2	21107
CoV|H9EJ42.216.BC1	11261
CoV|H9EJ42.216.BC2	9091
CoV|H9EJ42.217.BC1	44124
CoV|H9EJ42.217.BC2	20769
CoV|H9EJ42.218.BC1	27267
CoV|H9EJ42.218.BC2	31689
CoV|H9EJ42.219.BC1	24811
CoV|H9EJ42.219.BC2	21933
CoV|H9EJ42.22.BC1	41961
CoV|H9EJ42.22.BC2	31635
CoV|H9EJ42.220.BC1	2771
CoV|H9EJ42.220.BC2	15097
CoV|H9EJ42.221.BC1	11580
CoV|H9EJ42.221.BC2	24081
CoV|H9EJ42.222.BC1	27730
CoV|H9EJ42.222.BC2	16771
CoV|H9EJ42.223.BC1	27848
CoV|H9EJ42.223.BC2	21371
CoV|H9EJ42.224.BC1	19990
CoV|H9EJ42.224.BC2	40893
CoV|H9EJ42.225.BC1	21100
CoV|H9EJ42.225.BC2	11901
CoV|H9EJ42.226.BC1	15320
CoV|H9EJ42.226.BC2	7111
CoV|H9EJ42.227.BC1	5891
CoV|H9EJ42.227.BC2	13963
CoV|H9EJ42.228.BC1	26846
CoV|H9EJ42.228.BC2	21642
CoV|H9EJ42.229.BC1	42398
CoV|H9EJ42.229.BC2	17031
CoV|H9EJ42.23.BC1	30953
CoV|H9EJ42.23.BC2	28559
CoV|H9EJ42.230.BC1	12790
CoV|H9EJ42.230.BC2	29186
CoV|H9EJ42.231.BC1	3990
CoV|H9EJ42.231.BC2	22414
CoV|H9EJ42.232.BC1	22570
CoV|H9EJ42.232.BC2	20216
CoV|H9EJ42.233.BC1	25518
CoV|H9EJ42.233.BC2	9241
CoV|H9EJ42.234.BC1	6782
CoV|H9EJ42.234.BC2	5999
CoV|H9EJ42.235.BC1	14185
CoV|H9EJ42.235.BC2	10569
CoV|H9EJ42.236.BC1	12883
CoV|H9EJ42.236.BC2	18963
CoV|H9EJ42.237.BC1	24701
CoV|H9EJ42.237.BC2	19055
CoV|H9EJ42.238.BC1	21309
CoV|H9EJ42.238.BC2	19239
CoV|H9EJ42.239.BC1	6140
CoV|H9EJ42.239.BC2	21948
CoV|H9EJ42.24.BC1	27732
CoV|H9EJ42.24.BC2	18149
CoV|H9EJ42.25.BC1	14287
CoV|H9EJ42.25.BC2	21987
CoV|H9EJ42.26.BC1	21331
CoV|H9EJ42.26.BC2	35565
CoV|H9EJ42.27.BC1	51019
CoV|H9EJ42.27.BC2	13313
CoV|H9EJ42.28.BC1	40805
CoV|H9EJ42.28.BC2	33272
CoV|H9EJ42.29.BC1	6140
CoV|H9EJ42.29.BC2	24526
CoV|H9EJ42.3.BC1	17459
CoV|H9EJ42.3.BC2	12481
CoV|H9EJ42.30.BC1	21794
CoV|H9EJ42.30.BC2	14595
CoV|H9EJ42.31.BC1	10410
CoV|H9EJ42.31.BC2	10807
CoV|H9EJ42.32.BC1	22167
CoV|H9EJ42.32.BC2	9365
CoV|H9EJ42.33.BC1	19918
CoV|H9EJ42.33.BC2	16527
CoV|H9EJ42.34.BC1	43671
CoV|H9EJ42.34.BC2	33568
CoV|H9EJ42.35.BC1	65222
CoV|H9EJ42.35.BC2	47940
CoV|H9EJ42.36.BC1	36238
CoV|H9EJ42.36.BC2	43102
CoV|H9EJ42.37.BC1	8093
CoV|H9EJ42.37.BC2	5274
CoV|H9EJ42.38.BC1	10954
CoV|H9EJ42.38.BC2	22164
CoV|H9EJ42.39.BC1	11454
CoV|H9EJ42.39.BC2	5906
CoV|H9EJ42.4.BC1	37635
CoV|H9EJ42.4.BC2	26295
CoV|H9EJ42.40.BC1	11139
CoV|H9EJ42.40.BC2	9372
CoV|H9EJ42.41.BC1	41474
CoV|H9EJ42.41.BC2	3797
CoV|H9EJ42.42.BC1	21435
CoV|H9EJ42.42.BC2	31949
CoV|H9EJ42.43.BC1	20057
CoV|H9EJ42.43.BC2	1629
CoV|H9EJ42.44.BC1	16336
CoV|H9EJ42.44.BC2	37900
CoV|H9EJ42.45.BC1	37303
CoV|H9EJ42.45.BC2	18265
CoV|H9EJ42.46.BC1	20714
CoV|H9EJ42.46.BC2	44633
CoV|H9EJ42.47.BC1	21595
CoV|H9EJ42.47.BC2	32377
CoV|H9EJ42.48.BC1	13539
CoV|H9EJ42.48.BC2	22819
CoV|H9EJ42.49.BC1	17012
CoV|H9EJ42.49.BC2	14083
CoV|H9EJ42.5.BC1	17247
CoV|H9EJ42.5.BC2	26091
CoV|H9EJ42.50.BC1	31172
CoV|H9EJ42.50.BC2	29915
CoV|H9EJ42.51.BC1	21734
CoV|H9EJ42.51.BC2	31236
CoV|H9EJ42.52.BC1	3538
CoV|H9EJ42.52.BC2	9719
CoV|H9EJ42.53.BC1	12840
CoV|H9EJ42.53.BC2	9186
CoV|H9EJ42.54.BC1	16304
CoV|H9EJ42.54.BC2	19787
CoV|H9EJ42.55.BC1	7813
CoV|H9EJ42.55.BC2	20306
CoV|H9EJ42.56.BC1	32518
CoV|H9EJ42.56.BC2	62493
CoV|H9EJ42.57.BC1	13921
CoV|H9EJ42.57.BC2	29637
CoV|H9EJ42.58.BC1	17529
CoV|H9EJ42.58.BC2	6185
CoV|H9EJ42.59.BC1	13577
CoV|H9EJ42.59.BC2	10197
CoV|H9EJ42.6.BC1	22144
CoV|H9EJ42.6.BC2	31408
CoV|H9EJ42.60.BC1	4627
CoV|H9EJ42.60.BC2	18654
CoV|H9EJ42.61.BC1	7456
CoV|H9EJ42.61.BC2	5585
CoV|H9EJ42.62.BC1	29284
CoV|H9EJ42.62.BC2	12796
CoV|H9EJ42.63.BC1	35818
CoV|H9EJ42.63.BC2	21410
CoV|H9EJ42.64.BC1	19863
CoV|H9EJ42.64.BC2	24113
CoV|H9EJ42.65.BC1	25085
CoV|H9EJ42.65.BC2	23937
CoV|H9EJ42.66.BC1	5803
CoV|H9EJ42.66.BC2	9735
CoV|H9EJ42.67.BC1	34409
CoV|H9EJ42.67.BC2	46923
CoV|H9EJ42.68.BC1	15993
CoV|H9EJ42.68.BC2	32102
CoV|H9EJ42.69.BC1	17066
CoV|H9EJ42.69.BC2	75268
CoV|H9EJ42.7.BC1	13827
CoV|H9EJ42.7.BC2	9517
CoV|H9EJ42.70.BC1	42587
CoV|H9EJ42.70.BC2	36528
CoV|H9EJ42.71.BC1	29066
CoV|H9EJ42.71.BC2	18579
CoV|H9EJ42.72.BC1	21665
CoV|H9EJ42.72.BC2	32731
CoV|H9EJ42.73.BC1	2064
CoV|H9EJ42.73.BC2	4621
CoV|H9EJ42.74.BC1	18352
CoV|H9EJ42.74.BC2	42233
CoV|H9EJ42.75.BC1	27933
CoV|H9EJ42.75.BC2	31549
CoV|H9EJ42.76.BC1	33397
CoV|H9EJ42.76.BC2	49541
CoV|H9EJ42.77.BC1	46470
CoV|H9EJ42.77.BC2	40797
CoV|H9EJ42.78.BC1	51853
CoV|H9EJ42.78.BC2	27232
CoV|H9EJ42.79.BC1	20290
CoV|H9EJ42.79.BC2	17200
CoV|H9EJ42.8.BC1	21917
CoV|H9EJ42.8.BC2	24546
CoV|H9EJ42.80.BC1	14920
CoV|H9EJ42.80.BC2	9965
CoV|H9EJ42.81.BC1	16930
CoV|H9EJ42.81.BC2	16493
CoV|H9EJ42.82.BC1	44850
CoV|H9EJ42.82.BC2	29879
CoV|H9EJ42.83.BC1	35781
CoV|H9EJ42.83.BC2	30988
CoV|H9EJ42.84.BC1	5133
CoV|H9EJ42.84.BC2	19164
CoV|H9EJ42.85.BC1	38002
CoV|H9EJ42.85.BC2	19790
CoV|H9EJ42.86.BC1	15801
CoV|H9EJ42.86.BC2	29181
CoV|H9EJ42.87.BC1	35888
CoV|H9EJ42.87.BC2	31783
CoV|H9EJ42.88.BC1	40038
CoV|H9EJ42.88.BC2	25160
CoV|H9EJ42.89.BC1	39999
CoV|H9EJ42.89.BC2	20299
CoV|H9EJ42.9.BC1	28389
CoV|H9EJ42.9.BC2	16983
CoV|H9EJ42.90.BC1	6660
CoV|H9EJ42.90.BC2	10214
CoV|H9EJ42.91.BC1	12597
CoV|H9EJ42.91.BC2	7817
CoV|H9EJ42.92.BC1	30274
CoV|H9EJ42.92.BC2	13397
CoV|H9EJ42.93.BC1	60430
CoV|H9EJ42.93.BC2	18426
CoV|H9EJ42.94.BC1	19793
CoV|H9EJ42.94.BC2	25207
CoV|H9EJ42.95.BC1	8911
CoV|H9EJ42.95.BC2	23519
CoV|H9EJ42.96.BC1	14801
CoV|H9EJ42.96.BC2	46658
CoV|H9EJ42.97.BC1	24964
CoV|H9EJ42.97.BC2	35823
CoV|H9EJ42.98.BC1	23439
CoV|H9EJ42.98.BC2	25364
CoV|H9EJ42.99.BC1	22046
CoV|H9EJ42.99.BC2	47285
CoV|H9EJ43.143.BC1	58527
CoV|H9EJ43.143.BC2	14607
CoV|H9EJ43.144.BC1	51385
CoV|H9EJ43.144.BC2	54604
CoV|H9EJ44.0.BC1	29440
CoV|H9EJ44.0.BC2	32700
CoV|H9EJ44.1.BC1	14466
CoV|H9EJ44.1.BC2	13484
CoV|H9EJ44.10.BC1	20432
CoV|H9EJ44.10.BC2	25325
CoV|H9EJ44.11.BC1	6997
CoV|H9EJ44.11.BC2	14362
CoV|H9EJ44.12.BC1	10332
CoV|H9EJ44.12.BC2	31472
CoV|H9EJ44.13.BC1	7284
CoV|H9EJ44.13.BC2	7363
CoV|H9EJ44.14.BC1	1640
CoV|H9EJ44.14.BC2	2011
CoV|H9EJ44.15.BC1	31854
CoV|H9EJ44.15.BC2	17490
CoV|H9EJ44.16.BC1	31290
CoV|H9EJ44.16.BC2	16368
CoV|H9EJ44.17.BC1	24272
CoV|H9EJ44.17.BC2	19842
CoV|H9EJ44.18.BC1	3346
CoV|H9EJ44.18.BC2	18839
CoV|H9EJ44.19.BC1	20426
CoV|H9EJ44.19.BC2	32666
CoV|H9EJ44.2.BC1	2472
CoV|H9EJ44.2.BC2	19089
CoV|H9EJ44.20.BC1	9244
CoV|H9EJ44.20.BC2	1045
CoV|H9EJ44.21.BC1	16823
CoV|H9EJ44.21.BC2	7694
CoV|H9EJ44.22.BC1	11500
CoV|H9EJ44.22.BC2	19287
CoV|H9EJ44.23.BC1	24804
CoV|H9EJ44.23.BC2	27683
CoV|H9EJ44.24.BC1	6993
CoV|H9EJ44.24.BC2	29040
CoV|H9EJ44.25.BC1	36257
CoV|H9EJ44.25.BC2	15927
CoV|H9EJ44.26.BC1	17992
CoV|H9EJ44.26.BC2	3873
CoV|H9EJ44.27.BC1	16222
CoV|H9EJ44.27.BC2	8230
CoV|H9EJ44.28.BC1	43908
CoV|H9EJ44.28.BC2	37679
CoV|H9EJ44.29.BC1	55222
CoV|H9EJ44.29.BC2	46086
CoV|H9EJ44.3.BC1	8850
CoV|H9EJ44.3.BC2	17899
CoV|H9EJ44.30.BC1	44286
CoV|H9EJ44.30.BC2	28778
CoV|H9EJ44.31.BC1	38500
CoV|H9EJ44.31.BC2	72346
CoV|H9EJ44.32.BC1	38219
CoV|H9EJ44.32.BC2	40117
CoV|H9EJ44.33.BC1	14333
CoV|H9EJ44.33.BC2	14337
CoV|H9EJ44.34.BC1	24506
CoV|H9EJ44.34.BC2	13731
CoV|H9EJ44.35.BC1	3009
CoV|H9EJ44.35.BC2	13840
CoV|H9EJ44.36.BC1	22407
CoV|H9EJ44.36.BC2	35153
CoV|H9EJ44.37.BC1	30289
CoV|H9EJ44.37.BC2	7528
CoV|H9EJ44.38.BC1	29838
CoV|H9EJ44.38.BC2	21082
CoV|H9EJ44.39.BC1	15187
CoV|H9EJ44.39.BC2	5535
CoV|H9EJ44.4.BC1	12184
CoV|H9EJ44.4.BC2	14934
CoV|H9EJ44.40.BC1	9396
CoV|H9EJ44.40.BC2	35354
CoV|H9EJ44.41.BC1	19904
CoV|H9EJ44.41.BC2	33959
CoV|H9EJ44.42.BC1	14932
CoV|H9EJ44.42.BC2	5893
CoV|H9EJ44.43.BC1	32650
CoV|H9EJ44.43.BC2	25965
CoV|H9EJ44.44.BC1	5452
CoV|H9EJ44.44.BC2	6915
CoV|H9EJ44.45.BC1	20592
CoV|H9EJ44.45.BC2	22123
CoV|H9EJ44.46.BC1	34292
CoV|H9EJ44.46.BC2	30190
CoV|H9EJ44.47.BC1	39888
CoV|H9EJ44.47.BC2	19745
CoV|H9EJ44.5.BC1	22183
CoV|H9EJ44.5.BC2	7946
CoV|H9EJ44.6.BC1	10232
CoV|H9EJ44.6.BC2	2299
CoV|H9EJ44.7.BC1	31452
CoV|H9EJ44.7.BC2	40071
CoV|H9EJ44.8.BC1	52676
CoV|H9EJ44.8.BC2	31431
CoV|H9EJ44.9.BC1	20678
CoV|H9EJ44.9.BC2	14647
CoV|H9EJ69.0.BC1	31779
CoV|H9EJ69.0.BC2	24501
CoV|H9EJ69.1.BC1	24642
CoV|H9EJ69.1.BC2	18376
CoV|H9EJ69.10.BC1	10278
CoV|H9EJ69.10.BC2	6583
CoV|H9EJ69.11.BC1	51483
CoV|H9EJ69.11.BC2	36463
CoV|H9EJ69.12.BC1	75275
CoV|H9EJ69.12.BC2	32873
CoV|H9EJ69.2.BC1	27512
CoV|H9EJ69.2.BC2	13934
CoV|H9EJ69.3.BC1	14939
CoV|H9EJ69.3.BC2	13090
CoV|H9EJ69.4.BC1	42894
CoV|H9EJ69.4.BC2	26623
CoV|H9EJ69.5.BC1	44779
CoV|H9EJ69.5.BC2	31052
CoV|H9EJ69.6.BC1	23154
CoV|H9EJ69.6.BC2	29836
CoV|H9EJ69.7.BC1	38565
CoV|H9EJ69.7.BC2	15860
CoV|H9EJ69.8.BC1	79580
CoV|H9EJ69.8.BC2	50622
CoV|H9EJ69.9.BC1	44275
CoV|H9EJ69.9.BC2	29928
CoV|H9EJA2.0.BC1	48451
CoV|H9EJA2.0.BC2	39630
CoV|H9EJA2.1.BC1	63803
CoV|H9EJA2.1.BC2	48711
CoV|P0C5A6.0.BC1	15487
CoV|P0C5A6.0.BC2	19700
CoV|P0C5A6.1.BC1	18170
CoV|P0C5A6.1.BC2	14835
CoV|P0C5A6.2.BC1	34126
CoV|P0C5A6.2.BC2	27109
CoV|P0C5A9.0.BC1	50620
CoV|P0C5A9.0.BC2	30878
CoV|P0C5B5.0.BC1	12150
CoV|P0C5B5.0.BC2	18508
CoV|P0C5B5.1.BC1	11385
CoV|P0C5B5.1.BC2	18411
CoV|P0C5B5.2.BC1	10487
CoV|P0C5B5.2.BC2	1574
CoV|P0C5B5.3.BC1	19873
CoV|P0C5B5.3.BC2	34725
CoV|P0C5B5.4.BC1	35372
CoV|P0C5B5.4.BC2	23065
CoV|P0C5B5.5.BC1	27210
CoV|P0C5B5.5.BC2	35801
CoV|P0C5B5.6.BC1	17999
CoV|P0C5B5.6.BC2	28503
CoV|P0C6F5.0.BC1	34250
CoV|P0C6F5.0.BC2	22371
CoV|P0C6F5.1.BC1	20556
CoV|P0C6F5.1.BC2	34717
CoV|P0C6F5.100.BC1	13785
CoV|P0C6F5.100.BC2	20551
CoV|P0C6F5.101.BC1	405
CoV|P0C6F5.101.BC2	8316
CoV|P0C6F5.102.BC1	41615
CoV|P0C6F5.102.BC2	18958
CoV|P0C6F5.103.BC1	48815
CoV|P0C6F5.103.BC2	30649
CoV|P0C6F5.104.BC1	22044
CoV|P0C6F5.104.BC2	16809
CoV|P0C6F5.105.BC1	17402
CoV|P0C6F5.105.BC2	17756
CoV|P0C6F5.106.BC1	22589
CoV|P0C6F5.106.BC2	35187
CoV|P0C6F5.107.BC1	31074
CoV|P0C6F5.107.BC2	19453
CoV|P0C6F5.108.BC1	49133
CoV|P0C6F5.108.BC2	55524
CoV|P0C6F5.109.BC1	48334
CoV|P0C6F5.109.BC2	31212
CoV|P0C6F5.11.BC1	37833
CoV|P0C6F5.11.BC2	39685
CoV|P0C6F5.110.BC1	74577
CoV|P0C6F5.110.BC2	43954
CoV|P0C6F5.111.BC1	38525
CoV|P0C6F5.111.BC2	50201
CoV|P0C6F5.112.BC1	12955
CoV|P0C6F5.112.BC2	14576
CoV|P0C6F5.113.BC1	25161
CoV|P0C6F5.113.BC2	20230
CoV|P0C6F5.114.BC1	18681
CoV|P0C6F5.114.BC2	19596
CoV|P0C6F5.115.BC1	32229
CoV|P0C6F5.115.BC2	32152
CoV|P0C6F5.116.BC1	35499
CoV|P0C6F5.116.BC2	36972
CoV|P0C6F5.117.BC1	33490
CoV|P0C6F5.117.BC2	36629
CoV|P0C6F5.118.BC1	24193
CoV|P0C6F5.118.BC2	31392
CoV|P0C6F5.119.BC1	28064
CoV|P0C6F5.119.BC2	32451
CoV|P0C6F5.12.BC1	24787
CoV|P0C6F5.12.BC2	36712
CoV|P0C6F5.120.BC1	21920
CoV|P0C6F5.120.BC2	27873
CoV|P0C6F5.121.BC1	38507
CoV|P0C6F5.121.BC2	37622
CoV|P0C6F5.122.BC1	13371
CoV|P0C6F5.122.BC2	29471
CoV|P0C6F5.123.BC1	19745
CoV|P0C6F5.123.BC2	12548
CoV|P0C6F5.124.BC1	29053
CoV|P0C6F5.124.BC2	29418
CoV|P0C6F5.125.BC1	24590
CoV|P0C6F5.125.BC2	20553
CoV|P0C6F5.126.BC1	14723
CoV|P0C6F5.126.BC2	23046
CoV|P0C6F5.127.BC1	27169
CoV|P0C6F5.127.BC2	55056
CoV|P0C6F5.128.BC1	30498
CoV|P0C6F5.128.BC2	49823
CoV|P0C6F5.129.BC1	34732
CoV|P0C6F5.129.BC2	24384
CoV|P0C6F5.13.BC1	23200
CoV|P0C6F5.13.BC2	11808
CoV|P0C6F5.130.BC1	74615
CoV|P0C6F5.130.BC2	39350
CoV|P0C6F5.131.BC1	37623
CoV|P0C6F5.131.BC2	41014
CoV|P0C6F5.132.BC1	43190
CoV|P0C6F5.132.BC2	34789
CoV|P0C6F5.133.BC1	57672
CoV|P0C6F5.133.BC2	61193
CoV|P0C6F5.134.BC1	45882
CoV|P0C6F5.134.BC2	46136
CoV|P0C6F5.135.BC1	26310
CoV|P0C6F5.135.BC2	10422
CoV|P0C6F5.136.BC1	16617
CoV|P0C6F5.136.BC2	29128
CoV|P0C6F5.137.BC1	11206
CoV|P0C6F5.137.BC2	13133
CoV|P0C6F5.138.BC1	10460
CoV|P0C6F5.138.BC2	14105
CoV|P0C6F5.139.BC1	24225
CoV|P0C6F5.139.BC2	19925
CoV|P0C6F5.14.BC1	18145
CoV|P0C6F5.14.BC2	12324
CoV|P0C6F5.140.BC1	27620
CoV|P0C6F5.140.BC2	19227
CoV|P0C6F5.141.BC1	37028
CoV|P0C6F5.141.BC2	30661
CoV|P0C6F5.142.BC1	11803
CoV|P0C6F5.142.BC2	50107
CoV|P0C6F5.143.BC1	20269
CoV|P0C6F5.143.BC2	33143
CoV|P0C6F5.144.BC1	22631
CoV|P0C6F5.144.BC2	19555
CoV|P0C6F5.145.BC1	29886
CoV|P0C6F5.145.BC2	16307
CoV|P0C6F5.146.BC1	13428
CoV|P0C6F5.146.BC2	34558
CoV|P0C6F5.147.BC1	31678
CoV|P0C6F5.147.BC2	54368
CoV|P0C6F5.148.BC1	13115
CoV|P0C6F5.148.BC2	38161
CoV|P0C6F5.149.BC1	27023
CoV|P0C6F5.149.BC2	36444
CoV|P0C6F5.15.BC1	18582
CoV|P0C6F5.15.BC2	22501
CoV|P0C6F5.150.BC1	36610
CoV|P0C6F5.150.BC2	31710
CoV|P0C6F5.151.BC1	23327
CoV|P0C6F5.151.BC2	18154
CoV|P0C6F5.152.BC1	32957
CoV|P0C6F5.152.BC2	30054
CoV|P0C6F5.153.BC1	30942
CoV|P0C6F5.153.BC2	28701
CoV|P0C6F5.154.BC1	79745
CoV|P0C6F5.154.BC2	54325
CoV|P0C6F5.155.BC1	69166
CoV|P0C6F5.155.BC2	35962
CoV|P0C6F5.16.BC1	7169
CoV|P0C6F5.16.BC2	9613
CoV|P0C6F5.17.BC1	48117
CoV|P0C6F5.17.BC2	33995
CoV|P0C6F5.18.BC1	32744
CoV|P0C6F5.18.BC2	32638
CoV|P0C6F5.19.BC1	22906
CoV|P0C6F5.19.BC2	29465
CoV|P0C6F5.2.BC1	15279
CoV|P0C6F5.2.BC2	20296
CoV|P0C6F5.20.BC1	25332
CoV|P0C6F5.20.BC2	30078
CoV|P0C6F5.21.BC1	24464
CoV|P0C6F5.21.BC2	7584
CoV|P0C6F5.22.BC1	14772
CoV|P0C6F5.22.BC2	12055
CoV|P0C6F5.23.BC1	14175
CoV|P0C6F5.23.BC2	20358
CoV|P0C6F5.24.BC1	9830
CoV|P0C6F5.24.BC2	18360
CoV|P0C6F5.25.BC1	33797
CoV|P0C6F5.25.BC2	21170
CoV|P0C6F5.26.BC1	18089
CoV|P0C6F5.26.BC2	39536
CoV|P0C6F5.27.BC1	30939
CoV|P0C6F5.27.BC2	43991
CoV|P0C6F5.28.BC1	26142
CoV|P0C6F5.28.BC2	52453
CoV|P0C6F5.29.BC1	21084
CoV|P0C6F5.29.BC2	15357
CoV|P0C6F5.3.BC1	32055
CoV|P0C6F5.3.BC2	18607
CoV|P0C6F5.30.BC1	19836
CoV|P0C6F5.30.BC2	24968
CoV|P0C6F5.31.BC1	15281
CoV|P0C6F5.31.BC2	28850
CoV|P0C6F5.32.BC1	20355
CoV|P0C6F5.32.BC2	22190
CoV|P0C6F5.33.BC1	19676
CoV|P0C6F5.33.BC2	12364
CoV|P0C6F5.34.BC1	12283
CoV|P0C6F5.34.BC2	13176
CoV|P0C6F5.35.BC1	32741
CoV|P0C6F5.35.BC2	36989
CoV|P0C6F5.36.BC1	32348
CoV|P0C6F5.36.BC2	35350
CoV|P0C6F5.37.BC1	32509
CoV|P0C6F5.37.BC2	29402
CoV|P0C6F5.38.BC1	44625
CoV|P0C6F5.38.BC2	27775
CoV|P0C6F5.39.BC1	30935
CoV|P0C6F5.39.BC2	30013
CoV|P0C6F5.4.BC1	13922
CoV|P0C6F5.4.BC2	22992
CoV|P0C6F5.40.BC1	20702
CoV|P0C6F5.40.BC2	19820
CoV|P0C6F5.41.BC1	9893
CoV|P0C6F5.41.BC2	52250
CoV|P0C6F5.42.BC1	15197
CoV|P0C6F5.42.BC2	11571
CoV|P0C6F5.43.BC1	18980
CoV|P0C6F5.43.BC2	20825
CoV|P0C6F5.44.BC1	22670
CoV|P0C6F5.44.BC2	10729
CoV|P0C6F5.45.BC1	29022
CoV|P0C6F5.45.BC2	22999
CoV|P0C6F5.46.BC1	51705
CoV|P0C6F5.46.BC2	25119
CoV|P0C6F5.47.BC1	22190
CoV|P0C6F5.47.BC2	17596
CoV|P0C6F5.48.BC1	19998
CoV|P0C6F5.48.BC2	20051
CoV|P0C6F5.49.BC1	8658
CoV|P0C6F5.49.BC2	17184
CoV|P0C6F5.5.BC1	23295
CoV|P0C6F5.5.BC2	15165
CoV|P0C6F5.50.BC1	22407
CoV|P0C6F5.50.BC2	50646
CoV|P0C6F5.51.BC1	32324
CoV|P0C6F5.51.BC2	30267
CoV|P0C6F5.52.BC1	27114
CoV|P0C6F5.52.BC2	27680
CoV|P0C6F5.53.BC1	28171
CoV|P0C6F5.53.BC2	25380
CoV|P0C6F5.54.BC1	10838
CoV|P0C6F5.54.BC2	9821
CoV|P0C6F5.55.BC1	18487
CoV|P0C6F5.55.BC2	10434
CoV|P0C6F5.56.BC1	31556
CoV|P0C6F5.56.BC2	40498
CoV|P0C6F5.57.BC1	17354
CoV|P0C6F5.57.BC2	25263
CoV|P0C6F5.58.BC1	25501
CoV|P0C6F5.58.BC2	27135
CoV|P0C6F5.59.BC1	7173
CoV|P0C6F5.59.BC2	13220
CoV|P0C6F5.6.BC1	23307
CoV|P0C6F5.6.BC2	25897
CoV|P0C6F5.60.BC1	15935
CoV|P0C6F5.60.BC2	9988
CoV|P0C6F5.61.BC1	31076
CoV|P0C6F5.61.BC2	24124
CoV|P0C6F5.62.BC1	27205
CoV|P0C6F5.62.BC2	33354
CoV|P0C6F5.63.BC1	23624
CoV|P0C6F5.63.BC2	39187
CoV|P0C6F5.64.BC1	17880
CoV|P0C6F5.64.BC2	20553
CoV|P0C6F5.65.BC1	15690
CoV|P0C6F5.65.BC2	15538
CoV|P0C6F5.66.BC1	14589
CoV|P0C6F5.66.BC2	48117
CoV|P0C6F5.67.BC1	42851
CoV|P0C6F5.67.BC2	40211
CoV|P0C6F5.68.BC1	21971
CoV|P0C6F5.68.BC2	46967
CoV|P0C6F5.69.BC1	23090
CoV|P0C6F5.69.BC2	15967
CoV|P0C6F5.7.BC1	9588
CoV|P0C6F5.7.BC2	14740
CoV|P0C6F5.70.BC1	14069
CoV|P0C6F5.70.BC2	23751
CoV|P0C6F5.71.BC1	22461
CoV|P0C6F5.71.BC2	26566
CoV|P0C6F5.72.BC1	74247
CoV|P0C6F5.72.BC2	26956
CoV|P0C6F5.73.BC1	52306
CoV|P0C6F5.73.BC2	21467
CoV|P0C6F5.74.BC1	36105
CoV|P0C6F5.74.BC2	11211
CoV|P0C6F5.75.BC1	21566
CoV|P0C6F5.75.BC2	42307
CoV|P0C6F5.76.BC1	35016
CoV|P0C6F5.76.BC2	33240
CoV|P0C6F5.77.BC1	22929
CoV|P0C6F5.77.BC2	9423
CoV|P0C6F5.78.BC1	33415
CoV|P0C6F5.78.BC2	53167
CoV|P0C6F5.79.BC1	32955
CoV|P0C6F5.79.BC2	26484
CoV|P0C6F5.8.BC1	6368
CoV|P0C6F5.8.BC2	24920
CoV|P0C6F5.80.BC1	26315
CoV|P0C6F5.80.BC2	22121
CoV|P0C6F5.81.BC1	31154
CoV|P0C6F5.81.BC2	16429
CoV|P0C6F5.82.BC1	36916
CoV|P0C6F5.82.BC2	22878
CoV|P0C6F5.83.BC1	24486
CoV|P0C6F5.83.BC2	65211
CoV|P0C6F5.84.BC1	9616
CoV|P0C6F5.84.BC2	24185
CoV|P0C6F5.85.BC1	37179
CoV|P0C6F5.85.BC2	24276
CoV|P0C6F5.86.BC1	19726
CoV|P0C6F5.86.BC2	27436
CoV|P0C6F5.87.BC1	22575
CoV|P0C6F5.87.BC2	17146
CoV|P0C6F5.88.BC1	34261
CoV|P0C6F5.88.BC2	32480
CoV|P0C6F5.89.BC1	22666
CoV|P0C6F5.89.BC2	204
CoV|P0C6F5.90.BC1	21429
CoV|P0C6F5.90.BC2	38658
CoV|P0C6F5.91.BC1	21087
CoV|P0C6F5.91.BC2	50006
CoV|P0C6F5.92.BC1	9014
CoV|P0C6F5.92.BC2	21693
CoV|P0C6F5.93.BC1	30037
CoV|P0C6F5.93.BC2	35597
CoV|P0C6F5.94.BC1	18873
CoV|P0C6F5.94.BC2	31367
CoV|P0C6F5.95.BC1	25367
CoV|P0C6F5.95.BC2	22115
CoV|P0C6F5.96.BC1	24760
CoV|P0C6F5.96.BC2	34592
CoV|P0C6F5.97.BC1	30856
CoV|P0C6F5.97.BC2	28180
CoV|P0C6F5.98.BC1	26785
CoV|P0C6F5.98.BC2	25704
CoV|P0C6F5.99.BC1	55336
CoV|P0C6F5.99.BC2	31602
CoV|P0C6T7.0.BC1	37807
CoV|P0C6T7.0.BC2	10642
CoV|P0C6T7.1.BC1	34499
CoV|P0C6T7.1.BC2	26585
CoV|P0C6T7.10.BC1	42534
CoV|P0C6T7.10.BC2	29494
CoV|P0C6T7.100.BC1	16830
CoV|P0C6T7.100.BC2	21515
CoV|P0C6T7.101.BC1	25333
CoV|P0C6T7.101.BC2	25197
CoV|P0C6T7.102.BC1	22426
CoV|P0C6T7.102.BC2	1871
CoV|P0C6T7.103.BC1	58321
CoV|P0C6T7.103.BC2	29328
CoV|P0C6T7.104.BC1	32847
CoV|P0C6T7.104.BC2	46499
CoV|P0C6T7.105.BC1	26222
CoV|P0C6T7.105.BC2	40327
CoV|P0C6T7.106.BC1	51801
CoV|P0C6T7.106.BC2	22413
CoV|P0C6T7.107.BC1	35791
CoV|P0C6T7.107.BC2	24219
CoV|P0C6T7.108.BC1	16318
CoV|P0C6T7.108.BC2	21783
CoV|P0C6T7.109.BC1	47228
CoV|P0C6T7.109.BC2	36331
CoV|P0C6T7.11.BC1	23378
CoV|P0C6T7.11.BC2	59861
CoV|P0C6T7.110.BC1	54673
CoV|P0C6T7.110.BC2	43809
CoV|P0C6T7.111.BC1	16589
CoV|P0C6T7.111.BC2	14455
CoV|P0C6T7.112.BC1	14461
CoV|P0C6T7.112.BC2	6234
CoV|P0C6T7.113.BC1	21921
CoV|P0C6T7.113.BC2	16036
CoV|P0C6T7.114.BC1	17034
CoV|P0C6T7.114.BC2	22656
CoV|P0C6T7.115.BC1	13817
CoV|P0C6T7.115.BC2	13777
CoV|P0C6T7.116.BC1	4588
CoV|P0C6T7.116.BC2	11247
CoV|P0C6T7.117.BC1	12283
CoV|P0C6T7.117.BC2	50697
CoV|P0C6T7.118.BC1	13079
CoV|P0C6T7.118.BC2	51328
CoV|P0C6T7.119.BC1	22246
CoV|P0C6T7.119.BC2	21411
CoV|P0C6T7.12.BC1	20716
CoV|P0C6T7.12.BC2	55108
CoV|P0C6T7.120.BC1	42499
CoV|P0C6T7.120.BC2	22945
CoV|P0C6T7.121.BC1	30816
CoV|P0C6T7.121.BC2	41680
CoV|P0C6T7.122.BC1	19046
CoV|P0C6T7.122.BC2	22978
CoV|P0C6T7.123.BC1	15028
CoV|P0C6T7.123.BC2	18749
CoV|P0C6T7.124.BC1	30663
CoV|P0C6T7.124.BC2	25928
CoV|P0C6T7.125.BC1	22921
CoV|P0C6T7.125.BC2	11799
CoV|P0C6T7.126.BC1	19950
CoV|P0C6T7.126.BC2	19877
CoV|P0C6T7.127.BC1	20023
CoV|P0C6T7.127.BC2	11330
CoV|P0C6T7.128.BC1	15664
CoV|P0C6T7.128.BC2	53307
CoV|P0C6T7.129.BC1	21640
CoV|P0C6T7.129.BC2	22605
CoV|P0C6T7.13.BC1	15606
CoV|P0C6T7.13.BC2	11605
CoV|P0C6T7.130.BC1	43970
CoV|P0C6T7.130.BC2	33517
CoV|P0C6T7.131.BC1	21807
CoV|P0C6T7.131.BC2	20469
CoV|P0C6T7.132.BC1	42585
CoV|P0C6T7.132.BC2	59742
CoV|P0C6T7.133.BC1	54872
CoV|P0C6T7.133.BC2	60285
CoV|P0C6T7.134.BC1	2350
CoV|P0C6T7.134.BC2	24529
CoV|P0C6T7.135.BC1	11406
CoV|P0C6T7.135.BC2	14652
CoV|P0C6T7.136.BC1	46423
CoV|P0C6T7.136.BC2	11230
CoV|P0C6T7.137.BC1	17482
CoV|P0C6T7.137.BC2	17611
CoV|P0C6T7.138.BC1	12821
CoV|P0C6T7.138.BC2	26325
CoV|P0C6T7.139.BC1	33537
CoV|P0C6T7.139.BC2	62559
CoV|P0C6T7.140.BC1	13722
CoV|P0C6T7.140.BC2	45537
CoV|P0C6T7.141.BC1	40505
CoV|P0C6T7.141.BC2	8408
CoV|P0C6T7.142.BC1	38897
CoV|P0C6T7.142.BC2	17657
CoV|P0C6T7.143.BC1	38235
CoV|P0C6T7.143.BC2	14957
CoV|P0C6T7.144.BC1	23835
CoV|P0C6T7.144.BC2	17365
CoV|P0C6T7.145.BC1	27097
CoV|P0C6T7.145.BC2	18643
CoV|P0C6T7.146.BC1	48335
CoV|P0C6T7.146.BC2	35747
CoV|P0C6T7.147.BC1	44349
CoV|P0C6T7.147.BC2	68831
CoV|P0C6T7.148.BC1	56984
CoV|P0C6T7.148.BC2	34539
CoV|P0C6T7.149.BC1	32827
CoV|P0C6T7.149.BC2	23111
CoV|P0C6T7.15.BC1	9422
CoV|P0C6T7.15.BC2	9627
CoV|P0C6T7.150.BC1	5335
CoV|P0C6T7.150.BC2	18650
CoV|P0C6T7.151.BC1	13640
CoV|P0C6T7.151.BC2	12685
CoV|P0C6T7.152.BC1	25092
CoV|P0C6T7.152.BC2	30227
CoV|P0C6T7.153.BC1	38019
CoV|P0C6T7.153.BC2	9473
CoV|P0C6T7.154.BC1	41832
CoV|P0C6T7.154.BC2	22564
CoV|P0C6T7.155.BC1	45211
CoV|P0C6T7.155.BC2	38442
CoV|P0C6T7.16.BC1	11303
CoV|P0C6T7.16.BC2	14931
CoV|P0C6T7.17.BC1	31920
CoV|P0C6T7.17.BC2	23821
CoV|P0C6T7.18.BC1	36421
CoV|P0C6T7.18.BC2	21403
CoV|P0C6T7.19.BC1	19755
CoV|P0C6T7.19.BC2	24606
CoV|P0C6T7.2.BC1	29511
CoV|P0C6T7.2.BC2	39746
CoV|P0C6T7.20.BC1	9576
CoV|P0C6T7.20.BC2	19776
CoV|P0C6T7.21.BC1	17616
CoV|P0C6T7.21.BC2	43217
CoV|P0C6T7.22.BC1	10220
CoV|P0C6T7.22.BC2	4302
CoV|P0C6T7.23.BC1	8024
CoV|P0C6T7.23.BC2	11103
CoV|P0C6T7.24.BC1	8715
CoV|P0C6T7.24.BC2	11712
CoV|P0C6T7.26.BC1	44156
CoV|P0C6T7.26.BC2	28760
CoV|P0C6T7.27.BC1	34340
CoV|P0C6T7.27.BC2	38804
CoV|P0C6T7.28.BC1	20173
CoV|P0C6T7.28.BC2	17198
CoV|P0C6T7.29.BC1	27828
CoV|P0C6T7.29.BC2	25352
CoV|P0C6T7.3.BC1	29267
CoV|P0C6T7.3.BC2	26466
CoV|P0C6T7.31.BC1	6917
CoV|P0C6T7.31.BC2	13326
CoV|P0C6T7.32.BC1	16177
CoV|P0C6T7.32.BC2	16175
CoV|P0C6T7.33.BC1	33242
CoV|P0C6T7.33.BC2	34552
CoV|P0C6T7.34.BC1	49599
CoV|P0C6T7.34.BC2	15970
CoV|P0C6T7.35.BC1	32028
CoV|P0C6T7.35.BC2	39589
CoV|P0C6T7.36.BC1	45034
CoV|P0C6T7.36.BC2	18464
CoV|P0C6T7.37.BC1	27674
CoV|P0C6T7.37.BC2	34693
CoV|P0C6T7.38.BC1	25955
CoV|P0C6T7.38.BC2	33183
CoV|P0C6T7.39.BC1	18772
CoV|P0C6T7.39.BC2	28666
CoV|P0C6T7.40.BC1	10103
CoV|P0C6T7.40.BC2	11295
CoV|P0C6T7.41.BC1	18207
CoV|P0C6T7.41.BC2	42321
CoV|P0C6T7.42.BC1	11512
CoV|P0C6T7.42.BC2	40616
CoV|P0C6T7.43.BC1	12495
CoV|P0C6T7.43.BC2	14345
CoV|P0C6T7.44.BC1	27557
CoV|P0C6T7.44.BC2	20404
CoV|P0C6T7.45.BC1	22530
CoV|P0C6T7.45.BC2	28190
CoV|P0C6T7.46.BC1	26994
CoV|P0C6T7.46.BC2	31874
CoV|P0C6T7.47.BC1	35060
CoV|P0C6T7.47.BC2	44184
CoV|P0C6T7.48.BC1	9655
CoV|P0C6T7.48.BC2	15411
CoV|P0C6T7.49.BC1	19061
CoV|P0C6T7.49.BC2	23175
CoV|P0C6T7.5.BC1	42657
CoV|P0C6T7.5.BC2	13323
CoV|P0C6T7.50.BC1	56673
CoV|P0C6T7.50.BC2	60728
CoV|P0C6T7.51.BC1	31737
CoV|P0C6T7.51.BC2	30560
CoV|P0C6T7.52.BC1	19134
CoV|P0C6T7.52.BC2	21402
CoV|P0C6T7.53.BC1	28774
CoV|P0C6T7.53.BC2	18038
CoV|P0C6T7.54.BC1	17535
CoV|P0C6T7.54.BC2	33224
CoV|P0C6T7.55.BC1	18112
CoV|P0C6T7.55.BC2	38728
CoV|P0C6T7.56.BC1	33121
CoV|P0C6T7.56.BC2	46772
CoV|P0C6T7.57.BC1	14772
CoV|P0C6T7.57.BC2	24582
CoV|P0C6T7.58.BC1	16588
CoV|P0C6T7.58.BC2	45390
CoV|P0C6T7.59.BC1	12659
CoV|P0C6T7.59.BC2	9669
CoV|P0C6T7.6.BC1	30912
CoV|P0C6T7.6.BC2	8659
CoV|P0C6T7.60.BC1	20463
CoV|P0C6T7.60.BC2	16241
CoV|P0C6T7.61.BC1	22146
CoV|P0C6T7.61.BC2	19193
CoV|P0C6T7.62.BC1	24577
CoV|P0C6T7.62.BC2	11015
CoV|P0C6T7.63.BC1	7416
CoV|P0C6T7.63.BC2	32922
CoV|P0C6T7.64.BC1	28603
CoV|P0C6T7.64.BC2	18199
CoV|P0C6T7.65.BC1	35152
CoV|P0C6T7.65.BC2	28238
CoV|P0C6T7.66.BC1	16578
CoV|P0C6T7.66.BC2	23943
CoV|P0C6T7.67.BC1	40658
CoV|P0C6T7.67.BC2	29209
CoV|P0C6T7.68.BC1	29055
CoV|P0C6T7.68.BC2	34374
CoV|P0C6T7.69.BC1	22690
CoV|P0C6T7.69.BC2	26022
CoV|P0C6T7.7.BC1	3570
CoV|P0C6T7.7.BC2	22183
CoV|P0C6T7.70.BC1	33229
CoV|P0C6T7.70.BC2	63408
CoV|P0C6T7.71.BC1	30655
CoV|P0C6T7.71.BC2	37452
CoV|P0C6T7.72.BC1	42890
CoV|P0C6T7.72.BC2	31600
CoV|P0C6T7.73.BC1	36524
CoV|P0C6T7.73.BC2	41087
CoV|P0C6T7.74.BC1	20343
CoV|P0C6T7.74.BC2	21605
CoV|P0C6T7.75.BC1	49332
CoV|P0C6T7.75.BC2	36367
CoV|P0C6T7.76.BC1	28938
CoV|P0C6T7.76.BC2	31520
CoV|P0C6T7.77.BC1	6528
CoV|P0C6T7.77.BC2	18484
CoV|P0C6T7.78.BC1	32893
CoV|P0C6T7.78.BC2	12574
CoV|P0C6T7.79.BC1	5272
CoV|P0C6T7.79.BC2	24308
CoV|P0C6T7.8.BC1	22595
CoV|P0C6T7.8.BC2	8464
CoV|P0C6T7.80.BC1	12448
CoV|P0C6T7.80.BC2	16726
CoV|P0C6T7.81.BC1	17649
CoV|P0C6T7.81.BC2	24957
CoV|P0C6T7.82.BC1	29077
CoV|P0C6T7.82.BC2	27101
CoV|P0C6T7.83.BC1	17354
CoV|P0C6T7.83.BC2	40243
CoV|P0C6T7.84.BC1	17709
CoV|P0C6T7.84.BC2	13491
CoV|P0C6T7.85.BC1	22879
CoV|P0C6T7.85.BC2	40663
CoV|P0C6T7.86.BC1	40099
CoV|P0C6T7.86.BC2	26304
CoV|P0C6T7.87.BC1	31133
CoV|P0C6T7.87.BC2	31655
CoV|P0C6T7.88.BC1	29158
CoV|P0C6T7.88.BC2	32142
CoV|P0C6T7.89.BC1	17179
CoV|P0C6T7.89.BC2	69320
CoV|P0C6T7.90.BC1	9645
CoV|P0C6T7.90.BC2	48712
CoV|P0C6T7.91.BC1	26357
CoV|P0C6T7.91.BC2	7890
CoV|P0C6T7.92.BC1	17204
CoV|P0C6T7.92.BC2	19395
CoV|P0C6T7.93.BC1	34785
CoV|P0C6T7.93.BC2	31203
CoV|P0C6T7.94.BC1	61449
CoV|P0C6T7.94.BC2	85625
CoV|P0C6T7.95.BC1	15888
CoV|P0C6T7.95.BC2	29748
CoV|P0C6T7.96.BC1	16751
CoV|P0C6T7.96.BC2	13414
CoV|P0C6T7.97.BC1	58563
CoV|P0C6T7.97.BC2	51716
CoV|P0C6T7.98.BC1	39104
CoV|P0C6T7.98.BC2	33734
CoV|P0C6T7.99.BC1	44185
CoV|P0C6T7.99.BC2	32717
CoV|P0C6U2.0.BC1	40817
CoV|P0C6U2.0.BC2	45590
CoV|P0C6U2.1.BC1	25530
CoV|P0C6U2.1.BC2	14445
CoV|P0C6U2.10.BC1	11814
CoV|P0C6U2.10.BC2	19782
CoV|P0C6U2.100.BC1	47193
CoV|P0C6U2.100.BC2	52122
CoV|P0C6U2.101.BC1	29667
CoV|P0C6U2.101.BC2	19992
CoV|P0C6U2.102.BC1	15830
CoV|P0C6U2.102.BC2	20776
CoV|P0C6U2.103.BC1	21465
CoV|P0C6U2.103.BC2	19429
CoV|P0C6U2.104.BC1	19936
CoV|P0C6U2.104.BC2	17966
CoV|P0C6U2.105.BC1	30450
CoV|P0C6U2.105.BC2	13846
CoV|P0C6U2.106.BC1	13576
CoV|P0C6U2.106.BC2	12119
CoV|P0C6U2.107.BC1	15426
CoV|P0C6U2.107.BC2	34807
CoV|P0C6U2.108.BC1	19075
CoV|P0C6U2.108.BC2	28316
CoV|P0C6U2.109.BC1	26595
CoV|P0C6U2.109.BC2	30397
CoV|P0C6U2.11.BC1	21947
CoV|P0C6U2.11.BC2	28444
CoV|P0C6U2.110.BC1	10476
CoV|P0C6U2.110.BC2	7179
CoV|P0C6U2.111.BC1	28136
CoV|P0C6U2.111.BC2	16209
CoV|P0C6U2.112.BC1	16400
CoV|P0C6U2.112.BC2	16258
CoV|P0C6U2.113.BC1	13409
CoV|P0C6U2.113.BC2	12532
CoV|P0C6U2.114.BC1	15602
CoV|P0C6U2.114.BC2	16088
CoV|P0C6U2.115.BC1	11875
CoV|P0C6U2.115.BC2	17393
CoV|P0C6U2.116.BC1	18505
CoV|P0C6U2.116.BC2	15896
CoV|P0C6U2.117.BC1	4073
CoV|P0C6U2.117.BC2	30199
CoV|P0C6U2.118.BC1	24315
CoV|P0C6U2.118.BC2	27614
CoV|P0C6U2.119.BC1	38200
CoV|P0C6U2.119.BC2	31728
CoV|P0C6U2.12.BC1	54263
CoV|P0C6U2.12.BC2	32358
CoV|P0C6U2.120.BC1	29593
CoV|P0C6U2.120.BC2	38203
CoV|P0C6U2.121.BC1	69013
CoV|P0C6U2.121.BC2	54047
CoV|P0C6U2.122.BC1	39008
CoV|P0C6U2.122.BC2	63584
CoV|P0C6U2.123.BC1	42911
CoV|P0C6U2.123.BC2	48396
CoV|P0C6U2.124.BC1	18964
CoV|P0C6U2.124.BC2	28086
CoV|P0C6U2.125.BC1	18904
CoV|P0C6U2.125.BC2	32555
CoV|P0C6U2.126.BC1	9397
CoV|P0C6U2.126.BC2	16809
CoV|P0C6U2.127.BC1	16936
CoV|P0C6U2.127.BC2	11097
CoV|P0C6U2.128.BC1	10781
CoV|P0C6U2.128.BC2	16821
CoV|P0C6U2.129.BC1	819
CoV|P0C6U2.129.BC2	41648
CoV|P0C6U2.13.BC1	48013
CoV|P0C6U2.13.BC2	28231
CoV|P0C6U2.130.BC1	23053
CoV|P0C6U2.130.BC2	21517
CoV|P0C6U2.131.BC1	15562
CoV|P0C6U2.131.BC2	25945
CoV|P0C6U2.132.BC1	38989
CoV|P0C6U2.132.BC2	15886
CoV|P0C6U2.133.BC1	45496
CoV|P0C6U2.133.BC2	23276
CoV|P0C6U2.134.BC1	12098
CoV|P0C6U2.134.BC2	4012
CoV|P0C6U2.135.BC1	13932
CoV|P0C6U2.135.BC2	18614
CoV|P0C6U2.136.BC1	33664
CoV|P0C6U2.136.BC2	48802
CoV|P0C6U2.137.BC1	45177
CoV|P0C6U2.137.BC2	24243
CoV|P0C6U2.138.BC1	16978
CoV|P0C6U2.138.BC2	20438
CoV|P0C6U2.139.BC1	15513
CoV|P0C6U2.139.BC2	15299
CoV|P0C6U2.14.BC1	26528
CoV|P0C6U2.14.BC2	28362
CoV|P0C6U2.140.BC1	30060
CoV|P0C6U2.140.BC2	33001
CoV|P0C6U2.141.BC1	31784
CoV|P0C6U2.141.BC2	31195
CoV|P0C6U2.142.BC1	17268
CoV|P0C6U2.142.BC2	11475
CoV|P0C6U2.143.BC1	21030
CoV|P0C6U2.143.BC2	23084
CoV|P0C6U2.144.BC1	57103
CoV|P0C6U2.144.BC2	29994
CoV|P0C6U2.15.BC1	20937
CoV|P0C6U2.15.BC2	14545
CoV|P0C6U2.16.BC1	36135
CoV|P0C6U2.16.BC2	20311
CoV|P0C6U2.17.BC1	19982
CoV|P0C6U2.17.BC2	16631
CoV|P0C6U2.18.BC1	12221
CoV|P0C6U2.18.BC2	33301
CoV|P0C6U2.19.BC1	23180
CoV|P0C6U2.19.BC2	17150
CoV|P0C6U2.2.BC1	13517
CoV|P0C6U2.2.BC2	4180
CoV|P0C6U2.20.BC1	30487
CoV|P0C6U2.20.BC2	19077
CoV|P0C6U2.21.BC1	25693
CoV|P0C6U2.21.BC2	6107
CoV|P0C6U2.22.BC1	13042
CoV|P0C6U2.22.BC2	24181
CoV|P0C6U2.23.BC1	25377
CoV|P0C6U2.23.BC2	37543
CoV|P0C6U2.24.BC1	19135
CoV|P0C6U2.24.BC2	32758
CoV|P0C6U2.25.BC1	16692
CoV|P0C6U2.25.BC2	41005
CoV|P0C6U2.26.BC1	17797
CoV|P0C6U2.26.BC2	14570
CoV|P0C6U2.27.BC1	27916
CoV|P0C6U2.27.BC2	19289
CoV|P0C6U2.28.BC1	11115
CoV|P0C6U2.28.BC2	21676
CoV|P0C6U2.29.BC1	38816
CoV|P0C6U2.29.BC2	43753
CoV|P0C6U2.3.BC1	28766
CoV|P0C6U2.3.BC2	15501
CoV|P0C6U2.30.BC1	32829
CoV|P0C6U2.30.BC2	33246
CoV|P0C6U2.31.BC1	21301
CoV|P0C6U2.31.BC2	35986
CoV|P0C6U2.32.BC1	20210
CoV|P0C6U2.32.BC2	21236
CoV|P0C6U2.33.BC1	15072
CoV|P0C6U2.33.BC2	25407
CoV|P0C6U2.34.BC1	50654
CoV|P0C6U2.34.BC2	18721
CoV|P0C6U2.35.BC1	58486
CoV|P0C6U2.35.BC2	56956
CoV|P0C6U2.36.BC1	19481
CoV|P0C6U2.36.BC2	22691
CoV|P0C6U2.37.BC1	4666
CoV|P0C6U2.37.BC2	7557
CoV|P0C6U2.38.BC1	22708
CoV|P0C6U2.38.BC2	25329
CoV|P0C6U2.39.BC1	14461
CoV|P0C6U2.39.BC2	8544
CoV|P0C6U2.4.BC1	20506
CoV|P0C6U2.4.BC2	26358
CoV|P0C6U2.40.BC1	7920
CoV|P0C6U2.40.BC2	10621
CoV|P0C6U2.41.BC1	27968
CoV|P0C6U2.41.BC2	32542
CoV|P0C6U2.42.BC1	20444
CoV|P0C6U2.42.BC2	31634
CoV|P0C6U2.43.BC1	17225
CoV|P0C6U2.43.BC2	21355
CoV|P0C6U2.44.BC1	42726
CoV|P0C6U2.44.BC2	26680
CoV|P0C6U2.45.BC1	36574
CoV|P0C6U2.45.BC2	54471
CoV|P0C6U2.46.BC1	46268
CoV|P0C6U2.46.BC2	11150
CoV|P0C6U2.47.BC1	40129
CoV|P0C6U2.47.BC2	20331
CoV|P0C6U2.48.BC1	33740
CoV|P0C6U2.48.BC2	40518
CoV|P0C6U2.49.BC1	3319
CoV|P0C6U2.49.BC2	9839
CoV|P0C6U2.5.BC1	47740
CoV|P0C6U2.5.BC2	27174
CoV|P0C6U2.50.BC1	14381
CoV|P0C6U2.50.BC2	13030
CoV|P0C6U2.51.BC1	39353
CoV|P0C6U2.51.BC2	16813
CoV|P0C6U2.52.BC1	21080
CoV|P0C6U2.52.BC2	38812
CoV|P0C6U2.53.BC1	14658
CoV|P0C6U2.53.BC2	18783
CoV|P0C6U2.54.BC1	5453
CoV|P0C6U2.54.BC2	6906
CoV|P0C6U2.55.BC1	27159
CoV|P0C6U2.55.BC2	23275
CoV|P0C6U2.56.BC1	11452
CoV|P0C6U2.56.BC2	11709
CoV|P0C6U2.57.BC1	34660
CoV|P0C6U2.57.BC2	48152
CoV|P0C6U2.58.BC1	38159
CoV|P0C6U2.58.BC2	37941
CoV|P0C6U2.59.BC1	26321
CoV|P0C6U2.59.BC2	16641
CoV|P0C6U2.6.BC1	46032
CoV|P0C6U2.6.BC2	15937
CoV|P0C6U2.60.BC1	21922
CoV|P0C6U2.60.BC2	9030
CoV|P0C6U2.61.BC1	12656
CoV|P0C6U2.61.BC2	9194
CoV|P0C6U2.62.BC1	8610
CoV|P0C6U2.62.BC2	10262
CoV|P0C6U2.63.BC1	22511
CoV|P0C6U2.63.BC2	17604
CoV|P0C6U2.64.BC1	12063
CoV|P0C6U2.64.BC2	21280
CoV|P0C6U2.65.BC1	21466
CoV|P0C6U2.65.BC2	11883
CoV|P0C6U2.66.BC1	25810
CoV|P0C6U2.66.BC2	28996
CoV|P0C6U2.67.BC1	3529
CoV|P0C6U2.67.BC2	16507
CoV|P0C6U2.68.BC1	27502
CoV|P0C6U2.68.BC2	21980
CoV|P0C6U2.69.BC1	16732
CoV|P0C6U2.69.BC2	19800
CoV|P0C6U2.7.BC1	9074
CoV|P0C6U2.7.BC2	17036
CoV|P0C6U2.70.BC1	33259
CoV|P0C6U2.70.BC2	46596
CoV|P0C6U2.71.BC1	13936
CoV|P0C6U2.71.BC2	21931
CoV|P0C6U2.72.BC1	18771
CoV|P0C6U2.72.BC2	12404
CoV|P0C6U2.73.BC1	12626
CoV|P0C6U2.73.BC2	18085
CoV|P0C6U2.74.BC1	28651
CoV|P0C6U2.74.BC2	12505
CoV|P0C6U2.75.BC1	44146
CoV|P0C6U2.75.BC2	26957
CoV|P0C6U2.76.BC1	26719
CoV|P0C6U2.76.BC2	24586
CoV|P0C6U2.77.BC1	41084
CoV|P0C6U2.77.BC2	17020
CoV|P0C6U2.78.BC1	32360
CoV|P0C6U2.78.BC2	30064
CoV|P0C6U2.79.BC1	18822
CoV|P0C6U2.79.BC2	10820
CoV|P0C6U2.8.BC1	27559
CoV|P0C6U2.8.BC2	20193
CoV|P0C6U2.80.BC1	6437
CoV|P0C6U2.80.BC2	6579
CoV|P0C6U2.81.BC1	28209
CoV|P0C6U2.81.BC2	32004
CoV|P0C6U2.82.BC1	31978
CoV|P0C6U2.82.BC2	32317
CoV|P0C6U2.83.BC1	38184
CoV|P0C6U2.83.BC2	31168
CoV|P0C6U2.84.BC1	62039
CoV|P0C6U2.84.BC2	30860
CoV|P0C6U2.85.BC1	32933
CoV|P0C6U2.85.BC2	47576
CoV|P0C6U2.86.BC1	21845
CoV|P0C6U2.86.BC2	27828
CoV|P0C6U2.87.BC1	34335
CoV|P0C6U2.87.BC2	38625
CoV|P0C6U2.88.BC1	53378
CoV|P0C6U2.88.BC2	31437
CoV|P0C6U2.89.BC1	24972
CoV|P0C6U2.89.BC2	23067
CoV|P0C6U2.9.BC1	23892
CoV|P0C6U2.9.BC2	16423
CoV|P0C6U2.90.BC1	39468
CoV|P0C6U2.90.BC2	27293
CoV|P0C6U2.91.BC1	7121
CoV|P0C6U2.91.BC2	8447
CoV|P0C6U2.92.BC1	7929
CoV|P0C6U2.92.BC2	10786
CoV|P0C6U2.93.BC1	17458
CoV|P0C6U2.93.BC2	23226
CoV|P0C6U2.94.BC1	49820
CoV|P0C6U2.94.BC2	21406
CoV|P0C6U2.95.BC1	20184
CoV|P0C6U2.95.BC2	23708
CoV|P0C6U2.96.BC1	13935
CoV|P0C6U2.96.BC2	17331
CoV|P0C6U2.97.BC1	54801
CoV|P0C6U2.97.BC2	29713
CoV|P0C6U2.98.BC1	42318
CoV|P0C6U2.98.BC2	32276
CoV|P0C6U2.99.BC1	65128
CoV|P0C6U2.99.BC2	55553
CoV|P0C6U4.157.BC1	42884
CoV|P0C6U4.157.BC2	45576
CoV|P0C6U7.0.BC1	27454
CoV|P0C6U7.0.BC2	38329
CoV|P0C6U7.1.BC1	33520
CoV|P0C6U7.1.BC2	20305
CoV|P0C6U7.10.BC1	13420
CoV|P0C6U7.10.BC2	24500
CoV|P0C6U7.100.BC1	31605
CoV|P0C6U7.100.BC2	26443
CoV|P0C6U7.101.BC1	7433
CoV|P0C6U7.101.BC2	19265
CoV|P0C6U7.102.BC1	14151
CoV|P0C6U7.102.BC2	20692
CoV|P0C6U7.103.BC1	54239
CoV|P0C6U7.103.BC2	41399
CoV|P0C6U7.104.BC1	47100
CoV|P0C6U7.104.BC2	29641
CoV|P0C6U7.105.BC1	14690
CoV|P0C6U7.105.BC2	7553
CoV|P0C6U7.106.BC1	15103
CoV|P0C6U7.106.BC2	5897
CoV|P0C6U7.107.BC1	49237
CoV|P0C6U7.107.BC2	33913
CoV|P0C6U7.108.BC1	43457
CoV|P0C6U7.108.BC2	43314
CoV|P0C6U7.109.BC1	41914
CoV|P0C6U7.109.BC2	66048
CoV|P0C6U7.11.BC1	29126
CoV|P0C6U7.11.BC2	14258
CoV|P0C6U7.110.BC1	49271
CoV|P0C6U7.110.BC2	2660
CoV|P0C6U7.111.BC1	26203
CoV|P0C6U7.111.BC2	48864
CoV|P0C6U7.112.BC1	15153
CoV|P0C6U7.112.BC2	10583
CoV|P0C6U7.113.BC1	25611
CoV|P0C6U7.113.BC2	48154
CoV|P0C6U7.114.BC1	28047
CoV|P0C6U7.114.BC2	32494
CoV|P0C6U7.115.BC1	26776
CoV|P0C6U7.115.BC2	21975
CoV|P0C6U7.116.BC1	36890
CoV|P0C6U7.116.BC2	21351
CoV|P0C6U7.117.BC1	19585
CoV|P0C6U7.117.BC2	13247
CoV|P0C6U7.118.BC1	16924
CoV|P0C6U7.118.BC2	20198
CoV|P0C6U7.119.BC1	21955
CoV|P0C6U7.119.BC2	16744
CoV|P0C6U7.12.BC1	17756
CoV|P0C6U7.12.BC2	34684
CoV|P0C6U7.120.BC1	9268
CoV|P0C6U7.120.BC2	10485
CoV|P0C6U7.121.BC1	10793
CoV|P0C6U7.121.BC2	15169
CoV|P0C6U7.122.BC1	7906
CoV|P0C6U7.122.BC2	11289
CoV|P0C6U7.123.BC1	9850
CoV|P0C6U7.123.BC2	14306
CoV|P0C6U7.124.BC1	11239
CoV|P0C6U7.124.BC2	10350
CoV|P0C6U7.125.BC1	27359
CoV|P0C6U7.125.BC2	24322
CoV|P0C6U7.126.BC1	35593
CoV|P0C6U7.126.BC2	27269
CoV|P0C6U7.127.BC1	50735
CoV|P0C6U7.127.BC2	61080
CoV|P0C6U7.128.BC1	41370
CoV|P0C6U7.128.BC2	58535
CoV|P0C6U7.129.BC1	26911
CoV|P0C6U7.129.BC2	37799
CoV|P0C6U7.13.BC1	22537
CoV|P0C6U7.13.BC2	26248
CoV|P0C6U7.130.BC1	15807
CoV|P0C6U7.130.BC2	37564
CoV|P0C6U7.131.BC1	6177
CoV|P0C6U7.131.BC2	21083
CoV|P0C6U7.132.BC1	17968
CoV|P0C6U7.132.BC2	22397
CoV|P0C6U7.133.BC1	18777
CoV|P0C6U7.133.BC2	5586
CoV|P0C6U7.134.BC1	22077
CoV|P0C6U7.134.BC2	29561
CoV|P0C6U7.135.BC1	16889
CoV|P0C6U7.135.BC2	20394
CoV|P0C6U7.136.BC1	3842
CoV|P0C6U7.136.BC2	13819
CoV|P0C6U7.137.BC1	8661
CoV|P0C6U7.137.BC2	13677
CoV|P0C6U7.138.BC1	13404
CoV|P0C6U7.138.BC2	16843
CoV|P0C6U7.139.BC1	32073
CoV|P0C6U7.139.BC2	22296
CoV|P0C6U7.14.BC1	26504
CoV|P0C6U7.14.BC2	42689
CoV|P0C6U7.140.BC1	36329
CoV|P0C6U7.140.BC2	11973
CoV|P0C6U7.141.BC1	50217
CoV|P0C6U7.141.BC2	54371
CoV|P0C6U7.142.BC1	13262
CoV|P0C6U7.142.BC2	35706
CoV|P0C6U7.143.BC1	10599
CoV|P0C6U7.143.BC2	39645
CoV|P0C6U7.144.BC1	27957
CoV|P0C6U7.144.BC2	27698
CoV|P0C6U7.145.BC1	23520
CoV|P0C6U7.145.BC2	3671
CoV|P0C6U7.146.BC1	19713
CoV|P0C6U7.146.BC2	10108
CoV|P0C6U7.147.BC1	29261
CoV|P0C6U7.147.BC2	24882
CoV|P0C6U7.148.BC1	16751
CoV|P0C6U7.148.BC2	50258
CoV|P0C6U7.149.BC1	16941
CoV|P0C6U7.149.BC2	17980
CoV|P0C6U7.15.BC1	22644
CoV|P0C6U7.15.BC2	13101
CoV|P0C6U7.150.BC1	30409
CoV|P0C6U7.150.BC2	22521
CoV|P0C6U7.151.BC1	25902
CoV|P0C6U7.151.BC2	47992
CoV|P0C6U7.152.BC1	18971
CoV|P0C6U7.152.BC2	42368
CoV|P0C6U7.153.BC1	17433
CoV|P0C6U7.153.BC2	16008
CoV|P0C6U7.154.BC1	42729
CoV|P0C6U7.154.BC2	34719
CoV|P0C6U7.155.BC1	42517
CoV|P0C6U7.155.BC2	21787
CoV|P0C6U7.16.BC1	14832
CoV|P0C6U7.16.BC2	6634
CoV|P0C6U7.17.BC1	22215
CoV|P0C6U7.17.BC2	27552
CoV|P0C6U7.18.BC1	23254
CoV|P0C6U7.18.BC2	14953
CoV|P0C6U7.19.BC1	16955
CoV|P0C6U7.19.BC2	17199
CoV|P0C6U7.2.BC1	21546
CoV|P0C6U7.2.BC2	40951
CoV|P0C6U7.20.BC1	17313
CoV|P0C6U7.20.BC2	24545
CoV|P0C6U7.21.BC1	19198
CoV|P0C6U7.21.BC2	18750
CoV|P0C6U7.22.BC1	14506
CoV|P0C6U7.22.BC2	25691
CoV|P0C6U7.23.BC1	24074
CoV|P0C6U7.23.BC2	43313
CoV|P0C6U7.24.BC1	28331
CoV|P0C6U7.24.BC2	35156
CoV|P0C6U7.25.BC1	720
CoV|P0C6U7.25.BC2	27448
CoV|P0C6U7.26.BC1	23964
CoV|P0C6U7.26.BC2	24903
CoV|P0C6U7.27.BC1	45533
CoV|P0C6U7.27.BC2	55173
CoV|P0C6U7.28.BC1	7740
CoV|P0C6U7.28.BC2	45986
CoV|P0C6U7.29.BC1	17676
CoV|P0C6U7.29.BC2	30423
CoV|P0C6U7.3.BC1	12990
CoV|P0C6U7.3.BC2	15164
CoV|P0C6U7.30.BC1	15921
CoV|P0C6U7.30.BC2	21259
CoV|P0C6U7.31.BC1	16689
CoV|P0C6U7.31.BC2	22834
CoV|P0C6U7.32.BC1	21323
CoV|P0C6U7.32.BC2	34748
CoV|P0C6U7.33.BC1	10023
CoV|P0C6U7.33.BC2	44300
CoV|P0C6U7.34.BC1	40200
CoV|P0C6U7.34.BC2	16643
CoV|P0C6U7.35.BC1	68577
CoV|P0C6U7.35.BC2	24812
CoV|P0C6U7.36.BC1	25252
CoV|P0C6U7.36.BC2	16902
CoV|P0C6U7.37.BC1	13769
CoV|P0C6U7.37.BC2	12482
CoV|P0C6U7.38.BC1	13769
CoV|P0C6U7.38.BC2	5508
CoV|P0C6U7.39.BC1	8539
CoV|P0C6U7.39.BC2	27727
CoV|P0C6U7.4.BC1	22196
CoV|P0C6U7.4.BC2	19803
CoV|P0C6U7.40.BC1	12368
CoV|P0C6U7.40.BC2	17892
CoV|P0C6U7.41.BC1	15641
CoV|P0C6U7.41.BC2	28047
CoV|P0C6U7.42.BC1	30343
CoV|P0C6U7.42.BC2	9589
CoV|P0C6U7.43.BC1	13165
CoV|P0C6U7.43.BC2	11378
CoV|P0C6U7.44.BC1	14759
CoV|P0C6U7.44.BC2	13012
CoV|P0C6U7.45.BC1	19471
CoV|P0C6U7.45.BC2	20534
CoV|P0C6U7.46.BC1	22608
CoV|P0C6U7.46.BC2	36548
CoV|P0C6U7.47.BC1	38919
CoV|P0C6U7.47.BC2	22087
CoV|P0C6U7.48.BC1	16677
CoV|P0C6U7.48.BC2	22715
CoV|P0C6U7.49.BC1	16609
CoV|P0C6U7.49.BC2	13562
CoV|P0C6U7.5.BC1	8152
CoV|P0C6U7.5.BC2	20300
CoV|P0C6U7.50.BC1	15224
CoV|P0C6U7.50.BC2	41231
CoV|P0C6U7.51.BC1	22788
CoV|P0C6U7.51.BC2	28937
CoV|P0C6U7.52.BC1	39340
CoV|P0C6U7.52.BC2	44005
CoV|P0C6U7.53.BC1	7198
CoV|P0C6U7.53.BC2	15426
CoV|P0C6U7.54.BC1	10913
CoV|P0C6U7.54.BC2	6315
CoV|P0C6U7.55.BC1	16222
CoV|P0C6U7.55.BC2	22449
CoV|P0C6U7.56.BC1	24357
CoV|P0C6U7.56.BC2	17236
CoV|P0C6U7.57.BC1	16068
CoV|P0C6U7.57.BC2	9775
CoV|P0C6U7.58.BC1	16031
CoV|P0C6U7.58.BC2	18503
CoV|P0C6U7.59.BC1	23961
CoV|P0C6U7.59.BC2	30056
CoV|P0C6U7.6.BC1	22855
CoV|P0C6U7.6.BC2	21905
CoV|P0C6U7.60.BC1	15622
CoV|P0C6U7.60.BC2	8496
CoV|P0C6U7.61.BC1	9943
CoV|P0C6U7.61.BC2	16161
CoV|P0C6U7.62.BC1	9251
CoV|P0C6U7.62.BC2	17661
CoV|P0C6U7.63.BC1	30890
CoV|P0C6U7.63.BC2	33195
CoV|P0C6U7.64.BC1	17441
CoV|P0C6U7.64.BC2	24007
CoV|P0C6U7.65.BC1	24010
CoV|P0C6U7.65.BC2	30483
CoV|P0C6U7.66.BC1	24278
CoV|P0C6U7.66.BC2	28774
CoV|P0C6U7.67.BC1	20482
CoV|P0C6U7.67.BC2	13292
CoV|P0C6U7.68.BC1	30992
CoV|P0C6U7.68.BC2	19737
CoV|P0C6U7.69.BC1	39082
CoV|P0C6U7.69.BC2	33103
CoV|P0C6U7.7.BC1	27480
CoV|P0C6U7.7.BC2	40060
CoV|P0C6U7.70.BC1	35992
CoV|P0C6U7.70.BC2	21553
CoV|P0C6U7.71.BC1	20543
CoV|P0C6U7.71.BC2	27428
CoV|P0C6U7.72.BC1	48547
CoV|P0C6U7.72.BC2	37434
CoV|P0C6U7.73.BC1	25568
CoV|P0C6U7.73.BC2	39070
CoV|P0C6U7.74.BC1	20308
CoV|P0C6U7.74.BC2	18528
CoV|P0C6U7.75.BC1	30575
CoV|P0C6U7.75.BC2	12846
CoV|P0C6U7.76.BC1	23466
CoV|P0C6U7.76.BC2	17510
CoV|P0C6U7.77.BC1	11136
CoV|P0C6U7.77.BC2	30424
CoV|P0C6U7.78.BC1	8492
CoV|P0C6U7.78.BC2	30454
CoV|P0C6U7.79.BC1	16932
CoV|P0C6U7.79.BC2	12829
CoV|P0C6U7.8.BC1	51584
CoV|P0C6U7.8.BC2	27193
CoV|P0C6U7.80.BC1	29954
CoV|P0C6U7.80.BC2	17015
CoV|P0C6U7.81.BC1	25412
CoV|P0C6U7.81.BC2	28859
CoV|P0C6U7.82.BC1	31782
CoV|P0C6U7.82.BC2	37532
CoV|P0C6U7.83.BC1	15883
CoV|P0C6U7.83.BC2	35881
CoV|P0C6U7.84.BC1	40485
CoV|P0C6U7.84.BC2	31307
CoV|P0C6U7.85.BC1	17912
CoV|P0C6U7.85.BC2	64378
CoV|P0C6U7.86.BC1	15676
CoV|P0C6U7.86.BC2	28950
CoV|P0C6U7.87.BC1	30421
CoV|P0C6U7.87.BC2	24957
CoV|P0C6U7.88.BC1	37973
CoV|P0C6U7.88.BC2	58750
CoV|P0C6U7.89.BC1	33167
CoV|P0C6U7.89.BC2	27568
CoV|P0C6U7.9.BC1	21113
CoV|P0C6U7.9.BC2	15141
CoV|P0C6U7.90.BC1	28789
CoV|P0C6U7.90.BC2	36038
CoV|P0C6U7.91.BC1	22395
CoV|P0C6U7.91.BC2	40528
CoV|P0C6U7.92.BC1	18804
CoV|P0C6U7.92.BC2	16939
CoV|P0C6U7.93.BC1	27080
CoV|P0C6U7.93.BC2	46483
CoV|P0C6U7.94.BC1	39810
CoV|P0C6U7.94.BC2	33101
CoV|P0C6U7.95.BC1	16798
CoV|P0C6U7.95.BC2	6067
CoV|P0C6U7.96.BC1	25385
CoV|P0C6U7.96.BC2	37885
CoV|P0C6U7.97.BC1	42497
CoV|P0C6U7.97.BC2	61933
CoV|P0C6U7.98.BC1	34129
CoV|P0C6U7.98.BC2	42492
CoV|P0C6U7.99.BC1	54814
CoV|P0C6U7.99.BC2	15938
CoV|P0C6U8.0.BC1	30841
CoV|P0C6U8.0.BC2	15410
CoV|P0C6U8.1.BC1	21935
CoV|P0C6U8.1.BC2	14281
CoV|P0C6U8.10.BC1	26876
CoV|P0C6U8.10.BC2	66859
CoV|P0C6U8.100.BC1	20045
CoV|P0C6U8.100.BC2	24762
CoV|P0C6U8.101.BC1	10961
CoV|P0C6U8.101.BC2	21027
CoV|P0C6U8.102.BC1	25806
CoV|P0C6U8.102.BC2	40842
CoV|P0C6U8.103.BC1	47411
CoV|P0C6U8.103.BC2	22569
CoV|P0C6U8.104.BC1	17098
CoV|P0C6U8.104.BC2	22124
CoV|P0C6U8.105.BC1	14119
CoV|P0C6U8.105.BC2	12306
CoV|P0C6U8.106.BC1	45752
CoV|P0C6U8.106.BC2	20563
CoV|P0C6U8.107.BC1	4991
CoV|P0C6U8.107.BC2	30277
CoV|P0C6U8.108.BC1	48556
CoV|P0C6U8.108.BC2	32754
CoV|P0C6U8.109.BC1	62124
CoV|P0C6U8.109.BC2	25589
CoV|P0C6U8.11.BC1	36371
CoV|P0C6U8.11.BC2	55548
CoV|P0C6U8.110.BC1	55362
CoV|P0C6U8.110.BC2	13182
CoV|P0C6U8.111.BC1	1192
CoV|P0C6U8.111.BC2	37019
CoV|P0C6U8.112.BC1	18082
CoV|P0C6U8.112.BC2	9752
CoV|P0C6U8.113.BC1	28626
CoV|P0C6U8.113.BC2	21122
CoV|P0C6U8.114.BC1	22556
CoV|P0C6U8.114.BC2	11782
CoV|P0C6U8.115.BC1	20322
CoV|P0C6U8.115.BC2	32154
CoV|P0C6U8.116.BC1	35852
CoV|P0C6U8.116.BC2	21310
CoV|P0C6U8.117.BC1	33672
CoV|P0C6U8.117.BC2	24275
CoV|P0C6U8.118.BC1	27045
CoV|P0C6U8.118.BC2	21520
CoV|P0C6U8.119.BC1	26293
CoV|P0C6U8.119.BC2	15677
CoV|P0C6U8.12.BC1	63881
CoV|P0C6U8.12.BC2	21125
CoV|P0C6U8.120.BC1	17641
CoV|P0C6U8.120.BC2	29693
CoV|P0C6U8.121.BC1	21800
CoV|P0C6U8.121.BC2	13338
CoV|P0C6U8.122.BC1	17712
CoV|P0C6U8.122.BC2	25019
CoV|P0C6U8.123.BC1	18964
CoV|P0C6U8.123.BC2	28555
CoV|P0C6U8.124.BC1	20433
CoV|P0C6U8.124.BC2	35106
CoV|P0C6U8.125.BC1	16659
CoV|P0C6U8.125.BC2	15136
CoV|P0C6U8.126.BC1	24085
CoV|P0C6U8.126.BC2	22633
CoV|P0C6U8.127.BC1	51665
CoV|P0C6U8.127.BC2	34288
CoV|P0C6U8.128.BC1	58487
CoV|P0C6U8.128.BC2	74237
CoV|P0C6U8.129.BC1	70420
CoV|P0C6U8.129.BC2	25744
CoV|P0C6U8.13.BC1	16793
CoV|P0C6U8.13.BC2	26942
CoV|P0C6U8.130.BC1	63328
CoV|P0C6U8.130.BC2	59109
CoV|P0C6U8.131.BC1	31350
CoV|P0C6U8.131.BC2	24153
CoV|P0C6U8.132.BC1	46375
CoV|P0C6U8.132.BC2	40298
CoV|P0C6U8.133.BC1	70557
CoV|P0C6U8.133.BC2	58467
CoV|P0C6U8.134.BC1	13120
CoV|P0C6U8.134.BC2	38433
CoV|P0C6U8.135.BC1	10780
CoV|P0C6U8.135.BC2	8897
CoV|P0C6U8.136.BC1	19710
CoV|P0C6U8.136.BC2	13334
CoV|P0C6U8.137.BC1	2716
CoV|P0C6U8.137.BC2	21906
CoV|P0C6U8.138.BC1	27705
CoV|P0C6U8.138.BC2	17691
CoV|P0C6U8.139.BC1	28695
CoV|P0C6U8.139.BC2	38244
CoV|P0C6U8.14.BC1	20324
CoV|P0C6U8.14.BC2	15937
CoV|P0C6U8.140.BC1	25910
CoV|P0C6U8.140.BC2	53215
CoV|P0C6U8.141.BC1	68307
CoV|P0C6U8.141.BC2	34552
CoV|P0C6U8.142.BC1	36827
CoV|P0C6U8.142.BC2	26376
CoV|P0C6U8.143.BC1	46617
CoV|P0C6U8.143.BC2	27809
CoV|P0C6U8.144.BC1	10413
CoV|P0C6U8.144.BC2	8876
CoV|P0C6U8.145.BC1	25061
CoV|P0C6U8.145.BC2	13308
CoV|P0C6U8.146.BC1	50993
CoV|P0C6U8.146.BC2	39400
CoV|P0C6U8.147.BC1	47215
CoV|P0C6U8.147.BC2	26310
CoV|P0C6U8.148.BC1	25748
CoV|P0C6U8.148.BC2	23616
CoV|P0C6U8.149.BC1	21089
CoV|P0C6U8.149.BC2	23562
CoV|P0C6U8.15.BC1	10863
CoV|P0C6U8.15.BC2	8636
CoV|P0C6U8.150.BC1	21791
CoV|P0C6U8.150.BC2	30464
CoV|P0C6U8.151.BC1	19190
CoV|P0C6U8.151.BC2	30660
CoV|P0C6U8.152.BC1	29588
CoV|P0C6U8.152.BC2	17556
CoV|P0C6U8.153.BC1	21790
CoV|P0C6U8.153.BC2	18053
CoV|P0C6U8.154.BC1	21382
CoV|P0C6U8.154.BC2	34666
CoV|P0C6U8.155.BC1	33129
CoV|P0C6U8.155.BC2	43105
CoV|P0C6U8.16.BC1	14973
CoV|P0C6U8.16.BC2	9892
CoV|P0C6U8.17.BC1	24260
CoV|P0C6U8.17.BC2	34404
CoV|P0C6U8.18.BC1	41998
CoV|P0C6U8.18.BC2	47771
CoV|P0C6U8.19.BC1	27119
CoV|P0C6U8.19.BC2	12970
CoV|P0C6U8.2.BC1	46815
CoV|P0C6U8.2.BC2	22579
CoV|P0C6U8.20.BC1	12040
CoV|P0C6U8.20.BC2	29999
CoV|P0C6U8.21.BC1	31491
CoV|P0C6U8.21.BC2	12008
CoV|P0C6U8.22.BC1	5632
CoV|P0C6U8.22.BC2	9327
CoV|P0C6U8.23.BC1	9612
CoV|P0C6U8.23.BC2	5894
CoV|P0C6U8.24.BC1	14908
CoV|P0C6U8.24.BC2	16197
CoV|P0C6U8.25.BC1	19677
CoV|P0C6U8.25.BC2	24534
CoV|P0C6U8.26.BC1	32930
CoV|P0C6U8.26.BC2	26329
CoV|P0C6U8.27.BC1	37100
CoV|P0C6U8.27.BC2	50368
CoV|P0C6U8.28.BC1	45299
CoV|P0C6U8.28.BC2	12701
CoV|P0C6U8.29.BC1	17870
CoV|P0C6U8.29.BC2	38975
CoV|P0C6U8.3.BC1	11883
CoV|P0C6U8.3.BC2	21717
CoV|P0C6U8.30.BC1	24607
CoV|P0C6U8.30.BC2	22237
CoV|P0C6U8.31.BC1	21480
CoV|P0C6U8.31.BC2	6914
CoV|P0C6U8.32.BC1	29312
CoV|P0C6U8.32.BC2	4979
CoV|P0C6U8.33.BC1	19767
CoV|P0C6U8.33.BC2	46309
CoV|P0C6U8.34.BC1	37817
CoV|P0C6U8.34.BC2	29897
CoV|P0C6U8.35.BC1	30832
CoV|P0C6U8.35.BC2	36988
CoV|P0C6U8.36.BC1	17455
CoV|P0C6U8.36.BC2	42597
CoV|P0C6U8.37.BC1	56449
CoV|P0C6U8.37.BC2	15102
CoV|P0C6U8.38.BC1	29747
CoV|P0C6U8.38.BC2	10459
CoV|P0C6U8.39.BC1	14041
CoV|P0C6U8.39.BC2	21348
CoV|P0C6U8.4.BC1	14114
CoV|P0C6U8.4.BC2	52084
CoV|P0C6U8.40.BC1	12891
CoV|P0C6U8.40.BC2	8580
CoV|P0C6U8.41.BC1	6696
CoV|P0C6U8.41.BC2	48980
CoV|P0C6U8.42.BC1	14442
CoV|P0C6U8.42.BC2	18085
CoV|P0C6U8.43.BC1	36717
CoV|P0C6U8.43.BC2	18411
CoV|P0C6U8.44.BC1	45281
CoV|P0C6U8.44.BC2	30597
CoV|P0C6U8.45.BC1	26095
CoV|P0C6U8.45.BC2	19880
CoV|P0C6U8.46.BC1	26313
CoV|P0C6U8.46.BC2	21701
CoV|P0C6U8.47.BC1	28279
CoV|P0C6U8.47.BC2	43734
CoV|P0C6U8.48.BC1	10207
CoV|P0C6U8.48.BC2	1075
CoV|P0C6U8.49.BC1	17499
CoV|P0C6U8.49.BC2	9940
CoV|P0C6U8.5.BC1	20290
CoV|P0C6U8.5.BC2	29764
CoV|P0C6U8.50.BC1	38919
CoV|P0C6U8.50.BC2	52672
CoV|P0C6U8.51.BC1	46781
CoV|P0C6U8.51.BC2	33413
CoV|P0C6U8.52.BC1	20865
CoV|P0C6U8.52.BC2	31868
CoV|P0C6U8.53.BC1	37443
CoV|P0C6U8.53.BC2	17939
CoV|P0C6U8.54.BC1	19452
CoV|P0C6U8.54.BC2	29877
CoV|P0C6U8.55.BC1	28936
CoV|P0C6U8.55.BC2	18278
CoV|P0C6U8.56.BC1	37361
CoV|P0C6U8.56.BC2	38970
CoV|P0C6U8.57.BC1	10033
CoV|P0C6U8.57.BC2	22214
CoV|P0C6U8.58.BC1	11902
CoV|P0C6U8.58.BC2	15980
CoV|P0C6U8.59.BC1	9521
CoV|P0C6U8.59.BC2	12236
CoV|P0C6U8.6.BC1	30740
CoV|P0C6U8.6.BC2	15325
CoV|P0C6U8.60.BC1	21575
CoV|P0C6U8.60.BC2	23172
CoV|P0C6U8.61.BC1	39967
CoV|P0C6U8.61.BC2	18942
CoV|P0C6U8.62.BC1	29773
CoV|P0C6U8.62.BC2	33448
CoV|P0C6U8.63.BC1	25099
CoV|P0C6U8.63.BC2	23871
CoV|P0C6U8.64.BC1	19741
CoV|P0C6U8.64.BC2	24238
CoV|P0C6U8.65.BC1	25545
CoV|P0C6U8.65.BC2	30961
CoV|P0C6U8.66.BC1	26768
CoV|P0C6U8.66.BC2	83081
CoV|P0C6U8.67.BC1	19481
CoV|P0C6U8.67.BC2	64009
CoV|P0C6U8.68.BC1	20929
CoV|P0C6U8.68.BC2	28086
CoV|P0C6U8.69.BC1	39378
CoV|P0C6U8.69.BC2	25825
CoV|P0C6U8.7.BC1	5911
CoV|P0C6U8.7.BC2	12618
CoV|P0C6U8.70.BC1	24466
CoV|P0C6U8.70.BC2	43242
CoV|P0C6U8.71.BC1	27123
CoV|P0C6U8.71.BC2	28241
CoV|P0C6U8.72.BC1	23336
CoV|P0C6U8.72.BC2	50688
CoV|P0C6U8.73.BC1	67873
CoV|P0C6U8.73.BC2	25667
CoV|P0C6U8.74.BC1	14763
CoV|P0C6U8.74.BC2	40615
CoV|P0C6U8.75.BC1	21846
CoV|P0C6U8.75.BC2	44465
CoV|P0C6U8.76.BC1	17594
CoV|P0C6U8.76.BC2	33103
CoV|P0C6U8.77.BC1	11844
CoV|P0C6U8.77.BC2	13622
CoV|P0C6U8.78.BC1	38381
CoV|P0C6U8.78.BC2	31798
CoV|P0C6U8.79.BC1	18869
CoV|P0C6U8.79.BC2	4926
CoV|P0C6U8.8.BC1	32339
CoV|P0C6U8.8.BC2	37076
CoV|P0C6U8.80.BC1	19459
CoV|P0C6U8.80.BC2	18230
CoV|P0C6U8.81.BC1	26975
CoV|P0C6U8.81.BC2	33476
CoV|P0C6U8.82.BC1	30434
CoV|P0C6U8.82.BC2	53783
CoV|P0C6U8.83.BC1	25766
CoV|P0C6U8.83.BC2	32451
CoV|P0C6U8.84.BC1	21029
CoV|P0C6U8.84.BC2	9919
CoV|P0C6U8.85.BC1	47718
CoV|P0C6U8.85.BC2	22690
CoV|P0C6U8.86.BC1	30473
CoV|P0C6U8.86.BC2	57735
CoV|P0C6U8.87.BC1	13900
CoV|P0C6U8.87.BC2	29068
CoV|P0C6U8.88.BC1	17543
CoV|P0C6U8.88.BC2	10479
CoV|P0C6U8.89.BC1	9270
CoV|P0C6U8.89.BC2	25335
CoV|P0C6U8.9.BC1	23717
CoV|P0C6U8.9.BC2	20062
CoV|P0C6U8.90.BC1	53643
CoV|P0C6U8.90.BC2	28043
CoV|P0C6U8.91.BC1	9497
CoV|P0C6U8.91.BC2	31400
CoV|P0C6U8.92.BC1	22839
CoV|P0C6U8.92.BC2	11035
CoV|P0C6U8.93.BC1	33336
CoV|P0C6U8.93.BC2	14701
CoV|P0C6U8.94.BC1	65123
CoV|P0C6U8.94.BC2	54599
CoV|P0C6U8.95.BC1	13730
CoV|P0C6U8.95.BC2	27465
CoV|P0C6U8.96.BC1	17601
CoV|P0C6U8.96.BC2	19279
CoV|P0C6U8.97.BC1	58993
CoV|P0C6U8.97.BC2	41047
CoV|P0C6U8.98.BC1	29894
CoV|P0C6U8.98.BC2	38890
CoV|P0C6U8.99.BC1	32698
CoV|P0C6U8.99.BC2	24558
CoV|P0C6V9.155.BC1	57130
CoV|P0C6V9.155.BC2	64851
CoV|P0C6V9.156.BC1	39469
CoV|P0C6V9.156.BC2	37904
CoV|P0C6V9.157.BC1	11036
CoV|P0C6V9.157.BC2	22834
CoV|P0C6V9.158.BC1	12283
CoV|P0C6V9.158.BC2	29716
CoV|P0C6V9.159.BC1	27711
CoV|P0C6V9.159.BC2	29674
CoV|P0C6V9.160.BC1	27359
CoV|P0C6V9.160.BC2	20366
CoV|P0C6V9.161.BC1	19297
CoV|P0C6V9.161.BC2	21180
CoV|P0C6V9.162.BC1	20903
CoV|P0C6V9.162.BC2	12260
CoV|P0C6V9.163.BC1	48112
CoV|P0C6V9.163.BC2	35299
CoV|P0C6V9.164.BC1	23539
CoV|P0C6V9.164.BC2	33782
CoV|P0C6V9.165.BC1	20778
CoV|P0C6V9.165.BC2	31416
CoV|P0C6V9.166.BC1	5212
CoV|P0C6V9.166.BC2	40391
CoV|P0C6V9.167.BC1	25756
CoV|P0C6V9.167.BC2	8169
CoV|P0C6V9.168.BC1	13605
CoV|P0C6V9.168.BC2	36193
CoV|P0C6V9.169.BC1	35752
CoV|P0C6V9.169.BC2	45159
CoV|P0C6V9.170.BC1	21567
CoV|P0C6V9.170.BC2	32259
CoV|P0C6V9.171.BC1	16389
CoV|P0C6V9.171.BC2	20981
CoV|P0C6V9.172.BC1	13062
CoV|P0C6V9.172.BC2	9154
CoV|P0C6V9.173.BC1	27080
CoV|P0C6V9.173.BC2	16356
CoV|P0C6V9.174.BC1	14671
CoV|P0C6V9.174.BC2	14563
CoV|P0C6V9.175.BC1	19146
CoV|P0C6V9.175.BC2	4681
CoV|P0C6V9.176.BC1	2852
CoV|P0C6V9.176.BC2	1414
CoV|P0C6V9.177.BC1	35767
CoV|P0C6V9.177.BC2	38863
CoV|P0C6V9.178.BC1	12829
CoV|P0C6V9.178.BC2	13640
CoV|P0C6V9.179.BC1	23992
CoV|P0C6V9.179.BC2	21594
CoV|P0C6V9.180.BC1	14804
CoV|P0C6V9.180.BC2	6889
CoV|P0C6V9.181.BC1	23729
CoV|P0C6V9.181.BC2	11572
CoV|P0C6V9.182.BC1	24419
CoV|P0C6V9.182.BC2	18569
CoV|P0C6V9.183.BC1	19373
CoV|P0C6V9.183.BC2	15280
CoV|P0C6V9.184.BC1	46987
CoV|P0C6V9.184.BC2	35373
CoV|P0C6V9.185.BC1	26876
CoV|P0C6V9.185.BC2	39658
CoV|P0C6V9.186.BC1	14833
CoV|P0C6V9.186.BC2	14204
CoV|P0C6V9.187.BC1	11727
CoV|P0C6V9.187.BC2	8231
CoV|P0C6V9.188.BC1	34522
CoV|P0C6V9.188.BC2	39276
CoV|P0C6V9.189.BC1	28838
CoV|P0C6V9.189.BC2	45411
CoV|P0C6V9.190.BC1	15850
CoV|P0C6V9.190.BC2	28441
CoV|P0C6V9.191.BC1	27052
CoV|P0C6V9.191.BC2	17493
CoV|P0C6V9.192.BC1	54633
CoV|P0C6V9.192.BC2	51121
CoV|P0C6V9.193.BC1	45096
CoV|P0C6V9.193.BC2	33059
CoV|P0C6V9.194.BC1	31185
CoV|P0C6V9.194.BC2	19200
CoV|P0C6V9.195.BC1	9092
CoV|P0C6V9.195.BC2	32824
CoV|P0C6V9.196.BC1	16107
CoV|P0C6V9.196.BC2	15567
CoV|P0C6V9.197.BC1	22252
CoV|P0C6V9.197.BC2	18158
CoV|P0C6V9.198.BC1	26583
CoV|P0C6V9.198.BC2	27843
CoV|P0C6V9.199.BC1	34683
CoV|P0C6V9.199.BC2	43487
CoV|P0C6V9.200.BC1	17245
CoV|P0C6V9.200.BC2	30849
CoV|P0C6V9.201.BC1	31431
CoV|P0C6V9.201.BC2	49902
CoV|P0C6V9.202.BC1	28844
CoV|P0C6V9.202.BC2	16182
CoV|P0C6V9.203.BC1	26691
CoV|P0C6V9.203.BC2	46816
CoV|P0C6V9.204.BC1	61828
CoV|P0C6V9.204.BC2	31639
CoV|P0C6V9.205.BC1	25368
CoV|P0C6V9.205.BC2	24061
CoV|P0C6V9.206.BC1	43248
CoV|P0C6V9.206.BC2	43171
CoV|P0C6V9.207.BC1	46027
CoV|P0C6V9.207.BC2	16391
CoV|P0C6V9.208.BC1	21842
CoV|P0C6V9.208.BC2	7924
CoV|P0C6V9.209.BC1	22185
CoV|P0C6V9.209.BC2	29099
CoV|P0C6V9.210.BC1	40040
CoV|P0C6V9.210.BC2	55759
CoV|P0C6V9.211.BC1	62126
CoV|P0C6V9.211.BC2	5178
CoV|P0C6V9.212.BC1	16648
CoV|P0C6V9.212.BC2	11280
CoV|P0C6V9.213.BC1	48759
CoV|P0C6V9.213.BC2	37690
CoV|P0C6V9.214.BC1	27730
CoV|P0C6V9.214.BC2	28169
CoV|P0C6V9.215.BC1	11699
CoV|P0C6V9.215.BC2	19912
CoV|P0C6V9.216.BC1	14275
CoV|P0C6V9.216.BC2	22442
CoV|P0C6V9.217.BC1	21053
CoV|P0C6V9.217.BC2	6920
CoV|P0C6V9.218.BC1	9894
CoV|P0C6V9.218.BC2	9875
CoV|P0C6V9.219.BC1	24914
CoV|P0C6V9.219.BC2	26292
CoV|P0C6V9.220.BC1	31189
CoV|P0C6V9.220.BC2	45845
CoV|P0C6V9.221.BC1	33676
CoV|P0C6V9.221.BC2	24285
CoV|P0C6V9.222.BC1	34617
CoV|P0C6V9.222.BC2	25352
CoV|P0C6V9.223.BC1	16016
CoV|P0C6V9.223.BC2	8883
CoV|P0C6V9.224.BC1	21887
CoV|P0C6V9.224.BC2	13496
CoV|P0C6V9.225.BC1	29759
CoV|P0C6V9.225.BC2	63699
CoV|P0C6V9.226.BC1	53987
CoV|P0C6V9.226.BC2	30648
CoV|P0C6V9.227.BC1	53077
CoV|P0C6V9.227.BC2	44861
CoV|P0C6V9.228.BC1	21995
CoV|P0C6V9.228.BC2	13125
CoV|P0C6V9.229.BC1	13242
CoV|P0C6V9.229.BC2	15168
CoV|P0C6V9.230.BC1	39164
CoV|P0C6V9.230.BC2	35115
CoV|P0C6V9.231.BC1	25037
CoV|P0C6V9.231.BC2	23192
CoV|P0C6V9.232.BC1	25791
CoV|P0C6V9.232.BC2	31403
CoV|P0C6V9.233.BC1	80860
CoV|P0C6V9.233.BC2	83522
CoV|P0C6V9.234.BC1	43142
CoV|P0C6V9.234.BC2	43763
CoV|P0C6V9.235.BC1	19509
CoV|P0C6V9.235.BC2	34388
CoV|P0C6V9.236.BC1	18189
CoV|P0C6V9.236.BC2	20616
CoV|P0C6V9.237.BC1	17002
CoV|P0C6V9.237.BC2	14471
CoV|P0C6V9.238.BC1	26543
CoV|P0C6V9.238.BC2	25021
CoV|P0C6V9.239.BC1	27799
CoV|P0C6V9.239.BC2	13307
CoV|P0C6V9.240.BC1	4769
CoV|P0C6V9.240.BC2	16588
CoV|P0C6V9.241.BC1	21332
CoV|P0C6V9.241.BC2	6062
CoV|P0C6V9.242.BC1	26966
CoV|P0C6V9.242.BC2	15889
CoV|P0C6V9.243.BC1	31611
CoV|P0C6V9.243.BC2	28672
CoV|P0C6V9.244.BC1	65185
CoV|P0C6V9.244.BC2	45011
CoV|P0C6V9.245.BC1	28325
CoV|P0C6V9.245.BC2	30493
CoV|P0C6V9.246.BC1	15367
CoV|P0C6V9.246.BC2	18605
CoV|P0C6V9.247.BC1	15441
CoV|P0C6V9.247.BC2	28194
CoV|P0C6V9.248.BC1	9498
CoV|P0C6V9.248.BC2	6375
CoV|P0C6V9.249.BC1	13859
CoV|P0C6V9.249.BC2	12175
CoV|P0C6V9.250.BC1	30246
CoV|P0C6V9.250.BC2	20780
CoV|P0C6V9.251.BC1	23225
CoV|P0C6V9.251.BC2	31126
CoV|P0C6W2.10.BC1	22137
CoV|P0C6W2.10.BC2	31993
CoV|P0C6W2.100.BC1	10757
CoV|P0C6W2.100.BC2	18992
CoV|P0C6W2.101.BC1	18605
CoV|P0C6W2.101.BC2	21995
CoV|P0C6W2.102.BC1	8706
CoV|P0C6W2.102.BC2	29326
CoV|P0C6W2.103.BC1	47962
CoV|P0C6W2.103.BC2	29268
CoV|P0C6W2.104.BC1	29032
CoV|P0C6W2.104.BC2	29665
CoV|P0C6W2.105.BC1	31313
CoV|P0C6W2.105.BC2	49134
CoV|P0C6W2.106.BC1	15563
CoV|P0C6W2.106.BC2	23973
CoV|P0C6W2.107.BC1	18326
CoV|P0C6W2.107.BC2	39173
CoV|P0C6W2.108.BC1	42426
CoV|P0C6W2.108.BC2	54935
CoV|P0C6W2.109.BC1	58866
CoV|P0C6W2.109.BC2	52599
CoV|P0C6W2.11.BC1	69567
CoV|P0C6W2.11.BC2	72196
CoV|P0C6W2.110.BC1	32768
CoV|P0C6W2.110.BC2	33505
CoV|P0C6W2.111.BC1	2998
CoV|P0C6W2.111.BC2	18363
CoV|P0C6W2.112.BC1	17552
CoV|P0C6W2.112.BC2	11280
CoV|P0C6W2.113.BC1	19012
CoV|P0C6W2.113.BC2	22481
CoV|P0C6W2.114.BC1	34408
CoV|P0C6W2.114.BC2	22067
CoV|P0C6W2.115.BC1	52494
CoV|P0C6W2.115.BC2	17805
CoV|P0C6W2.116.BC1	10436
CoV|P0C6W2.116.BC2	42470
CoV|P0C6W2.117.BC1	13494
CoV|P0C6W2.117.BC2	25394
CoV|P0C6W2.118.BC1	14854
CoV|P0C6W2.118.BC2	20140
CoV|P0C6W2.119.BC1	17045
CoV|P0C6W2.119.BC2	33009
CoV|P0C6W2.12.BC1	27128
CoV|P0C6W2.12.BC2	28013
CoV|P0C6W2.120.BC1	19647
CoV|P0C6W2.120.BC2	31501
CoV|P0C6W2.121.BC1	18388
CoV|P0C6W2.121.BC2	12029
CoV|P0C6W2.122.BC1	11338
CoV|P0C6W2.122.BC2	13058
CoV|P0C6W2.123.BC1	22702
CoV|P0C6W2.123.BC2	32853
CoV|P0C6W2.124.BC1	16644
CoV|P0C6W2.124.BC2	16234
CoV|P0C6W2.125.BC1	20486
CoV|P0C6W2.125.BC2	20732
CoV|P0C6W2.126.BC1	30452
CoV|P0C6W2.126.BC2	7857
CoV|P0C6W2.127.BC1	34876
CoV|P0C6W2.127.BC2	21962
CoV|P0C6W2.128.BC1	49522
CoV|P0C6W2.128.BC2	68522
CoV|P0C6W2.129.BC1	30603
CoV|P0C6W2.129.BC2	42416
CoV|P0C6W2.13.BC1	22449
CoV|P0C6W2.13.BC2	26878
CoV|P0C6W2.130.BC1	35002
CoV|P0C6W2.130.BC2	29314
CoV|P0C6W2.131.BC1	26359
CoV|P0C6W2.131.BC2	21483
CoV|P0C6W2.132.BC1	40094
CoV|P0C6W2.132.BC2	43336
CoV|P0C6W2.133.BC1	96056
CoV|P0C6W2.133.BC2	88672
CoV|P0C6W2.134.BC1	21450
CoV|P0C6W2.134.BC2	14981
CoV|P0C6W2.135.BC1	27076
CoV|P0C6W2.135.BC2	33270
CoV|P0C6W2.136.BC1	27082
CoV|P0C6W2.136.BC2	14698
CoV|P0C6W2.137.BC1	4472
CoV|P0C6W2.137.BC2	14966
CoV|P0C6W2.138.BC1	13408
CoV|P0C6W2.138.BC2	14187
CoV|P0C6W2.139.BC1	35702
CoV|P0C6W2.139.BC2	46948
CoV|P0C6W2.14.BC1	13949
CoV|P0C6W2.14.BC2	21085
CoV|P0C6W2.140.BC1	26138
CoV|P0C6W2.140.BC2	34812
CoV|P0C6W2.141.BC1	50305
CoV|P0C6W2.141.BC2	38224
CoV|P0C6W2.142.BC1	46967
CoV|P0C6W2.142.BC2	43247
CoV|P0C6W2.143.BC1	23143
CoV|P0C6W2.143.BC2	27709
CoV|P0C6W2.144.BC1	35287
CoV|P0C6W2.144.BC2	17444
CoV|P0C6W2.145.BC1	36895
CoV|P0C6W2.145.BC2	36258
CoV|P0C6W2.146.BC1	76170
CoV|P0C6W2.146.BC2	35510
CoV|P0C6W2.147.BC1	33306
CoV|P0C6W2.147.BC2	48963
CoV|P0C6W2.148.BC1	31855
CoV|P0C6W2.148.BC2	25545
CoV|P0C6W2.149.BC1	36052
CoV|P0C6W2.149.BC2	17956
CoV|P0C6W2.15.BC1	16978
CoV|P0C6W2.15.BC2	13502
CoV|P0C6W2.150.BC1	20987
CoV|P0C6W2.150.BC2	11566
CoV|P0C6W2.151.BC1	19961
CoV|P0C6W2.151.BC2	31203
CoV|P0C6W2.152.BC1	23039
CoV|P0C6W2.152.BC2	27362
CoV|P0C6W2.153.BC1	18877
CoV|P0C6W2.153.BC2	20523
CoV|P0C6W2.154.BC1	26144
CoV|P0C6W2.154.BC2	27531
CoV|P0C6W2.155.BC1	55626
CoV|P0C6W2.155.BC2	37376
CoV|P0C6W2.156.BC1	13225
CoV|P0C6W2.156.BC2	28783
CoV|P0C6W2.157.BC1	11552
CoV|P0C6W2.157.BC2	9650
CoV|P0C6W2.158.BC1	35449
CoV|P0C6W2.158.BC2	20006
CoV|P0C6W2.159.BC1	21252
CoV|P0C6W2.159.BC2	38136
CoV|P0C6W2.16.BC1	5134
CoV|P0C6W2.16.BC2	6323
CoV|P0C6W2.160.BC1	33026
CoV|P0C6W2.160.BC2	15456
CoV|P0C6W2.161.BC1	5744
CoV|P0C6W2.161.BC2	36841
CoV|P0C6W2.162.BC1	16704
CoV|P0C6W2.162.BC2	33996
CoV|P0C6W2.163.BC1	17331
CoV|P0C6W2.163.BC2	13085
CoV|P0C6W2.164.BC1	21375
CoV|P0C6W2.164.BC2	21700
CoV|P0C6W2.165.BC1	5818
CoV|P0C6W2.165.BC2	7576
CoV|P0C6W2.166.BC1	28506
CoV|P0C6W2.166.BC2	10159
CoV|P0C6W2.167.BC1	31874
CoV|P0C6W2.167.BC2	15999
CoV|P0C6W2.168.BC1	15540
CoV|P0C6W2.168.BC2	47382
CoV|P0C6W2.169.BC1	23152
CoV|P0C6W2.169.BC2	50447
CoV|P0C6W2.17.BC1	31659
CoV|P0C6W2.17.BC2	33598
CoV|P0C6W2.170.BC1	35647
CoV|P0C6W2.170.BC2	31538
CoV|P0C6W2.171.BC1	5297
CoV|P0C6W2.171.BC2	14114
CoV|P0C6W2.172.BC1	8392
CoV|P0C6W2.172.BC2	7225
CoV|P0C6W2.173.BC1	44286
CoV|P0C6W2.173.BC2	45621
CoV|P0C6W2.174.BC1	43617
CoV|P0C6W2.174.BC2	12277
CoV|P0C6W2.175.BC1	23476
CoV|P0C6W2.175.BC2	19718
CoV|P0C6W2.176.BC1	28052
CoV|P0C6W2.176.BC2	35008
CoV|P0C6W2.177.BC1	49490
CoV|P0C6W2.177.BC2	22442
CoV|P0C6W2.178.BC1	6351
CoV|P0C6W2.178.BC2	17637
CoV|P0C6W2.179.BC1	29567
CoV|P0C6W2.179.BC2	39256
CoV|P0C6W2.18.BC1	2178
CoV|P0C6W2.18.BC2	44032
CoV|P0C6W2.180.BC1	40740
CoV|P0C6W2.180.BC2	22779
CoV|P0C6W2.181.BC1	13742
CoV|P0C6W2.181.BC2	23847
CoV|P0C6W2.182.BC1	12665
CoV|P0C6W2.182.BC2	27462
CoV|P0C6W2.183.BC1	13842
CoV|P0C6W2.183.BC2	13907
CoV|P0C6W2.184.BC1	53510
CoV|P0C6W2.184.BC2	55089
CoV|P0C6W2.185.BC1	13739
CoV|P0C6W2.185.BC2	35373
CoV|P0C6W2.186.BC1	18324
CoV|P0C6W2.186.BC2	6395
CoV|P0C6W2.187.BC1	34870
CoV|P0C6W2.187.BC2	15680
CoV|P0C6W2.188.BC1	12056
CoV|P0C6W2.188.BC2	41721
CoV|P0C6W2.189.BC1	48932
CoV|P0C6W2.189.BC2	38164
CoV|P0C6W2.19.BC1	30220
CoV|P0C6W2.19.BC2	29035
CoV|P0C6W2.190.BC1	3496
CoV|P0C6W2.190.BC2	3957
CoV|P0C6W2.191.BC1	25411
CoV|P0C6W2.191.BC2	53675
CoV|P0C6W2.192.BC1	49709
CoV|P0C6W2.192.BC2	41107
CoV|P0C6W2.193.BC1	26784
CoV|P0C6W2.193.BC2	27476
CoV|P0C6W2.194.BC1	6979
CoV|P0C6W2.194.BC2	31963
CoV|P0C6W2.195.BC1	19288
CoV|P0C6W2.195.BC2	10791
CoV|P0C6W2.196.BC1	24253
CoV|P0C6W2.196.BC2	31766
CoV|P0C6W2.197.BC1	17647
CoV|P0C6W2.197.BC2	21468
CoV|P0C6W2.198.BC1	20731
CoV|P0C6W2.198.BC2	12690
CoV|P0C6W2.199.BC1	15967
CoV|P0C6W2.199.BC2	15708
CoV|P0C6W2.2.BC1	27872
CoV|P0C6W2.2.BC2	18057
CoV|P0C6W2.20.BC1	9824
CoV|P0C6W2.20.BC2	23724
CoV|P0C6W2.200.BC1	37235
CoV|P0C6W2.200.BC2	52762
CoV|P0C6W2.201.BC1	21539
CoV|P0C6W2.201.BC2	29891
CoV|P0C6W2.202.BC1	30701
CoV|P0C6W2.202.BC2	24856
CoV|P0C6W2.203.BC1	48091
CoV|P0C6W2.203.BC2	31959
CoV|P0C6W2.204.BC1	27203
CoV|P0C6W2.204.BC2	23238
CoV|P0C6W2.205.BC1	29866
CoV|P0C6W2.205.BC2	19749
CoV|P0C6W2.206.BC1	37346
CoV|P0C6W2.206.BC2	22885
CoV|P0C6W2.207.BC1	28538
CoV|P0C6W2.207.BC2	20648
CoV|P0C6W2.208.BC1	4001
CoV|P0C6W2.208.BC2	15415
CoV|P0C6W2.209.BC1	28208
CoV|P0C6W2.209.BC2	28830
CoV|P0C6W2.21.BC1	11129
CoV|P0C6W2.21.BC2	48040
CoV|P0C6W2.210.BC1	28167
CoV|P0C6W2.210.BC2	37568
CoV|P0C6W2.211.BC1	19119
CoV|P0C6W2.211.BC2	12815
CoV|P0C6W2.212.BC1	26787
CoV|P0C6W2.212.BC2	35391
CoV|P0C6W2.213.BC1	28552
CoV|P0C6W2.213.BC2	38209
CoV|P0C6W2.214.BC1	26419
CoV|P0C6W2.214.BC2	33841
CoV|P0C6W2.215.BC1	6586
CoV|P0C6W2.215.BC2	27522
CoV|P0C6W2.216.BC1	16254
CoV|P0C6W2.216.BC2	18002
CoV|P0C6W2.217.BC1	19938
CoV|P0C6W2.217.BC2	20511
CoV|P0C6W2.218.BC1	7413
CoV|P0C6W2.218.BC2	13520
CoV|P0C6W2.219.BC1	41480
CoV|P0C6W2.219.BC2	33426
CoV|P0C6W2.22.BC1	8618
CoV|P0C6W2.22.BC2	12496
CoV|P0C6W2.220.BC1	41245
CoV|P0C6W2.220.BC2	15282
CoV|P0C6W2.221.BC1	33584
CoV|P0C6W2.221.BC2	9212
CoV|P0C6W2.222.BC1	41634
CoV|P0C6W2.222.BC2	19524
CoV|P0C6W2.223.BC1	17987
CoV|P0C6W2.223.BC2	14270
CoV|P0C6W2.224.BC1	26708
CoV|P0C6W2.224.BC2	50019
CoV|P0C6W2.225.BC1	27501
CoV|P0C6W2.225.BC2	45993
CoV|P0C6W2.226.BC1	55719
CoV|P0C6W2.226.BC2	58738
CoV|P0C6W2.227.BC1	22136
CoV|P0C6W2.227.BC2	21041
CoV|P0C6W2.228.BC1	15240
CoV|P0C6W2.228.BC2	15368
CoV|P0C6W2.229.BC1	18923
CoV|P0C6W2.229.BC2	23202
CoV|P0C6W2.23.BC1	9860
CoV|P0C6W2.23.BC2	10268
CoV|P0C6W2.230.BC1	14905
CoV|P0C6W2.230.BC2	22010
CoV|P0C6W2.231.BC1	50356
CoV|P0C6W2.231.BC2	25956
CoV|P0C6W2.232.BC1	21881
CoV|P0C6W2.232.BC2	49601
CoV|P0C6W2.233.BC1	28381
CoV|P0C6W2.233.BC2	25563
CoV|P0C6W2.234.BC1	16382
CoV|P0C6W2.234.BC2	22307
CoV|P0C6W2.235.BC1	24897
CoV|P0C6W2.235.BC2	25744
CoV|P0C6W2.236.BC1	16942
CoV|P0C6W2.236.BC2	3805
CoV|P0C6W2.237.BC1	15679
CoV|P0C6W2.237.BC2	14158
CoV|P0C6W2.238.BC1	35035
CoV|P0C6W2.238.BC2	17482
CoV|P0C6W2.239.BC1	10254
CoV|P0C6W2.239.BC2	11907
CoV|P0C6W2.24.BC1	16715
CoV|P0C6W2.24.BC2	11202
CoV|P0C6W2.240.BC1	16445
CoV|P0C6W2.240.BC2	15770
CoV|P0C6W2.241.BC1	33856
CoV|P0C6W2.241.BC2	13400
CoV|P0C6W2.242.BC1	17982
CoV|P0C6W2.242.BC2	50539
CoV|P0C6W2.243.BC1	28772
CoV|P0C6W2.243.BC2	40807
CoV|P0C6W2.244.BC1	55499
CoV|P0C6W2.244.BC2	34526
CoV|P0C6W2.245.BC1	29238
CoV|P0C6W2.245.BC2	24115
CoV|P0C6W2.246.BC1	8443
CoV|P0C6W2.246.BC2	11104
CoV|P0C6W2.247.BC1	9860
CoV|P0C6W2.247.BC2	8146
CoV|P0C6W2.248.BC1	10725
CoV|P0C6W2.248.BC2	16436
CoV|P0C6W2.249.BC1	11170
CoV|P0C6W2.249.BC2	31599
CoV|P0C6W2.25.BC1	13252
CoV|P0C6W2.25.BC2	6096
CoV|P0C6W2.250.BC1	26959
CoV|P0C6W2.250.BC2	20548
CoV|P0C6W2.251.BC1	50279
CoV|P0C6W2.251.BC2	42527
CoV|P0C6W2.26.BC1	26327
CoV|P0C6W2.26.BC2	39406
CoV|P0C6W2.27.BC1	42101
CoV|P0C6W2.27.BC2	35017
CoV|P0C6W2.28.BC1	17462
CoV|P0C6W2.28.BC2	33343
CoV|P0C6W2.29.BC1	31536
CoV|P0C6W2.29.BC2	15554
CoV|P0C6W2.3.BC1	19172
CoV|P0C6W2.3.BC2	30532
CoV|P0C6W2.30.BC1	11092
CoV|P0C6W2.30.BC2	19348
CoV|P0C6W2.31.BC1	11156
CoV|P0C6W2.31.BC2	1918
CoV|P0C6W2.32.BC1	18724
CoV|P0C6W2.32.BC2	22993
CoV|P0C6W2.33.BC1	21902
CoV|P0C6W2.33.BC2	38366
CoV|P0C6W2.34.BC1	22911
CoV|P0C6W2.34.BC2	23518
CoV|P0C6W2.35.BC1	21668
CoV|P0C6W2.35.BC2	23087
CoV|P0C6W2.36.BC1	67161
CoV|P0C6W2.36.BC2	30531
CoV|P0C6W2.37.BC1	56203
CoV|P0C6W2.37.BC2	32937
CoV|P0C6W2.38.BC1	36852
CoV|P0C6W2.38.BC2	43136
CoV|P0C6W2.39.BC1	4428
CoV|P0C6W2.39.BC2	10416
CoV|P0C6W2.4.BC1	29432
CoV|P0C6W2.4.BC2	31891
CoV|P0C6W2.40.BC1	14493
CoV|P0C6W2.40.BC2	15292
CoV|P0C6W2.41.BC1	20696
CoV|P0C6W2.41.BC2	25117
CoV|P0C6W2.42.BC1	8559
CoV|P0C6W2.42.BC2	13521
CoV|P0C6W2.43.BC1	34840
CoV|P0C6W2.43.BC2	30260
CoV|P0C6W2.44.BC1	38931
CoV|P0C6W2.44.BC2	37009
CoV|P0C6W2.45.BC1	27681
CoV|P0C6W2.45.BC2	54942
CoV|P0C6W2.46.BC1	35305
CoV|P0C6W2.46.BC2	24214
CoV|P0C6W2.47.BC1	16726
CoV|P0C6W2.47.BC2	10667
CoV|P0C6W2.48.BC1	20111
CoV|P0C6W2.48.BC2	9946
CoV|P0C6W2.49.BC1	25246
CoV|P0C6W2.49.BC2	29699
CoV|P0C6W2.5.BC1	30399
CoV|P0C6W2.5.BC2	54392
CoV|P0C6W2.50.BC1	43909
CoV|P0C6W2.50.BC2	37079
CoV|P0C6W2.51.BC1	22676
CoV|P0C6W2.51.BC2	38407
CoV|P0C6W2.52.BC1	42842
CoV|P0C6W2.52.BC2	30357
CoV|P0C6W2.53.BC1	20119
CoV|P0C6W2.53.BC2	18490
CoV|P0C6W2.54.BC1	12094
CoV|P0C6W2.54.BC2	25397
CoV|P0C6W2.55.BC1	34272
CoV|P0C6W2.55.BC2	30844
CoV|P0C6W2.56.BC1	28988
CoV|P0C6W2.56.BC2	27496
CoV|P0C6W2.57.BC1	13516
CoV|P0C6W2.57.BC2	17999
CoV|P0C6W2.58.BC1	25683
CoV|P0C6W2.58.BC2	19414
CoV|P0C6W2.59.BC1	5670
CoV|P0C6W2.59.BC2	15433
CoV|P0C6W2.6.BC1	10288
CoV|P0C6W2.6.BC2	12820
CoV|P0C6W2.60.BC1	10785
CoV|P0C6W2.60.BC2	15549
CoV|P0C6W2.61.BC1	36440
CoV|P0C6W2.61.BC2	32916
CoV|P0C6W2.62.BC1	36947
CoV|P0C6W2.62.BC2	12587
CoV|P0C6W2.63.BC1	22321
CoV|P0C6W2.63.BC2	15564
CoV|P0C6W2.64.BC1	13295
CoV|P0C6W2.64.BC2	12106
CoV|P0C6W2.65.BC1	33053
CoV|P0C6W2.65.BC2	25012
CoV|P0C6W2.66.BC1	34207
CoV|P0C6W2.66.BC2	24058
CoV|P0C6W2.67.BC1	44484
CoV|P0C6W2.67.BC2	75535
CoV|P0C6W2.68.BC1	14960
CoV|P0C6W2.68.BC2	8823
CoV|P0C6W2.69.BC1	16659
CoV|P0C6W2.69.BC2	16136
CoV|P0C6W2.7.BC1	11311
CoV|P0C6W2.7.BC2	7480
CoV|P0C6W2.70.BC1	17799
CoV|P0C6W2.70.BC2	27820
CoV|P0C6W2.71.BC1	13314
CoV|P0C6W2.71.BC2	23565
CoV|P0C6W2.72.BC1	27446
CoV|P0C6W2.72.BC2	42753
CoV|P0C6W2.73.BC1	41477
CoV|P0C6W2.73.BC2	24957
CoV|P0C6W2.74.BC1	15049
CoV|P0C6W2.74.BC2	18900
CoV|P0C6W2.75.BC1	17606
CoV|P0C6W2.75.BC2	38221
CoV|P0C6W2.76.BC1	14341
CoV|P0C6W2.76.BC2	1293
CoV|P0C6W2.77.BC1	23810
CoV|P0C6W2.77.BC2	18677
CoV|P0C6W2.78.BC1	43565
CoV|P0C6W2.78.BC2	47636
CoV|P0C6W2.79.BC1	29699
CoV|P0C6W2.79.BC2	26608
CoV|P0C6W2.8.BC1	10279
CoV|P0C6W2.8.BC2	35129
CoV|P0C6W2.80.BC1	8809
CoV|P0C6W2.80.BC2	15270
CoV|P0C6W2.81.BC1	17307
CoV|P0C6W2.81.BC2	34073
CoV|P0C6W2.82.BC1	13955
CoV|P0C6W2.82.BC2	14779
CoV|P0C6W2.83.BC1	19520
CoV|P0C6W2.83.BC2	47336
CoV|P0C6W2.84.BC1	26530
CoV|P0C6W2.84.BC2	12395
CoV|P0C6W2.85.BC1	37566
CoV|P0C6W2.85.BC2	17206
CoV|P0C6W2.86.BC1	40636
CoV|P0C6W2.86.BC2	12426
CoV|P0C6W2.87.BC1	17672
CoV|P0C6W2.87.BC2	17620
CoV|P0C6W2.88.BC1	22024
CoV|P0C6W2.88.BC2	30744
CoV|P0C6W2.89.BC1	30338
CoV|P0C6W2.89.BC2	33513
CoV|P0C6W2.9.BC1	21012
CoV|P0C6W2.9.BC2	22181
CoV|P0C6W2.90.BC1	32227
CoV|P0C6W2.90.BC2	26563
CoV|P0C6W2.91.BC1	8809
CoV|P0C6W2.91.BC2	13085
CoV|P0C6W2.92.BC1	36858
CoV|P0C6W2.92.BC2	33635
CoV|P0C6W2.93.BC1	31296
CoV|P0C6W2.93.BC2	44256
CoV|P0C6W2.94.BC1	22991
CoV|P0C6W2.94.BC2	36839
CoV|P0C6W2.95.BC1	22730
CoV|P0C6W2.95.BC2	47358
CoV|P0C6W2.96.BC1	8469
CoV|P0C6W2.96.BC2	4109
CoV|P0C6W2.97.BC1	28776
CoV|P0C6W2.97.BC2	29387
CoV|P0C6W2.98.BC1	30664
CoV|P0C6W2.98.BC2	42338
CoV|P0C6W2.99.BC1	29891
CoV|P0C6W2.99.BC2	45603
CoV|P0C6W6.155.BC1	59546
CoV|P0C6W6.155.BC2	43904
CoV|P0C6W6.156.BC1	16520
CoV|P0C6W6.156.BC2	18565
CoV|P0C6W6.157.BC1	25290
CoV|P0C6W6.157.BC2	30289
CoV|P0C6W6.158.BC1	31866
CoV|P0C6W6.158.BC2	14417
CoV|P0C6W6.159.BC1	26508
CoV|P0C6W6.159.BC2	30457
CoV|P0C6W6.160.BC1	4360
CoV|P0C6W6.160.BC2	24944
CoV|P0C6W6.161.BC1	17813
CoV|P0C6W6.161.BC2	25629
CoV|P0C6W6.162.BC1	33244
CoV|P0C6W6.162.BC2	18283
CoV|P0C6W6.163.BC1	22349
CoV|P0C6W6.163.BC2	20028
CoV|P0C6W6.164.BC1	19790
CoV|P0C6W6.164.BC2	18440
CoV|P0C6W6.165.BC1	30025
CoV|P0C6W6.165.BC2	17927
CoV|P0C6W6.166.BC1	13313
CoV|P0C6W6.166.BC2	16922
CoV|P0C6W6.167.BC1	17424
CoV|P0C6W6.167.BC2	29463
CoV|P0C6W6.168.BC1	28948
CoV|P0C6W6.168.BC2	34463
CoV|P0C6W6.169.BC1	12892
CoV|P0C6W6.169.BC2	39315
CoV|P0C6W6.170.BC1	20052
CoV|P0C6W6.170.BC2	11701
CoV|P0C6W6.171.BC1	27890
CoV|P0C6W6.171.BC2	30274
CoV|P0C6W6.172.BC1	7702
CoV|P0C6W6.172.BC2	15289
CoV|P0C6W6.173.BC1	38259
CoV|P0C6W6.173.BC2	38304
CoV|P0C6W6.174.BC1	21118
CoV|P0C6W6.174.BC2	38723
CoV|P0C6W6.175.BC1	18209
CoV|P0C6W6.175.BC2	12846
CoV|P0C6W6.176.BC1	17413
CoV|P0C6W6.176.BC2	20959
CoV|P0C6W6.177.BC1	43249
CoV|P0C6W6.177.BC2	28953
CoV|P0C6W6.178.BC1	6661
CoV|P0C6W6.178.BC2	15655
CoV|P0C6W6.179.BC1	9872
CoV|P0C6W6.179.BC2	22346
CoV|P0C6W6.180.BC1	66091
CoV|P0C6W6.180.BC2	35256
CoV|P0C6W6.181.BC1	19782
CoV|P0C6W6.181.BC2	30966
CoV|P0C6W6.182.BC1	10843
CoV|P0C6W6.182.BC2	13945
CoV|P0C6W6.183.BC1	22226
CoV|P0C6W6.183.BC2	8271
CoV|P0C6W6.184.BC1	25502
CoV|P0C6W6.184.BC2	26771
CoV|P0C6W6.185.BC1	46924
CoV|P0C6W6.185.BC2	49051
CoV|P0C6W6.186.BC1	9646
CoV|P0C6W6.186.BC2	11097
CoV|P0C6W6.187.BC1	14739
CoV|P0C6W6.187.BC2	11411
CoV|P0C6W6.188.BC1	29405
CoV|P0C6W6.188.BC2	17927
CoV|P0C6W6.189.BC1	28112
CoV|P0C6W6.189.BC2	29443
CoV|P0C6W6.190.BC1	24424
CoV|P0C6W6.190.BC2	34494
CoV|P0C6W6.191.BC1	23130
CoV|P0C6W6.191.BC2	55714
CoV|P0C6W6.192.BC1	25951
CoV|P0C6W6.192.BC2	24346
CoV|P0C6W6.193.BC1	20989
CoV|P0C6W6.193.BC2	18777
CoV|P0C6W6.194.BC1	33409
CoV|P0C6W6.194.BC2	19128
CoV|P0C6W6.195.BC1	20472
CoV|P0C6W6.195.BC2	12610
CoV|P0C6W6.196.BC1	17312
CoV|P0C6W6.196.BC2	19107
CoV|P0C6W6.197.BC1	13491
CoV|P0C6W6.197.BC2	12377
CoV|P0C6W6.198.BC1	16146
CoV|P0C6W6.198.BC2	32224
CoV|P0C6W6.199.BC1	15615
CoV|P0C6W6.199.BC2	7647
CoV|P0C6W6.200.BC1	49923
CoV|P0C6W6.200.BC2	35152
CoV|P0C6W6.201.BC1	22158
CoV|P0C6W6.201.BC2	34759
CoV|P0C6W6.202.BC1	39211
CoV|P0C6W6.202.BC2	53065
CoV|P0C6W6.203.BC1	44087
CoV|P0C6W6.203.BC2	21048
CoV|P0C6W6.204.BC1	46027
CoV|P0C6W6.204.BC2	24649
CoV|P0C6W6.205.BC1	36303
CoV|P0C6W6.205.BC2	35124
CoV|P0C6W6.206.BC1	17565
CoV|P0C6W6.206.BC2	32927
CoV|P0C6W6.207.BC1	31657
CoV|P0C6W6.207.BC2	19418
CoV|P0C6W6.208.BC1	14422
CoV|P0C6W6.208.BC2	15645
CoV|P0C6W6.209.BC1	20374
CoV|P0C6W6.209.BC2	25223
CoV|P0C6W6.210.BC1	26438
CoV|P0C6W6.210.BC2	30096
CoV|P0C6W6.211.BC1	15295
CoV|P0C6W6.211.BC2	18875
CoV|P0C6W6.212.BC1	20090
CoV|P0C6W6.212.BC2	35559
CoV|P0C6W6.213.BC1	14257
CoV|P0C6W6.213.BC2	23452
CoV|P0C6W6.214.BC1	26954
CoV|P0C6W6.214.BC2	12320
CoV|P0C6W6.215.BC1	23656
CoV|P0C6W6.215.BC2	12057
CoV|P0C6W6.216.BC1	11967
CoV|P0C6W6.216.BC2	12051
CoV|P0C6W6.217.BC1	17352
CoV|P0C6W6.217.BC2	24662
CoV|P0C6W6.218.BC1	24174
CoV|P0C6W6.218.BC2	14963
CoV|P0C6W6.219.BC1	42962
CoV|P0C6W6.219.BC2	34735
CoV|P0C6W6.220.BC1	26094
CoV|P0C6W6.220.BC2	39501
CoV|P0C6W6.221.BC1	39355
CoV|P0C6W6.221.BC2	22154
CoV|P0C6W6.222.BC1	33482
CoV|P0C6W6.222.BC2	24091
CoV|P0C6W6.223.BC1	27604
CoV|P0C6W6.223.BC2	19717
CoV|P0C6W6.224.BC1	39938
CoV|P0C6W6.224.BC2	22814
CoV|P0C6W6.225.BC1	30326
CoV|P0C6W6.225.BC2	34911
CoV|P0C6W6.226.BC1	43014
CoV|P0C6W6.226.BC2	31095
CoV|P0C6W6.227.BC1	18133
CoV|P0C6W6.227.BC2	11320
CoV|P0C6W6.228.BC1	7317
CoV|P0C6W6.228.BC2	10509
CoV|P0C6W6.229.BC1	25734
CoV|P0C6W6.229.BC2	37907
CoV|P0C6W6.230.BC1	39432
CoV|P0C6W6.230.BC2	33665
CoV|P0C6W6.231.BC1	29818
CoV|P0C6W6.231.BC2	53108
CoV|P0C6W6.232.BC1	33121
CoV|P0C6W6.232.BC2	34631
CoV|P0C6W6.233.BC1	47301
CoV|P0C6W6.233.BC2	44853
CoV|P0C6W6.234.BC1	13517
CoV|P0C6W6.234.BC2	30578
CoV|P0C6W6.235.BC1	37685
CoV|P0C6W6.235.BC2	3992
CoV|P0C6W6.236.BC1	6109
CoV|P0C6W6.236.BC2	21220
CoV|P0C6W6.237.BC1	7591
CoV|P0C6W6.237.BC2	9907
CoV|P0C6W6.238.BC1	23524
CoV|P0C6W6.238.BC2	15313
CoV|P0C6W6.239.BC1	8483
CoV|P0C6W6.239.BC2	16285
CoV|P0C6W6.240.BC1	15183
CoV|P0C6W6.240.BC2	13138
CoV|P0C6W6.241.BC1	10754
CoV|P0C6W6.241.BC2	16222
CoV|P0C6W6.242.BC1	7754
CoV|P0C6W6.242.BC2	5100
CoV|P0C6W6.243.BC1	15278
CoV|P0C6W6.243.BC2	42421
CoV|P0C6W6.244.BC1	40675
CoV|P0C6W6.244.BC2	37944
CoV|P0C6W6.245.BC1	26577
CoV|P0C6W6.245.BC2	34149
CoV|P0C6W6.246.BC1	20243
CoV|P0C6W6.246.BC2	5335
CoV|P0C6W6.247.BC1	16881
CoV|P0C6W6.247.BC2	18245
CoV|P0C6W6.248.BC1	9434
CoV|P0C6W6.248.BC2	7482
CoV|P0C6W6.249.BC1	18276
CoV|P0C6W6.249.BC2	19762
CoV|P0C6W6.250.BC1	30360
CoV|P0C6W6.250.BC2	10142
CoV|P0C6X1.144.BC1	33386
CoV|P0C6X1.144.BC2	51740
CoV|P0C6X1.145.BC1	18664
CoV|P0C6X1.145.BC2	23399
CoV|P0C6X1.146.BC1	22915
CoV|P0C6X1.146.BC2	8087
CoV|P0C6X1.147.BC1	16929
CoV|P0C6X1.147.BC2	5654
CoV|P0C6X1.148.BC1	32286
CoV|P0C6X1.148.BC2	28955
CoV|P0C6X1.149.BC1	12478
CoV|P0C6X1.149.BC2	15261
CoV|P0C6X1.150.BC1	9603
CoV|P0C6X1.150.BC2	9995
CoV|P0C6X1.151.BC1	10415
CoV|P0C6X1.151.BC2	20647
CoV|P0C6X1.152.BC1	22694
CoV|P0C6X1.152.BC2	33885
CoV|P0C6X1.153.BC1	24814
CoV|P0C6X1.153.BC2	33602
CoV|P0C6X1.154.BC1	17602
CoV|P0C6X1.154.BC2	24419
CoV|P0C6X1.155.BC1	41696
CoV|P0C6X1.155.BC2	38231
CoV|P0C6X1.156.BC1	10585
CoV|P0C6X1.156.BC2	16116
CoV|P0C6X1.157.BC1	16631
CoV|P0C6X1.157.BC2	13982
CoV|P0C6X1.158.BC1	30813
CoV|P0C6X1.158.BC2	20773
CoV|P0C6X1.159.BC1	19894
CoV|P0C6X1.159.BC2	16347
CoV|P0C6X1.160.BC1	32018
CoV|P0C6X1.160.BC2	20263
CoV|P0C6X1.161.BC1	27505
CoV|P0C6X1.161.BC2	17161
CoV|P0C6X1.162.BC1	22903
CoV|P0C6X1.162.BC2	27580
CoV|P0C6X1.163.BC1	31034
CoV|P0C6X1.163.BC2	30783
CoV|P0C6X1.164.BC1	37690
CoV|P0C6X1.164.BC2	38946
CoV|P0C6X1.165.BC1	23299
CoV|P0C6X1.165.BC2	26376
CoV|P0C6X1.166.BC1	39452
CoV|P0C6X1.166.BC2	34647
CoV|P0C6X1.167.BC1	39076
CoV|P0C6X1.167.BC2	23460
CoV|P0C6X1.168.BC1	4219
CoV|P0C6X1.168.BC2	21610
CoV|P0C6X1.169.BC1	15688
CoV|P0C6X1.169.BC2	17847
CoV|P0C6X1.170.BC1	8999
CoV|P0C6X1.170.BC2	20694
CoV|P0C6X1.171.BC1	14873
CoV|P0C6X1.171.BC2	40778
CoV|P0C6X1.172.BC1	28218
CoV|P0C6X1.172.BC2	22152
CoV|P0C6X1.173.BC1	19200
CoV|P0C6X1.173.BC2	9243
CoV|P0C6X1.174.BC1	20653
CoV|P0C6X1.174.BC2	24606
CoV|P0C6X1.175.BC1	10807
CoV|P0C6X1.175.BC2	14359
CoV|P0C6X1.176.BC1	10928
CoV|P0C6X1.176.BC2	7539
CoV|P0C6X1.177.BC1	14140
CoV|P0C6X1.177.BC2	10696
CoV|P0C6X1.178.BC1	16227
CoV|P0C6X1.178.BC2	21073
CoV|P0C6X1.179.BC1	8771
CoV|P0C6X1.179.BC2	23742
CoV|P0C6X1.180.BC1	48686
CoV|P0C6X1.180.BC2	57220
CoV|P0C6X1.181.BC1	37926
CoV|P0C6X1.181.BC2	42997
CoV|P0C6X1.182.BC1	22558
CoV|P0C6X1.182.BC2	25438
CoV|P0C6X1.183.BC1	25749
CoV|P0C6X1.183.BC2	22908
CoV|P0C6X1.184.BC1	23042
CoV|P0C6X1.184.BC2	21696
CoV|P0C6X1.185.BC1	14819
CoV|P0C6X1.185.BC2	25073
CoV|P0C6X1.186.BC1	21543
CoV|P0C6X1.186.BC2	1535
CoV|P0C6X1.187.BC1	25721
CoV|P0C6X1.187.BC2	33720
CoV|P0C6X1.188.BC1	33164
CoV|P0C6X1.188.BC2	22309
CoV|P0C6X1.189.BC1	29616
CoV|P0C6X1.189.BC2	24817
CoV|P0C6X1.190.BC1	42650
CoV|P0C6X1.190.BC2	21785
CoV|P0C6X1.191.BC1	22241
CoV|P0C6X1.191.BC2	17233
CoV|P0C6X1.192.BC1	23314
CoV|P0C6X1.192.BC2	55910
CoV|P0C6X1.193.BC1	20454
CoV|P0C6X1.193.BC2	28276
CoV|P0C6X1.194.BC1	14713
CoV|P0C6X1.194.BC2	29820
CoV|P0C6X1.195.BC1	24202
CoV|P0C6X1.195.BC2	19661
CoV|P0C6X1.196.BC1	28392
CoV|P0C6X1.196.BC2	26423
CoV|P0C6X1.197.BC1	20007
CoV|P0C6X1.197.BC2	32660
CoV|P0C6X1.198.BC1	36306
CoV|P0C6X1.198.BC2	34181
CoV|P0C6X1.199.BC1	37456
CoV|P0C6X1.199.BC2	52050
CoV|P0C6X1.200.BC1	33633
CoV|P0C6X1.200.BC2	39846
CoV|P0C6X1.201.BC1	49325
CoV|P0C6X1.201.BC2	39214
CoV|P0C6X1.202.BC1	46357
CoV|P0C6X1.202.BC2	27670
CoV|P0C6X1.203.BC1	35808
CoV|P0C6X1.203.BC2	50213
CoV|P0C6X1.204.BC1	42655
CoV|P0C6X1.204.BC2	8196
CoV|P0C6X1.205.BC1	24703
CoV|P0C6X1.205.BC2	22255
CoV|P0C6X1.206.BC1	9098
CoV|P0C6X1.206.BC2	22936
CoV|P0C6X1.207.BC1	26695
CoV|P0C6X1.207.BC2	43164
CoV|P0C6X1.208.BC1	24746
CoV|P0C6X1.208.BC2	14486
CoV|P0C6X1.209.BC1	31112
CoV|P0C6X1.209.BC2	18548
CoV|P0C6X1.210.BC1	48382
CoV|P0C6X1.210.BC2	28115
CoV|P0C6X1.211.BC1	38030
CoV|P0C6X1.211.BC2	23534
CoV|P0C6X1.212.BC1	24956
CoV|P0C6X1.212.BC2	20140
CoV|P0C6X1.213.BC1	21004
CoV|P0C6X1.213.BC2	28591
CoV|P0C6X1.214.BC1	53096
CoV|P0C6X1.214.BC2	93591
CoV|P0C6X1.215.BC1	42306
CoV|P0C6X1.215.BC2	28891
CoV|P0C6X1.216.BC1	10562
CoV|P0C6X1.216.BC2	21186
CoV|P0C6X1.217.BC1	10256
CoV|P0C6X1.217.BC2	17065
CoV|P0C6X1.218.BC1	45605
CoV|P0C6X1.218.BC2	39926
CoV|P0C6X1.219.BC1	25753
CoV|P0C6X1.219.BC2	37322
CoV|P0C6X1.220.BC1	21322
CoV|P0C6X1.220.BC2	21174
CoV|P0C6X1.221.BC1	30454
CoV|P0C6X1.221.BC2	30000
CoV|P0C6X1.222.BC1	22440
CoV|P0C6X1.222.BC2	35275
CoV|P0C6X1.223.BC1	20385
CoV|P0C6X1.223.BC2	43463
CoV|P0C6X1.224.BC1	30474
CoV|P0C6X1.224.BC2	30472
CoV|P0C6X1.225.BC1	23276
CoV|P0C6X1.225.BC2	28077
CoV|P0C6X1.226.BC1	11898
CoV|P0C6X1.226.BC2	18245
CoV|P0C6X1.227.BC1	12223
CoV|P0C6X1.227.BC2	13865
CoV|P0C6X1.228.BC1	10511
CoV|P0C6X1.228.BC2	5674
CoV|P0C6X1.229.BC1	18019
CoV|P0C6X1.229.BC2	9287
CoV|P0C6X1.230.BC1	16489
CoV|P0C6X1.230.BC2	16318
CoV|P0C6X1.231.BC1	27395
CoV|P0C6X1.231.BC2	44717
CoV|P0C6X1.232.BC1	50624
CoV|P0C6X1.232.BC2	54239
CoV|P0C6X1.233.BC1	38125
CoV|P0C6X1.233.BC2	28133
CoV|P0C6X1.234.BC1	36271
CoV|P0C6X1.234.BC2	50063
CoV|P0C6X1.235.BC1	3944
CoV|P0C6X1.235.BC2	4793
CoV|P0C6X1.236.BC1	144
CoV|P0C6X1.236.BC2	5641
CoV|P0C6X1.237.BC1	18040
CoV|P0C6X1.237.BC2	16575
CoV|P0C6X1.238.BC1	11831
CoV|P0C6X1.238.BC2	20140
CoV|P0C6X1.239.BC1	36240
CoV|P0C6X1.239.BC2	12109
CoV|P0C6X1.240.BC1	18050
CoV|P0C6X1.240.BC2	31756
CoV|P0C6X3.0.BC1	47226
CoV|P0C6X3.0.BC2	38568
CoV|P0C6X3.1.BC1	29221
CoV|P0C6X3.1.BC2	34114
CoV|P0C6X3.10.BC1	14994
CoV|P0C6X3.10.BC2	17039
CoV|P0C6X3.100.BC1	225
CoV|P0C6X3.100.BC2	22670
CoV|P0C6X3.101.BC1	29643
CoV|P0C6X3.101.BC2	11356
CoV|P0C6X3.102.BC1	14884
CoV|P0C6X3.102.BC2	20950
CoV|P0C6X3.103.BC1	2293
CoV|P0C6X3.103.BC2	23661
CoV|P0C6X3.104.BC1	21546
CoV|P0C6X3.104.BC2	19698
CoV|P0C6X3.105.BC1	33935
CoV|P0C6X3.105.BC2	35182
CoV|P0C6X3.106.BC1	24578
CoV|P0C6X3.106.BC2	60955
CoV|P0C6X3.107.BC1	21872
CoV|P0C6X3.107.BC2	1292
CoV|P0C6X3.108.BC1	4330
CoV|P0C6X3.108.BC2	2480
CoV|P0C6X3.109.BC1	3167
CoV|P0C6X3.109.BC2	7086
CoV|P0C6X3.11.BC1	23385
CoV|P0C6X3.11.BC2	14702
CoV|P0C6X3.110.BC1	36088
CoV|P0C6X3.110.BC2	30213
CoV|P0C6X3.111.BC1	21848
CoV|P0C6X3.111.BC2	33719
CoV|P0C6X3.112.BC1	38723
CoV|P0C6X3.112.BC2	46737
CoV|P0C6X3.113.BC1	35833
CoV|P0C6X3.113.BC2	27773
CoV|P0C6X3.114.BC1	22358
CoV|P0C6X3.114.BC2	10560
CoV|P0C6X3.115.BC1	36890
CoV|P0C6X3.115.BC2	31707
CoV|P0C6X3.116.BC1	33677
CoV|P0C6X3.116.BC2	18986
CoV|P0C6X3.117.BC1	50393
CoV|P0C6X3.117.BC2	30567
CoV|P0C6X3.118.BC1	43832
CoV|P0C6X3.118.BC2	8520
CoV|P0C6X3.119.BC1	16095
CoV|P0C6X3.119.BC2	14155
CoV|P0C6X3.12.BC1	36644
CoV|P0C6X3.12.BC2	32832
CoV|P0C6X3.120.BC1	15321
CoV|P0C6X3.120.BC2	19830
CoV|P0C6X3.121.BC1	10004
CoV|P0C6X3.121.BC2	2895
CoV|P0C6X3.122.BC1	24069
CoV|P0C6X3.122.BC2	9051
CoV|P0C6X3.123.BC1	32761
CoV|P0C6X3.123.BC2	21157
CoV|P0C6X3.124.BC1	18882
CoV|P0C6X3.124.BC2	18992
CoV|P0C6X3.125.BC1	13111
CoV|P0C6X3.125.BC2	25608
CoV|P0C6X3.126.BC1	11791
CoV|P0C6X3.126.BC2	7886
CoV|P0C6X3.127.BC1	2251
CoV|P0C6X3.127.BC2	7501
CoV|P0C6X3.128.BC1	29498
CoV|P0C6X3.128.BC2	22041
CoV|P0C6X3.129.BC1	43569
CoV|P0C6X3.129.BC2	57825
CoV|P0C6X3.13.BC1	22781
CoV|P0C6X3.13.BC2	17313
CoV|P0C6X3.130.BC1	47535
CoV|P0C6X3.130.BC2	20001
CoV|P0C6X3.131.BC1	42863
CoV|P0C6X3.131.BC2	33248
CoV|P0C6X3.132.BC1	25942
CoV|P0C6X3.132.BC2	39486
CoV|P0C6X3.133.BC1	50980
CoV|P0C6X3.133.BC2	35036
CoV|P0C6X3.134.BC1	33055
CoV|P0C6X3.134.BC2	12735
CoV|P0C6X3.135.BC1	20142
CoV|P0C6X3.135.BC2	28281
CoV|P0C6X3.136.BC1	776
CoV|P0C6X3.136.BC2	23960
CoV|P0C6X3.137.BC1	13219
CoV|P0C6X3.137.BC2	23043
CoV|P0C6X3.138.BC1	17001
CoV|P0C6X3.138.BC2	15104
CoV|P0C6X3.139.BC1	28231
CoV|P0C6X3.139.BC2	6255
CoV|P0C6X3.14.BC1	29722
CoV|P0C6X3.14.BC2	18792
CoV|P0C6X3.140.BC1	7709
CoV|P0C6X3.140.BC2	20619
CoV|P0C6X3.141.BC1	6177
CoV|P0C6X3.141.BC2	16139
CoV|P0C6X3.142.BC1	16444
CoV|P0C6X3.142.BC2	29953
CoV|P0C6X3.143.BC1	62915
CoV|P0C6X3.143.BC2	32072
CoV|P0C6X3.144.BC1	17375
CoV|P0C6X3.144.BC2	13040
CoV|P0C6X3.145.BC1	8483
CoV|P0C6X3.145.BC2	12314
CoV|P0C6X3.146.BC1	9971
CoV|P0C6X3.146.BC2	20771
CoV|P0C6X3.147.BC1	10496
CoV|P0C6X3.147.BC2	15001
CoV|P0C6X3.148.BC1	24506
CoV|P0C6X3.148.BC2	20870
CoV|P0C6X3.149.BC1	37394
CoV|P0C6X3.149.BC2	31673
CoV|P0C6X3.15.BC1	28107
CoV|P0C6X3.15.BC2	17504
CoV|P0C6X3.150.BC1	12152
CoV|P0C6X3.150.BC2	32609
CoV|P0C6X3.151.BC1	11215
CoV|P0C6X3.151.BC2	21225
CoV|P0C6X3.152.BC1	16280
CoV|P0C6X3.152.BC2	18343
CoV|P0C6X3.153.BC1	20747
CoV|P0C6X3.153.BC2	23450
CoV|P0C6X3.154.BC1	13709
CoV|P0C6X3.154.BC2	19573
CoV|P0C6X3.155.BC1	15617
CoV|P0C6X3.155.BC2	18163
CoV|P0C6X3.156.BC1	17892
CoV|P0C6X3.156.BC2	28604
CoV|P0C6X3.157.BC1	52926
CoV|P0C6X3.157.BC2	35022
CoV|P0C6X3.158.BC1	23858
CoV|P0C6X3.158.BC2	25474
CoV|P0C6X3.159.BC1	12868
CoV|P0C6X3.159.BC2	8973
CoV|P0C6X3.16.BC1	21935
CoV|P0C6X3.16.BC2	26114
CoV|P0C6X3.160.BC1	32121
CoV|P0C6X3.160.BC2	34791
CoV|P0C6X3.161.BC1	38226
CoV|P0C6X3.161.BC2	16396
CoV|P0C6X3.162.BC1	18025
CoV|P0C6X3.162.BC2	13954
CoV|P0C6X3.163.BC1	34268
CoV|P0C6X3.163.BC2	17411
CoV|P0C6X3.164.BC1	15023
CoV|P0C6X3.164.BC2	14855
CoV|P0C6X3.165.BC1	25513
CoV|P0C6X3.165.BC2	9799
CoV|P0C6X3.166.BC1	17822
CoV|P0C6X3.166.BC2	2437
CoV|P0C6X3.167.BC1	24391
CoV|P0C6X3.167.BC2	17009
CoV|P0C6X3.168.BC1	21421
CoV|P0C6X3.168.BC2	25171
CoV|P0C6X3.169.BC1	29420
CoV|P0C6X3.169.BC2	11757
CoV|P0C6X3.17.BC1	7812
CoV|P0C6X3.17.BC2	20222
CoV|P0C6X3.170.BC1	29871
CoV|P0C6X3.170.BC2	30514
CoV|P0C6X3.171.BC1	3655
CoV|P0C6X3.171.BC2	13851
CoV|P0C6X3.172.BC1	13174
CoV|P0C6X3.172.BC2	29453
CoV|P0C6X3.173.BC1	12344
CoV|P0C6X3.173.BC2	6395
CoV|P0C6X3.174.BC1	16793
CoV|P0C6X3.174.BC2	9768
CoV|P0C6X3.175.BC1	18954
CoV|P0C6X3.175.BC2	52535
CoV|P0C6X3.176.BC1	33457
CoV|P0C6X3.176.BC2	39178
CoV|P0C6X3.177.BC1	35427
CoV|P0C6X3.177.BC2	34578
CoV|P0C6X3.178.BC1	21142
CoV|P0C6X3.178.BC2	25120
CoV|P0C6X3.179.BC1	27417
CoV|P0C6X3.179.BC2	36587
CoV|P0C6X3.18.BC1	36973
CoV|P0C6X3.18.BC2	30809
CoV|P0C6X3.180.BC1	13298
CoV|P0C6X3.180.BC2	13560
CoV|P0C6X3.181.BC1	17553
CoV|P0C6X3.181.BC2	11677
CoV|P0C6X3.182.BC1	23073
CoV|P0C6X3.182.BC2	21925
CoV|P0C6X3.183.BC1	6087
CoV|P0C6X3.183.BC2	8338
CoV|P0C6X3.184.BC1	33071
CoV|P0C6X3.184.BC2	11209
CoV|P0C6X3.185.BC1	7055
CoV|P0C6X3.185.BC2	8949
CoV|P0C6X3.186.BC1	18232
CoV|P0C6X3.186.BC2	15671
CoV|P0C6X3.187.BC1	25172
CoV|P0C6X3.187.BC2	28493
CoV|P0C6X3.188.BC1	2676
CoV|P0C6X3.188.BC2	6528
CoV|P0C6X3.189.BC1	9928
CoV|P0C6X3.189.BC2	10870
CoV|P0C6X3.19.BC1	21076
CoV|P0C6X3.19.BC2	16166
CoV|P0C6X3.190.BC1	33034
CoV|P0C6X3.190.BC2	47571
CoV|P0C6X3.191.BC1	15676
CoV|P0C6X3.191.BC2	29187
CoV|P0C6X3.192.BC1	47412
CoV|P0C6X3.192.BC2	34135
CoV|P0C6X3.193.BC1	18752
CoV|P0C6X3.193.BC2	10698
CoV|P0C6X3.194.BC1	19545
CoV|P0C6X3.194.BC2	11638
CoV|P0C6X3.195.BC1	31229
CoV|P0C6X3.195.BC2	32287
CoV|P0C6X3.196.BC1	25784
CoV|P0C6X3.196.BC2	14588
CoV|P0C6X3.197.BC1	10258
CoV|P0C6X3.197.BC2	10826
CoV|P0C6X3.198.BC1	4855
CoV|P0C6X3.198.BC2	15564
CoV|P0C6X3.199.BC1	15687
CoV|P0C6X3.199.BC2	18103
CoV|P0C6X3.2.BC1	18911
CoV|P0C6X3.2.BC2	19332
CoV|P0C6X3.20.BC1	56203
CoV|P0C6X3.20.BC2	30961
CoV|P0C6X3.200.BC1	13180
CoV|P0C6X3.200.BC2	14332
CoV|P0C6X3.201.BC1	9802
CoV|P0C6X3.201.BC2	13487
CoV|P0C6X3.202.BC1	54688
CoV|P0C6X3.202.BC2	41795
CoV|P0C6X3.203.BC1	16758
CoV|P0C6X3.203.BC2	12414
CoV|P0C6X3.204.BC1	28822
CoV|P0C6X3.204.BC2	22162
CoV|P0C6X3.205.BC1	36607
CoV|P0C6X3.205.BC2	41357
CoV|P0C6X3.206.BC1	9824
CoV|P0C6X3.206.BC2	11459
CoV|P0C6X3.207.BC1	20286
CoV|P0C6X3.207.BC2	13381
CoV|P0C6X3.208.BC1	12172
CoV|P0C6X3.208.BC2	14264
CoV|P0C6X3.209.BC1	26762
CoV|P0C6X3.209.BC2	17059
CoV|P0C6X3.21.BC1	25635
CoV|P0C6X3.21.BC2	35799
CoV|P0C6X3.210.BC1	12755
CoV|P0C6X3.210.BC2	14930
CoV|P0C6X3.211.BC1	25986
CoV|P0C6X3.211.BC2	425
CoV|P0C6X3.212.BC1	23863
CoV|P0C6X3.212.BC2	20029
CoV|P0C6X3.213.BC1	30265
CoV|P0C6X3.213.BC2	32544
CoV|P0C6X3.214.BC1	31195
CoV|P0C6X3.214.BC2	25044
CoV|P0C6X3.215.BC1	15666
CoV|P0C6X3.215.BC2	17435
CoV|P0C6X3.216.BC1	17380
CoV|P0C6X3.216.BC2	20882
CoV|P0C6X3.217.BC1	31493
CoV|P0C6X3.217.BC2	17961
CoV|P0C6X3.218.BC1	12120
CoV|P0C6X3.218.BC2	19173
CoV|P0C6X3.219.BC1	13762
CoV|P0C6X3.219.BC2	15394
CoV|P0C6X3.22.BC1	30613
CoV|P0C6X3.22.BC2	27377
CoV|P0C6X3.220.BC1	31132
CoV|P0C6X3.220.BC2	29928
CoV|P0C6X3.221.BC1	26303
CoV|P0C6X3.221.BC2	42389
CoV|P0C6X3.222.BC1	1897
CoV|P0C6X3.222.BC2	13885
CoV|P0C6X3.223.BC1	58676
CoV|P0C6X3.223.BC2	17921
CoV|P0C6X3.224.BC1	40140
CoV|P0C6X3.224.BC2	55734
CoV|P0C6X3.225.BC1	24119
CoV|P0C6X3.225.BC2	25060
CoV|P0C6X3.226.BC1	51507
CoV|P0C6X3.226.BC2	29267
CoV|P0C6X3.227.BC1	39163
CoV|P0C6X3.227.BC2	74728
CoV|P0C6X3.228.BC1	59084
CoV|P0C6X3.228.BC2	49396
CoV|P0C6X3.229.BC1	12382
CoV|P0C6X3.229.BC2	11198
CoV|P0C6X3.23.BC1	11509
CoV|P0C6X3.23.BC2	36257
CoV|P0C6X3.230.BC1	17396
CoV|P0C6X3.230.BC2	3608
CoV|P0C6X3.231.BC1	7036
CoV|P0C6X3.231.BC2	7498
CoV|P0C6X3.232.BC1	13610
CoV|P0C6X3.232.BC2	17584
CoV|P0C6X3.233.BC1	5683
CoV|P0C6X3.233.BC2	6458
CoV|P0C6X3.234.BC1	12219
CoV|P0C6X3.234.BC2	6125
CoV|P0C6X3.235.BC1	27376
CoV|P0C6X3.235.BC2	36911
CoV|P0C6X3.236.BC1	33644
CoV|P0C6X3.236.BC2	23302
CoV|P0C6X3.237.BC1	17594
CoV|P0C6X3.237.BC2	16920
CoV|P0C6X3.238.BC1	20604
CoV|P0C6X3.238.BC2	26004
CoV|P0C6X3.239.BC1	7458
CoV|P0C6X3.239.BC2	21559
CoV|P0C6X3.24.BC1	25617
CoV|P0C6X3.24.BC2	22225
CoV|P0C6X3.240.BC1	18373
CoV|P0C6X3.240.BC2	6522
CoV|P0C6X3.241.BC1	11103
CoV|P0C6X3.241.BC2	8783
CoV|P0C6X3.242.BC1	13704
CoV|P0C6X3.242.BC2	13836
CoV|P0C6X3.243.BC1	8383
CoV|P0C6X3.243.BC2	17511
CoV|P0C6X3.244.BC1	14972
CoV|P0C6X3.244.BC2	22678
CoV|P0C6X3.245.BC1	9883
CoV|P0C6X3.245.BC2	18321
CoV|P0C6X3.246.BC1	24550
CoV|P0C6X3.246.BC2	22543
CoV|P0C6X3.247.BC1	61254
CoV|P0C6X3.247.BC2	53825
CoV|P0C6X3.248.BC1	19232
CoV|P0C6X3.248.BC2	19261
CoV|P0C6X3.249.BC1	1959
CoV|P0C6X3.249.BC2	17302
CoV|P0C6X3.25.BC1	25643
CoV|P0C6X3.25.BC2	38431
CoV|P0C6X3.250.BC1	998
CoV|P0C6X3.250.BC2	2231
CoV|P0C6X3.251.BC1	17918
CoV|P0C6X3.251.BC2	22246
CoV|P0C6X3.252.BC1	20988
CoV|P0C6X3.252.BC2	15756
CoV|P0C6X3.253.BC1	15622
CoV|P0C6X3.253.BC2	19075
CoV|P0C6X3.254.BC1	24878
CoV|P0C6X3.254.BC2	33668
CoV|P0C6X3.26.BC1	35850
CoV|P0C6X3.26.BC2	11636
CoV|P0C6X3.27.BC1	38156
CoV|P0C6X3.27.BC2	16026
CoV|P0C6X3.28.BC1	23137
CoV|P0C6X3.28.BC2	14797
CoV|P0C6X3.29.BC1	22591
CoV|P0C6X3.29.BC2	11300
CoV|P0C6X3.3.BC1	21202
CoV|P0C6X3.3.BC2	22518
CoV|P0C6X3.30.BC1	7294
CoV|P0C6X3.30.BC2	8675
CoV|P0C6X3.31.BC1	21040
CoV|P0C6X3.31.BC2	1977
CoV|P0C6X3.32.BC1	28461
CoV|P0C6X3.32.BC2	19276
CoV|P0C6X3.33.BC1	72291
CoV|P0C6X3.33.BC2	56088
CoV|P0C6X3.34.BC1	52397
CoV|P0C6X3.34.BC2	49417
CoV|P0C6X3.35.BC1	64221
CoV|P0C6X3.35.BC2	48964
CoV|P0C6X3.36.BC1	24631
CoV|P0C6X3.36.BC2	40148
CoV|P0C6X3.37.BC1	58090
CoV|P0C6X3.37.BC2	45114
CoV|P0C6X3.38.BC1	11555
CoV|P0C6X3.38.BC2	17651
CoV|P0C6X3.39.BC1	8464
CoV|P0C6X3.39.BC2	10406
CoV|P0C6X3.4.BC1	10754
CoV|P0C6X3.4.BC2	19578
CoV|P0C6X3.40.BC1	11084
CoV|P0C6X3.40.BC2	16309
CoV|P0C6X3.41.BC1	19796
CoV|P0C6X3.41.BC2	18684
CoV|P0C6X3.42.BC1	16230
CoV|P0C6X3.42.BC2	18516
CoV|P0C6X3.43.BC1	33315
CoV|P0C6X3.43.BC2	39231
CoV|P0C6X3.44.BC1	20245
CoV|P0C6X3.44.BC2	21802
CoV|P0C6X3.45.BC1	14312
CoV|P0C6X3.45.BC2	5206
CoV|P0C6X3.46.BC1	14318
CoV|P0C6X3.46.BC2	17123
CoV|P0C6X3.47.BC1	6729
CoV|P0C6X3.47.BC2	27144
CoV|P0C6X3.48.BC1	46439
CoV|P0C6X3.48.BC2	25781
CoV|P0C6X3.49.BC1	34330
CoV|P0C6X3.49.BC2	20408
CoV|P0C6X3.5.BC1	8646
CoV|P0C6X3.5.BC2	4255
CoV|P0C6X3.50.BC1	23268
CoV|P0C6X3.50.BC2	7058
CoV|P0C6X3.51.BC1	20939
CoV|P0C6X3.51.BC2	10373
CoV|P0C6X3.52.BC1	4291
CoV|P0C6X3.52.BC2	4294
CoV|P0C6X3.53.BC1	25613
CoV|P0C6X3.53.BC2	4700
CoV|P0C6X3.54.BC1	15196
CoV|P0C6X3.54.BC2	4008
CoV|P0C6X3.55.BC1	20507
CoV|P0C6X3.55.BC2	1496
CoV|P0C6X3.56.BC1	17852
CoV|P0C6X3.56.BC2	16141
CoV|P0C6X3.57.BC1	388
CoV|P0C6X3.57.BC2	17964
CoV|P0C6X3.58.BC1	12885
CoV|P0C6X3.58.BC2	21598
CoV|P0C6X3.59.BC1	13331
CoV|P0C6X3.59.BC2	11399
CoV|P0C6X3.6.BC1	11529
CoV|P0C6X3.6.BC2	36331
CoV|P0C6X3.60.BC1	20758
CoV|P0C6X3.60.BC2	21424
CoV|P0C6X3.61.BC1	14707
CoV|P0C6X3.61.BC2	23747
CoV|P0C6X3.62.BC1	16806
CoV|P0C6X3.62.BC2	10961
CoV|P0C6X3.63.BC1	16851
CoV|P0C6X3.63.BC2	18511
CoV|P0C6X3.64.BC1	11598
CoV|P0C6X3.64.BC2	24643
CoV|P0C6X3.65.BC1	40316
CoV|P0C6X3.65.BC2	26909
CoV|P0C6X3.66.BC1	28773
CoV|P0C6X3.66.BC2	35584
CoV|P0C6X3.67.BC1	24243
CoV|P0C6X3.67.BC2	13742
CoV|P0C6X3.68.BC1	23488
CoV|P0C6X3.68.BC2	13585
CoV|P0C6X3.69.BC1	26307
CoV|P0C6X3.69.BC2	39303
CoV|P0C6X3.7.BC1	24652
CoV|P0C6X3.7.BC2	31973
CoV|P0C6X3.70.BC1	25787
CoV|P0C6X3.70.BC2	28954
CoV|P0C6X3.71.BC1	15519
CoV|P0C6X3.71.BC2	25366
CoV|P0C6X3.72.BC1	36155
CoV|P0C6X3.72.BC2	11248
CoV|P0C6X3.73.BC1	45221
CoV|P0C6X3.73.BC2	32197
CoV|P0C6X3.74.BC1	33921
CoV|P0C6X3.74.BC2	47851
CoV|P0C6X3.75.BC1	19872
CoV|P0C6X3.75.BC2	6294
CoV|P0C6X3.76.BC1	18665
CoV|P0C6X3.76.BC2	9127
CoV|P0C6X3.77.BC1	9518
CoV|P0C6X3.77.BC2	19211
CoV|P0C6X3.78.BC1	13739
CoV|P0C6X3.78.BC2	2615
CoV|P0C6X3.79.BC1	35360
CoV|P0C6X3.79.BC2	385
CoV|P0C6X3.8.BC1	19207
CoV|P0C6X3.8.BC2	34262
CoV|P0C6X3.80.BC1	44528
CoV|P0C6X3.80.BC2	49924
CoV|P0C6X3.81.BC1	45267
CoV|P0C6X3.81.BC2	18962
CoV|P0C6X3.82.BC1	16349
CoV|P0C6X3.82.BC2	28285
CoV|P0C6X3.83.BC1	28116
CoV|P0C6X3.83.BC2	36574
CoV|P0C6X3.84.BC1	52166
CoV|P0C6X3.84.BC2	26623
CoV|P0C6X3.85.BC1	55576
CoV|P0C6X3.85.BC2	11424
CoV|P0C6X3.86.BC1	51420
CoV|P0C6X3.86.BC2	54950
CoV|P0C6X3.87.BC1	16221
CoV|P0C6X3.87.BC2	22517
CoV|P0C6X3.88.BC1	14115
CoV|P0C6X3.88.BC2	14001
CoV|P0C6X3.89.BC1	21259
CoV|P0C6X3.89.BC2	13086
CoV|P0C6X3.9.BC1	18272
CoV|P0C6X3.9.BC2	7599
CoV|P0C6X3.90.BC1	38705
CoV|P0C6X3.90.BC2	40762
CoV|P0C6X3.91.BC1	21025
CoV|P0C6X3.91.BC2	11268
CoV|P0C6X3.92.BC1	17389
CoV|P0C6X3.92.BC2	10815
CoV|P0C6X3.93.BC1	31441
CoV|P0C6X3.93.BC2	19942
CoV|P0C6X3.94.BC1	3452
CoV|P0C6X3.94.BC2	55085
CoV|P0C6X3.95.BC1	34494
CoV|P0C6X3.95.BC2	9043
CoV|P0C6X3.96.BC1	39618
CoV|P0C6X3.96.BC2	36060
CoV|P0C6X3.97.BC1	28823
CoV|P0C6X3.97.BC2	45940
CoV|P0C6X3.98.BC1	30390
CoV|P0C6X3.98.BC2	27435
CoV|P0C6X3.99.BC1	2317
CoV|P0C6X3.99.BC2	42878
CoV|P0C6X6.155.BC1	49071
CoV|P0C6X6.155.BC2	41180
CoV|P0C6X6.156.BC1	13656
CoV|P0C6X6.156.BC2	16672
CoV|P0C6X6.157.BC1	45610
CoV|P0C6X6.157.BC2	13683
CoV|P0C6X6.158.BC1	28619
CoV|P0C6X6.158.BC2	17516
CoV|P0C6X6.159.BC1	78789
CoV|P0C6X6.159.BC2	38383
CoV|P0C6X6.160.BC1	24255
CoV|P0C6X6.160.BC2	20244
CoV|P0C6X6.161.BC1	19127
CoV|P0C6X6.161.BC2	21690
CoV|P0C6X6.162.BC1	19219
CoV|P0C6X6.162.BC2	10575
CoV|P0C6X6.163.BC1	28224
CoV|P0C6X6.163.BC2	31284
CoV|P0C6X6.164.BC1	9818
CoV|P0C6X6.164.BC2	22889
CoV|P0C6X6.165.BC1	24669
CoV|P0C6X6.165.BC2	33802
CoV|P0C6X6.166.BC1	24330
CoV|P0C6X6.166.BC2	29515
CoV|P0C6X6.167.BC1	6257
CoV|P0C6X6.167.BC2	14256
CoV|P0C6X6.168.BC1	12010
CoV|P0C6X6.168.BC2	22699
CoV|P0C6X6.169.BC1	18978
CoV|P0C6X6.169.BC2	9821
CoV|P0C6X6.170.BC1	22277
CoV|P0C6X6.170.BC2	27997
CoV|P0C6X6.171.BC1	22305
CoV|P0C6X6.171.BC2	11774
CoV|P0C6X6.172.BC1	6227
CoV|P0C6X6.172.BC2	10533
CoV|P0C6X6.173.BC1	43435
CoV|P0C6X6.173.BC2	27346
CoV|P0C6X6.174.BC1	23837
CoV|P0C6X6.174.BC2	26350
CoV|P0C6X6.175.BC1	39839
CoV|P0C6X6.175.BC2	25235
CoV|P0C6X6.176.BC1	22218
CoV|P0C6X6.176.BC2	19651
CoV|P0C6X6.177.BC1	27479
CoV|P0C6X6.177.BC2	37551
CoV|P0C6X6.178.BC1	12252
CoV|P0C6X6.178.BC2	13954
CoV|P0C6X6.179.BC1	26689
CoV|P0C6X6.179.BC2	39391
CoV|P0C6X6.180.BC1	21276
CoV|P0C6X6.180.BC2	27874
CoV|P0C6X6.181.BC1	24444
CoV|P0C6X6.181.BC2	21508
CoV|P0C6X6.182.BC1	15019
CoV|P0C6X6.182.BC2	5869
CoV|P0C6X6.183.BC1	20693
CoV|P0C6X6.183.BC2	7625
CoV|P0C6X6.184.BC1	66326
CoV|P0C6X6.184.BC2	57023
CoV|P0C6X6.185.BC1	30167
CoV|P0C6X6.185.BC2	14969
CoV|P0C6X6.186.BC1	4929
CoV|P0C6X6.186.BC2	10712
CoV|P0C6X6.187.BC1	19640
CoV|P0C6X6.187.BC2	2818
CoV|P0C6X6.188.BC1	19850
CoV|P0C6X6.188.BC2	39013
CoV|P0C6X6.189.BC1	37668
CoV|P0C6X6.189.BC2	42973
CoV|P0C6X6.190.BC1	47434
CoV|P0C6X6.190.BC2	15875
CoV|P0C6X6.191.BC1	21166
CoV|P0C6X6.191.BC2	18017
CoV|P0C6X6.192.BC1	9777
CoV|P0C6X6.192.BC2	11364
CoV|P0C6X6.193.BC1	35195
CoV|P0C6X6.193.BC2	40413
CoV|P0C6X6.194.BC1	11176
CoV|P0C6X6.194.BC2	16081
CoV|P0C6X6.195.BC1	14944
CoV|P0C6X6.195.BC2	24312
CoV|P0C6X6.196.BC1	10674
CoV|P0C6X6.196.BC2	11239
CoV|P0C6X6.197.BC1	17603
CoV|P0C6X6.197.BC2	21790
CoV|P0C6X6.198.BC1	15279
CoV|P0C6X6.198.BC2	14219
CoV|P0C6X6.199.BC1	19827
CoV|P0C6X6.199.BC2	5945
CoV|P0C6X6.200.BC1	26958
CoV|P0C6X6.200.BC2	19702
CoV|P0C6X6.201.BC1	17018
CoV|P0C6X6.201.BC2	29757
CoV|P0C6X6.202.BC1	33806
CoV|P0C6X6.202.BC2	11221
CoV|P0C6X6.203.BC1	32510
CoV|P0C6X6.203.BC2	46805
CoV|P0C6X6.204.BC1	21177
CoV|P0C6X6.204.BC2	6544
CoV|P0C6X6.205.BC1	2043
CoV|P0C6X6.205.BC2	12525
CoV|P0C6X6.206.BC1	46338
CoV|P0C6X6.206.BC2	20555
CoV|P0C6X6.207.BC1	40667
CoV|P0C6X6.207.BC2	25639
CoV|P0C6X6.208.BC1	38547
CoV|P0C6X6.208.BC2	15372
CoV|P0C6X6.209.BC1	4284
CoV|P0C6X6.209.BC2	14637
CoV|P0C6X6.210.BC1	60748
CoV|P0C6X6.210.BC2	25997
CoV|P0C6X6.211.BC1	37190
CoV|P0C6X6.211.BC2	32790
CoV|P0C6X6.212.BC1	9790
CoV|P0C6X6.212.BC2	12578
CoV|P0C6X6.213.BC1	17468
CoV|P0C6X6.213.BC2	20809
CoV|P0C6X6.214.BC1	6940
CoV|P0C6X6.214.BC2	22114
CoV|P0C6X6.215.BC1	17453
CoV|P0C6X6.215.BC2	32487
CoV|P0C6X6.216.BC1	16239
CoV|P0C6X6.216.BC2	14279
CoV|P0C6X6.217.BC1	21220
CoV|P0C6X6.217.BC2	14438
CoV|P0C6X6.218.BC1	30189
CoV|P0C6X6.218.BC2	9415
CoV|P0C6X6.219.BC1	32817
CoV|P0C6X6.219.BC2	22392
CoV|P0C6X6.220.BC1	18745
CoV|P0C6X6.220.BC2	22742
CoV|P0C6X6.221.BC1	15679
CoV|P0C6X6.221.BC2	18551
CoV|P0C6X6.222.BC1	2268
CoV|P0C6X6.222.BC2	39349
CoV|P0C6X6.223.BC1	28745
CoV|P0C6X6.223.BC2	23756
CoV|P0C6X6.224.BC1	29084
CoV|P0C6X6.224.BC2	54492
CoV|P0C6X6.225.BC1	41926
CoV|P0C6X6.225.BC2	21855
CoV|P0C6X6.226.BC1	37285
CoV|P0C6X6.226.BC2	45061
CoV|P0C6X6.227.BC1	7653
CoV|P0C6X6.227.BC2	16580
CoV|P0C6X6.228.BC1	9130
CoV|P0C6X6.228.BC2	10985
CoV|P0C6X6.229.BC1	7171
CoV|P0C6X6.229.BC2	14892
CoV|P0C6X6.230.BC1	21288
CoV|P0C6X6.230.BC2	34504
CoV|P0C6X6.231.BC1	30176
CoV|P0C6X6.231.BC2	24643
CoV|P0C6X6.232.BC1	13151
CoV|P0C6X6.232.BC2	21471
CoV|P0C6X6.233.BC1	19268
CoV|P0C6X6.233.BC2	15334
CoV|P0C6X6.234.BC1	55975
CoV|P0C6X6.234.BC2	78420
CoV|P0C6X6.235.BC1	33769
CoV|P0C6X6.235.BC2	28203
CoV|P0C6X6.236.BC1	43849
CoV|P0C6X6.236.BC2	32275
CoV|P0C6X6.237.BC1	4751
CoV|P0C6X6.237.BC2	8978
CoV|P0C6X6.238.BC1	27691
CoV|P0C6X6.238.BC2	10138
CoV|P0C6X6.239.BC1	12613
CoV|P0C6X6.239.BC2	11395
CoV|P0C6X6.240.BC1	15991
CoV|P0C6X6.240.BC2	11827
CoV|P0C6X6.241.BC1	17047
CoV|P0C6X6.241.BC2	21575
CoV|P0C6X6.242.BC1	24413
CoV|P0C6X6.242.BC2	22886
CoV|P0C6X6.243.BC1	31361
CoV|P0C6X6.243.BC2	18555
CoV|P0C6X6.244.BC1	38520
CoV|P0C6X6.244.BC2	40511
CoV|P0C6X6.245.BC1	27537
CoV|P0C6X6.245.BC2	29722
CoV|P0C6X6.246.BC1	24178
CoV|P0C6X6.246.BC2	17433
CoV|P0C6X6.247.BC1	8969
CoV|P0C6X6.247.BC2	12768
CoV|P0C6X6.248.BC1	15951
CoV|P0C6X6.248.BC2	18088
CoV|P0C6X6.249.BC1	21253
CoV|P0C6X6.249.BC2	18027
CoV|P0C6X6.250.BC1	2892
CoV|P0C6X6.250.BC2	21992
CoV|P0C6X6.251.BC1	21840
CoV|P0C6X6.251.BC2	15318
CoV|P0C6X6.252.BC1	16121
CoV|P0C6X6.252.BC2	21364
CoV|P0C6X7.155.BC1	79789
CoV|P0C6X7.155.BC2	44324
CoV|P0C6X7.156.BC1	24523
CoV|P0C6X7.156.BC2	44940
CoV|P0C6X7.157.BC1	26139
CoV|P0C6X7.157.BC2	22922
CoV|P0C6X7.158.BC1	18102
CoV|P0C6X7.158.BC2	24144
CoV|P0C6X7.159.BC1	33804
CoV|P0C6X7.159.BC2	40944
CoV|P0C6X7.160.BC1	22380
CoV|P0C6X7.160.BC2	16981
CoV|P0C6X7.161.BC1	24790
CoV|P0C6X7.161.BC2	32552
CoV|P0C6X7.162.BC1	41127
CoV|P0C6X7.162.BC2	22701
CoV|P0C6X7.163.BC1	30048
CoV|P0C6X7.163.BC2	37714
CoV|P0C6X7.164.BC1	15215
CoV|P0C6X7.164.BC2	15625
CoV|P0C6X7.165.BC1	23646
CoV|P0C6X7.165.BC2	23083
CoV|P0C6X7.166.BC1	12875
CoV|P0C6X7.166.BC2	28783
CoV|P0C6X7.167.BC1	16036
CoV|P0C6X7.167.BC2	22875
CoV|P0C6X7.168.BC1	39317
CoV|P0C6X7.168.BC2	45458
CoV|P0C6X7.169.BC1	21230
CoV|P0C6X7.169.BC2	21710
CoV|P0C6X7.170.BC1	24122
CoV|P0C6X7.170.BC2	28762
CoV|P0C6X7.171.BC1	16416
CoV|P0C6X7.171.BC2	11188
CoV|P0C6X7.172.BC1	10918
CoV|P0C6X7.172.BC2	4416
CoV|P0C6X7.173.BC1	15559
CoV|P0C6X7.173.BC2	32589
CoV|P0C6X7.174.BC1	32969
CoV|P0C6X7.174.BC2	39952
CoV|P0C6X7.175.BC1	20277
CoV|P0C6X7.175.BC2	11570
CoV|P0C6X7.176.BC1	20555
CoV|P0C6X7.176.BC2	22319
CoV|P0C6X7.177.BC1	21172
CoV|P0C6X7.177.BC2	26633
CoV|P0C6X7.178.BC1	5360
CoV|P0C6X7.178.BC2	5693
CoV|P0C6X7.179.BC1	22839
CoV|P0C6X7.179.BC2	12045
CoV|P0C6X7.180.BC1	47490
CoV|P0C6X7.180.BC2	48259
CoV|P0C6X7.181.BC1	28845
CoV|P0C6X7.181.BC2	9545
CoV|P0C6X7.182.BC1	17361
CoV|P0C6X7.182.BC2	13120
CoV|P0C6X7.183.BC1	16526
CoV|P0C6X7.183.BC2	22086
CoV|P0C6X7.184.BC1	19945
CoV|P0C6X7.184.BC2	28836
CoV|P0C6X7.185.BC1	19764
CoV|P0C6X7.185.BC2	20932
CoV|P0C6X7.186.BC1	9499
CoV|P0C6X7.186.BC2	9942
CoV|P0C6X7.187.BC1	26656
CoV|P0C6X7.187.BC2	16135
CoV|P0C6X7.188.BC1	36830
CoV|P0C6X7.188.BC2	34334
CoV|P0C6X7.189.BC1	30401
CoV|P0C6X7.189.BC2	46808
CoV|P0C6X7.190.BC1	24071
CoV|P0C6X7.190.BC2	19483
CoV|P0C6X7.191.BC1	31987
CoV|P0C6X7.191.BC2	21496
CoV|P0C6X7.192.BC1	53273
CoV|P0C6X7.192.BC2	65030
CoV|P0C6X7.193.BC1	9991
CoV|P0C6X7.193.BC2	10264
CoV|P0C6X7.194.BC1	28470
CoV|P0C6X7.194.BC2	24480
CoV|P0C6X7.195.BC1	24765
CoV|P0C6X7.195.BC2	15643
CoV|P0C6X7.196.BC1	36255
CoV|P0C6X7.196.BC2	23296
CoV|P0C6X7.197.BC1	26173
CoV|P0C6X7.197.BC2	21857
CoV|P0C6X7.198.BC1	18871
CoV|P0C6X7.198.BC2	13999
CoV|P0C6X7.199.BC1	12144
CoV|P0C6X7.199.BC2	15779
CoV|P0C6X7.200.BC1	28816
CoV|P0C6X7.200.BC2	18595
CoV|P0C6X7.201.BC1	28612
CoV|P0C6X7.201.BC2	27705
CoV|P0C6X7.202.BC1	27603
CoV|P0C6X7.202.BC2	32216
CoV|P0C6X7.203.BC1	28309
CoV|P0C6X7.203.BC2	28942
CoV|P0C6X7.204.BC1	23800
CoV|P0C6X7.204.BC2	38885
CoV|P0C6X7.205.BC1	35198
CoV|P0C6X7.205.BC2	32802
CoV|P0C6X7.206.BC1	52698
CoV|P0C6X7.206.BC2	39090
CoV|P0C6X7.207.BC1	28054
CoV|P0C6X7.207.BC2	24678
CoV|P0C6X7.208.BC1	3857
CoV|P0C6X7.208.BC2	14395
CoV|P0C6X7.209.BC1	39324
CoV|P0C6X7.209.BC2	15855
CoV|P0C6X7.210.BC1	30152
CoV|P0C6X7.210.BC2	40848
CoV|P0C6X7.211.BC1	25866
CoV|P0C6X7.211.BC2	22295
CoV|P0C6X7.212.BC1	31161
CoV|P0C6X7.212.BC2	39681
CoV|P0C6X7.213.BC1	13075
CoV|P0C6X7.213.BC2	27533
CoV|P0C6X7.214.BC1	16971
CoV|P0C6X7.214.BC2	26535
CoV|P0C6X7.215.BC1	27150
CoV|P0C6X7.215.BC2	13191
CoV|P0C6X7.216.BC1	21656
CoV|P0C6X7.216.BC2	14079
CoV|P0C6X7.217.BC1	9754
CoV|P0C6X7.217.BC2	9904
CoV|P0C6X7.218.BC1	19736
CoV|P0C6X7.218.BC2	24929
CoV|P0C6X7.219.BC1	27845
CoV|P0C6X7.219.BC2	9700
CoV|P0C6X7.220.BC1	32858
CoV|P0C6X7.220.BC2	45159
CoV|P0C6X7.221.BC1	31476
CoV|P0C6X7.221.BC2	37138
CoV|P0C6X7.222.BC1	23185
CoV|P0C6X7.222.BC2	18109
CoV|P0C6X7.223.BC1	22630
CoV|P0C6X7.223.BC2	19896
CoV|P0C6X7.224.BC1	30618
CoV|P0C6X7.224.BC2	36697
CoV|P0C6X7.225.BC1	54848
CoV|P0C6X7.225.BC2	46487
CoV|P0C6X7.226.BC1	67486
CoV|P0C6X7.226.BC2	49579
CoV|P0C6X7.227.BC1	24654
CoV|P0C6X7.227.BC2	8779
CoV|P0C6X7.228.BC1	22508
CoV|P0C6X7.228.BC2	14217
CoV|P0C6X7.229.BC1	26893
CoV|P0C6X7.229.BC2	43549
CoV|P0C6X7.230.BC1	39835
CoV|P0C6X7.230.BC2	43065
CoV|P0C6X7.231.BC1	4202
CoV|P0C6X7.231.BC2	19749
CoV|P0C6X7.232.BC1	30488
CoV|P0C6X7.232.BC2	12931
CoV|P0C6X7.233.BC1	47177
CoV|P0C6X7.233.BC2	31373
CoV|P0C6X7.234.BC1	23816
CoV|P0C6X7.234.BC2	29026
CoV|P0C6X7.235.BC1	35553
CoV|P0C6X7.235.BC2	48784
CoV|P0C6X7.236.BC1	16405
CoV|P0C6X7.236.BC2	21923
CoV|P0C6X7.237.BC1	17537
CoV|P0C6X7.237.BC2	12144
CoV|P0C6X7.238.BC1	16824
CoV|P0C6X7.238.BC2	27682
CoV|P0C6X7.239.BC1	11393
CoV|P0C6X7.239.BC2	14542
CoV|P0C6X7.240.BC1	14308
CoV|P0C6X7.240.BC2	18395
CoV|P0C6X7.241.BC1	15047
CoV|P0C6X7.241.BC2	7554
CoV|P0C6X7.242.BC1	55008
CoV|P0C6X7.242.BC2	26140
CoV|P0C6X7.243.BC1	20274
CoV|P0C6X7.243.BC2	31132
CoV|P0C6X7.244.BC1	25174
CoV|P0C6X7.244.BC2	41102
CoV|P0C6X7.245.BC1	22683
CoV|P0C6X7.245.BC2	48611
CoV|P0C6X7.246.BC1	18174
CoV|P0C6X7.246.BC2	7244
CoV|P0C6X7.247.BC1	15442
CoV|P0C6X7.247.BC2	12964
CoV|P0C6X7.248.BC1	15798
CoV|P0C6X7.248.BC2	17893
CoV|P0C6X7.249.BC1	5348
CoV|P0C6X7.249.BC2	3974
CoV|P0C6X7.250.BC1	42873
CoV|P0C6X7.250.BC2	18598
CoV|P0DTD2.0.BC1	19787
CoV|P0DTD2.0.BC2	31642
CoV|P0DTD2.1.BC1	19803
CoV|P0DTD2.1.BC2	12897
CoV|P0DTD2.2.BC1	31183
CoV|P0DTD2.2.BC2	33295
CoV|P0DTD3.0.BC1	22481
CoV|P0DTD3.0.BC2	39007
CoV|P0DTD3.1.BC1	50661
CoV|P0DTD3.1.BC2	36799
CoV|P15130.0.BC1	28830
CoV|P15130.0.BC2	13916
CoV|P15130.1.BC1	21756
CoV|P15130.1.BC2	18799
CoV|P15130.10.BC1	25329
CoV|P15130.10.BC2	25570
CoV|P15130.11.BC1	8155
CoV|P15130.11.BC2	8197
CoV|P15130.12.BC1	21707
CoV|P15130.12.BC2	5686
CoV|P15130.2.BC1	20148
CoV|P15130.2.BC2	16036
CoV|P15130.3.BC1	26384
CoV|P15130.3.BC2	31161
CoV|P15130.4.BC1	26045
CoV|P15130.4.BC2	24252
CoV|P15130.5.BC1	29214
CoV|P15130.5.BC2	18680
CoV|P15130.6.BC1	19431
CoV|P15130.6.BC2	35579
CoV|P15130.7.BC1	39852
CoV|P15130.7.BC2	30540
CoV|P15130.8.BC1	57423
CoV|P15130.8.BC2	67235
CoV|P15130.9.BC1	51153
CoV|P15130.9.BC2	40493
CoV|P15422.0.BC1	30539
CoV|P15422.0.BC2	46556
CoV|P15422.1.BC1	33607
CoV|P15422.1.BC2	16285
CoV|P15422.2.BC1	56405
CoV|P15422.2.BC2	69042
CoV|P15422.3.BC1	29307
CoV|P15422.3.BC2	21266
CoV|P15422.4.BC1	12788
CoV|P15422.4.BC2	15955
CoV|P15422.5.BC1	13288
CoV|P15422.5.BC2	16759
CoV|P15422.6.BC1	17441
CoV|P15422.6.BC2	27174
CoV|P15422.7.BC1	13844
CoV|P15422.7.BC2	18008
CoV|P15423.0.BC1	22525
CoV|P15423.0.BC2	10199
CoV|P15423.1.BC1	19648
CoV|P15423.1.BC2	21745
CoV|P15423.10.BC1	5683
CoV|P15423.10.BC2	8927
CoV|P15423.11.BC1	13333
CoV|P15423.11.BC2	16645
CoV|P15423.12.BC1	25613
CoV|P15423.12.BC2	17331
CoV|P15423.13.BC1	23441
CoV|P15423.13.BC2	14569
CoV|P15423.14.BC1	29292
CoV|P15423.14.BC2	11711
CoV|P15423.15.BC1	21258
CoV|P15423.15.BC2	25589
CoV|P15423.16.BC1	42180
CoV|P15423.16.BC2	44568
CoV|P15423.17.BC1	12049
CoV|P15423.17.BC2	25221
CoV|P15423.18.BC1	26358
CoV|P15423.18.BC2	19205
CoV|P15423.19.BC1	26397
CoV|P15423.19.BC2	22901
CoV|P15423.2.BC1	34119
CoV|P15423.2.BC2	21712
CoV|P15423.20.BC1	6448
CoV|P15423.20.BC2	17580
CoV|P15423.21.BC1	14797
CoV|P15423.21.BC2	24560
CoV|P15423.22.BC1	43444
CoV|P15423.22.BC2	14261
CoV|P15423.23.BC1	40291
CoV|P15423.23.BC2	29214
CoV|P15423.24.BC1	50065
CoV|P15423.24.BC2	66212
CoV|P15423.25.BC1	24854
CoV|P15423.25.BC2	44663
CoV|P15423.26.BC1	21553
CoV|P15423.26.BC2	22256
CoV|P15423.27.BC1	16073
CoV|P15423.27.BC2	21176
CoV|P15423.28.BC1	10872
CoV|P15423.28.BC2	12829
CoV|P15423.29.BC1	11400
CoV|P15423.29.BC2	8169
CoV|P15423.3.BC1	19518
CoV|P15423.3.BC2	8168
CoV|P15423.30.BC1	18478
CoV|P15423.30.BC2	8348
CoV|P15423.31.BC1	16941
CoV|P15423.31.BC2	26647
CoV|P15423.32.BC1	19478
CoV|P15423.32.BC2	15184
CoV|P15423.33.BC1	16134
CoV|P15423.33.BC2	11307
CoV|P15423.34.BC1	40901
CoV|P15423.34.BC2	26636
CoV|P15423.35.BC1	24456
CoV|P15423.35.BC2	33931
CoV|P15423.36.BC1	22847
CoV|P15423.36.BC2	25035
CoV|P15423.37.BC1	12040
CoV|P15423.37.BC2	16853
CoV|P15423.38.BC1	7718
CoV|P15423.38.BC2	8403
CoV|P15423.39.BC1	44371
CoV|P15423.39.BC2	58161
CoV|P15423.4.BC1	14968
CoV|P15423.4.BC2	22453
CoV|P15423.40.BC1	29544
CoV|P15423.40.BC2	41013
CoV|P15423.5.BC1	10710
CoV|P15423.5.BC2	14794
CoV|P15423.6.BC1	30086
CoV|P15423.6.BC2	4927
CoV|P15423.7.BC1	16304
CoV|P15423.7.BC2	11979
CoV|P15423.8.BC1	31320
CoV|P15423.8.BC2	17133
CoV|P15423.9.BC1	24425
CoV|P15423.9.BC2	20760
CoV|P19739.0.BC1	27257
CoV|P19739.0.BC2	37004
CoV|P19739.1.BC1	36005
CoV|P19739.1.BC2	77886
CoV|P19739.2.BC1	49152
CoV|P19739.2.BC2	87794
CoV|P19739.3.BC1	36891
CoV|P19739.3.BC2	68008
CoV|P19740.0.BC1	21165
CoV|P19740.0.BC2	33608
CoV|P19740.1.BC1	17679
CoV|P19740.1.BC2	26991
CoV|P19740.2.BC1	18814
CoV|P19740.2.BC2	14357
CoV|P19741.0.BC1	49285
CoV|P19741.0.BC2	36133
CoV|P19741.1.BC1	32825
CoV|P19741.1.BC2	48865
CoV|P30215.0.BC1	30790
CoV|P30215.0.BC2	12864
CoV|P30215.1.BC1	20123
CoV|P30215.1.BC2	23617
CoV|P30215.10.BC1	11948
CoV|P30215.10.BC2	39661
CoV|P30215.11.BC1	46414
CoV|P30215.11.BC2	30025
CoV|P30215.12.BC1	15106
CoV|P30215.12.BC2	38365
CoV|P30215.13.BC1	54836
CoV|P30215.13.BC2	36492
CoV|P30215.14.BC1	79001
CoV|P30215.14.BC2	40886
CoV|P30215.2.BC1	14392
CoV|P30215.2.BC2	16995
CoV|P30215.3.BC1	15390
CoV|P30215.3.BC2	11556
CoV|P30215.4.BC1	876
CoV|P30215.4.BC2	11619
CoV|P30215.5.BC1	45347
CoV|P30215.5.BC2	26996
CoV|P30215.6.BC1	9275
CoV|P30215.6.BC2	25514
CoV|P30215.7.BC1	26657
CoV|P30215.7.BC2	7331
CoV|P30215.8.BC1	9924
CoV|P30215.8.BC2	12377
CoV|P30215.9.BC1	30150
CoV|P30215.9.BC2	5846
CoV|P33469.0.BC1	67553
CoV|P33469.0.BC2	32943
CoV|P33469.1.BC1	16249
CoV|P33469.1.BC2	35283
CoV|P33469.10.BC1	15221
CoV|P33469.10.BC2	12879
CoV|P33469.11.BC1	18094
CoV|P33469.11.BC2	11726
CoV|P33469.12.BC1	27709
CoV|P33469.12.BC2	31602
CoV|P33469.13.BC1	40984
CoV|P33469.13.BC2	43817
CoV|P33469.14.BC1	31119
CoV|P33469.14.BC2	46096
CoV|P33469.15.BC1	33615
CoV|P33469.15.BC2	38996
CoV|P33469.2.BC1	13324
CoV|P33469.2.BC2	18115
CoV|P33469.3.BC1	24401
CoV|P33469.3.BC2	20303
CoV|P33469.4.BC1	20821
CoV|P33469.4.BC2	26128
CoV|P33469.5.BC1	13349
CoV|P33469.5.BC2	28797
CoV|P33469.6.BC1	7556
CoV|P33469.6.BC2	48489
CoV|P33469.7.BC1	39927
CoV|P33469.7.BC2	36798
CoV|P33469.8.BC1	13552
CoV|P33469.8.BC2	18508
CoV|P33469.9.BC1	23391
CoV|P33469.9.BC2	14470
CoV|P36334.0.BC1	17664
CoV|P36334.0.BC2	28478
CoV|P36334.1.BC1	24947
CoV|P36334.1.BC2	7001
CoV|P36334.10.BC1	55507
CoV|P36334.10.BC2	27198
CoV|P36334.11.BC1	24291
CoV|P36334.11.BC2	25210
CoV|P36334.12.BC1	15177
CoV|P36334.12.BC2	26940
CoV|P36334.13.BC1	20368
CoV|P36334.13.BC2	14757
CoV|P36334.14.BC1	23377
CoV|P36334.14.BC2	33162
CoV|P36334.15.BC1	35989
CoV|P36334.15.BC2	34569
CoV|P36334.16.BC1	19256
CoV|P36334.16.BC2	36565
CoV|P36334.17.BC1	26226
CoV|P36334.17.BC2	24763
CoV|P36334.18.BC1	19115
CoV|P36334.18.BC2	37740
CoV|P36334.19.BC1	31692
CoV|P36334.19.BC2	21708
CoV|P36334.2.BC1	13368
CoV|P36334.2.BC2	5999
CoV|P36334.20.BC1	15918
CoV|P36334.20.BC2	27445
CoV|P36334.21.BC1	14117
CoV|P36334.21.BC2	10693
CoV|P36334.22.BC1	29827
CoV|P36334.22.BC2	15444
CoV|P36334.23.BC1	13489
CoV|P36334.23.BC2	16853
CoV|P36334.24.BC1	21213
CoV|P36334.24.BC2	48349
CoV|P36334.25.BC1	24521
CoV|P36334.25.BC2	29287
CoV|P36334.26.BC1	35415
CoV|P36334.26.BC2	32116
CoV|P36334.27.BC1	7786
CoV|P36334.27.BC2	11724
CoV|P36334.28.BC1	39380
CoV|P36334.28.BC2	31227
CoV|P36334.29.BC1	32322
CoV|P36334.29.BC2	41777
CoV|P36334.3.BC1	15875
CoV|P36334.3.BC2	13297
CoV|P36334.30.BC1	15485
CoV|P36334.30.BC2	34358
CoV|P36334.31.BC1	33922
CoV|P36334.31.BC2	15627
CoV|P36334.32.BC1	27955
CoV|P36334.32.BC2	27233
CoV|P36334.33.BC1	28304
CoV|P36334.33.BC2	19165
CoV|P36334.34.BC1	11618
CoV|P36334.34.BC2	17864
CoV|P36334.35.BC1	9669
CoV|P36334.35.BC2	14872
CoV|P36334.36.BC1	8357
CoV|P36334.36.BC2	3607
CoV|P36334.37.BC1	12338
CoV|P36334.37.BC2	11542
CoV|P36334.38.BC1	37028
CoV|P36334.38.BC2	33377
CoV|P36334.39.BC1	24378
CoV|P36334.39.BC2	21403
CoV|P36334.4.BC1	4159
CoV|P36334.4.BC2	13036
CoV|P36334.40.BC1	11845
CoV|P36334.40.BC2	26375
CoV|P36334.41.BC1	13686
CoV|P36334.41.BC2	25031
CoV|P36334.42.BC1	22045
CoV|P36334.42.BC2	17713
CoV|P36334.43.BC1	13606
CoV|P36334.43.BC2	8153
CoV|P36334.44.BC1	8147
CoV|P36334.44.BC2	9177
CoV|P36334.45.BC1	41304
CoV|P36334.45.BC2	35250
CoV|P36334.46.BC1	22222
CoV|P36334.46.BC2	42796
CoV|P36334.47.BC1	17502
CoV|P36334.47.BC2	3072
CoV|P36334.5.BC1	38156
CoV|P36334.5.BC2	42009
CoV|P36334.6.BC1	9439
CoV|P36334.6.BC2	20582
CoV|P36334.7.BC1	18079
CoV|P36334.7.BC2	25455
CoV|P36334.8.BC1	19637
CoV|P36334.8.BC2	5834
CoV|P36334.9.BC1	10683
CoV|P36334.9.BC2	12157
CoV|P59594.0.BC1	42384
CoV|P59594.0.BC2	9462
CoV|P59594.1.BC1	6845
CoV|P59594.1.BC2	41521
CoV|P59594.10.BC1	53130
CoV|P59594.10.BC2	32501
CoV|P59594.11.BC1	17172
CoV|P59594.11.BC2	14977
CoV|P59594.12.BC1	12991
CoV|P59594.12.BC2	18524
CoV|P59594.13.BC1	43746
CoV|P59594.13.BC2	51533
CoV|P59594.14.BC1	21098
CoV|P59594.14.BC2	25769
CoV|P59594.15.BC1	24805
CoV|P59594.15.BC2	58021
CoV|P59594.16.BC1	12531
CoV|P59594.16.BC2	17924
CoV|P59594.17.BC1	8006
CoV|P59594.17.BC2	8595
CoV|P59594.18.BC1	33076
CoV|P59594.18.BC2	40571
CoV|P59594.19.BC1	37678
CoV|P59594.19.BC2	19446
CoV|P59594.2.BC1	17517
CoV|P59594.2.BC2	21046
CoV|P59594.20.BC1	28470
CoV|P59594.20.BC2	53629
CoV|P59594.21.BC1	52270
CoV|P59594.21.BC2	33153
CoV|P59594.22.BC1	35322
CoV|P59594.22.BC2	43154
CoV|P59594.23.BC1	13195
CoV|P59594.23.BC2	8169
CoV|P59594.24.BC1	16885
CoV|P59594.24.BC2	12034
CoV|P59594.25.BC1	25309
CoV|P59594.25.BC2	25351
CoV|P59594.26.BC1	9814
CoV|P59594.26.BC2	25627
CoV|P59594.27.BC1	25965
CoV|P59594.27.BC2	15410
CoV|P59594.28.BC1	21292
CoV|P59594.28.BC2	27900
CoV|P59594.29.BC1	36053
CoV|P59594.29.BC2	41607
CoV|P59594.3.BC1	18789
CoV|P59594.3.BC2	13610
CoV|P59594.30.BC1	19546
CoV|P59594.30.BC2	18832
CoV|P59594.31.BC1	10645
CoV|P59594.31.BC2	21725
CoV|P59594.32.BC1	10589
CoV|P59594.32.BC2	2797
CoV|P59594.33.BC1	8483
CoV|P59594.33.BC2	10436
CoV|P59594.34.BC1	4317
CoV|P59594.34.BC2	14148
CoV|P59594.35.BC1	39929
CoV|P59594.35.BC2	22211
CoV|P59594.36.BC1	15245
CoV|P59594.36.BC2	30216
CoV|P59594.37.BC1	9614
CoV|P59594.37.BC2	923
CoV|P59594.38.BC1	9370
CoV|P59594.38.BC2	13088
CoV|P59594.39.BC1	6016
CoV|P59594.39.BC2	28011
CoV|P59594.4.BC1	11108
CoV|P59594.4.BC2	44805
CoV|P59594.40.BC1	18770
CoV|P59594.40.BC2	17823
CoV|P59594.41.BC1	15431
CoV|P59594.41.BC2	13435
CoV|P59594.42.BC1	47208
CoV|P59594.42.BC2	34766
CoV|P59594.5.BC1	14846
CoV|P59594.5.BC2	10259
CoV|P59594.6.BC1	14691
CoV|P59594.6.BC2	21539
CoV|P59594.7.BC1	18036
CoV|P59594.7.BC2	13537
CoV|P59594.8.BC1	22914
CoV|P59594.8.BC2	18825
CoV|P59594.9.BC1	17042
CoV|P59594.9.BC2	23011
CoV|P59595.0.BC1	41572
CoV|P59595.0.BC2	38639
CoV|P59595.1.BC1	38267
CoV|P59595.1.BC2	29392
CoV|P59595.10.BC1	24756
CoV|P59595.10.BC2	17431
CoV|P59595.11.BC1	11325
CoV|P59595.11.BC2	552
CoV|P59595.12.BC1	7279
CoV|P59595.12.BC2	43400
CoV|P59595.13.BC1	47757
CoV|P59595.13.BC2	58235
CoV|P59595.14.BC1	60182
CoV|P59595.14.BC2	28619
CoV|P59595.2.BC1	16005
CoV|P59595.2.BC2	16574
CoV|P59595.3.BC1	21298
CoV|P59595.3.BC2	19436
CoV|P59595.4.BC1	31708
CoV|P59595.4.BC2	29002
CoV|P59595.5.BC1	40616
CoV|P59595.5.BC2	44252
CoV|P59595.6.BC1	53090
CoV|P59595.6.BC2	49688
CoV|P59595.7.BC1	32014
CoV|P59595.7.BC2	34890
CoV|P59595.8.BC1	58887
CoV|P59595.8.BC2	35987
CoV|P59595.9.BC1	41818
CoV|P59595.9.BC2	38922
CoV|P59596.0.BC1	28631
CoV|P59596.0.BC2	21369
CoV|P59596.3.BC1	22209
CoV|P59596.3.BC2	10830
CoV|P59596.4.BC1	22529
CoV|P59596.4.BC2	12440
CoV|P59596.6.BC1	38052
CoV|P59596.6.BC2	39428
CoV|P59632.0.BC1	32125
CoV|P59632.0.BC2	23955
CoV|P59632.1.BC1	54835
CoV|P59632.1.BC2	28824
CoV|P59632.2.BC1	6257
CoV|P59632.2.BC2	78111
CoV|P59632.3.BC1	675
CoV|P59632.3.BC2	32724
CoV|P59632.4.BC1	18459
CoV|P59632.4.BC2	36076
CoV|P59632.5.BC1	35093
CoV|P59632.5.BC2	22095
CoV|P59632.6.BC1	6742
CoV|P59632.6.BC2	6977
CoV|P59632.7.BC1	2837
CoV|P59632.7.BC2	5110
CoV|P59632.8.BC1	47200
CoV|P59632.8.BC2	38715
CoV|P59633.0.BC1	10893
CoV|P59633.0.BC2	11756
CoV|P59633.1.BC1	14742
CoV|P59633.1.BC2	11009
CoV|P59633.2.BC1	23405
CoV|P59633.2.BC2	13883
CoV|P59633.3.BC1	27708
CoV|P59633.3.BC2	20430
CoV|P59633.4.BC1	21623
CoV|P59633.4.BC2	21404
CoV|P59634.0.BC1	13313
CoV|P59634.0.BC2	17419
CoV|P59634.1.BC1	28710
CoV|P59634.1.BC2	30888
CoV|P59635.0.BC1	26737
CoV|P59635.0.BC2	48878
CoV|P59635.2.BC1	34351
CoV|P59635.2.BC2	33212
CoV|P59635.3.BC1	17370
CoV|P59635.3.BC2	29897
CoV|P59636.0.BC1	15093
CoV|P59636.0.BC2	20055
CoV|P59636.1.BC1	14086
CoV|P59636.1.BC2	20463
CoV|P59636.2.BC1	18509
CoV|P59636.2.BC2	13851
CoV|Q01455.0.BC1	29030
CoV|Q01455.0.BC2	21283
CoV|Q01455.1.BC1	51983
CoV|Q01455.1.BC2	32265
CoV|Q01455.2.BC1	83230
CoV|Q01455.2.BC2	80305
CoV|Q01455.3.BC1	14994
CoV|Q01455.3.BC2	19105
CoV|Q01455.4.BC1	18399
CoV|Q01455.4.BC2	12026
CoV|Q01455.5.BC1	12073
CoV|Q01455.5.BC2	4908
CoV|Q01455.6.BC1	37728
CoV|Q01455.6.BC2	22758
CoV|Q01455.7.BC1	33778
CoV|Q01455.7.BC2	25999
CoV|Q04853.0.BC1	20231
CoV|Q04853.0.BC2	27309
CoV|Q04853.1.BC1	11780
CoV|Q04853.1.BC2	19902
CoV|Q04853.2.BC1	26626
CoV|Q04853.2.BC2	18612
CoV|Q04854.0.BC1	1751
CoV|Q04854.0.BC2	86555
CoV|Q04854.1.BC1	24410
CoV|Q04854.1.BC2	23837
CoV|Q04854.2.BC1	22178
CoV|Q04854.2.BC2	36569
CoV|Q0Q468.0.BC1	33921
CoV|Q0Q468.0.BC2	30138
CoV|Q0Q468.1.BC1	32222
CoV|Q0Q468.1.BC2	50086
CoV|Q0Q468.10.BC1	35227
CoV|Q0Q468.10.BC2	9923
CoV|Q0Q468.11.BC1	26004
CoV|Q0Q468.11.BC2	4649
CoV|Q0Q468.12.BC1	21860
CoV|Q0Q468.12.BC2	27631
CoV|Q0Q468.13.BC1	58316
CoV|Q0Q468.13.BC2	32929
CoV|Q0Q468.14.BC1	56890
CoV|Q0Q468.14.BC2	44295
CoV|Q0Q468.2.BC1	12464
CoV|Q0Q468.2.BC2	10651
CoV|Q0Q468.3.BC1	18327
CoV|Q0Q468.3.BC2	8926
CoV|Q0Q468.4.BC1	24005
CoV|Q0Q468.4.BC2	31719
CoV|Q0Q468.5.BC1	28490
CoV|Q0Q468.5.BC2	21247
CoV|Q0Q468.6.BC1	32714
CoV|Q0Q468.6.BC2	62975
CoV|Q0Q468.7.BC1	10582
CoV|Q0Q468.7.BC2	21829
CoV|Q0Q468.8.BC1	32930
CoV|Q0Q468.8.BC2	39639
CoV|Q0Q468.9.BC1	51375
CoV|Q0Q468.9.BC2	32484
CoV|Q0Q469.0.BC1	10784
CoV|Q0Q469.0.BC2	13720
CoV|Q0Q469.1.BC1	11775
CoV|Q0Q469.1.BC2	11435
CoV|Q0Q469.2.BC1	24741
CoV|Q0Q469.2.BC2	10700
CoV|Q0Q469.3.BC1	24685
CoV|Q0Q469.3.BC2	23420
CoV|Q0Q470.0.BC1	15824
CoV|Q0Q470.0.BC2	18064
CoV|Q0Q470.1.BC1	31715
CoV|Q0Q470.1.BC2	44861
CoV|Q0Q470.2.BC1	9932
CoV|Q0Q470.2.BC2	27670
CoV|Q0Q470.3.BC1	43873
CoV|Q0Q470.3.BC2	27221
CoV|Q0Q472.0.BC1	18433
CoV|Q0Q472.0.BC2	17365
CoV|Q0Q472.3.BC1	28615
CoV|Q0Q472.3.BC2	16688
CoV|Q0Q472.4.BC1	17790
CoV|Q0Q472.4.BC2	18831
CoV|Q0Q472.5.BC1	22845
CoV|Q0Q472.5.BC2	26621
CoV|Q0Q472.6.BC1	26732
CoV|Q0Q472.6.BC2	38151
CoV|Q0Q473.0.BC1	49092
CoV|Q0Q473.0.BC2	58722
CoV|Q0Q473.1.BC1	19005
CoV|Q0Q473.1.BC2	49145
CoV|Q0Q474.0.BC1	13380
CoV|Q0Q474.0.BC2	12461
CoV|Q0Q474.1.BC1	15968
CoV|Q0Q474.1.BC2	51072
CoV|Q0Q474.2.BC1	23344
CoV|Q0Q474.2.BC2	49487
CoV|Q0Q474.3.BC1	35154
CoV|Q0Q474.3.BC2	27662
CoV|Q0Q474.4.BC1	44135
CoV|Q0Q474.4.BC2	20097
CoV|Q0Q474.5.BC1	15304
CoV|Q0Q474.5.BC2	18331
CoV|Q0Q474.6.BC1	6446
CoV|Q0Q474.6.BC2	10931
CoV|Q0Q474.7.BC1	9204
CoV|Q0Q474.7.BC2	13622
CoV|Q0Q474.8.BC1	40309
CoV|Q0Q474.8.BC2	23911
CoV|Q0Q475.0.BC1	17995
CoV|Q0Q475.0.BC2	30469
CoV|Q0Q475.1.BC1	20242
CoV|Q0Q475.1.BC2	23429
CoV|Q0Q475.10.BC1	23156
CoV|Q0Q475.10.BC2	36556
CoV|Q0Q475.11.BC1	15642
CoV|Q0Q475.11.BC2	24657
CoV|Q0Q475.14.BC1	24719
CoV|Q0Q475.14.BC2	36477
CoV|Q0Q475.15.BC1	61654
CoV|Q0Q475.15.BC2	57348
CoV|Q0Q475.16.BC1	10448
CoV|Q0Q475.16.BC2	8887
CoV|Q0Q475.17.BC1	13317
CoV|Q0Q475.17.BC2	8392
CoV|Q0Q475.18.BC1	23747
CoV|Q0Q475.18.BC2	14139
CoV|Q0Q475.2.BC1	22388
CoV|Q0Q475.2.BC2	10489
CoV|Q0Q475.20.BC1	27307
CoV|Q0Q475.20.BC2	51674
CoV|Q0Q475.21.BC1	80796
CoV|Q0Q475.21.BC2	37234
CoV|Q0Q475.22.BC1	41699
CoV|Q0Q475.22.BC2	58576
CoV|Q0Q475.23.BC1	25445
CoV|Q0Q475.23.BC2	20167
CoV|Q0Q475.24.BC1	15838
CoV|Q0Q475.24.BC2	19942
CoV|Q0Q475.25.BC1	27917
CoV|Q0Q475.25.BC2	17002
CoV|Q0Q475.26.BC1	13786
CoV|Q0Q475.26.BC2	32992
CoV|Q0Q475.3.BC1	5003
CoV|Q0Q475.3.BC2	6893
CoV|Q0Q475.31.BC1	27242
CoV|Q0Q475.31.BC2	28724
CoV|Q0Q475.32.BC1	7823
CoV|Q0Q475.32.BC2	10086
CoV|Q0Q475.38.BC1	18426
CoV|Q0Q475.38.BC2	21868
CoV|Q0Q475.39.BC1	27661
CoV|Q0Q475.39.BC2	42553
CoV|Q0Q475.4.BC1	7026
CoV|Q0Q475.4.BC2	35679
CoV|Q0Q475.5.BC1	27423
CoV|Q0Q475.5.BC2	19023
CoV|Q0Q475.6.BC1	32683
CoV|Q0Q475.6.BC2	18920
CoV|Q0Q475.7.BC1	22066
CoV|Q0Q475.7.BC2	15975
CoV|Q0Q475.8.BC1	9133
CoV|Q0Q475.8.BC2	13432
CoV|Q0Q475.9.BC1	13409
CoV|Q0Q475.9.BC2	14109
CoV|Q14EA6.0.BC1	14441
CoV|Q14EA6.0.BC2	14680
CoV|Q14EA6.1.BC1	10071
CoV|Q14EA6.1.BC2	14533
CoV|Q14EA6.10.BC1	17065
CoV|Q14EA6.10.BC2	14311
CoV|Q14EA6.11.BC1	22869
CoV|Q14EA6.11.BC2	8215
CoV|Q14EA6.12.BC1	5614
CoV|Q14EA6.12.BC2	3417
CoV|Q14EA6.13.BC1	13569
CoV|Q14EA6.13.BC2	41203
CoV|Q14EA6.14.BC1	86213
CoV|Q14EA6.14.BC2	34011
CoV|Q14EA6.2.BC1	14579
CoV|Q14EA6.2.BC2	26420
CoV|Q14EA6.3.BC1	8997
CoV|Q14EA6.3.BC2	31578
CoV|Q14EA6.4.BC1	17441
CoV|Q14EA6.4.BC2	22850
CoV|Q14EA6.5.BC1	30454
CoV|Q14EA6.5.BC2	27781
CoV|Q14EA6.6.BC1	31876
CoV|Q14EA6.6.BC2	31849
CoV|Q14EA6.7.BC1	42852
CoV|Q14EA6.7.BC2	24060
CoV|Q14EA6.8.BC1	29647
CoV|Q14EA6.8.BC2	13541
CoV|Q14EA6.9.BC1	31684
CoV|Q14EA6.9.BC2	9014
CoV|Q14EA7.0.BC1	19928
CoV|Q14EA7.0.BC2	26032
CoV|Q14EA7.1.BC1	54514
CoV|Q14EA7.1.BC2	49971
CoV|Q14EA7.2.BC1	49003
CoV|Q14EA7.2.BC2	54463
CoV|Q14EA7.3.BC1	31841
CoV|Q14EA7.3.BC2	33667
CoV|Q14EA7.4.BC1	13956
CoV|Q14EA7.4.BC2	23106
CoV|Q14EA7.5.BC1	11097
CoV|Q14EA7.5.BC2	16309
CoV|Q14EA7.6.BC1	15278
CoV|Q14EA7.6.BC2	31815
CoV|Q14EA8.0.BC1	49464
CoV|Q14EA8.0.BC2	52776
CoV|Q14EA8.1.BC1	28649
CoV|Q14EA8.1.BC2	20772
CoV|Q14EA9.0.BC1	43934
CoV|Q14EA9.0.BC2	6978
CoV|Q14EA9.1.BC1	15763
CoV|Q14EA9.1.BC2	24494
CoV|Q14EA9.2.BC1	19171
CoV|Q14EA9.2.BC2	23242
CoV|Q14EB0.0.BC1	47109
CoV|Q14EB0.0.BC2	41355
CoV|Q14EB0.1.BC1	3605
CoV|Q14EB0.1.BC2	14510
CoV|Q14EB0.10.BC1	22912
CoV|Q14EB0.10.BC2	27773
CoV|Q14EB0.11.BC1	30663
CoV|Q14EB0.11.BC2	24865
CoV|Q14EB0.12.BC1	8956
CoV|Q14EB0.12.BC2	9866
CoV|Q14EB0.13.BC1	25326
CoV|Q14EB0.13.BC2	12497
CoV|Q14EB0.14.BC1	9451
CoV|Q14EB0.14.BC2	2951
CoV|Q14EB0.15.BC1	27349
CoV|Q14EB0.15.BC2	32500
CoV|Q14EB0.16.BC1	45053
CoV|Q14EB0.16.BC2	43680
CoV|Q14EB0.17.BC1	40636
CoV|Q14EB0.17.BC2	20914
CoV|Q14EB0.18.BC1	11794
CoV|Q14EB0.18.BC2	22753
CoV|Q14EB0.19.BC1	36594
CoV|Q14EB0.19.BC2	29952
CoV|Q14EB0.2.BC1	10396
CoV|Q14EB0.2.BC2	10284
CoV|Q14EB0.20.BC1	17908
CoV|Q14EB0.20.BC2	50814
CoV|Q14EB0.21.BC1	17173
CoV|Q14EB0.21.BC2	18241
CoV|Q14EB0.22.BC1	27190
CoV|Q14EB0.22.BC2	20260
CoV|Q14EB0.23.BC1	31637
CoV|Q14EB0.23.BC2	37305
CoV|Q14EB0.24.BC1	23320
CoV|Q14EB0.24.BC2	12682
CoV|Q14EB0.25.BC1	48137
CoV|Q14EB0.25.BC2	21433
CoV|Q14EB0.26.BC1	36387
CoV|Q14EB0.26.BC2	30647
CoV|Q14EB0.27.BC1	22138
CoV|Q14EB0.27.BC2	4959
CoV|Q14EB0.28.BC1	37256
CoV|Q14EB0.28.BC2	48479
CoV|Q14EB0.29.BC1	22658
CoV|Q14EB0.29.BC2	10175
CoV|Q14EB0.3.BC1	12651
CoV|Q14EB0.3.BC2	10567
CoV|Q14EB0.30.BC1	15921
CoV|Q14EB0.30.BC2	18965
CoV|Q14EB0.31.BC1	36837
CoV|Q14EB0.31.BC2	9677
CoV|Q14EB0.32.BC1	43311
CoV|Q14EB0.32.BC2	39040
CoV|Q14EB0.33.BC1	33191
CoV|Q14EB0.33.BC2	38069
CoV|Q14EB0.34.BC1	16836
CoV|Q14EB0.34.BC2	13575
CoV|Q14EB0.35.BC1	18819
CoV|Q14EB0.35.BC2	19972
CoV|Q14EB0.36.BC1	19854
CoV|Q14EB0.36.BC2	34629
CoV|Q14EB0.37.BC1	14695
CoV|Q14EB0.37.BC2	6874
CoV|Q14EB0.38.BC1	23498
CoV|Q14EB0.38.BC2	41015
CoV|Q14EB0.39.BC1	5052
CoV|Q14EB0.39.BC2	15706
CoV|Q14EB0.4.BC1	16795
CoV|Q14EB0.4.BC2	7620
CoV|Q14EB0.40.BC1	7369
CoV|Q14EB0.40.BC2	13825
CoV|Q14EB0.41.BC1	8975
CoV|Q14EB0.41.BC2	18304
CoV|Q14EB0.42.BC1	20732
CoV|Q14EB0.42.BC2	16519
CoV|Q14EB0.43.BC1	21623
CoV|Q14EB0.43.BC2	35253
CoV|Q14EB0.44.BC1	12109
CoV|Q14EB0.44.BC2	13242
CoV|Q14EB0.45.BC1	16457
CoV|Q14EB0.45.BC2	15688
CoV|Q14EB0.46.BC1	49901
CoV|Q14EB0.46.BC2	33681
CoV|Q14EB0.47.BC1	55598
CoV|Q14EB0.47.BC2	43389
CoV|Q14EB0.5.BC1	39657
CoV|Q14EB0.5.BC2	20644
CoV|Q14EB0.6.BC1	11090
CoV|Q14EB0.6.BC2	3934
CoV|Q14EB0.7.BC1	34390
CoV|Q14EB0.7.BC2	29042
CoV|Q14EB0.8.BC1	18788
CoV|Q14EB0.8.BC2	10598
CoV|Q14EB0.9.BC1	20647
CoV|Q14EB0.9.BC2	32080
CoV|Q14EB1.0.BC1	30551
CoV|Q14EB1.0.BC2	23651
CoV|Q14EB1.1.BC1	25085
CoV|Q14EB1.1.BC2	11719
CoV|Q14EB1.10.BC1	15185
CoV|Q14EB1.10.BC2	15325
CoV|Q14EB1.11.BC1	23555
CoV|Q14EB1.11.BC2	39846
CoV|Q14EB1.12.BC1	34293
CoV|Q14EB1.12.BC2	63593
CoV|Q14EB1.2.BC1	19215
CoV|Q14EB1.2.BC2	13764
CoV|Q14EB1.3.BC1	6915
CoV|Q14EB1.3.BC2	29753
CoV|Q14EB1.4.BC1	7830
CoV|Q14EB1.4.BC2	19379
CoV|Q14EB1.5.BC1	8769
CoV|Q14EB1.5.BC2	8879
CoV|Q14EB1.6.BC1	11198
CoV|Q14EB1.6.BC2	10414
CoV|Q14EB1.7.BC1	12180
CoV|Q14EB1.7.BC2	18623
CoV|Q14EB1.8.BC1	30260
CoV|Q14EB1.8.BC2	27461
CoV|Q14EB1.9.BC1	37971
CoV|Q14EB1.9.BC2	29326
CoV|Q2HZW9.0.BC1	25837
CoV|Q2HZW9.0.BC2	32634
CoV|Q2HZW9.1.BC1	56836
CoV|Q2HZW9.1.BC2	44986
CoV|Q2HZW9.2.BC1	45528
CoV|Q2HZW9.2.BC2	51117
CoV|Q2HZW9.3.BC1	25558
CoV|Q2HZW9.3.BC2	39141
CoV|Q2HZW9.4.BC1	9182
CoV|Q2HZW9.4.BC2	24005
CoV|Q2HZW9.5.BC1	30138
CoV|Q2HZW9.5.BC2	33819
CoV|Q2HZW9.6.BC1	32400
CoV|Q2HZW9.6.BC2	38786
CoV|Q2HZW9.7.BC1	29142
CoV|Q2HZW9.7.BC2	44413
CoV|Q3I5I5.0.BC1	8768
CoV|Q3I5I5.0.BC2	11329
CoV|Q3I5I5.1.BC1	14207
CoV|Q3I5I5.1.BC2	10704
CoV|Q3I5I6.0.BC1	22644
CoV|Q3I5I6.0.BC2	2443
CoV|Q3I5I6.1.BC1	16521
CoV|Q3I5I6.1.BC2	14312
CoV|Q3I5I6.2.BC1	12663
CoV|Q3I5I6.2.BC2	3993
CoV|Q3I5I7.0.BC1	44216
CoV|Q3I5I7.0.BC2	31293
CoV|Q3I5I7.10.BC1	14777
CoV|Q3I5I7.10.BC2	16466
CoV|Q3I5I7.11.BC1	7777
CoV|Q3I5I7.11.BC2	14407
CoV|Q3I5I7.12.BC1	29127
CoV|Q3I5I7.12.BC2	30512
CoV|Q3I5I7.13.BC1	53483
CoV|Q3I5I7.13.BC2	12543
CoV|Q3I5I7.6.BC1	46972
CoV|Q3I5I7.6.BC2	17809
CoV|Q3I5I7.7.BC1	19997
CoV|Q3I5I7.7.BC2	19716
CoV|Q3I5I7.8.BC1	49772
CoV|Q3I5I7.8.BC2	32986
CoV|Q3I5I7.9.BC1	25572
CoV|Q3I5I7.9.BC2	62122
CoV|Q3I5I8.1.BC1	18998
CoV|Q3I5I8.1.BC2	21733
CoV|Q3I5I8.2.BC1	22829
CoV|Q3I5I8.2.BC2	16979
CoV|Q3I5I8.3.BC1	22901
CoV|Q3I5I8.3.BC2	37443
CoV|Q3I5J0.0.BC1	33029
CoV|Q3I5J0.0.BC2	31319
CoV|Q3I5J0.1.BC1	45379
CoV|Q3I5J0.1.BC2	29757
CoV|Q3I5J0.2.BC1	17999
CoV|Q3I5J0.2.BC2	25370
CoV|Q3I5J0.3.BC1	21142
CoV|Q3I5J0.3.BC2	17618
CoV|Q3I5J1.0.BC1	9795
CoV|Q3I5J1.0.BC2	7428
CoV|Q3I5J1.1.BC1	18456
CoV|Q3I5J1.1.BC2	21055
CoV|Q3I5J2.0.BC1	23417
CoV|Q3I5J2.0.BC2	31089
CoV|Q3I5J2.1.BC1	49343
CoV|Q3I5J2.1.BC2	29765
CoV|Q3I5J2.2.BC1	58201
CoV|Q3I5J2.2.BC2	49976
CoV|Q3I5J2.3.BC1	28014
CoV|Q3I5J2.3.BC2	25116
CoV|Q3I5J2.4.BC1	18837
CoV|Q3I5J2.4.BC2	7740
CoV|Q3I5J2.5.BC1	21724
CoV|Q3I5J2.5.BC2	18814
CoV|Q3I5J2.6.BC1	36379
CoV|Q3I5J2.6.BC2	37496
CoV|Q3I5J4.0.BC1	14163
CoV|Q3I5J4.0.BC2	13927
CoV|Q3I5J4.1.BC1	16849
CoV|Q3I5J4.1.BC2	25076
CoV|Q3I5J4.2.BC1	20208
CoV|Q3I5J4.2.BC2	2141
CoV|Q3I5J4.6.BC1	7104
CoV|Q3I5J4.6.BC2	10337
CoV|Q3I5J4.7.BC1	7336
CoV|Q3I5J4.7.BC2	2687
CoV|Q3I5J5.0.BC1	28077
CoV|Q3I5J5.0.BC2	28182
CoV|Q3I5J5.1.BC1	21135
CoV|Q3I5J5.1.BC2	22356
CoV|Q3I5J5.10.BC1	29406
CoV|Q3I5J5.10.BC2	13266
CoV|Q3I5J5.11.BC1	27750
CoV|Q3I5J5.11.BC2	26805
CoV|Q3I5J5.12.BC1	27305
CoV|Q3I5J5.12.BC2	1100
CoV|Q3I5J5.13.BC1	28192
CoV|Q3I5J5.13.BC2	37493
CoV|Q3I5J5.14.BC1	18396
CoV|Q3I5J5.14.BC2	19793
CoV|Q3I5J5.15.BC1	80378
CoV|Q3I5J5.15.BC2	88592
CoV|Q3I5J5.16.BC1	36154
CoV|Q3I5J5.16.BC2	9919
CoV|Q3I5J5.17.BC1	15347
CoV|Q3I5J5.17.BC2	12063
CoV|Q3I5J5.18.BC1	23524
CoV|Q3I5J5.18.BC2	26422
CoV|Q3I5J5.19.BC1	44717
CoV|Q3I5J5.19.BC2	23661
CoV|Q3I5J5.2.BC1	24298
CoV|Q3I5J5.2.BC2	18616
CoV|Q3I5J5.20.BC1	24482
CoV|Q3I5J5.20.BC2	57209
CoV|Q3I5J5.21.BC1	51303
CoV|Q3I5J5.21.BC2	36703
CoV|Q3I5J5.22.BC1	18280
CoV|Q3I5J5.22.BC2	39052
CoV|Q3I5J5.23.BC1	25267
CoV|Q3I5J5.23.BC2	19698
CoV|Q3I5J5.24.BC1	2608
CoV|Q3I5J5.24.BC2	28933
CoV|Q3I5J5.25.BC1	21470
CoV|Q3I5J5.25.BC2	22039
CoV|Q3I5J5.26.BC1	21506
CoV|Q3I5J5.26.BC2	14829
CoV|Q3I5J5.27.BC1	32752
CoV|Q3I5J5.27.BC2	19116
CoV|Q3I5J5.28.BC1	39943
CoV|Q3I5J5.28.BC2	84641
CoV|Q3I5J5.29.BC1	27150
CoV|Q3I5J5.29.BC2	30447
CoV|Q3I5J5.3.BC1	15388
CoV|Q3I5J5.3.BC2	13335
CoV|Q3I5J5.30.BC1	21758
CoV|Q3I5J5.30.BC2	25676
CoV|Q3I5J5.31.BC1	9902
CoV|Q3I5J5.31.BC2	32636
CoV|Q3I5J5.32.BC1	23579
CoV|Q3I5J5.32.BC2	20008
CoV|Q3I5J5.33.BC1	13502
CoV|Q3I5J5.33.BC2	12496
CoV|Q3I5J5.34.BC1	19849
CoV|Q3I5J5.34.BC2	32931
CoV|Q3I5J5.35.BC1	17022
CoV|Q3I5J5.35.BC2	11409
CoV|Q3I5J5.36.BC1	16499
CoV|Q3I5J5.36.BC2	14212
CoV|Q3I5J5.37.BC1	13168
CoV|Q3I5J5.37.BC2	21573
CoV|Q3I5J5.38.BC1	19457
CoV|Q3I5J5.38.BC2	20988
CoV|Q3I5J5.39.BC1	1961
CoV|Q3I5J5.39.BC2	36743
CoV|Q3I5J5.4.BC1	10783
CoV|Q3I5J5.4.BC2	10810
CoV|Q3I5J5.40.BC1	10377
CoV|Q3I5J5.40.BC2	6620
CoV|Q3I5J5.41.BC1	41432
CoV|Q3I5J5.41.BC2	58217
CoV|Q3I5J5.42.BC1	17344
CoV|Q3I5J5.42.BC2	30212
CoV|Q3I5J5.43.BC1	16530
CoV|Q3I5J5.43.BC2	23401
CoV|Q3I5J5.5.BC1	21082
CoV|Q3I5J5.5.BC2	24925
CoV|Q3I5J5.6.BC1	15224
CoV|Q3I5J5.6.BC2	28012
CoV|Q3I5J5.7.BC1	7823
CoV|Q3I5J5.7.BC2	11554
CoV|Q3I5J5.8.BC1	9920
CoV|Q3I5J5.8.BC2	5877
CoV|Q3I5J5.9.BC1	15363
CoV|Q3I5J5.9.BC2	11197
CoV|Q3LZW9.0.BC1	58873
CoV|Q3LZW9.0.BC2	62390
CoV|Q3LZX0.0.BC1	21511
CoV|Q3LZX0.0.BC2	19364
CoV|Q3LZX0.1.BC1	27909
CoV|Q3LZX0.1.BC2	17322
CoV|Q3LZX0.2.BC1	6174
CoV|Q3LZX0.2.BC2	32304
CoV|Q3LZX0.3.BC1	35583
CoV|Q3LZX0.3.BC2	28962
CoV|Q3LZX0.4.BC1	33468
CoV|Q3LZX0.4.BC2	34071
CoV|Q3LZX0.5.BC1	19512
CoV|Q3LZX0.5.BC2	7458
CoV|Q3LZX0.6.BC1	10056
CoV|Q3LZX0.6.BC2	5291
CoV|Q3LZX0.7.BC1	25038
CoV|Q3LZX0.7.BC2	5230
CoV|Q3LZX1.0.BC1	14527
CoV|Q3LZX1.0.BC2	30624
CoV|Q3LZX1.1.BC1	20144
CoV|Q3LZX1.1.BC2	17710
CoV|Q3LZX1.10.BC1	47031
CoV|Q3LZX1.10.BC2	15001
CoV|Q3LZX1.14.BC1	12345
CoV|Q3LZX1.14.BC2	26553
CoV|Q3LZX1.15.BC1	37594
CoV|Q3LZX1.15.BC2	37072
CoV|Q3LZX1.16.BC1	18746
CoV|Q3LZX1.16.BC2	8259
CoV|Q3LZX1.17.BC1	4313
CoV|Q3LZX1.17.BC2	9245
CoV|Q3LZX1.18.BC1	29601
CoV|Q3LZX1.18.BC2	31087
CoV|Q3LZX1.19.BC1	22675
CoV|Q3LZX1.19.BC2	23801
CoV|Q3LZX1.2.BC1	9094
CoV|Q3LZX1.2.BC2	11345
CoV|Q3LZX1.20.BC1	21801
CoV|Q3LZX1.20.BC2	40187
CoV|Q3LZX1.21.BC1	49475
CoV|Q3LZX1.21.BC2	38560
CoV|Q3LZX1.22.BC1	26325
CoV|Q3LZX1.22.BC2	18071
CoV|Q3LZX1.23.BC1	20628
CoV|Q3LZX1.23.BC2	12779
CoV|Q3LZX1.24.BC1	12036
CoV|Q3LZX1.24.BC2	4564
CoV|Q3LZX1.25.BC1	30611
CoV|Q3LZX1.25.BC2	26063
CoV|Q3LZX1.26.BC1	5047
CoV|Q3LZX1.26.BC2	3641
CoV|Q3LZX1.27.BC1	18216
CoV|Q3LZX1.27.BC2	39833
CoV|Q3LZX1.28.BC1	34358
CoV|Q3LZX1.28.BC2	46057
CoV|Q3LZX1.29.BC1	26746
CoV|Q3LZX1.29.BC2	45086
CoV|Q3LZX1.3.BC1	9769
CoV|Q3LZX1.3.BC2	6846
CoV|Q3LZX1.30.BC1	8590
CoV|Q3LZX1.30.BC2	10994
CoV|Q3LZX1.31.BC1	19690
CoV|Q3LZX1.31.BC2	21358
CoV|Q3LZX1.32.BC1	5827
CoV|Q3LZX1.32.BC2	12240
CoV|Q3LZX1.33.BC1	9378
CoV|Q3LZX1.33.BC2	5482
CoV|Q3LZX1.34.BC1	7204
CoV|Q3LZX1.34.BC2	12386
CoV|Q3LZX1.35.BC1	9796
CoV|Q3LZX1.35.BC2	21257
CoV|Q3LZX1.36.BC1	10748
CoV|Q3LZX1.36.BC2	14608
CoV|Q3LZX1.37.BC1	18560
CoV|Q3LZX1.37.BC2	17448
CoV|Q3LZX1.38.BC1	27223
CoV|Q3LZX1.38.BC2	18383
CoV|Q3LZX1.39.BC1	24495
CoV|Q3LZX1.39.BC2	25686
CoV|Q3LZX1.4.BC1	7786
CoV|Q3LZX1.4.BC2	12850
CoV|Q3LZX1.40.BC1	20126
CoV|Q3LZX1.40.BC2	7579
CoV|Q3LZX1.41.BC1	34183
CoV|Q3LZX1.41.BC2	28489
CoV|Q3LZX1.42.BC1	28922
CoV|Q3LZX1.42.BC2	25890
CoV|Q3LZX1.5.BC1	11930
CoV|Q3LZX1.5.BC2	24613
CoV|Q3LZX1.6.BC1	16058
CoV|Q3LZX1.6.BC2	17331
CoV|Q3LZX1.7.BC1	24309
CoV|Q3LZX1.7.BC2	16585
CoV|Q3LZX1.8.BC1	10824
CoV|Q3LZX1.8.BC2	8687
CoV|Q3LZX1.9.BC1	15780
CoV|Q3LZX1.9.BC2	34677
CoV|Q3LZX3.0.BC1	13787
CoV|Q3LZX3.0.BC2	18850
CoV|Q3LZX3.1.BC1	11217
CoV|Q3LZX3.1.BC2	25624
CoV|Q3LZX3.2.BC1	27971
CoV|Q3LZX3.2.BC2	28755
CoV|Q3LZX4.0.BC1	43419
CoV|Q3LZX4.0.BC2	42734
CoV|Q3LZX4.10.BC1	27920
CoV|Q3LZX4.10.BC2	18973
CoV|Q3LZX4.11.BC1	1026
CoV|Q3LZX4.11.BC2	10655
CoV|Q3LZX4.12.BC1	23188
CoV|Q3LZX4.12.BC2	47089
CoV|Q3LZX4.13.BC1	45781
CoV|Q3LZX4.13.BC2	40448
CoV|Q3LZX4.14.BC1	44243
CoV|Q3LZX4.14.BC2	39141
CoV|Q3LZX4.2.BC1	17456
CoV|Q3LZX4.2.BC2	16186
CoV|Q3LZX4.3.BC1	18880
CoV|Q3LZX4.3.BC2	14214
CoV|Q3LZX4.5.BC1	33322
CoV|Q3LZX4.5.BC2	38532
CoV|Q3LZX4.6.BC1	53160
CoV|Q3LZX4.6.BC2	37502
CoV|Q3LZX4.7.BC1	32031
CoV|Q3LZX4.7.BC2	40416
CoV|Q3LZX4.8.BC1	54894
CoV|Q3LZX4.8.BC2	37424
CoV|Q3LZX4.9.BC1	45394
CoV|Q3LZX4.9.BC2	33083
CoV|Q3LZX5.0.BC1	9858
CoV|Q3LZX5.0.BC2	15252
CoV|Q3LZX5.1.BC1	18198
CoV|Q3LZX5.1.BC2	20901
CoV|Q3LZX5.2.BC1	14398
CoV|Q3LZX5.2.BC2	25217
CoV|Q3LZX5.3.BC1	29826
CoV|Q3LZX5.3.BC2	20441
CoV|Q3LZX6.0.BC1	57515
CoV|Q3LZX6.0.BC2	5862
CoV|Q3LZX7.0.BC1	19396
CoV|Q3LZX7.0.BC2	14216
CoV|Q3LZX7.1.BC1	62319
CoV|Q3LZX7.1.BC2	54711
CoV|Q3LZX7.2.BC1	51895
CoV|Q3LZX7.2.BC2	45512
CoV|Q3LZX7.3.BC1	25703
CoV|Q3LZX7.3.BC2	29992
CoV|Q3LZX8.0.BC1	9553
CoV|Q3LZX8.0.BC2	9555
CoV|Q3LZX8.1.BC1	17278
CoV|Q3LZX8.1.BC2	7135
CoV|Q3LZX9.0.BC1	32300
CoV|Q3LZX9.0.BC2	14106
CoV|Q4VID0.0.BC1	29198
CoV|Q4VID0.0.BC2	33202
CoV|Q4VID0.1.BC1	23617
CoV|Q4VID0.1.BC2	23484
CoV|Q4VID0.2.BC1	43845
CoV|Q4VID0.2.BC2	19561
CoV|Q4VID0.3.BC1	42048
CoV|Q4VID0.3.BC2	59483
CoV|Q4VID0.4.BC1	19527
CoV|Q4VID0.4.BC2	34490
CoV|Q4VID0.5.BC1	13229
CoV|Q4VID0.5.BC2	26225
CoV|Q4VID0.6.BC1	19007
CoV|Q4VID0.6.BC2	18308
CoV|Q7TFA0.0.BC1	28178
CoV|Q7TFA0.0.BC2	20870
CoV|Q7TFA1.0.BC1	42738
CoV|Q7TFA1.0.BC2	15924
CoV|Q7TLC7.0.BC1	12972
CoV|Q7TLC7.0.BC2	6897
CoV|Q7TLC7.1.BC1	14894
CoV|Q7TLC7.1.BC2	8434
CoV|Q80872.0.BC1	8803
CoV|Q80872.0.BC2	28164
CoV|Q80872.1.BC1	23480
CoV|Q80872.1.BC2	27071
CoV|Q80872.2.BC1	10452
CoV|Q80872.2.BC2	34358
CoV|Q80872.3.BC1	31361
CoV|Q80872.3.BC2	24160
CoV|Q80872.4.BC1	24419
CoV|Q80872.4.BC2	28581
CoV|Q80872.5.BC1	4961
CoV|Q80872.5.BC2	7503
CoV|Q80872.6.BC1	9033
CoV|Q80872.6.BC2	13715
CoV|Q80872.7.BC1	9673
CoV|Q80872.7.BC2	24940
CoV|Q80872.8.BC1	19748
CoV|Q80872.8.BC2	19418
CoV|Q80H93.0.BC1	12662
CoV|Q80H93.0.BC2	12048
CoV|Q80H93.1.BC1	14158
CoV|Q80H93.1.BC2	21135
CoV|Q80H93.2.BC1	21635
CoV|Q80H93.2.BC2	25743
CoV|QHN73809.109.BC1	37569
CoV|QHN73809.109.BC2	30155
CoV|QHN73809.110.BC1	34902
CoV|QHN73809.110.BC2	40375
CoV|QHO60600.1.BC1	7439
CoV|QHO60600.1.BC2	12913
CoV|QHO60600.2.BC1	13335
CoV|QHO60600.2.BC2	13186
CoV|QHO60600.3.BC1	10028
CoV|QHO60600.3.BC2	42740
CoV|QHQ71962.14.BC1	37900
CoV|QHQ71962.14.BC2	16973
CoV|QHQ71962.15.BC1	21064
CoV|QHQ71962.15.BC2	9261
CoV|QHQ71969.1.BC1	13876
CoV|QHQ71969.1.BC2	8691
CoV|QHQ71969.2.BC1	23731
CoV|QHQ71969.2.BC2	23190
CoV|QHQ71972.198.BC1	19278
CoV|QHQ71972.198.BC2	21769
CoV|QHQ71972.199.BC1	9395
CoV|QHQ71972.199.BC2	16102
CoV|QHQ82463.0.BC1	23014
CoV|QHQ82463.0.BC2	29421
CoV|QHQ82463.1.BC1	36438
CoV|QHQ82463.1.BC2	18790
CoV|QHQ82463.10.BC1	24101
CoV|QHQ82463.10.BC2	24211
CoV|QHQ82463.100.BC1	36059
CoV|QHQ82463.100.BC2	56818
CoV|QHQ82463.101.BC1	9698
CoV|QHQ82463.101.BC2	12435
CoV|QHQ82463.102.BC1	12262
CoV|QHQ82463.102.BC2	1858
CoV|QHQ82463.103.BC1	2560
CoV|QHQ82463.103.BC2	940
CoV|QHQ82463.104.BC1	57187
CoV|QHQ82463.104.BC2	54917
CoV|QHQ82463.105.BC1	11057
CoV|QHQ82463.105.BC2	19525
CoV|QHQ82463.106.BC1	50983
CoV|QHQ82463.106.BC2	79784
CoV|QHQ82463.107.BC1	25815
CoV|QHQ82463.107.BC2	16455
CoV|QHQ82463.108.BC1	2477
CoV|QHQ82463.108.BC2	69546
CoV|QHQ82463.109.BC1	68176
CoV|QHQ82463.109.BC2	65574
CoV|QHQ82463.11.BC1	27024
CoV|QHQ82463.11.BC2	44760
CoV|QHQ82463.110.BC1	9989
CoV|QHQ82463.110.BC2	23216
CoV|QHQ82463.111.BC1	25335
CoV|QHQ82463.111.BC2	39121
CoV|QHQ82463.112.BC1	9911
CoV|QHQ82463.112.BC2	6980
CoV|QHQ82463.113.BC1	21950
CoV|QHQ82463.113.BC2	20980
CoV|QHQ82463.114.BC1	26827
CoV|QHQ82463.114.BC2	2148
CoV|QHQ82463.115.BC1	37282
CoV|QHQ82463.115.BC2	52485
CoV|QHQ82463.116.BC1	15799
CoV|QHQ82463.116.BC2	21822
CoV|QHQ82463.117.BC1	33163
CoV|QHQ82463.117.BC2	59782
CoV|QHQ82463.118.BC1	28258
CoV|QHQ82463.118.BC2	18298
CoV|QHQ82463.119.BC1	40563
CoV|QHQ82463.119.BC2	24535
CoV|QHQ82463.12.BC1	40767
CoV|QHQ82463.12.BC2	43857
CoV|QHQ82463.120.BC1	38777
CoV|QHQ82463.120.BC2	29752
CoV|QHQ82463.121.BC1	18740
CoV|QHQ82463.121.BC2	18733
CoV|QHQ82463.122.BC1	12192
CoV|QHQ82463.122.BC2	9575
CoV|QHQ82463.123.BC1	12531
CoV|QHQ82463.123.BC2	19040
CoV|QHQ82463.124.BC1	13075
CoV|QHQ82463.124.BC2	31830
CoV|QHQ82463.125.BC1	43527
CoV|QHQ82463.125.BC2	32862
CoV|QHQ82463.126.BC1	25137
CoV|QHQ82463.126.BC2	18497
CoV|QHQ82463.127.BC1	24890
CoV|QHQ82463.127.BC2	18021
CoV|QHQ82463.128.BC1	2974
CoV|QHQ82463.128.BC2	21073
CoV|QHQ82463.129.BC1	145149
CoV|QHQ82463.129.BC2	88577
CoV|QHQ82463.13.BC1	24186
CoV|QHQ82463.13.BC2	11602
CoV|QHQ82463.130.BC1	26273
CoV|QHQ82463.130.BC2	24593
CoV|QHQ82463.131.BC1	40847
CoV|QHQ82463.131.BC2	46534
CoV|QHQ82463.132.BC1	20299
CoV|QHQ82463.132.BC2	30549
CoV|QHQ82463.133.BC1	36439
CoV|QHQ82463.133.BC2	53889
CoV|QHQ82463.134.BC1	71616
CoV|QHQ82463.134.BC2	60955
CoV|QHQ82463.135.BC1	30471
CoV|QHQ82463.135.BC2	30528
CoV|QHQ82463.136.BC1	15055
CoV|QHQ82463.136.BC2	23538
CoV|QHQ82463.137.BC1	12756
CoV|QHQ82463.137.BC2	9890
CoV|QHQ82463.138.BC1	7921
CoV|QHQ82463.138.BC2	14643
CoV|QHQ82463.139.BC1	14658
CoV|QHQ82463.139.BC2	12082
CoV|QHQ82463.14.BC1	29819
CoV|QHQ82463.14.BC2	27191
CoV|QHQ82463.140.BC1	27281
CoV|QHQ82463.140.BC2	20046
CoV|QHQ82463.141.BC1	23346
CoV|QHQ82463.141.BC2	35471
CoV|QHQ82463.142.BC1	35344
CoV|QHQ82463.142.BC2	46900
CoV|QHQ82463.143.BC1	26188
CoV|QHQ82463.143.BC2	63258
CoV|QHQ82463.144.BC1	20792
CoV|QHQ82463.144.BC2	24145
CoV|QHQ82463.145.BC1	8735
CoV|QHQ82463.145.BC2	5753
CoV|QHQ82463.146.BC1	30977
CoV|QHQ82463.146.BC2	29164
CoV|QHQ82463.147.BC1	63412
CoV|QHQ82463.147.BC2	57060
CoV|QHQ82463.148.BC1	13815
CoV|QHQ82463.148.BC2	29411
CoV|QHQ82463.149.BC1	19522
CoV|QHQ82463.149.BC2	22669
CoV|QHQ82463.15.BC1	12795
CoV|QHQ82463.15.BC2	8756
CoV|QHQ82463.150.BC1	14612
CoV|QHQ82463.150.BC2	27660
CoV|QHQ82463.151.BC1	19736
CoV|QHQ82463.151.BC2	18131
CoV|QHQ82463.152.BC1	25881
CoV|QHQ82463.152.BC2	10853
CoV|QHQ82463.153.BC1	36305
CoV|QHQ82463.153.BC2	22197
CoV|QHQ82463.154.BC1	13520
CoV|QHQ82463.154.BC2	19301
CoV|QHQ82463.155.BC1	59120
CoV|QHQ82463.155.BC2	42798
CoV|QHQ82463.156.BC1	57932
CoV|QHQ82463.156.BC2	35969
CoV|QHQ82463.157.BC1	21668
CoV|QHQ82463.157.BC2	20949
CoV|QHQ82463.158.BC1	15184
CoV|QHQ82463.158.BC2	23507
CoV|QHQ82463.159.BC1	23314
CoV|QHQ82463.159.BC2	25383
CoV|QHQ82463.16.BC1	7468
CoV|QHQ82463.16.BC2	6946
CoV|QHQ82463.160.BC1	68406
CoV|QHQ82463.160.BC2	26045
CoV|QHQ82463.161.BC1	16389
CoV|QHQ82463.161.BC2	24978
CoV|QHQ82463.162.BC1	36134
CoV|QHQ82463.162.BC2	33426
CoV|QHQ82463.163.BC1	19273
CoV|QHQ82463.163.BC2	14187
CoV|QHQ82463.164.BC1	28941
CoV|QHQ82463.164.BC2	34158
CoV|QHQ82463.165.BC1	24019
CoV|QHQ82463.165.BC2	27642
CoV|QHQ82463.166.BC1	38084
CoV|QHQ82463.166.BC2	45546
CoV|QHQ82463.167.BC1	28371
CoV|QHQ82463.167.BC2	23241
CoV|QHQ82463.168.BC1	24792
CoV|QHQ82463.168.BC2	30032
CoV|QHQ82463.169.BC1	46864
CoV|QHQ82463.169.BC2	33404
CoV|QHQ82463.17.BC1	19641
CoV|QHQ82463.17.BC2	7173
CoV|QHQ82463.170.BC1	25921
CoV|QHQ82463.170.BC2	39192
CoV|QHQ82463.171.BC1	26456
CoV|QHQ82463.171.BC2	21466
CoV|QHQ82463.172.BC1	12258
CoV|QHQ82463.172.BC2	20528
CoV|QHQ82463.173.BC1	15595
CoV|QHQ82463.173.BC2	8639
CoV|QHQ82463.174.BC1	35810
CoV|QHQ82463.174.BC2	19562
CoV|QHQ82463.175.BC1	51644
CoV|QHQ82463.175.BC2	42574
CoV|QHQ82463.176.BC1	18620
CoV|QHQ82463.176.BC2	33264
CoV|QHQ82463.177.BC1	12409
CoV|QHQ82463.177.BC2	10943
CoV|QHQ82463.178.BC1	23162
CoV|QHQ82463.178.BC2	25131
CoV|QHQ82463.179.BC1	14554
CoV|QHQ82463.179.BC2	10477
CoV|QHQ82463.18.BC1	19143
CoV|QHQ82463.18.BC2	27232
CoV|QHQ82463.180.BC1	19582
CoV|QHQ82463.180.BC2	40802
CoV|QHQ82463.181.BC1	22445
CoV|QHQ82463.181.BC2	31007
CoV|QHQ82463.182.BC1	44267
CoV|QHQ82463.182.BC2	29683
CoV|QHQ82463.183.BC1	12287
CoV|QHQ82463.183.BC2	10454
CoV|QHQ82463.184.BC1	22295
CoV|QHQ82463.184.BC2	15413
CoV|QHQ82463.185.BC1	73205
CoV|QHQ82463.185.BC2	88189
CoV|QHQ82463.186.BC1	29649
CoV|QHQ82463.186.BC2	28912
CoV|QHQ82463.187.BC1	8299
CoV|QHQ82463.187.BC2	14549
CoV|QHQ82463.188.BC1	23664
CoV|QHQ82463.188.BC2	17209
CoV|QHQ82463.189.BC1	42412
CoV|QHQ82463.189.BC2	22446
CoV|QHQ82463.19.BC1	33062
CoV|QHQ82463.19.BC2	62548
CoV|QHQ82463.190.BC1	28236
CoV|QHQ82463.190.BC2	20207
CoV|QHQ82463.191.BC1	10782
CoV|QHQ82463.191.BC2	17658
CoV|QHQ82463.192.BC1	55012
CoV|QHQ82463.192.BC2	47583
CoV|QHQ82463.193.BC1	46253
CoV|QHQ82463.193.BC2	45110
CoV|QHQ82463.194.BC1	27346
CoV|QHQ82463.194.BC2	24705
CoV|QHQ82463.195.BC1	24520
CoV|QHQ82463.195.BC2	23167
CoV|QHQ82463.196.BC1	17986
CoV|QHQ82463.196.BC2	19950
CoV|QHQ82463.197.BC1	16288
CoV|QHQ82463.197.BC2	25628
CoV|QHQ82463.198.BC1	15759
CoV|QHQ82463.198.BC2	27400
CoV|QHQ82463.199.BC1	18065
CoV|QHQ82463.199.BC2	26889
CoV|QHQ82463.2.BC1	45851
CoV|QHQ82463.2.BC2	47838
CoV|QHQ82463.20.BC1	30667
CoV|QHQ82463.20.BC2	18706
CoV|QHQ82463.200.BC1	15339
CoV|QHQ82463.200.BC2	13826
CoV|QHQ82463.201.BC1	35385
CoV|QHQ82463.201.BC2	47101
CoV|QHQ82463.202.BC1	12703
CoV|QHQ82463.202.BC2	21793
CoV|QHQ82463.203.BC1	32658
CoV|QHQ82463.203.BC2	59907
CoV|QHQ82463.204.BC1	23108
CoV|QHQ82463.204.BC2	25277
CoV|QHQ82463.205.BC1	16654
CoV|QHQ82463.205.BC2	20292
CoV|QHQ82463.206.BC1	25955
CoV|QHQ82463.206.BC2	17589
CoV|QHQ82463.207.BC1	22725
CoV|QHQ82463.207.BC2	25875
CoV|QHQ82463.208.BC1	14824
CoV|QHQ82463.208.BC2	20016
CoV|QHQ82463.209.BC1	17285
CoV|QHQ82463.209.BC2	10881
CoV|QHQ82463.21.BC1	21981
CoV|QHQ82463.21.BC2	19080
CoV|QHQ82463.210.BC1	20393
CoV|QHQ82463.210.BC2	23832
CoV|QHQ82463.211.BC1	26373
CoV|QHQ82463.211.BC2	21924
CoV|QHQ82463.212.BC1	18236
CoV|QHQ82463.212.BC2	23380
CoV|QHQ82463.213.BC1	24427
CoV|QHQ82463.213.BC2	34814
CoV|QHQ82463.214.BC1	19732
CoV|QHQ82463.214.BC2	38337
CoV|QHQ82463.215.BC1	32938
CoV|QHQ82463.215.BC2	26190
CoV|QHQ82463.216.BC1	19521
CoV|QHQ82463.216.BC2	27515
CoV|QHQ82463.217.BC1	15089
CoV|QHQ82463.217.BC2	20038
CoV|QHQ82463.218.BC1	20391
CoV|QHQ82463.218.BC2	27157
CoV|QHQ82463.219.BC1	20817
CoV|QHQ82463.219.BC2	4406
CoV|QHQ82463.22.BC1	11184
CoV|QHQ82463.22.BC2	24961
CoV|QHQ82463.220.BC1	48307
CoV|QHQ82463.220.BC2	47421
CoV|QHQ82463.221.BC1	22711
CoV|QHQ82463.221.BC2	26455
CoV|QHQ82463.222.BC1	32803
CoV|QHQ82463.222.BC2	19260
CoV|QHQ82463.223.BC1	30256
CoV|QHQ82463.223.BC2	13436
CoV|QHQ82463.224.BC1	27536
CoV|QHQ82463.224.BC2	22125
CoV|QHQ82463.225.BC1	34622
CoV|QHQ82463.225.BC2	35681
CoV|QHQ82463.226.BC1	36581
CoV|QHQ82463.226.BC2	33110
CoV|QHQ82463.227.BC1	27100
CoV|QHQ82463.227.BC2	32886
CoV|QHQ82463.228.BC1	26617
CoV|QHQ82463.228.BC2	21314
CoV|QHQ82463.229.BC1	26382
CoV|QHQ82463.229.BC2	19665
CoV|QHQ82463.23.BC1	9120
CoV|QHQ82463.23.BC2	23602
CoV|QHQ82463.230.BC1	16648
CoV|QHQ82463.230.BC2	25448
CoV|QHQ82463.231.BC1	29702
CoV|QHQ82463.231.BC2	33723
CoV|QHQ82463.232.BC1	52649
CoV|QHQ82463.232.BC2	23137
CoV|QHQ82463.233.BC1	48437
CoV|QHQ82463.233.BC2	26695
CoV|QHQ82463.234.BC1	42004
CoV|QHQ82463.234.BC2	39241
CoV|QHQ82463.235.BC1	16970
CoV|QHQ82463.235.BC2	24343
CoV|QHQ82463.236.BC1	26806
CoV|QHQ82463.236.BC2	42901
CoV|QHQ82463.237.BC1	6131
CoV|QHQ82463.237.BC2	14748
CoV|QHQ82463.238.BC1	5017
CoV|QHQ82463.238.BC2	15409
CoV|QHQ82463.239.BC1	18344
CoV|QHQ82463.239.BC2	5975
CoV|QHQ82463.24.BC1	19955
CoV|QHQ82463.24.BC2	14559
CoV|QHQ82463.240.BC1	2729
CoV|QHQ82463.240.BC2	7061
CoV|QHQ82463.241.BC1	17074
CoV|QHQ82463.241.BC2	8022
CoV|QHQ82463.242.BC1	34163
CoV|QHQ82463.242.BC2	22219
CoV|QHQ82463.243.BC1	32108
CoV|QHQ82463.243.BC2	35640
CoV|QHQ82463.244.BC1	32021
CoV|QHQ82463.244.BC2	21423
CoV|QHQ82463.245.BC1	49679
CoV|QHQ82463.245.BC2	53275
CoV|QHQ82463.246.BC1	27428
CoV|QHQ82463.246.BC2	17140
CoV|QHQ82463.247.BC1	12342
CoV|QHQ82463.247.BC2	16436
CoV|QHQ82463.248.BC1	27772
CoV|QHQ82463.248.BC2	17238
CoV|QHQ82463.249.BC1	19813
CoV|QHQ82463.249.BC2	20639
CoV|QHQ82463.25.BC1	20416
CoV|QHQ82463.25.BC2	22232
CoV|QHQ82463.250.BC1	13136
CoV|QHQ82463.250.BC2	38834
CoV|QHQ82463.251.BC1	16027
CoV|QHQ82463.251.BC2	21278
CoV|QHQ82463.26.BC1	23828
CoV|QHQ82463.26.BC2	15631
CoV|QHQ82463.27.BC1	15311
CoV|QHQ82463.27.BC2	18726
CoV|QHQ82463.28.BC1	16575
CoV|QHQ82463.28.BC2	8804
CoV|QHQ82463.29.BC1	25007
CoV|QHQ82463.29.BC2	17863
CoV|QHQ82463.3.BC1	26672
CoV|QHQ82463.3.BC2	28593
CoV|QHQ82463.30.BC1	43750
CoV|QHQ82463.30.BC2	40169
CoV|QHQ82463.31.BC2	13885
CoV|QHQ82463.32.BC1	17856
CoV|QHQ82463.32.BC2	23041
CoV|QHQ82463.33.BC1	33698
CoV|QHQ82463.33.BC2	26788
CoV|QHQ82463.34.BC1	37804
CoV|QHQ82463.34.BC2	23795
CoV|QHQ82463.35.BC1	28167
CoV|QHQ82463.35.BC2	22269
CoV|QHQ82463.36.BC1	13851
CoV|QHQ82463.36.BC2	19190
CoV|QHQ82463.37.BC1	4335
CoV|QHQ82463.37.BC2	38801
CoV|QHQ82463.38.BC1	60755
CoV|QHQ82463.38.BC2	40356
CoV|QHQ82463.39.BC1	43658
CoV|QHQ82463.39.BC2	44553
CoV|QHQ82463.4.BC1	22038
CoV|QHQ82463.4.BC2	12646
CoV|QHQ82463.40.BC1	12061
CoV|QHQ82463.40.BC2	13722
CoV|QHQ82463.41.BC1	10239
CoV|QHQ82463.41.BC2	4254
CoV|QHQ82463.42.BC1	12577
CoV|QHQ82463.42.BC2	9537
CoV|QHQ82463.43.BC1	10460
CoV|QHQ82463.43.BC2	11687
CoV|QHQ82463.44.BC1	14231
CoV|QHQ82463.44.BC2	13979
CoV|QHQ82463.45.BC1	31880
CoV|QHQ82463.45.BC2	23152
CoV|QHQ82463.46.BC1	14118
CoV|QHQ82463.46.BC2	21078
CoV|QHQ82463.47.BC1	20347
CoV|QHQ82463.47.BC2	13473
CoV|QHQ82463.48.BC1	30032
CoV|QHQ82463.48.BC2	27773
CoV|QHQ82463.49.BC1	2994
CoV|QHQ82463.49.BC2	16837
CoV|QHQ82463.5.BC1	48366
CoV|QHQ82463.5.BC2	43530
CoV|QHQ82463.50.BC1	8204
CoV|QHQ82463.50.BC2	5537
CoV|QHQ82463.51.BC1	64201
CoV|QHQ82463.51.BC2	69017
CoV|QHQ82463.52.BC1	23629
CoV|QHQ82463.52.BC2	22780
CoV|QHQ82463.53.BC1	19394
CoV|QHQ82463.53.BC2	15272
CoV|QHQ82463.54.BC1	25540
CoV|QHQ82463.54.BC2	29471
CoV|QHQ82463.55.BC1	23236
CoV|QHQ82463.55.BC2	17192
CoV|QHQ82463.56.BC1	34795
CoV|QHQ82463.56.BC2	58630
CoV|QHQ82463.57.BC1	22746
CoV|QHQ82463.57.BC2	15502
CoV|QHQ82463.58.BC1	9256
CoV|QHQ82463.58.BC2	15097
CoV|QHQ82463.59.BC1	24010
CoV|QHQ82463.59.BC2	23963
CoV|QHQ82463.6.BC1	29425
CoV|QHQ82463.6.BC2	37470
CoV|QHQ82463.60.BC1	892
CoV|QHQ82463.60.BC2	21882
CoV|QHQ82463.61.BC1	9234
CoV|QHQ82463.61.BC2	12180
CoV|QHQ82463.62.BC1	38028
CoV|QHQ82463.62.BC2	17315
CoV|QHQ82463.63.BC1	23234
CoV|QHQ82463.63.BC2	35065
CoV|QHQ82463.64.BC1	28816
CoV|QHQ82463.64.BC2	23860
CoV|QHQ82463.65.BC1	24716
CoV|QHQ82463.65.BC2	15570
CoV|QHQ82463.66.BC1	14770
CoV|QHQ82463.66.BC2	9021
CoV|QHQ82463.67.BC1	52613
CoV|QHQ82463.67.BC2	53079
CoV|QHQ82463.68.BC1	22951
CoV|QHQ82463.68.BC2	20996
CoV|QHQ82463.69.BC1	26090
CoV|QHQ82463.69.BC2	37341
CoV|QHQ82463.7.BC1	44060
CoV|QHQ82463.7.BC2	32713
CoV|QHQ82463.70.BC1	21448
CoV|QHQ82463.70.BC2	38123
CoV|QHQ82463.71.BC1	32375
CoV|QHQ82463.71.BC2	40617
CoV|QHQ82463.72.BC1	34927
CoV|QHQ82463.72.BC2	23413
CoV|QHQ82463.73.BC1	28569
CoV|QHQ82463.73.BC2	65637
CoV|QHQ82463.74.BC1	48382
CoV|QHQ82463.74.BC2	20143
CoV|QHQ82463.75.BC1	30642
CoV|QHQ82463.75.BC2	8457
CoV|QHQ82463.76.BC1	36768
CoV|QHQ82463.76.BC2	68138
CoV|QHQ82463.77.BC1	32625
CoV|QHQ82463.77.BC2	36206
CoV|QHQ82463.78.BC1	5686
CoV|QHQ82463.78.BC2	2223
CoV|QHQ82463.79.BC1	23910
CoV|QHQ82463.79.BC2	25248
CoV|QHQ82463.8.BC1	12022
CoV|QHQ82463.8.BC2	13117
CoV|QHQ82463.80.BC1	26886
CoV|QHQ82463.80.BC2	17000
CoV|QHQ82463.81.BC1	11327
CoV|QHQ82463.81.BC2	11360
CoV|QHQ82463.82.BC1	26996
CoV|QHQ82463.82.BC2	48543
CoV|QHQ82463.83.BC1	50557
CoV|QHQ82463.83.BC2	39702
CoV|QHQ82463.84.BC1	35680
CoV|QHQ82463.84.BC2	23724
CoV|QHQ82463.85.BC1	16164
CoV|QHQ82463.85.BC2	27632
CoV|QHQ82463.86.BC1	29352
CoV|QHQ82463.86.BC2	23592
CoV|QHQ82463.87.BC1	65530
CoV|QHQ82463.87.BC2	50911
CoV|QHQ82463.88.BC1	22543
CoV|QHQ82463.88.BC2	20298
CoV|QHQ82463.89.BC1	23890
CoV|QHQ82463.89.BC2	9938
CoV|QHQ82463.9.BC1	28016
CoV|QHQ82463.9.BC2	17448
CoV|QHQ82463.90.BC1	30449
CoV|QHQ82463.90.BC2	31416
CoV|QHQ82463.91.BC1	10274
CoV|QHQ82463.91.BC2	46787
CoV|QHQ82463.92.BC1	12429
CoV|QHQ82463.92.BC2	18329
CoV|QHQ82463.93.BC1	43326
CoV|QHQ82463.93.BC2	48945
CoV|QHQ82463.94.BC1	41834
CoV|QHQ82463.94.BC2	33046
CoV|QHQ82463.95.BC1	46003
CoV|QHQ82463.95.BC2	44647
CoV|QHQ82463.96.BC1	29177
CoV|QHQ82463.96.BC2	6185
CoV|QHQ82463.97.BC1	14011
CoV|QHQ82463.97.BC2	13230
CoV|QHQ82463.98.BC1	33434
CoV|QHQ82463.98.BC2	17077
CoV|QHQ82463.99.BC1	37686
CoV|QHQ82463.99.BC2	61407
CoV|QHQ82466.0.BC1	58478
CoV|QHQ82466.0.BC2	48262
CoV|QHQ82466.1.BC1	46220
CoV|QHQ82466.1.BC2	110998
CoV|QHQ82467.0.BC1	31676
CoV|QHQ82467.0.BC2	51028
CoV|QHQ82467.1.BC1	73744
CoV|QHQ82467.1.BC2	36078
CoV|QHQ82467.2.BC1	79628
CoV|QHQ82467.2.BC2	29174
CoV|QHQ82467.3.BC1	17884
CoV|QHQ82467.3.BC2	19222
CoV|QHQ82467.4.BC1	11277
CoV|QHQ82467.4.BC2	16066
CoV|QHQ82467.5.BC1	29477
CoV|QHQ82467.5.BC2	24674
CoV|QHQ82467.6.BC1	33147
CoV|QHQ82467.6.BC2	31578
CoV|QHQ82471.0.BC1	40643
CoV|QHQ82471.0.BC2	50172
CoV|QHQ82471.1.BC1	27015
CoV|QHQ82471.1.BC2	32298
CoV|QHQ82471.10.BC1	20487
CoV|QHQ82471.10.BC2	38156
CoV|QHQ82471.11.BC1	5078
CoV|QHQ82471.11.BC2	3178
CoV|QHQ82471.12.BC1	27715
CoV|QHQ82471.12.BC2	10655
CoV|QHQ82471.13.BC1	56497
CoV|QHQ82471.13.BC2	25960
CoV|QHQ82471.2.BC1	19230
CoV|QHQ82471.2.BC2	24187
CoV|QHQ82471.3.BC1	15004
CoV|QHQ82471.3.BC2	16627
CoV|QHQ82471.4.BC1	18181
CoV|QHQ82471.4.BC2	35900
CoV|QHQ82471.5.BC1	42938
CoV|QHQ82471.5.BC2	47205
CoV|QHQ82471.6.BC1	51401
CoV|QHQ82471.6.BC2	87701
CoV|QHQ82471.7.BC1	34352
CoV|QHQ82471.7.BC2	40112
CoV|QHQ82471.8.BC1	37595
CoV|QHQ82471.8.BC2	51363
CoV|QHQ82471.9.BC1	52942
CoV|QHQ82471.9.BC2	58912
CoV|QHR63249.249.BC1	14880
CoV|QHR63249.249.BC2	15788
CoV|QHR63249.250.BC1	17356
CoV|QHR63249.250.BC2	14589
CoV|QHR63260.0.BC1	20595
CoV|QHR63260.0.BC2	43310
CoV|QHR63260.1.BC1	10554
CoV|QHR63260.1.BC2	18239
CoV|QHR63260.10.BC1	34952
CoV|QHR63260.10.BC2	23479
CoV|QHR63260.11.BC1	46097
CoV|QHR63260.11.BC2	20732
CoV|QHR63260.12.BC1	26777
CoV|QHR63260.12.BC2	14886
CoV|QHR63260.13.BC1	32763
CoV|QHR63260.13.BC2	35287
CoV|QHR63260.14.BC1	24809
CoV|QHR63260.14.BC2	18146
CoV|QHR63260.15.BC1	25076
CoV|QHR63260.15.BC2	26764
CoV|QHR63260.16.BC1	19131
CoV|QHR63260.16.BC2	26710
CoV|QHR63260.17.BC1	8824
CoV|QHR63260.17.BC2	15814
CoV|QHR63260.18.BC1	6368
CoV|QHR63260.18.BC2	14055
CoV|QHR63260.19.BC1	36941
CoV|QHR63260.19.BC2	39389
CoV|QHR63260.2.BC1	10459
CoV|QHR63260.2.BC2	7307
CoV|QHR63260.20.BC1	22148
CoV|QHR63260.20.BC2	10028
CoV|QHR63260.21.BC1	50338
CoV|QHR63260.21.BC2	34303
CoV|QHR63260.22.BC1	63239
CoV|QHR63260.22.BC2	54833
CoV|QHR63260.23.BC1	16603
CoV|QHR63260.23.BC2	54734
CoV|QHR63260.24.BC1	18393
CoV|QHR63260.24.BC2	4114
CoV|QHR63260.25.BC1	9498
CoV|QHR63260.25.BC2	3148
CoV|QHR63260.26.BC1	17028
CoV|QHR63260.26.BC2	30765
CoV|QHR63260.27.BC1	13204
CoV|QHR63260.27.BC2	10702
CoV|QHR63260.28.BC1	20611
CoV|QHR63260.28.BC2	23366
CoV|QHR63260.29.BC1	33103
CoV|QHR63260.29.BC2	45070
CoV|QHR63260.3.BC1	7966
CoV|QHR63260.3.BC2	13187
CoV|QHR63260.30.BC1	30515
CoV|QHR63260.30.BC2	18029
CoV|QHR63260.31.BC1	25870
CoV|QHR63260.31.BC2	20959
CoV|QHR63260.32.BC1	14879
CoV|QHR63260.32.BC2	19637
CoV|QHR63260.33.BC1	4073
CoV|QHR63260.33.BC2	8682
CoV|QHR63260.34.BC1	11470
CoV|QHR63260.34.BC2	10254
CoV|QHR63260.35.BC1	47944
CoV|QHR63260.35.BC2	23207
CoV|QHR63260.36.BC1	21928
CoV|QHR63260.36.BC2	16363
CoV|QHR63260.37.BC1	26305
CoV|QHR63260.37.BC2	19482
CoV|QHR63260.38.BC1	31945
CoV|QHR63260.38.BC2	12104
CoV|QHR63260.39.BC1	20857
CoV|QHR63260.39.BC2	32861
CoV|QHR63260.4.BC1	5412
CoV|QHR63260.4.BC2	11473
CoV|QHR63260.40.BC1	49448
CoV|QHR63260.40.BC2	42740
CoV|QHR63260.41.BC1	11400
CoV|QHR63260.41.BC2	6362
CoV|QHR63260.42.BC1	13556
CoV|QHR63260.42.BC2	19937
CoV|QHR63260.43.BC1	18849
CoV|QHR63260.43.BC2	20269
CoV|QHR63260.44.BC1	34301
CoV|QHR63260.44.BC2	18002
CoV|QHR63260.5.BC1	20668
CoV|QHR63260.5.BC2	14838
CoV|QHR63260.6.BC1	25444
CoV|QHR63260.6.BC2	17397
CoV|QHR63260.7.BC1	18739
CoV|QHR63260.7.BC2	28465
CoV|QHR63260.8.BC1	6988
CoV|QHR63260.8.BC2	14701
CoV|QHR63260.9.BC1	24240
CoV|QHR63260.9.BC2	16048
CoV|QHR63261.0.BC1	26013
CoV|QHR63261.0.BC2	10325
CoV|QHR63261.1.BC1	9762
CoV|QHR63261.1.BC2	32456
CoV|QHR63261.2.BC1	32418
CoV|QHR63261.2.BC2	32424
CoV|QHR63261.3.BC1	30556
CoV|QHR63261.3.BC2	32975
CoV|QHR63261.4.BC1	25363
CoV|QHR63261.4.BC2	9124
CoV|QHR63261.5.BC1	18747
CoV|QHR63261.5.BC2	11410
CoV|QHR63261.6.BC1	13895
CoV|QHR63261.6.BC2	21107
CoV|QHR63261.7.BC1	1263
CoV|QHR63261.7.BC2	5957
CoV|QHR63261.8.BC1	29052
CoV|QHR63261.8.BC2	15897
CoV|QHR63264.0.BC1	5314
CoV|QHR63264.0.BC2	11492
CoV|QHR63264.1.BC1	11697
CoV|QHR63264.1.BC2	8799
CoV|QHR63265.0.BC1	20460
CoV|QHR63265.0.BC2	25834
CoV|QHR63265.1.BC1	44521
CoV|QHR63265.1.BC2	44468
CoV|QHR63265.2.BC1	37956
CoV|QHR63265.2.BC2	38859
CoV|QHR63265.3.BC1	21474
CoV|QHR63265.3.BC2	38504
CoV|QHR63267.0.BC1	16148
CoV|QHR63267.0.BC2	28525
CoV|QHR63267.1.BC1	10088
CoV|QHR63267.1.BC2	16550
CoV|QHR63267.2.BC1	21511
CoV|QHR63267.2.BC2	22815
CoV|QHR63267.3.BC1	12012
CoV|QHR63267.3.BC2	20805
CoV|QHR63269.247.BC1	17153
CoV|QHR63269.247.BC2	8195
CoV|QHR63269.248.BC1	16684
CoV|QHR63269.248.BC2	17999
CoV|QHR63269.79.BC1	23475
CoV|QHR63269.79.BC2	11774
CoV|QHR63269.80.BC1	20586
CoV|QHR63269.80.BC2	20644
CoV|QHR63276.0.BC1	77652
CoV|QHR63276.0.BC2	17844
CoV|QHR63289.109.BC1	77971
CoV|QHR63289.109.BC2	69570
CoV|QHR63289.110.BC1	45689
CoV|QHR63289.110.BC2	23894
CoV|QHR63289.91.BC1	11568
CoV|QHR63289.91.BC2	10868
CoV|QHR63289.92.BC1	20056
CoV|QHR63289.92.BC2	31940
CoV|QHR84449.7.BC1	52142
CoV|QHR84449.7.BC2	53055
CoV|QHR84449.8.BC1	12473
CoV|QHR84449.8.BC2	25781
CoV|QHU36823.102.BC1	29669
CoV|QHU36823.102.BC2	12046
CoV|QHU36823.103.BC1	51553
CoV|QHU36823.103.BC2	31077
CoV|QHU36823.95.BC1	32394
CoV|QHU36823.95.BC2	45653
CoV|QHU36823.96.BC1	5463
CoV|QHU36823.96.BC2	7979
CoV|QHU36843.79.BC1	22721
CoV|QHU36843.79.BC2	21598
CoV|QHU36843.80.BC1	36389
CoV|QHU36843.80.BC2	37794
CoV|QHU36863.89.BC1	26596
CoV|QHU36863.89.BC2	28170
CoV|QHU36863.90.BC1	39056
CoV|QHU36863.90.BC2	53801
CoV|QHU79172.156.BC1	54259
CoV|QHU79172.156.BC2	45119
CoV|QHU79173.0.BC1	2950
CoV|QHU79173.0.BC2	20023
CoV|QHU79174.3.BC1	19720
CoV|QHU79174.3.BC2	37380
CoV|QHU79174.4.BC1	9008
CoV|QHU79174.4.BC2	11723
CoV|QHW06048.127.BC1	23769
CoV|QHW06048.127.BC2	8857
CoV|QHW06048.128.BC1	5386
CoV|QHW06048.128.BC2	13009
CoV|QHW06048.3.BC1	18443
CoV|QHW06048.3.BC2	22055
CoV|QHW06048.4.BC1	22486
CoV|QHW06048.4.BC2	20093
CoV|QHW06048.56.BC1	40596
CoV|QHW06048.56.BC2	15981
CoV|QHW06048.57.BC1	19087
CoV|QHW06048.57.BC2	14154
CoV|QHW06056.5.BC1	60395
CoV|QHW06056.5.BC2	17859
CoV|QHW06056.6.BC1	48983
CoV|QHW06056.6.BC2	48064
CoV|QHW06057.0.BC1	59561
CoV|QHW06057.0.BC2	49919
CoV|QHW06058.20.BC1	30777
CoV|QHW06058.20.BC2	19111
CoV|QHW06058.21.BC1	18222
CoV|QHW06058.21.BC2	14500
CoV|QHW06059.0.BC1	35138
CoV|QHW06059.0.BC2	39388
CoV|QHW06059.1.BC1	31262
CoV|QHW06059.1.BC2	10733
CoV|QHZ00378.245.BC1	41181
CoV|QHZ00378.245.BC2	50356
CoV|QHZ00378.246.BC1	16796
CoV|QHZ00378.246.BC2	20158
CoV|QHZ00378.31.BC1	20060
CoV|QHZ00378.31.BC2	13537
CoV|QHZ00378.32.BC1	33812
CoV|QHZ00378.32.BC2	23554
CoV|QHZ00379.6.BC1	17507
CoV|QHZ00379.6.BC2	12468
CoV|QHZ00379.7.BC1	19949
CoV|QHZ00379.7.BC2	17463
CoV|QHZ00380.3.BC1	20067
CoV|QHZ00380.3.BC2	30764
CoV|QHZ00380.4.BC1	24893
CoV|QHZ00380.4.BC2	14970
CoV|QHZ00380.7.BC1	17118
CoV|QHZ00380.7.BC2	8672
CoV|QHZ00380.8.BC1	36262
CoV|QHZ00380.8.BC2	21946
CoV|QHZ00381.0.BC1	40964
CoV|QHZ00381.0.BC2	49164
CoV|QHZ00381.1.BC1	20396
CoV|QHZ00381.1.BC2	64063
CoV|QHZ00398.203.BC1	57996
CoV|QHZ00398.203.BC2	48195
CoV|QHZ00398.204.BC1	27936
CoV|QHZ00398.204.BC2	21114
CoV|QHZ00398.37.BC1	46528
CoV|QHZ00398.37.BC2	51078
CoV|QHZ00398.38.BC1	52449
CoV|QHZ00398.38.BC2	38402
CoV|QHZ87581.1.BC1	37478
CoV|QHZ87581.1.BC2	32449
CoV|QHZ87581.2.BC1	20118
CoV|QHZ87581.2.BC2	32828
CoV|QHZ87581.33.BC1	33814
CoV|QHZ87581.33.BC2	24602
CoV|QHZ87581.34.BC1	26737
CoV|QHZ87581.34.BC2	34424
CoV|QIA98605.108.BC1	24092
CoV|QIA98605.108.BC2	33602
CoV|QIA98605.109.BC1	33793
CoV|QIA98605.109.BC2	26264
CoV|QIC50514.6.BC1	51626
CoV|QIC50514.6.BC2	35924
CoV|QIC50514.7.BC1	24208
CoV|QIC50514.7.BC2	23805
CoV|QIC53203.153.BC1	46817
CoV|QIC53203.153.BC2	27897
CoV|QIC53203.154.BC1	24944
CoV|QIC53203.154.BC2	19153
CoV|QIC53203.28.BC1	31153
CoV|QIC53203.28.BC2	30899
CoV|QIC53203.29.BC1	8175
CoV|QIC53203.29.BC2	6968
CoV|QIC53204.27.BC1	19365
CoV|QIC53204.27.BC2	18025
CoV|QIC53204.28.BC1	27254
CoV|QIC53204.28.BC2	13805
CoV|QID21067.224.BC1	11120
CoV|QID21067.224.BC2	13668
CoV|QID21067.225.BC1	20856
CoV|QID21067.225.BC2	12436
CoV|QID21074.0.BC1	16990
CoV|QID21074.0.BC2	19162
CoV|QID98793.113.BC1	13893
CoV|QID98793.113.BC2	16827
CoV|QID98793.114.BC1	25410
CoV|QID98793.114.BC2	26525
CoV|R9UMC1.0.BC1	26393
CoV|R9UMC1.0.BC2	13544
CoV|R9UMC1.1.BC1	34393
CoV|R9UMC1.1.BC2	22076
CoV|R9UMC1.2.BC1	22471
CoV|R9UMC1.2.BC2	21041
CoV|R9UNX1.0.BC1	16290
CoV|R9UNX1.0.BC2	22044
CoV|R9UNX1.1.BC1	43831
CoV|R9UNX1.1.BC2	44651
CoV|R9UNX1.2.BC1	21690
CoV|R9UNX1.2.BC2	46249
CoV|R9UNX5.0.BC1	16510
CoV|R9UNX5.0.BC2	14714
CoV|R9UNX5.1.BC1	56968
CoV|R9UNX5.1.BC2	77685
CoV|R9UNX5.2.BC1	43277
CoV|R9UNX5.2.BC2	46547
CoV|R9UNX5.3.BC1	22263
CoV|R9UNX5.3.BC2	25224
CoV|R9UNX5.4.BC1	36762
CoV|R9UNX5.4.BC2	33354
CoV|R9UNX5.5.BC1	19441
CoV|R9UNX5.5.BC2	32872
CoV|R9UNX5.6.BC1	28815
CoV|R9UNX5.6.BC2	27013
CoV|R9UQ53.0.BC1	11988
CoV|R9UQ53.0.BC2	27548
CoV|R9UQ53.1.BC1	14715
CoV|R9UQ53.1.BC2	20306
CoV|R9UQ53.10.BC1	19797
CoV|R9UQ53.10.BC2	33417
CoV|R9UQ53.11.BC1	17630
CoV|R9UQ53.11.BC2	39794
CoV|R9UQ53.12.BC1	56808
CoV|R9UQ53.12.BC2	57973
CoV|R9UQ53.13.BC1	7512
CoV|R9UQ53.13.BC2	27856
CoV|R9UQ53.14.BC1	11155
CoV|R9UQ53.14.BC2	17687
CoV|R9UQ53.15.BC1	24226
CoV|R9UQ53.15.BC2	44576
CoV|R9UQ53.16.BC1	31233
CoV|R9UQ53.16.BC2	17187
CoV|R9UQ53.17.BC1	49449
CoV|R9UQ53.17.BC2	45837
CoV|R9UQ53.18.BC1	31362
CoV|R9UQ53.18.BC2	35983
CoV|R9UQ53.19.BC1	21597
CoV|R9UQ53.19.BC2	23150
CoV|R9UQ53.2.BC1	23899
CoV|R9UQ53.2.BC2	8002
CoV|R9UQ53.20.BC1	12943
CoV|R9UQ53.20.BC2	21571
CoV|R9UQ53.21.BC1	7525
CoV|R9UQ53.21.BC2	30323
CoV|R9UQ53.22.BC1	14059
CoV|R9UQ53.22.BC2	4496
CoV|R9UQ53.23.BC1	22805
CoV|R9UQ53.23.BC2	28796
CoV|R9UQ53.24.BC1	28407
CoV|R9UQ53.24.BC2	61512
CoV|R9UQ53.25.BC1	50338
CoV|R9UQ53.25.BC2	48627
CoV|R9UQ53.26.BC1	46726
CoV|R9UQ53.26.BC2	20481
CoV|R9UQ53.27.BC1	10651
CoV|R9UQ53.27.BC2	8412
CoV|R9UQ53.28.BC1	17923
CoV|R9UQ53.28.BC2	18321
CoV|R9UQ53.29.BC1	21776
CoV|R9UQ53.29.BC2	1941
CoV|R9UQ53.3.BC1	17156
CoV|R9UQ53.3.BC2	22894
CoV|R9UQ53.30.BC1	3292
CoV|R9UQ53.30.BC2	30622
CoV|R9UQ53.31.BC1	44014
CoV|R9UQ53.31.BC2	18656
CoV|R9UQ53.32.BC1	50076
CoV|R9UQ53.32.BC2	29356
CoV|R9UQ53.33.BC1	21050
CoV|R9UQ53.33.BC2	43991
CoV|R9UQ53.34.BC1	12593
CoV|R9UQ53.34.BC2	15737
CoV|R9UQ53.35.BC1	21405
CoV|R9UQ53.35.BC2	27508
CoV|R9UQ53.36.BC1	18421
CoV|R9UQ53.36.BC2	12597
CoV|R9UQ53.37.BC1	36493
CoV|R9UQ53.37.BC2	35718
CoV|R9UQ53.38.BC1	26678
CoV|R9UQ53.38.BC2	28607
CoV|R9UQ53.39.BC1	7925
CoV|R9UQ53.39.BC2	14170
CoV|R9UQ53.4.BC1	27115
CoV|R9UQ53.4.BC2	14509
CoV|R9UQ53.40.BC1	14080
CoV|R9UQ53.40.BC2	15609
CoV|R9UQ53.41.BC1	38058
CoV|R9UQ53.41.BC2	37434
CoV|R9UQ53.42.BC1	30577
CoV|R9UQ53.42.BC2	30481
CoV|R9UQ53.43.BC1	7387
CoV|R9UQ53.43.BC2	21833
CoV|R9UQ53.44.BC1	17002
CoV|R9UQ53.44.BC2	16371
CoV|R9UQ53.45.BC1	56890
CoV|R9UQ53.45.BC2	27804
CoV|R9UQ53.46.BC1	24994
CoV|R9UQ53.46.BC2	12204
CoV|R9UQ53.47.BC1	23243
CoV|R9UQ53.47.BC2	16113
CoV|R9UQ53.5.BC1	38572
CoV|R9UQ53.5.BC2	14280
CoV|R9UQ53.6.BC1	19183
CoV|R9UQ53.6.BC2	28373
CoV|R9UQ53.7.BC1	19090
CoV|R9UQ53.7.BC2	24737
CoV|R9UQ53.8.BC1	7632
CoV|R9UQ53.8.BC2	11522
CoV|R9UQ53.9.BC1	20270
CoV|R9UQ53.9.BC2	11495
CoV|R9UQM6.0.BC1	29124
CoV|R9UQM6.0.BC2	27987
CoV|R9UQM6.1.BC1	54738
CoV|R9UQM6.1.BC2	53922
CoV|R9UQM6.2.BC1	53368
CoV|R9UQM6.2.BC2	34152
CoV|R9UQM6.3.BC1	33688
CoV|R9UQM6.3.BC2	26770
CoV|R9UQM6.4.BC1	48297
CoV|R9UQM6.4.BC2	40551
CoV|R9UQM6.5.BC1	13346
CoV|R9UQM6.5.BC2	4054
CoV|R9UQM6.6.BC1	33690
CoV|R9UQM6.6.BC2	18017
CoV|R9UQM6.7.BC1	42312
CoV|R9UQM6.7.BC2	32401
CoV|R9UQN1.0.BC1	63247
CoV|R9UQN1.0.BC2	64886
CoV|R9UQN1.1.BC1	23277
CoV|R9UQN1.1.BC2	29204
CoV|R9UQP3.0.BC1	16990
CoV|R9UQP3.0.BC2	35865
CoV|R9UQP3.1.BC1	2393
CoV|R9UQP3.1.BC2	14764
CoV|R9UQP3.2.BC1	40173
CoV|R9UQP3.2.BC2	27891
CoV|R9UQP3.3.BC1	26139
CoV|R9UQP3.3.BC2	27506
CoV|R9UQP3.4.BC1	17555
CoV|R9UQP3.4.BC2	25637
CoV|R9UQP3.5.BC1	32613
CoV|R9UQP3.5.BC2	30694
CoV|R9UQP3.6.BC1	31089
CoV|R9UQP3.6.BC2	34452
CoV|R9UQP3.7.BC1	53255
CoV|R9UQP3.7.BC2	26289
CoV|T2B9I2.0.BC1	30994
CoV|T2B9I2.0.BC2	42587
CoV|T2B9I2.1.BC1	28635
CoV|T2B9I2.1.BC2	18710
CoV|T2B9I2.10.BC1	10203
CoV|T2B9I2.10.BC2	9913
CoV|T2B9I2.100.BC1	27490
CoV|T2B9I2.100.BC2	23848
CoV|T2B9I2.101.BC1	15239
CoV|T2B9I2.101.BC2	8678
CoV|T2B9I2.102.BC1	14375
CoV|T2B9I2.102.BC2	27995
CoV|T2B9I2.103.BC1	57639
CoV|T2B9I2.103.BC2	78070
CoV|T2B9I2.104.BC1	15852
CoV|T2B9I2.104.BC2	27900
CoV|T2B9I2.105.BC1	9270
CoV|T2B9I2.105.BC2	9922
CoV|T2B9I2.106.BC1	17510
CoV|T2B9I2.106.BC2	17959
CoV|T2B9I2.107.BC1	14628
CoV|T2B9I2.107.BC2	24336
CoV|T2B9I2.108.BC1	952
CoV|T2B9I2.108.BC2	45519
CoV|T2B9I2.109.BC1	2063
CoV|T2B9I2.109.BC2	50702
CoV|T2B9I2.11.BC1	18522
CoV|T2B9I2.11.BC2	15262
CoV|T2B9I2.110.BC1	48081
CoV|T2B9I2.110.BC2	64957
CoV|T2B9I2.111.BC1	20807
CoV|T2B9I2.111.BC2	18880
CoV|T2B9I2.112.BC1	10639
CoV|T2B9I2.112.BC2	8930
CoV|T2B9I2.113.BC1	46423
CoV|T2B9I2.113.BC2	32330
CoV|T2B9I2.114.BC1	31999
CoV|T2B9I2.114.BC2	32642
CoV|T2B9I2.115.BC1	25215
CoV|T2B9I2.115.BC2	33700
CoV|T2B9I2.116.BC1	28966
CoV|T2B9I2.116.BC2	70226
CoV|T2B9I2.117.BC1	25082
CoV|T2B9I2.117.BC2	38161
CoV|T2B9I2.118.BC1	32456
CoV|T2B9I2.118.BC2	29240
CoV|T2B9I2.119.BC1	19615
CoV|T2B9I2.119.BC2	9164
CoV|T2B9I2.12.BC1	31510
CoV|T2B9I2.12.BC2	31268
CoV|T2B9I2.120.BC1	17301
CoV|T2B9I2.120.BC2	12935
CoV|T2B9I2.121.BC1	11571
CoV|T2B9I2.121.BC2	18073
CoV|T2B9I2.122.BC1	29587
CoV|T2B9I2.122.BC2	27970
CoV|T2B9I2.123.BC1	10918
CoV|T2B9I2.123.BC2	9156
CoV|T2B9I2.124.BC1	6941
CoV|T2B9I2.124.BC2	2022
CoV|T2B9I2.125.BC1	5788
CoV|T2B9I2.125.BC2	4908
CoV|T2B9I2.126.BC1	14591
CoV|T2B9I2.126.BC2	22963
CoV|T2B9I2.127.BC1	1496
CoV|T2B9I2.127.BC2	35798
CoV|T2B9I2.128.BC1	28571
CoV|T2B9I2.128.BC2	46936
CoV|T2B9I2.129.BC1	32291
CoV|T2B9I2.129.BC2	50958
CoV|T2B9I2.13.BC1	25752
CoV|T2B9I2.13.BC2	49823
CoV|T2B9I2.130.BC1	38080
CoV|T2B9I2.130.BC2	27466
CoV|T2B9I2.131.BC1	40040
CoV|T2B9I2.131.BC2	41298
CoV|T2B9I2.132.BC1	29310
CoV|T2B9I2.132.BC2	25069
CoV|T2B9I2.133.BC1	28588
CoV|T2B9I2.133.BC2	19086
CoV|T2B9I2.134.BC1	22883
CoV|T2B9I2.134.BC2	23200
CoV|T2B9I2.135.BC1	16701
CoV|T2B9I2.135.BC2	10478
CoV|T2B9I2.136.BC1	18949
CoV|T2B9I2.136.BC2	12706
CoV|T2B9I2.137.BC1	31622
CoV|T2B9I2.137.BC2	25166
CoV|T2B9I2.138.BC1	15119
CoV|T2B9I2.138.BC2	15022
CoV|T2B9I2.139.BC1	8572
CoV|T2B9I2.139.BC2	19937
CoV|T2B9I2.14.BC1	34033
CoV|T2B9I2.14.BC2	9726
CoV|T2B9I2.140.BC1	33254
CoV|T2B9I2.140.BC2	22561
CoV|T2B9I2.141.BC1	24125
CoV|T2B9I2.141.BC2	23421
CoV|T2B9I2.142.BC1	45859
CoV|T2B9I2.142.BC2	42766
CoV|T2B9I2.143.BC1	30854
CoV|T2B9I2.143.BC2	30268
CoV|T2B9I2.144.BC1	6645
CoV|T2B9I2.144.BC2	5373
CoV|T2B9I2.145.BC1	25790
CoV|T2B9I2.145.BC2	186
CoV|T2B9I2.146.BC1	31706
CoV|T2B9I2.146.BC2	49605
CoV|T2B9I2.147.BC1	43332
CoV|T2B9I2.147.BC2	10803
CoV|T2B9I2.148.BC1	29648
CoV|T2B9I2.148.BC2	29370
CoV|T2B9I2.149.BC1	22928
CoV|T2B9I2.149.BC2	20329
CoV|T2B9I2.15.BC1	4937
CoV|T2B9I2.15.BC2	18244
CoV|T2B9I2.150.BC1	17464
CoV|T2B9I2.150.BC2	18548
CoV|T2B9I2.151.BC1	40211
CoV|T2B9I2.151.BC2	39593
CoV|T2B9I2.152.BC1	1891
CoV|T2B9I2.152.BC2	28892
CoV|T2B9I2.153.BC1	1160
CoV|T2B9I2.153.BC2	10980
CoV|T2B9I2.154.BC1	33067
CoV|T2B9I2.154.BC2	44267
CoV|T2B9I2.155.BC1	59196
CoV|T2B9I2.155.BC2	68105
CoV|T2B9I2.16.BC1	34671
CoV|T2B9I2.16.BC2	15481
CoV|T2B9I2.17.BC1	17487
CoV|T2B9I2.17.BC2	9070
CoV|T2B9I2.18.BC1	35086
CoV|T2B9I2.18.BC2	25454
CoV|T2B9I2.19.BC1	58796
CoV|T2B9I2.19.BC2	34567
CoV|T2B9I2.2.BC1	27412
CoV|T2B9I2.2.BC2	15678
CoV|T2B9I2.20.BC1	60867
CoV|T2B9I2.20.BC2	42234
CoV|T2B9I2.21.BC1	11832
CoV|T2B9I2.21.BC2	29140
CoV|T2B9I2.22.BC1	16929
CoV|T2B9I2.22.BC2	24384
CoV|T2B9I2.23.BC1	20712
CoV|T2B9I2.23.BC2	24886
CoV|T2B9I2.24.BC1	24514
CoV|T2B9I2.24.BC2	23721
CoV|T2B9I2.25.BC1	16939
CoV|T2B9I2.25.BC2	5974
CoV|T2B9I2.26.BC1	13214
CoV|T2B9I2.26.BC2	24475
CoV|T2B9I2.27.BC1	37066
CoV|T2B9I2.27.BC2	14025
CoV|T2B9I2.28.BC1	24911
CoV|T2B9I2.28.BC2	29533
CoV|T2B9I2.29.BC1	22761
CoV|T2B9I2.29.BC2	46045
CoV|T2B9I2.3.BC1	11226
CoV|T2B9I2.3.BC2	17904
CoV|T2B9I2.30.BC1	24674
CoV|T2B9I2.30.BC2	35365
CoV|T2B9I2.31.BC1	18016
CoV|T2B9I2.31.BC2	11215
CoV|T2B9I2.32.BC1	7686
CoV|T2B9I2.32.BC2	46087
CoV|T2B9I2.33.BC1	37472
CoV|T2B9I2.33.BC2	36309
CoV|T2B9I2.34.BC1	45843
CoV|T2B9I2.34.BC2	21612
CoV|T2B9I2.35.BC1	45750
CoV|T2B9I2.35.BC2	30267
CoV|T2B9I2.36.BC1	23116
CoV|T2B9I2.36.BC2	21004
CoV|T2B9I2.37.BC1	37192
CoV|T2B9I2.37.BC2	26760
CoV|T2B9I2.38.BC1	35249
CoV|T2B9I2.38.BC2	21553
CoV|T2B9I2.39.BC1	26024
CoV|T2B9I2.39.BC2	70041
CoV|T2B9I2.4.BC1	24492
CoV|T2B9I2.4.BC2	20990
CoV|T2B9I2.40.BC1	24892
CoV|T2B9I2.40.BC2	26480
CoV|T2B9I2.41.BC1	55561
CoV|T2B9I2.41.BC2	20575
CoV|T2B9I2.42.BC1	38382
CoV|T2B9I2.42.BC2	62931
CoV|T2B9I2.43.BC1	29989
CoV|T2B9I2.43.BC2	12535
CoV|T2B9I2.44.BC1	22674
CoV|T2B9I2.44.BC2	15176
CoV|T2B9I2.45.BC1	17570
CoV|T2B9I2.45.BC2	14312
CoV|T2B9I2.46.BC1	24768
CoV|T2B9I2.46.BC2	16976
CoV|T2B9I2.47.BC1	37318
CoV|T2B9I2.47.BC2	19411
CoV|T2B9I2.48.BC1	25409
CoV|T2B9I2.48.BC2	29132
CoV|T2B9I2.49.BC1	33597
CoV|T2B9I2.49.BC2	38634
CoV|T2B9I2.5.BC1	21885
CoV|T2B9I2.5.BC2	39580
CoV|T2B9I2.50.BC1	26726
CoV|T2B9I2.50.BC2	13273
CoV|T2B9I2.51.BC1	32934
CoV|T2B9I2.51.BC2	28596
CoV|T2B9I2.52.BC1	2566
CoV|T2B9I2.52.BC2	6066
CoV|T2B9I2.53.BC1	38483
CoV|T2B9I2.53.BC2	35458
CoV|T2B9I2.54.BC1	9371
CoV|T2B9I2.54.BC2	52689
CoV|T2B9I2.55.BC1	30755
CoV|T2B9I2.55.BC2	17587
CoV|T2B9I2.56.BC1	17482
CoV|T2B9I2.56.BC2	11584
CoV|T2B9I2.57.BC1	17724
CoV|T2B9I2.57.BC2	15054
CoV|T2B9I2.58.BC1	20367
CoV|T2B9I2.58.BC2	15805
CoV|T2B9I2.59.BC1	25658
CoV|T2B9I2.59.BC2	9074
CoV|T2B9I2.6.BC1	25220
CoV|T2B9I2.6.BC2	51920
CoV|T2B9I2.60.BC1	23540
CoV|T2B9I2.60.BC2	23526
CoV|T2B9I2.61.BC1	17485
CoV|T2B9I2.61.BC2	16674
CoV|T2B9I2.62.BC1	19378
CoV|T2B9I2.62.BC2	15479
CoV|T2B9I2.63.BC1	38772
CoV|T2B9I2.63.BC2	38031
CoV|T2B9I2.64.BC1	29139
CoV|T2B9I2.64.BC2	49720
CoV|T2B9I2.65.BC1	2945
CoV|T2B9I2.65.BC2	50095
CoV|T2B9I2.66.BC1	18776
CoV|T2B9I2.66.BC2	34361
CoV|T2B9I2.67.BC1	48551
CoV|T2B9I2.67.BC2	20246
CoV|T2B9I2.68.BC1	24585
CoV|T2B9I2.68.BC2	40280
CoV|T2B9I2.69.BC1	31685
CoV|T2B9I2.69.BC2	12250
CoV|T2B9I2.7.BC1	26569
CoV|T2B9I2.7.BC2	43101
CoV|T2B9I2.70.BC1	28497
CoV|T2B9I2.70.BC2	31259
CoV|T2B9I2.71.BC1	27665
CoV|T2B9I2.71.BC2	23904
CoV|T2B9I2.72.BC1	28409
CoV|T2B9I2.72.BC2	29319
CoV|T2B9I2.73.BC1	17802
CoV|T2B9I2.73.BC2	17358
CoV|T2B9I2.74.BC1	43220
CoV|T2B9I2.74.BC2	38385
CoV|T2B9I2.75.BC1	10976
CoV|T2B9I2.75.BC2	16299
CoV|T2B9I2.76.BC1	4768
CoV|T2B9I2.76.BC2	21396
CoV|T2B9I2.77.BC1	34530
CoV|T2B9I2.77.BC2	38839
CoV|T2B9I2.78.BC1	10671
CoV|T2B9I2.78.BC2	16395
CoV|T2B9I2.79.BC1	17389
CoV|T2B9I2.79.BC2	16079
CoV|T2B9I2.8.BC1	28283
CoV|T2B9I2.8.BC2	15901
CoV|T2B9I2.80.BC1	17468
CoV|T2B9I2.80.BC2	9871
CoV|T2B9I2.81.BC1	60135
CoV|T2B9I2.81.BC2	59093
CoV|T2B9I2.82.BC1	24263
CoV|T2B9I2.82.BC2	59242
CoV|T2B9I2.83.BC1	33440
CoV|T2B9I2.83.BC2	46912
CoV|T2B9I2.84.BC1	10257
CoV|T2B9I2.84.BC2	14842
CoV|T2B9I2.85.BC1	18322
CoV|T2B9I2.85.BC2	14113
CoV|T2B9I2.86.BC1	47111
CoV|T2B9I2.86.BC2	30074
CoV|T2B9I2.87.BC1	19612
CoV|T2B9I2.87.BC2	15649
CoV|T2B9I2.88.BC1	24641
CoV|T2B9I2.88.BC2	17603
CoV|T2B9I2.89.BC1	30158
CoV|T2B9I2.89.BC2	15768
CoV|T2B9I2.9.BC1	17338
CoV|T2B9I2.9.BC2	23927
CoV|T2B9I2.90.BC1	11109
CoV|T2B9I2.90.BC2	16265
CoV|T2B9I2.91.BC1	49092
CoV|T2B9I2.91.BC2	26389
CoV|T2B9I2.92.BC1	42264
CoV|T2B9I2.92.BC2	50205
CoV|T2B9I2.93.BC1	42249
CoV|T2B9I2.93.BC2	61983
CoV|T2B9I2.94.BC1	25847
CoV|T2B9I2.94.BC2	37455
CoV|T2B9I2.95.BC1	27110
CoV|T2B9I2.95.BC2	15464
CoV|T2B9I2.96.BC1	21630
CoV|T2B9I2.96.BC2	24937
CoV|T2B9I2.97.BC1	54466
CoV|T2B9I2.97.BC2	43582
CoV|T2B9I2.98.BC1	36596
CoV|T2B9I2.98.BC2	25010
CoV|T2B9I2.99.BC1	15893
CoV|T2B9I2.99.BC2	30395
CoV|T2B9U0.155.BC1	23205
CoV|T2B9U0.155.BC2	19058
CoV|T2B9U0.156.BC1	26936
CoV|T2B9U0.156.BC2	28406
CoV|T2B9U0.157.BC1	4884
CoV|T2B9U0.157.BC2	10512
CoV|T2B9U0.158.BC1	62248
CoV|T2B9U0.158.BC2	35438
CoV|T2B9U0.159.BC1	32701
CoV|T2B9U0.159.BC2	25075
CoV|T2B9U0.160.BC1	16573
CoV|T2B9U0.160.BC2	15976
CoV|T2B9U0.161.BC1	16632
CoV|T2B9U0.161.BC2	17775
CoV|T2B9U0.162.BC1	33552
CoV|T2B9U0.162.BC2	34317
CoV|T2B9U0.163.BC1	23250
CoV|T2B9U0.163.BC2	16014
CoV|T2B9U0.164.BC1	28264
CoV|T2B9U0.164.BC2	33987
CoV|T2B9U0.165.BC1	27479
CoV|T2B9U0.165.BC2	19381
CoV|T2B9U0.166.BC1	32543
CoV|T2B9U0.166.BC2	7132
CoV|T2B9U0.167.BC1	25576
CoV|T2B9U0.167.BC2	9494
CoV|T2B9U0.168.BC1	18302
CoV|T2B9U0.168.BC2	3968
CoV|T2B9U0.169.BC1	51564
CoV|T2B9U0.169.BC2	28472
CoV|T2B9U0.170.BC1	12549
CoV|T2B9U0.170.BC2	788
CoV|T2B9U0.171.BC1	12700
CoV|T2B9U0.171.BC2	14834
CoV|T2B9U0.172.BC1	13119
CoV|T2B9U0.172.BC2	12994
CoV|T2B9U0.173.BC1	14288
CoV|T2B9U0.173.BC2	8767
CoV|T2B9U0.174.BC1	22839
CoV|T2B9U0.174.BC2	36447
CoV|T2B9U0.175.BC1	28389
CoV|T2B9U0.175.BC2	44051
CoV|T2B9U0.176.BC1	15050
CoV|T2B9U0.176.BC2	19099
CoV|T2B9U0.177.BC1	31816
CoV|T2B9U0.177.BC2	56878
CoV|T2B9U0.178.BC1	22845
CoV|T2B9U0.178.BC2	24976
CoV|T2B9U0.179.BC1	18073
CoV|T2B9U0.179.BC2	28636
CoV|T2B9U0.180.BC1	24216
CoV|T2B9U0.180.BC2	34049
CoV|T2B9U0.181.BC1	13610
CoV|T2B9U0.181.BC2	18762
CoV|T2B9U0.182.BC1	32394
CoV|T2B9U0.182.BC2	21476
CoV|T2B9U0.183.BC1	5559
CoV|T2B9U0.183.BC2	12404
CoV|T2B9U0.184.BC1	22219
CoV|T2B9U0.184.BC2	25167
CoV|T2B9U0.185.BC1	45080
CoV|T2B9U0.185.BC2	37161
CoV|T2B9U0.186.BC1	10121
CoV|T2B9U0.186.BC2	9151
CoV|T2B9U0.187.BC1	8131
CoV|T2B9U0.187.BC2	19332
CoV|T2B9U0.188.BC1	36316
CoV|T2B9U0.188.BC2	25259
CoV|T2B9U0.189.BC1	25051
CoV|T2B9U0.189.BC2	11598
CoV|T2B9U0.190.BC1	30771
CoV|T2B9U0.190.BC2	33756
CoV|T2B9U0.191.BC1	57502
CoV|T2B9U0.191.BC2	41950
CoV|T2B9U0.192.BC1	35464
CoV|T2B9U0.192.BC2	34033
CoV|T2B9U0.193.BC1	36701
CoV|T2B9U0.193.BC2	28622
CoV|T2B9U0.194.BC1	21643
CoV|T2B9U0.194.BC2	16224
CoV|T2B9U0.195.BC1	10705
CoV|T2B9U0.195.BC2	13687
CoV|T2B9U0.196.BC1	13617
CoV|T2B9U0.196.BC2	7825
CoV|T2B9U0.197.BC1	18212
CoV|T2B9U0.197.BC2	6994
CoV|T2B9U0.198.BC1	34742
CoV|T2B9U0.198.BC2	21630
CoV|T2B9U0.199.BC1	18937
CoV|T2B9U0.199.BC2	25773
CoV|T2B9U0.200.BC1	12673
CoV|T2B9U0.200.BC2	18325
CoV|T2B9U0.201.BC1	30823
CoV|T2B9U0.201.BC2	28567
CoV|T2B9U0.202.BC1	33622
CoV|T2B9U0.202.BC2	2331
CoV|T2B9U0.203.BC1	48001
CoV|T2B9U0.203.BC2	38038
CoV|T2B9U0.204.BC1	14550
CoV|T2B9U0.204.BC2	20410
CoV|T2B9U0.205.BC1	16285
CoV|T2B9U0.205.BC2	11273
CoV|T2B9U0.206.BC1	14711
CoV|T2B9U0.206.BC2	47843
CoV|T2B9U0.207.BC1	20799
CoV|T2B9U0.207.BC2	31436
CoV|T2B9U0.208.BC1	31441
CoV|T2B9U0.208.BC2	34759
CoV|T2B9U0.209.BC1	23136
CoV|T2B9U0.209.BC2	8186
CoV|T2B9U0.210.BC1	23631
CoV|T2B9U0.210.BC2	17984
CoV|T2B9U0.211.BC1	66655
CoV|T2B9U0.211.BC2	53153
CoV|T2B9U0.212.BC1	40409
CoV|T2B9U0.212.BC2	37258
CoV|T2B9U0.213.BC1	39234
CoV|T2B9U0.213.BC2	17055
CoV|T2B9U0.214.BC1	41452
CoV|T2B9U0.214.BC2	35614
CoV|T2B9U0.215.BC1	57069
CoV|T2B9U0.215.BC2	31521
CoV|T2B9U0.216.BC1	18839
CoV|T2B9U0.216.BC2	25693
CoV|T2B9U0.217.BC1	13380
CoV|T2B9U0.217.BC2	16138
CoV|T2B9U0.218.BC1	19622
CoV|T2B9U0.218.BC2	24282
CoV|T2B9U0.219.BC1	34685
CoV|T2B9U0.219.BC2	45065
CoV|T2B9U0.220.BC1	53673
CoV|T2B9U0.220.BC2	18743
CoV|T2B9U0.221.BC1	17875
CoV|T2B9U0.221.BC2	19559
CoV|T2B9U0.222.BC1	37761
CoV|T2B9U0.222.BC2	32701
CoV|T2B9U0.223.BC1	18339
CoV|T2B9U0.223.BC2	21210
CoV|T2B9U0.224.BC1	44001
CoV|T2B9U0.224.BC2	29721
CoV|T2B9U0.225.BC1	49158
CoV|T2B9U0.225.BC2	53814
CoV|T2B9U0.226.BC1	22478
CoV|T2B9U0.226.BC2	44176
CoV|T2B9U0.227.BC1	57013
CoV|T2B9U0.227.BC2	36083
CoV|T2B9U0.228.BC1	14957
CoV|T2B9U0.228.BC2	16593
CoV|T2B9U0.229.BC1	16092
CoV|T2B9U0.229.BC2	9857
CoV|T2B9U0.230.BC1	23546
CoV|T2B9U0.230.BC2	31573
CoV|T2B9U0.231.BC1	494
CoV|T2B9U0.231.BC2	7171
CoV|T2B9U0.232.BC1	738
CoV|T2B9U0.232.BC2	657
CoV|T2B9U0.233.BC1	1773
CoV|T2B9U0.233.BC2	4063
CoV|T2B9U0.234.BC1	34940
CoV|T2B9U0.234.BC2	19759
CoV|T2B9U0.235.BC1	27696
CoV|T2B9U0.235.BC2	47404
CoV|T2B9U0.236.BC1	23181
CoV|T2B9U0.236.BC2	17477
CoV|T2B9U0.237.BC1	21830
CoV|T2B9U0.237.BC2	7038
CoV|T2B9U0.238.BC1	15167
CoV|T2B9U0.238.BC2	7573
CoV|T2B9U0.239.BC1	11750
CoV|T2B9U0.239.BC2	19228
CoV|T2B9U0.240.BC1	11844
CoV|T2B9U0.240.BC2	8524
CoV|T2B9U0.241.BC1	17372
CoV|T2B9U0.241.BC2	13551
CoV|T2B9U0.242.BC1	29932
CoV|T2B9U0.242.BC2	23554
CoV|T2B9U0.243.BC1	43038
CoV|T2B9U0.243.BC2	40392
CoV|T2B9U0.244.BC1	15323
CoV|T2B9U0.244.BC2	32358
CoV|T2B9U0.245.BC1	19421
CoV|T2B9U0.245.BC2	23541
CoV|T2B9U0.246.BC1	4749
CoV|T2B9U0.246.BC2	10227
CoV|T2B9U0.247.BC1	19986
CoV|T2B9U0.247.BC2	20302
CoV|T2B9U0.248.BC1	13914
CoV|T2B9U0.248.BC2	5671
CoV|T2B9U0.249.BC1	19081
CoV|T2B9U0.249.BC2	20331
CoV|T2B9U0.250.BC1	21161
CoV|T2B9U0.250.BC2	4976
CoV|T2B9U0.251.BC1	22947
CoV|T2B9U0.251.BC2	13533
CoV|T2B9U9.0.BC1	16593
CoV|T2B9U9.0.BC2	23251
CoV|T2B9U9.1.BC1	20246
CoV|T2B9U9.1.BC2	17684
CoV|T2B9U9.2.BC1	28934
CoV|T2B9U9.2.BC2	14899
CoV|T2B9U9.3.BC1	30983
CoV|T2B9U9.3.BC2	29074
CoV|T2BBK0.0.BC1	24870
CoV|T2BBK0.0.BC2	14282
CoV|T2BBK0.1.BC1	21382
CoV|T2BBK0.1.BC2	31825
CoV|T2BBK0.10.BC1	35792
CoV|T2BBK0.10.BC2	13192
CoV|T2BBK0.11.BC1	14070
CoV|T2BBK0.11.BC2	16863
CoV|T2BBK0.12.BC1	10610
CoV|T2BBK0.12.BC2	19867
CoV|T2BBK0.13.BC1	28435
CoV|T2BBK0.13.BC2	55427
CoV|T2BBK0.2.BC1	15180
CoV|T2BBK0.2.BC2	39626
CoV|T2BBK0.3.BC1	41652
CoV|T2BBK0.3.BC2	42913
CoV|T2BBK0.4.BC1	19040
CoV|T2BBK0.4.BC2	28245
CoV|T2BBK0.5.BC1	10761
CoV|T2BBK0.5.BC2	43243
CoV|T2BBK0.6.BC1	32231
CoV|T2BBK0.6.BC2	27404
CoV|T2BBK0.7.BC1	16438
CoV|T2BBK0.7.BC2	15482
CoV|T2BBK0.8.BC1	30275
CoV|T2BBK0.8.BC2	10045
CoV|T2BBK0.9.BC1	14801
CoV|T2BBK0.9.BC2	30765
CoV|YP_009725297.5.BC1	18704
CoV|YP_009725297.5.BC2	11253
CoV|YP_009725298.21.BC1	16478
CoV|YP_009725298.21.BC2	16873
CoV|YP_009725299.68.BC1	7458
CoV|YP_009725299.68.BC2	28678
CoV|YP_009725300.16.BC1	27419
CoV|YP_009725300.16.BC2	32963
CoV|YP_009725301.9.BC1	35565
CoV|YP_009725301.9.BC2	44333
CoV|YP_009725302.9.BC1	20583
CoV|YP_009725302.9.BC2	7026
CoV|YP_009725303.1.BC1	8520
CoV|YP_009725303.1.BC2	13280
CoV|YP_009725304.6.BC1	11258
CoV|YP_009725304.6.BC2	27915
CoV|YP_009725305.3.BC1	36153
CoV|YP_009725305.3.BC2	31581
CoV|YP_009725306.3.BC1	13222
CoV|YP_009725306.3.BC2	54487
CoV|YP_009725307.32.BC1	20384
CoV|YP_009725307.32.BC2	18399
CoV|YP_009725308.20.BC1	23770
CoV|YP_009725308.20.BC2	46109
CoV|YP_009725309.17.BC1	10708
CoV|YP_009725309.17.BC2	24958
CoV|YP_009725310.11.BC1	8955
CoV|YP_009725310.11.BC2	22311
CoV|YP_009725311.9.BC1	14488
CoV|YP_009725311.9.BC2	26189
CoV|YP_009725312.0.BC1	1068
CoV|YP_009725312.0.BC2	37251
Vir3|10006	1
Vir3|10125	1
Vir3|1013	1
Vir3|10155	1
Vir3|10168	1
Vir3|10207	1
Vir3|10224	1
Vir3|10272	1
Vir3|10348	1
Vir3|10377	1
Vir3|10419	1
Vir3|10426	1
Vir3|10504	1
Vir3|10604	1
Vir3|1061	1
Vir3|10721	1
Vir3|10761	1
Vir3|10788	1
Vir3|10850	1
Vir3|108607	1
Vir3|108613	1
Vir3|108651	1
Vir3|108665	2
Vir3|108669	1
Vir3|10867	1
Vir3|108683	1
Vir3|108708	5
Vir3|108713	1
Vir3|108730	2
Vir3|108733	1
Vir3|108825	8
Vir3|108826	1
Vir3|108837	1
Vir3|108838	1
Vir3|108857	1
Vir3|108870	4
Vir3|108871	1
Vir3|108913	1
Vir3|108961	1
Vir3|108993	2
Vir3|108994	1
Vir3|109074	6
Vir3|109106	1
Vir3|109183	1
Vir3|109205	1
Vir3|109225	1
Vir3|10924	1
Vir3|109241	1
Vir3|109283	1
Vir3|109285	1
Vir3|109303	2
Vir3|109316	6
Vir3|109330	3
Vir3|109337	1
Vir3|109349	1
Vir3|109363	1
Vir3|109368	2
Vir3|109383	3
Vir3|109412	1
Vir3|109447	1
Vir3|109453	2
Vir3|109482	1
Vir3|109529	1
Vir3|10957	1
Vir3|109575	1
Vir3|109576	1
Vir3|109607	1
Vir3|109610	1
Vir3|109616	1
Vir3|109700	1
Vir3|109711	1
Vir3|109723	1
Vir3|109728	1
Vir3|109735	1
Vir3|109739	1
Vir3|109758	2
Vir3|109773	1
Vir3|109776	1
Vir3|109777	1
Vir3|109788	2
Vir3|109789	1
Vir3|109809	1
Vir3|109822	5
Vir3|109823	4
Vir3|109826	7
Vir3|10983	1
Vir3|109869	1
Vir3|109883	3
Vir3|109894	1
Vir3|109905	1
Vir3|109926	3
Vir3|109928	1
Vir3|109932	1
Vir3|109938	1
Vir3|109950	1
Vir3|109951	1
Vir3|109962	1
Vir3|109993	1
Vir3|110002	1
Vir3|11003	1
Vir3|110030	1
Vir3|110038	1
Vir3|110059	1
Vir3|110061	1
Vir3|110068	1
Vir3|110094	1
Vir3|110123	1
Vir3|110142	1
Vir3|110183	1
Vir3|110193	1
Vir3|110194	1
Vir3|110227	1
Vir3|110264	1
Vir3|110341	4
Vir3|110344	1
Vir3|110358	1
Vir3|110363	1
Vir3|110374	1
Vir3|110396	1
Vir3|110400	2
Vir3|110403	1
Vir3|110432	1
Vir3|110437	2
Vir3|110443	1
Vir3|110495	1
Vir3|110496	1
Vir3|110509	1
Vir3|110522	1
Vir3|110523	1
Vir3|110526	1
Vir3|110529	1
Vir3|110530	1
Vir3|110540	2
Vir3|110541	1
Vir3|110554	2
Vir3|110556	1
Vir3|110557	1
Vir3|110566	1
Vir3|110580	2
Vir3|110627	1
Vir3|110628	1
Vir3|110657	1
Vir3|110691	2
Vir3|110747	1
Vir3|110750	1
Vir3|110800	1
Vir3|110832	1
Vir3|110861	1
Vir3|110865	1
Vir3|110866	2
Vir3|110874	1
Vir3|110877	1
Vir3|110906	1
Vir3|110973	1
Vir3|111012	1
Vir3|111025	2
Vir3|111033	2
Vir3|111048	1
Vir3|111049	1
Vir3|111051	1
Vir3|111115	1
Vir3|111143	1
Vir3|111200	1
Vir3|111219	1
Vir3|111225	1
Vir3|111231	1
Vir3|111250	1
Vir3|111254	1
Vir3|111306	1
Vir3|111343	1
Vir3|111347	1
Vir3|111350	1
Vir3|111404	1
Vir3|111409	1
Vir3|111422	1
Vir3|111455	1
Vir3|111491	1
Vir3|111494	1
Vir3|1115	3
Vir3|111540	1
Vir3|111545	1
Vir3|111599	1
Vir3|11162	1
Vir3|111665	2
Vir3|111682	1
Vir3|1117	1
Vir3|111757	1
Vir3|11184	1
Vir3|111847	1
Vir3|111855	1
Vir3|111941	1
Vir3|11201	1
Vir3|112015	1
Vir3|11202	1
Vir3|112041	1
Vir3|112045	1
Vir3|112115	1
Vir3|112139	1
Vir3|112140	1
Vir3|11216	1
Vir3|112216	1
Vir3|112227	1
Vir3|112252	2
Vir3|112264	1
Vir3|112267	1
Vir3|112274	1
Vir3|112290	1
Vir3|112301	1
Vir3|112328	1
Vir3|112340	1
Vir3|112345	1
Vir3|112365	1
Vir3|112378	1
Vir3|112381	1
Vir3|112391	1
Vir3|112461	1
Vir3|112462	1
Vir3|112494	1
Vir3|112574	1
Vir3|112583	1
Vir3|112589	1
Vir3|112595	1
Vir3|112611	1
Vir3|112659	1
Vir3|112713	1
Vir3|112755	1
Vir3|112765	1
Vir3|112767	1
Vir3|112845	1
Vir3|112878	1
Vir3|112891	1
Vir3|112900	1
Vir3|112902	1
Vir3|112931	1
Vir3|112942	1
Vir3|112954	1
Vir3|112978	1
Vir3|112979	1
Vir3|112983	1
Vir3|113000	1
Vir3|113015	2
Vir3|113048	1
Vir3|113057	1
Vir3|113072	1
Vir3|113087	1
Vir3|113114	1
Vir3|113227	1
Vir3|113331	1
Vir3|113336	1
Vir3|11336	1
Vir3|113381	1
Vir3|113475	1
Vir3|113477	1
Vir3|113488	1
Vir3|113523	1
Vir3|113671	1
Vir3|113743	1
Vir3|113804	1
Vir3|113821	1
Vir3|1139	1
Vir3|11400	1
Vir3|114036	1
Vir3|114039	1
Vir3|114041	1
Vir3|114076	1
Vir3|114128	1
Vir3|114137	1
Vir3|114166	1
Vir3|114168	1
Vir3|114219	1
Vir3|114226	1
Vir3|1143	1
Vir3|114301	1
Vir3|114309	1
Vir3|114394	1
Vir3|114414	1
Vir3|114437	1
Vir3|114449	1
Vir3|114460	1
Vir3|114503	1
Vir3|114593	1
Vir3|114619	1
Vir3|114621	1
Vir3|11463	1
Vir3|114668	1
Vir3|114675	11
Vir3|114707	1
Vir3|114733	1
Vir3|114742	1
Vir3|114778	1
Vir3|114779	2
Vir3|114805	1
Vir3|114807	1
Vir3|114861	1
Vir3|114862	1
Vir3|114913	1
Vir3|11492	1
Vir3|114931	1
Vir3|114949	1
Vir3|114962	1
Vir3|114966	1
Vir3|115001	1
Vir3|115008	1
Vir3|1151	1
Vir3|115135	1
Vir3|115138	1
Vir3|115149	1
Vir3|115187	1
Vir3|115217	1
Vir3|115283	1
Vir3|115331	1
Vir3|115338	1
Vir3|11536	1
Vir3|115374	1
Vir3|11538	1
Vir3|115399	1
Vir3|1154	1
Vir3|11540	1
Vir3|115420	1
Vir3|115428	1
Vir3|11551	1
Vir3|115516	1
Vir3|115562	1
Vir3|115564	2
Vir3|115676	1
Vir3|115710	1
Vir3|115717	1
Vir3|115740	1
Vir3|115789	2
Vir3|115820	1
Vir3|115967	1
Vir3|115989	1
Vir3|115995	1
Vir3|116030	1
Vir3|116054	1
Vir3|116077	1
Vir3|116107	1
Vir3|116173	1
Vir3|116204	1
Vir3|116211	1
Vir3|116224	1
Vir3|116242	1
Vir3|116364	1
Vir3|116373	2
Vir3|116416	1
Vir3|116420	1
Vir3|116424	1
Vir3|116472	2
Vir3|116482	1
Vir3|116518	1
Vir3|116546	1
Vir3|116591	3
Vir3|116593	1
Vir3|116603	1
Vir3|116634	1
Vir3|116656	1
Vir3|116698	1
Vir3|116767	1
Vir3|116776	1
Vir3|116789	2
Vir3|116822	1
Vir3|116840	1
Vir3|116847	1
Vir3|116975	1
Vir3|117020	1
Vir3|117084	1
Vir3|117099	1
Vir3|11713	1
Vir3|117184	1
Vir3|117212	1
Vir3|117263	1
Vir3|117299	1
Vir3|117361	1
Vir3|117366	1
Vir3|117388	1
Vir3|117398	1
Vir3|117422	1
Vir3|117444	1
Vir3|117501	1
Vir3|117552	1
Vir3|117579	1
Vir3|117609	1
Vir3|117628	1
Vir3|117632	1
Vir3|117695	1
Vir3|117765	1
Vir3|117774	1
Vir3|117812	1
Vir3|11783	1
Vir3|117871	2
Vir3|117904	1
Vir3|117933	1
Vir3|117962	1
Vir3|117976	1
Vir3|118020	2
Vir3|118083	1
Vir3|118126	1
Vir3|118140	1
Vir3|118147	3
Vir3|118164	1
Vir3|118165	1
Vir3|118173	1
Vir3|118180	1
Vir3|118204	1
Vir3|118205	4
Vir3|118216	1
Vir3|118229	1
Vir3|118294	1
Vir3|118298	1
Vir3|118318	2
Vir3|118319	2
Vir3|118328	1
Vir3|118336	3
Vir3|118338	1
Vir3|118340	1
Vir3|118343	4
Vir3|118353	1
Vir3|118362	1
Vir3|118367	1
Vir3|118371	3
Vir3|118378	1
Vir3|11840	1
Vir3|118400	1
Vir3|118436	1
Vir3|118469	1
Vir3|118479	1
Vir3|118521	1
Vir3|118562	1
Vir3|118565	1
Vir3|118586	3
Vir3|118605	1
Vir3|118608	1
Vir3|118619	1
Vir3|118666	1
Vir3|118668	1
Vir3|118700	1
Vir3|118706	1
Vir3|118711	1
Vir3|118712	1
Vir3|118727	2
Vir3|118730	1
Vir3|118748	1
Vir3|118750	1
Vir3|118753	1
Vir3|118773	1
Vir3|118777	1
Vir3|118825	2
Vir3|118837	1
Vir3|118856	2
Vir3|118917	1
Vir3|118939	1
Vir3|118948	1
Vir3|1190	2
Vir3|119175	1
Vir3|119309	1
Vir3|119339	2
Vir3|119368	1
Vir3|119379	1
Vir3|119436	1
Vir3|119505	1
Vir3|119561	1
Vir3|119573	1
Vir3|119600	1
Vir3|119612	1
Vir3|119619	1
Vir3|119658	1
Vir3|119662	1
Vir3|119683	1
Vir3|119708	1
Vir3|119741	2
Vir3|119775	1
Vir3|119791	1
Vir3|119852	1
Vir3|119875	1
Vir3|119893	1
Vir3|119971	1
Vir3|1200	1
Vir3|120056	1
Vir3|1201	1
Vir3|120101	1
Vir3|120177	1
Vir3|120179	1
Vir3|120279	1
Vir3|120286	1
Vir3|120295	1
Vir3|120306	1
Vir3|120307	1
Vir3|12032	1
Vir3|12033	2
Vir3|120397	1
Vir3|120406	1
Vir3|120446	1
Vir3|120451	1
Vir3|120479	1
Vir3|120497	1
Vir3|120593	1
Vir3|120634	1
Vir3|120670	1
Vir3|120671	1
Vir3|120680	1
Vir3|120728	1
Vir3|120777	1
Vir3|120808	1
Vir3|120813	1
Vir3|120838	1
Vir3|120845	1
Vir3|120895	2
Vir3|12091	1
Vir3|120913	1
Vir3|121040	1
Vir3|121060	1
Vir3|121062	1
Vir3|121180	1
Vir3|12120	1
Vir3|121322	1
Vir3|121323	1
Vir3|121329	1
Vir3|121388	1
Vir3|121405	1
Vir3|121411	1
Vir3|121418	1
Vir3|121421	1
Vir3|121479	1
Vir3|121503	1
Vir3|121510	1
Vir3|121542	1
Vir3|121548	1
Vir3|121617	1
Vir3|12162	2
Vir3|121627	1
Vir3|121635	1
Vir3|121638	1
Vir3|121649	1
Vir3|121650	1
Vir3|121662	1
Vir3|121668	1
Vir3|121704	1
Vir3|121787	3
Vir3|121789	1
Vir3|121798	1
Vir3|121807	1
Vir3|121843	2
Vir3|122011	1
Vir3|122066	1
Vir3|122130	1
Vir3|122163	1
Vir3|122187	1
Vir3|122201	1
Vir3|12224	2
Vir3|122248	1
Vir3|122257	1
Vir3|12229	1
Vir3|122294	1
Vir3|122317	1
Vir3|12240	1
Vir3|122429	1
Vir3|122440	1
Vir3|122470	2
Vir3|122479	1
Vir3|122506	1
Vir3|122563	1
Vir3|122572	1
Vir3|122580	1
Vir3|122600	1
Vir3|12263	1
Vir3|122646	1
Vir3|122655	1
Vir3|122666	1
Vir3|12272	1
Vir3|122726	1
Vir3|122735	1
Vir3|122746	1
Vir3|122804	1
Vir3|122814	2
Vir3|122864	1
Vir3|122877	1
Vir3|12292	1
Vir3|122921	2
Vir3|122949	1
Vir3|122994	1
Vir3|123001	1
Vir3|123033	1
Vir3|123066	2
Vir3|123075	2
Vir3|123081	1
Vir3|123118	1
Vir3|123158	1
Vir3|123181	1
Vir3|12322	1
Vir3|123250	1
Vir3|123287	1
Vir3|123299	1
Vir3|123329	1
Vir3|123386	1
Vir3|123427	2
Vir3|123439	1
Vir3|123531	1
Vir3|123541	1
Vir3|123545	1
Vir3|123573	1
Vir3|123581	1
Vir3|123609	1
Vir3|123636	1
Vir3|123684	1
Vir3|123699	1
Vir3|123709	2
Vir3|123797	1
Vir3|123806	1
Vir3|123838	1
Vir3|123894	1
Vir3|123909	1
Vir3|123922	1
Vir3|123993	1
Vir3|123994	1
Vir3|124004	1
Vir3|124023	1
Vir3|124087	1
Vir3|124103	1
Vir3|124141	1
Vir3|12415	1
Vir3|124150	1
Vir3|124155	1
Vir3|124166	1
Vir3|124171	2
Vir3|124183	1
Vir3|124209	1
Vir3|124221	1
Vir3|124261	1
Vir3|124294	1
Vir3|124303	1
Vir3|124311	1
Vir3|124313	1
Vir3|12432	1
Vir3|12433	1
Vir3|124356	2
Vir3|124357	1
Vir3|124401	1
Vir3|124402	1
Vir3|124475	1
Vir3|124478	1
Vir3|124481	1
Vir3|124565	1
Vir3|124568	1
Vir3|124569	1
Vir3|124633	1
Vir3|124646	1
Vir3|124672	1
Vir3|124681	1
Vir3|124698	1
Vir3|124740	2
Vir3|124771	1
Vir3|124808	1
Vir3|124837	1
Vir3|124838	1
Vir3|124869	1
Vir3|124880	1
Vir3|124896	1
Vir3|124900	1
Vir3|124938	1
Vir3|124954	1
Vir3|124961	1
Vir3|124964	1
Vir3|124980	1
Vir3|125070	2
Vir3|125082	1
Vir3|125134	1
Vir3|125143	1
Vir3|125269	1
Vir3|125332	1
Vir3|125345	1
Vir3|125361	1
Vir3|125375	1
Vir3|125403	1
Vir3|125417	1
Vir3|125426	1
Vir3|125433	1
Vir3|125448	1
Vir3|125485	1
Vir3|125495	1
Vir3|125516	1
Vir3|125580	1
Vir3|1256	1
Vir3|125650	1
Vir3|125692	1
Vir3|125717	1
Vir3|125724	1
Vir3|125780	1
Vir3|125801	1
Vir3|125833	2
Vir3|125854	1
Vir3|125875	1
Vir3|125885	1
Vir3|12589	1
Vir3|125921	2
Vir3|125924	2
Vir3|125928	1
Vir3|125943	1
Vir3|126030	1
Vir3|126031	1
Vir3|126036	1
Vir3|126061	1
Vir3|126076	2
Vir3|126121	1
Vir3|126161	2
Vir3|126193	1
Vir3|126331	1
Vir3|126338	3
Vir3|126349	1
Vir3|12638	1
Vir3|126402	1
Vir3|126417	1
Vir3|126484	1
Vir3|126496	1
Vir3|126536	1
Vir3|126570	1
Vir3|126583	1
Vir3|126622	1
Vir3|12674	1
Vir3|126764	1
Vir3|126801	1
Vir3|126862	1
Vir3|126881	2
Vir3|126910	1
Vir3|126926	1
Vir3|126962	1
Vir3|127001	1
Vir3|127005	1
Vir3|127009	1
Vir3|127012	1
Vir3|127039	1
Vir3|127047	1
Vir3|127083	1
Vir3|12719	1
Vir3|127197	1
Vir3|127259	1
Vir3|127270	1
Vir3|127273	1
Vir3|127274	1
Vir3|127281	1
Vir3|12729	1
Vir3|127306	2
Vir3|127321	1
Vir3|127338	3
Vir3|127355	1
Vir3|127374	1
Vir3|127425	1
Vir3|127491	1
Vir3|127496	1
Vir3|127511	1
Vir3|127562	1
Vir3|127604	1
Vir3|127611	1
Vir3|127715	1
Vir3|12781	1
Vir3|127906	2
Vir3|127971	1
Vir3|127990	1
Vir3|128001	2
Vir3|128044	2
Vir3|128070	1
Vir3|128097	1
Vir3|128170	1
Vir3|128191	1
Vir3|128205	2
Vir3|128213	1
Vir3|128268	1
Vir3|12953	1
Vir3|12987	1
Vir3|13027	1
Vir3|13061	1
Vir3|13080	1
Vir3|13094	1
Vir3|13120	1
Vir3|13133	1
Vir3|13134	2
Vir3|13176	1
Vir3|132	1
Vir3|13244	1
Vir3|13308	1
Vir3|1334	1
Vir3|13377	1
Vir3|1339	1
Vir3|13398	1
Vir3|13531	1
Vir3|13705	1
Vir3|13715	1
Vir3|13728	1
Vir3|1378	2
Vir3|13807	1
Vir3|1383	1
Vir3|13869	2
Vir3|13934	1
Vir3|1394	1
Vir3|14098	1
Vir3|14215	1
Vir3|1429	1
Vir3|14329	1
Vir3|14342	1
Vir3|14367	1
Vir3|14411	1
Vir3|14467	1
Vir3|14583	1
Vir3|14592	2
Vir3|14618	1
Vir3|14646	1
Vir3|14655	1
Vir3|14728	2
Vir3|14729	1
Vir3|14731	1
Vir3|14739	1
Vir3|14872	1
Vir3|14939	1
Vir3|14944	1
Vir3|14967	1
Vir3|14970	1
Vir3|15106	1
Vir3|15152	1
Vir3|15160	1
Vir3|15173	1
Vir3|15177	1
Vir3|15261	1
Vir3|15288	1
Vir3|15339	1
Vir3|15342	1
Vir3|15366	1
Vir3|15395	1
Vir3|15498	1
Vir3|15512	1
Vir3|15545	1
Vir3|15562	1
Vir3|15611	1
Vir3|15615	1
Vir3|15721	1
Vir3|15738	1
Vir3|15739	1
Vir3|15798	2
Vir3|15845	1
Vir3|15868	1
Vir3|15900	1
Vir3|15972	1
Vir3|15977	1
Vir3|16061	1
Vir3|16066	1
Vir3|16091	1
Vir3|16145	1
Vir3|16198	1
Vir3|16207	1
Vir3|16243	1
Vir3|16309	1
Vir3|16332	1
Vir3|16418	1
Vir3|16428	1
Vir3|16458	1
Vir3|16507	1
Vir3|1652	1
Vir3|1654	1
Vir3|1657	1
Vir3|16618	1
Vir3|16622	1
Vir3|16625	1
Vir3|1664	2
Vir3|16750	1
Vir3|16809	1
Vir3|16848	1
Vir3|16860	1
Vir3|169	1
Vir3|16900	1
Vir3|16904	1
Vir3|16918	1
Vir3|1693	1
Vir3|16993	2
Vir3|17028	1
Vir3|17079	1
Vir3|17100	1
Vir3|1711	1
Vir3|17252	1
Vir3|17260	1
Vir3|17295	1
Vir3|17469	1
Vir3|17506	1
Vir3|17525	1
Vir3|17538	1
Vir3|17585	1
Vir3|17627	1
Vir3|17679	1
Vir3|17814	1
Vir3|17863	1
Vir3|17872	1
Vir3|17875	1
Vir3|17912	1
Vir3|18041	1
Vir3|18109	1
Vir3|18128	1
Vir3|18139	1
Vir3|1814	1
Vir3|18145	2
Vir3|18210	1
Vir3|18289	1
Vir3|18322	1
Vir3|18348	1
Vir3|18350	1
Vir3|18408	1
Vir3|18436	1
Vir3|1858	1
Vir3|18733	1
Vir3|18825	1
Vir3|18831	1
Vir3|18857	1
Vir3|18879	1
Vir3|18902	1
Vir3|18926	1
Vir3|19	1
Vir3|19078	1
Vir3|19098	1
Vir3|19118	1
Vir3|19160	1
Vir3|19161	1
Vir3|19175	1
Vir3|19179	1
Vir3|19189	1
Vir3|19283	1
Vir3|19303	1
Vir3|19341	1
Vir3|19386	1
Vir3|19474	1
Vir3|19549	1
Vir3|19561	1
Vir3|19603	1
Vir3|19644	1
Vir3|19652	3
Vir3|19733	1
Vir3|19771	1
Vir3|19772	1
Vir3|19779	1
Vir3|19809	1
Vir3|19815	1
Vir3|19820	1
Vir3|19833	1
Vir3|19835	1
Vir3|19846	1
Vir3|19904	1
Vir3|19908	1
Vir3|19910	1
Vir3|19940	1
Vir3|20125	1
Vir3|20172	1
Vir3|20192	1
Vir3|20246	2
Vir3|20267	1
Vir3|20284	1
Vir3|20372	1
Vir3|20382	1
Vir3|20401	1
Vir3|20407	1
Vir3|20421	1
Vir3|20430	1
Vir3|2045	1
Vir3|20484	2
Vir3|20507	1
Vir3|20510	1
Vir3|20514	1
Vir3|20530	1
Vir3|20561	1
Vir3|20571	1
Vir3|20625	1
Vir3|20645	1
Vir3|20652	1
Vir3|20755	1
Vir3|20778	2
Vir3|20840	1
Vir3|20877	1
Vir3|20913	1
Vir3|20976	1
Vir3|20998	1
Vir3|21067	1
Vir3|21110	2
Vir3|21185	1
Vir3|21206	1
Vir3|21207	1
Vir3|21242	1
Vir3|21252	1
Vir3|21286	1
Vir3|21311	1
Vir3|21411	1
Vir3|21483	1
Vir3|21579	1
Vir3|21628	1
Vir3|21633	1
Vir3|21656	1
Vir3|21708	1
Vir3|21717	1
Vir3|21718	1
Vir3|21779	1
Vir3|21809	1
Vir3|21860	1
Vir3|21862	1
Vir3|21866	1
Vir3|2192	1
Vir3|21928	1
Vir3|21950	1
Vir3|22069	1
Vir3|22072	1
Vir3|2208	1
Vir3|22135	1
Vir3|22283	1
Vir3|22364	1
Vir3|2237	1
Vir3|22374	1
Vir3|22441	1
Vir3|22458	1
Vir3|22596	2
Vir3|22628	1
Vir3|22650	1
Vir3|22717	1
Vir3|22785	1
Vir3|22806	1
Vir3|22819	1
Vir3|22908	1
Vir3|22934	1
Vir3|22950	1
Vir3|22956	1
Vir3|230	1
Vir3|23055	1
Vir3|23068	3
Vir3|23128	1
Vir3|23168	1
Vir3|23218	1
Vir3|23236	1
Vir3|23238	1
Vir3|23242	1
Vir3|23263	1
Vir3|23279	1
Vir3|2328	1
Vir3|2342	2
Vir3|23492	1
Vir3|23494	1
Vir3|23496	1
Vir3|23514	1
Vir3|23525	1
Vir3|23655	1
Vir3|23660	1
Vir3|23673	1
Vir3|23691	1
Vir3|23695	1
Vir3|23849	1
Vir3|23984	1
Vir3|24017	1
Vir3|24033	2
Vir3|24082	1
Vir3|24127	1
Vir3|24152	1
Vir3|24198	1
Vir3|24206	1
Vir3|24224	1
Vir3|24235	1
Vir3|24267	1
Vir3|24315	1
Vir3|24326	1
Vir3|24330	1
Vir3|2436	1
Vir3|24365	1
Vir3|24415	2
Vir3|24436	1
Vir3|24444	1
Vir3|24498	1
Vir3|24505	1
Vir3|24528	1
Vir3|2454	1
Vir3|2465	1
Vir3|24663	1
Vir3|24665	1
Vir3|24667	1
Vir3|24768	1
Vir3|24776	1
Vir3|24783	1
Vir3|24811	1
Vir3|24834	1
Vir3|24896	1
Vir3|24921	1
Vir3|24944	1
Vir3|25050	1
Vir3|25076	1
Vir3|25085	1
Vir3|25102	1
Vir3|25304	2
Vir3|25318	2
Vir3|25381	1
Vir3|25448	1
Vir3|25462	1
Vir3|2554	1
Vir3|25607	1
Vir3|25614	1
Vir3|25649	1
Vir3|25668	1
Vir3|25682	1
Vir3|25683	1
Vir3|25738	1
Vir3|25929	1
Vir3|26056	1
Vir3|26193	1
Vir3|26213	1
Vir3|26215	1
Vir3|26217	1
Vir3|26219	1
Vir3|26245	1
Vir3|26255	1
Vir3|26264	1
Vir3|26294	1
Vir3|26434	1
Vir3|26452	1
Vir3|26543	1
Vir3|26559	1
Vir3|26605	1
Vir3|26637	1
Vir3|2669	1
Vir3|26693	1
Vir3|26715	1
Vir3|26839	1
Vir3|26856	1
Vir3|26862	1
Vir3|26903	1
Vir3|2696	1
Vir3|26962	1
Vir3|27025	1
Vir3|27126	1
Vir3|27157	1
Vir3|2719	1
Vir3|27235	1
Vir3|27258	1
Vir3|27336	1
Vir3|2739	1
Vir3|27470	1
Vir3|27476	170
Vir3|27496	1
Vir3|27522	1
Vir3|2754	1
Vir3|2755	1
Vir3|2758	1
Vir3|2767	1
Vir3|27671	1
Vir3|27675	1
Vir3|27818	1
Vir3|2783	1
Vir3|27834	1
Vir3|27835	1
Vir3|27865	1
Vir3|27884	1
Vir3|27914	1
Vir3|27922	1
Vir3|27927	1
Vir3|2793	1
Vir3|27985	1
Vir3|2799	2
Vir3|28004	2
Vir3|28006	1
Vir3|28007	1
Vir3|28025	1
Vir3|28029	4
Vir3|28030	1
Vir3|28038	1
Vir3|28043	3
Vir3|28057	3
Vir3|28059	1
Vir3|28060	1
Vir3|28073	13
Vir3|28074	1
Vir3|28076	3
Vir3|28077	1
Vir3|28086	3
Vir3|28087	3
Vir3|28095	1
Vir3|2810	1
Vir3|28109	1
Vir3|28111	1
Vir3|28112	3
Vir3|28118	1
Vir3|28122	1
Vir3|28123	1
Vir3|28128	3
Vir3|28129	1
Vir3|28130	3
Vir3|28135	11
Vir3|28142	6
Vir3|28146	2
Vir3|28149	3
Vir3|28155	4
Vir3|28157	10
Vir3|28158	7
Vir3|28159	1
Vir3|28166	3
Vir3|28167	2
Vir3|28169	1
Vir3|28171	1
Vir3|28172	2
Vir3|28182	4
Vir3|28187	1
Vir3|28188	1
Vir3|28189	2
Vir3|28192	1
Vir3|28193	3
Vir3|28194	1
Vir3|28200	1
Vir3|28204	1
Vir3|28211	1
Vir3|28212	1
Vir3|28219	2
Vir3|28221	5
Vir3|28222	15
Vir3|28225	1
Vir3|28242	1
Vir3|28245	2
Vir3|28249	2
Vir3|2825	1
Vir3|28250	1
Vir3|28256	1
Vir3|28286	1
Vir3|28287	1
Vir3|28307	1
Vir3|2832	1
Vir3|28321	1
Vir3|28341	1
Vir3|28342	1
Vir3|28345	1
Vir3|28352	2
Vir3|28402	1
Vir3|28404	1
Vir3|28405	6
Vir3|28406	2
Vir3|28411	1
Vir3|28413	1
Vir3|28414	2
Vir3|28419	4
Vir3|28420	5
Vir3|28437	1
Vir3|28454	1
Vir3|28459	1
Vir3|28464	1
Vir3|28469	1
Vir3|28486	1
Vir3|28487	3
Vir3|28488	3
Vir3|28512	1
Vir3|28517	2
Vir3|28523	1
Vir3|28524	1
Vir3|28527	10
Vir3|28528	5
Vir3|28529	8
Vir3|28530	1
Vir3|28557	2
Vir3|28580	1
Vir3|28607	1
Vir3|28608	1
Vir3|28620	1
Vir3|28622	2
Vir3|28625	2
Vir3|28626	1
Vir3|28638	3
Vir3|28640	1
Vir3|28664	1
Vir3|28669	1
Vir3|28673	5
Vir3|28674	4
Vir3|28676	2
Vir3|28682	4
Vir3|28699	1
Vir3|28710	2
Vir3|28714	1
Vir3|28722	1
Vir3|28723	1
Vir3|28724	4
Vir3|28732	10
Vir3|28747	2
Vir3|28778	1
Vir3|28783	2
Vir3|28784	5
Vir3|28785	3
Vir3|28786	3
Vir3|28797	2
Vir3|28798	4
Vir3|28811	1
Vir3|28814	5
Vir3|28815	7
Vir3|28824	1
Vir3|28837	1
Vir3|28839	2
Vir3|28840	3
Vir3|28850	1
Vir3|28894	4
Vir3|28913	1
Vir3|28918	2
Vir3|28952	1
Vir3|28955	1
Vir3|28964	4
Vir3|28965	3
Vir3|28977	1
Vir3|28987	1
Vir3|29000	1
Vir3|29010	1
Vir3|29017	1
Vir3|29032	1
Vir3|29033	8
Vir3|29038	2
Vir3|29039	3
Vir3|29057	1
Vir3|29079	1
Vir3|29081	2
Vir3|29082	2
Vir3|29086	1
Vir3|29111	1
Vir3|29136	1
Vir3|29143	1
Vir3|29147	1
Vir3|29159	3
Vir3|29173	2
Vir3|29180	2
Vir3|29181	1
Vir3|29183	1
Vir3|29185	1
Vir3|29193	1
Vir3|29197	2
Vir3|29219	3
Vir3|29261	1
Vir3|2927	2
Vir3|29290	2
Vir3|29291	2
Vir3|29305	1
Vir3|29306	1
Vir3|29308	1
Vir3|29315	1
Vir3|29361	3
Vir3|29362	2
Vir3|29378	5
Vir3|29379	3
Vir3|29389	1
Vir3|29393	4
Vir3|29440	1
Vir3|29450	1
Vir3|29451	2
Vir3|29453	1
Vir3|29459	1
Vir3|29460	1
Vir3|29470	3
Vir3|29471	4
Vir3|29475	2
Vir3|29480	1
Vir3|29481	4
Vir3|29482	1
Vir3|29483	1
Vir3|29493	1
Vir3|29496	1
Vir3|29497	2
Vir3|29498	2
Vir3|29509	1
Vir3|29536	1
Vir3|29537	1
Vir3|29570	1
Vir3|29582	1
Vir3|29583	3
Vir3|29603	4
Vir3|29604	1
Vir3|29607	1
Vir3|29624	2
Vir3|29633	1
Vir3|29655	1
Vir3|29660	1
Vir3|29661	1
Vir3|29663	1
Vir3|29673	7
Vir3|29674	4
Vir3|29675	4
Vir3|29676	5
Vir3|29696	2
Vir3|29699	1
Vir3|29709	1
Vir3|29710	2
Vir3|29720	8
Vir3|29721	3
Vir3|29722	1
Vir3|29724	1
Vir3|29725	4
Vir3|29729	2
Vir3|29881	1
Vir3|29890	1
Vir3|29915	1
Vir3|29952	1
Vir3|29958	1
Vir3|29973	1
Vir3|29975	1
Vir3|30018	1
Vir3|30077	1
Vir3|30081	1
Vir3|30119	1
Vir3|30218	1
Vir3|30244	1
Vir3|30386	1
Vir3|30403	2
Vir3|30424	1
Vir3|30512	1
Vir3|30559	1
Vir3|30606	1
Vir3|30710	1
Vir3|30770	1
Vir3|30821	1
Vir3|30882	1
Vir3|30921	1
Vir3|30952	1
Vir3|30983	1
Vir3|30986	1
Vir3|30998	2
Vir3|31024	1
Vir3|31055	1
Vir3|31076	1
Vir3|31185	1
Vir3|31218	2
Vir3|31253	1
Vir3|31265	1
Vir3|31277	2
Vir3|31281	1
Vir3|31352	1
Vir3|31371	1
Vir3|31378	1
Vir3|31464	1
Vir3|31477	1
Vir3|31523	1
Vir3|31559	1
Vir3|31671	1
Vir3|31924	1
Vir3|32020	2
Vir3|32071	1
Vir3|32075	1
Vir3|32134	1
Vir3|32140	1
Vir3|3215	1
Vir3|32277	1
Vir3|32362	1
Vir3|32374	1
Vir3|32412	1
Vir3|32574	1
Vir3|32584	1
Vir3|32598	1
Vir3|32613	1
Vir3|32648	1
Vir3|32672	1
Vir3|32714	1
Vir3|3281	1
Vir3|3289	1
Vir3|32984	2
Vir3|32994	1
Vir3|33038	2
Vir3|33051	1
Vir3|33180	1
Vir3|33244	1
Vir3|33262	2
Vir3|33264	1
Vir3|33293	1
Vir3|33325	1
Vir3|33373	1
Vir3|33413	1
Vir3|33445	1
Vir3|33463	1
Vir3|33485	1
Vir3|33514	1
Vir3|33550	1
Vir3|337	2
Vir3|3371	1
Vir3|33714	1
Vir3|33820	1
Vir3|33851	1
Vir3|33860	1
Vir3|33948	2
Vir3|33991	1
Vir3|34025	1
Vir3|3403	1
Vir3|34090	1
Vir3|34106	1
Vir3|34124	1
Vir3|34212	1
Vir3|34247	1
Vir3|34267	1
Vir3|34292	1
Vir3|34373	1
Vir3|34412	1
Vir3|34450	1
Vir3|34542	1
Vir3|34581	1
Vir3|34623	1
Vir3|34635	1
Vir3|34638	1
Vir3|34762	1
Vir3|34843	1
Vir3|34898	1
Vir3|34922	1
Vir3|34974	1
Vir3|3503	1
Vir3|35094	1
Vir3|35120	1
Vir3|35159	1
Vir3|35229	1
Vir3|3527	1
Vir3|35277	1
Vir3|35295	1
Vir3|35332	1
Vir3|35364	1
Vir3|35374	1
Vir3|35450	1
Vir3|35458	1
Vir3|35493	1
Vir3|35518	2
Vir3|35524	1
Vir3|3553	1
Vir3|35539	1
Vir3|35564	1
Vir3|35607	1
Vir3|35680	1
Vir3|35773	1
Vir3|35839	1
Vir3|35845	1
Vir3|35873	1
Vir3|36000	1
Vir3|36085	1
Vir3|36181	1
Vir3|36233	1
Vir3|36245	1
Vir3|36290	1
Vir3|36318	1
Vir3|36353	1
Vir3|36358	1
Vir3|36359	1
Vir3|36366	1
Vir3|36369	1
Vir3|36430	2
Vir3|3645	1
Vir3|36514	1
Vir3|36580	1
Vir3|36618	1
Vir3|3664	1
Vir3|36758	1
Vir3|36771	1
Vir3|36816	1
Vir3|3689	1
Vir3|36916	1
Vir3|36962	1
Vir3|3697	1
Vir3|37027	1
Vir3|3707	1
Vir3|37103	1
Vir3|37128	1
Vir3|37163	1
Vir3|37219	1
Vir3|37295	1
Vir3|37320	1
Vir3|37342	1
Vir3|37356	1
Vir3|37371	1
Vir3|37380	1
Vir3|37393	1
Vir3|37423	1
Vir3|37442	1
Vir3|37474	1
Vir3|37530	1
Vir3|37547	1
Vir3|37567	1
Vir3|37608	1
Vir3|37639	1
Vir3|37648	1
Vir3|37682	1
Vir3|37689	1
Vir3|37760	1
Vir3|37770	1
Vir3|37782	2
Vir3|37837	1
Vir3|37838	1
Vir3|37951	1
Vir3|37982	1
Vir3|38008	1
Vir3|38009	1
Vir3|38056	1
Vir3|38082	1
Vir3|38192	1
Vir3|38329	1
Vir3|38377	1
Vir3|38394	1
Vir3|38453	1
Vir3|38506	1
Vir3|3853	2
Vir3|38580	1
Vir3|38712	2
Vir3|38723	1
Vir3|38744	1
Vir3|38804	1
Vir3|3896	1
Vir3|38998	1
Vir3|39001	1
Vir3|39007	1
Vir3|39025	1
Vir3|39035	1
Vir3|39046	1
Vir3|3905	1
Vir3|39066	2
Vir3|39105	1
Vir3|39113	1
Vir3|39118	1
Vir3|39126	1
Vir3|39153	1
Vir3|39171	1
Vir3|39196	1
Vir3|39219	1
Vir3|39263	1
Vir3|39268	1
Vir3|39284	1
Vir3|3929	1
Vir3|3932	1
Vir3|39321	1
Vir3|3933	1
Vir3|39376	1
Vir3|39379	1
Vir3|3941	1
Vir3|39524	1
Vir3|39527	1
Vir3|39592	1
Vir3|39679	1
Vir3|39729	1
Vir3|39802	1
Vir3|39850	1
Vir3|39853	1
Vir3|39862	1
Vir3|3991	1
Vir3|39962	1
Vir3|40057	1
Vir3|40059	1
Vir3|40072	1
Vir3|40114	1
Vir3|40161	1
Vir3|40187	1
Vir3|4020	1
Vir3|40223	1
Vir3|40261	1
Vir3|40334	1
Vir3|40396	1
Vir3|40405	1
Vir3|40414	1
Vir3|40428	1
Vir3|40445	1
Vir3|40460	1
Vir3|40477	1
Vir3|4048	1
Vir3|40480	1
Vir3|40497	1
Vir3|40502	1
Vir3|40550	1
Vir3|40558	1
Vir3|40610	1
Vir3|40695	1
Vir3|40766	1
Vir3|40771	1
Vir3|40893	1
Vir3|40899	1
Vir3|40940	1
Vir3|40962	1
Vir3|41031	1
Vir3|41035	1
Vir3|41117	1
Vir3|41143	1
Vir3|4121	1
Vir3|41222	1
Vir3|41309	1
Vir3|41310	1
Vir3|41340	1
Vir3|4138	1
Vir3|41458	1
Vir3|4148	2
Vir3|41525	1
Vir3|4154	4
Vir3|41580	1
Vir3|41586	1
Vir3|41587	1
Vir3|41637	1
Vir3|4170	1
Vir3|4174	1
Vir3|41801	2
Vir3|41891	1
Vir3|41922	1
Vir3|41935	1
Vir3|41941	1
Vir3|41963	1
Vir3|42008	2
Vir3|42055	1
Vir3|42120	1
Vir3|42126	1
Vir3|42133	1
Vir3|42139	1
Vir3|42182	1
Vir3|42242	1
Vir3|42313	1
Vir3|42418	1
Vir3|42467	1
Vir3|42472	1
Vir3|42520	1
Vir3|42622	1
Vir3|42694	1
Vir3|42712	1
Vir3|42715	3
Vir3|42801	1
Vir3|42819	1
Vir3|42913	1
Vir3|42941	1
Vir3|42949	1
Vir3|42962	1
Vir3|43005	1
Vir3|43107	1
Vir3|43184	1
Vir3|43276	1
Vir3|43285	1
Vir3|43296	1
Vir3|43485	1
Vir3|43504	1
Vir3|43599	1
Vir3|43649	1
Vir3|43665	1
Vir3|43673	1
Vir3|43680	1
Vir3|43685	1
Vir3|43774	1
Vir3|43796	1
Vir3|43843	1
Vir3|43861	1
Vir3|43866	1
Vir3|43890	1
Vir3|43923	1
Vir3|43953	1
Vir3|43979	1
Vir3|44093	1
Vir3|4421	1
Vir3|4422	1
Vir3|44232	1
Vir3|44308	1
Vir3|4444	2
Vir3|44443	1
Vir3|44461	1
Vir3|4447	1
Vir3|44515	1
Vir3|44581	1
Vir3|44596	1
Vir3|44604	1
Vir3|44609	3
Vir3|44648	1
Vir3|44688	1
Vir3|44726	1
Vir3|4474	1
Vir3|44750	1
Vir3|44751	2
Vir3|44785	1
Vir3|44840	1
Vir3|44873	2
Vir3|44912	1
Vir3|44929	1
Vir3|44989	1
Vir3|4500	1
Vir3|45012	1
Vir3|45076	2
Vir3|45103	1
Vir3|45188	1
Vir3|45239	1
Vir3|4527	1
Vir3|4528	1
Vir3|45292	1
Vir3|45357	1
Vir3|45370	1
Vir3|45442	1
Vir3|45537	1
Vir3|45545	1
Vir3|45633	2
Vir3|45643	1
Vir3|45673	1
Vir3|45693	1
Vir3|45706	1
Vir3|45756	1
Vir3|45761	1
Vir3|4581	1
Vir3|45815	1
Vir3|45906	1
Vir3|45986	2
Vir3|46088	1
Vir3|46103	1
Vir3|4617	1
Vir3|46381	2
Vir3|46415	1
Vir3|46417	1
Vir3|46513	1
Vir3|4658	1
Vir3|46595	1
Vir3|4664	1
Vir3|46681	1
Vir3|46730	1
Vir3|46733	1
Vir3|47059	1
Vir3|47236	1
Vir3|47273	1
Vir3|47289	1
Vir3|47348	1
Vir3|47368	1
Vir3|47437	11
Vir3|47438	12
Vir3|47447	1
Vir3|47475	1
Vir3|47479	2
Vir3|47480	5
Vir3|47481	3
Vir3|47485	1
Vir3|47486	2
Vir3|47491	1
Vir3|47505	3
Vir3|47507	1
Vir3|47519	1
Vir3|47554	1
Vir3|47560	1
Vir3|4761	1
Vir3|47657	1
Vir3|47825	1
Vir3|47843	1
Vir3|47857	1
Vir3|47905	1
Vir3|47984	1
Vir3|48028	1
Vir3|48047	1
Vir3|48049	1
Vir3|48056	2
Vir3|48083	1
Vir3|48106	1
Vir3|48131	1
Vir3|48232	1
Vir3|48246	1
Vir3|48261	1
Vir3|48291	1
Vir3|48321	1
Vir3|48335	1
Vir3|48417	1
Vir3|48438	1
Vir3|4846	1
Vir3|48487	1
Vir3|48537	1
Vir3|48549	1
Vir3|48557	1
Vir3|4864	1
Vir3|48762	1
Vir3|48796	1
Vir3|48817	1
Vir3|4882	1
Vir3|48841	3
Vir3|48847	1
Vir3|48884	1
Vir3|48969	1
Vir3|48974	1
Vir3|48993	1
Vir3|49031	1
Vir3|49036	1
Vir3|49072	1
Vir3|49103	1
Vir3|49104	2
Vir3|49185	1
Vir3|49252	1
Vir3|49304	1
Vir3|49343	1
Vir3|49537	1
Vir3|49563	1
Vir3|49644	1
Vir3|49652	1
Vir3|49694	1
Vir3|49699	1
Vir3|49722	1
Vir3|49756	1
Vir3|49758	1
Vir3|4979	1
Vir3|49798	1
Vir3|49923	2
Vir3|4993	2
Vir3|49939	1
Vir3|4995	1
Vir3|49951	1
Vir3|49954	1
Vir3|49998	1
Vir3|50126	1
Vir3|50167	2
Vir3|50221	1
Vir3|50243	1
Vir3|50309	1
Vir3|50385	1
Vir3|50570	2
Vir3|5064	1
Vir3|50650	1
Vir3|50651	1
Vir3|50701	1
Vir3|50719	1
Vir3|5072	1
Vir3|50785	1
Vir3|50845	1
Vir3|50854	1
Vir3|50863	1
Vir3|50982	1
Vir3|51019	1
Vir3|51245	1
Vir3|51274	1
Vir3|51275	1
Vir3|51296	1
Vir3|51306	1
Vir3|51400	1
Vir3|51486	1
Vir3|51504	1
Vir3|51700	1
Vir3|51706	1
Vir3|5172	1
Vir3|51729	1
Vir3|51737	1
Vir3|51740	1
Vir3|51751	3
Vir3|51761	1
Vir3|51824	1
Vir3|51826	2
Vir3|51887	1
Vir3|51994	1
Vir3|520	1
Vir3|52012	1
Vir3|52019	3
Vir3|52021	1
Vir3|52022	2
Vir3|52029	3
Vir3|52032	1
Vir3|52033	1
Vir3|52036	2
Vir3|52053	1
Vir3|52063	1
Vir3|52064	2
Vir3|52094	1
Vir3|52105	1
Vir3|52130	4
Vir3|52131	2
Vir3|52142	1
Vir3|52164	1
Vir3|52165	1
Vir3|52167	2
Vir3|52185	1
Vir3|52190	1
Vir3|52217	2
Vir3|52218	2
Vir3|52226	1
Vir3|52253	1
Vir3|52260	1
Vir3|52263	1
Vir3|52264	1
Vir3|52288	2
Vir3|52289	3
Vir3|52290	2
Vir3|52291	5
Vir3|52293	7
Vir3|52308	2
Vir3|52322	1
Vir3|5234	1
Vir3|52400	1
Vir3|52411	1
Vir3|52418	1
Vir3|52440	1
Vir3|52449	1
Vir3|52452	3
Vir3|52459	1
Vir3|52466	2
Vir3|52484	1
Vir3|52490	1
Vir3|52509	1
Vir3|52530	1
Vir3|52561	1
Vir3|52631	1
Vir3|52652	1
Vir3|52671	1
Vir3|52690	1
Vir3|52798	1
Vir3|528	1
Vir3|52850	1
Vir3|52990	3
Vir3|5300	1
Vir3|53013	1
Vir3|53024	1
Vir3|53037	1
Vir3|53051	1
Vir3|53115	1
Vir3|53124	1
Vir3|53134	1
Vir3|53139	1
Vir3|53183	2
Vir3|53201	1
Vir3|53212	1
Vir3|5329	1
Vir3|53300	1
Vir3|53315	1
Vir3|53319	1
Vir3|53341	1
Vir3|53408	1
Vir3|53410	1
Vir3|53510	2
Vir3|53568	1
Vir3|53590	1
Vir3|53643	1
Vir3|53654	1
Vir3|5381	1
Vir3|53811	1
Vir3|53833	1
Vir3|53834	1
Vir3|53842	1
Vir3|53846	1
Vir3|53909	1
Vir3|53910	1
Vir3|53935	1
Vir3|54002	1
Vir3|54052	1
Vir3|54064	1
Vir3|54094	1
Vir3|54130	1
Vir3|54132	1
Vir3|54170	1
Vir3|54197	1
Vir3|54225	1
Vir3|54258	1
Vir3|54303	1
Vir3|54347	1
Vir3|54410	1
Vir3|54505	1
Vir3|54519	2
Vir3|54521	1
Vir3|54578	1
Vir3|54600	1
Vir3|54602	1
Vir3|54619	1
Vir3|54621	1
Vir3|54625	1
Vir3|54648	1
Vir3|54649	1
Vir3|54709	1
Vir3|5478	1
Vir3|54794	1
Vir3|54799	1
Vir3|54814	1
Vir3|54823	2
Vir3|54846	1
Vir3|54857	1
Vir3|5491	1
Vir3|54947	2
Vir3|54965	1
Vir3|55013	1
Vir3|55064	1
Vir3|55091	1
Vir3|55197	1
Vir3|5525	1
Vir3|55311	1
Vir3|55382	1
Vir3|55389	1
Vir3|55394	1
Vir3|55416	1
Vir3|55450	1
Vir3|55469	1
Vir3|55590	1
Vir3|55645	1
Vir3|55661	1
Vir3|5570	1
Vir3|55779	1
Vir3|55922	1
Vir3|55928	1
Vir3|55933	1
Vir3|55968	1
Vir3|55990	1
Vir3|56010	1
Vir3|56026	1
Vir3|56187	1
Vir3|56238	1
Vir3|56247	1
Vir3|56266	1
Vir3|56312	1
Vir3|56317	1
Vir3|56358	1
Vir3|56413	1
Vir3|56418	1
Vir3|56500	1
Vir3|56584	1
Vir3|56590	2
Vir3|56595	1
Vir3|56610	1
Vir3|56660	1
Vir3|56689	1
Vir3|56695	1
Vir3|56731	1
Vir3|56760	1
Vir3|56761	1
Vir3|56781	1
Vir3|56794	1
Vir3|56853	1
Vir3|56955	1
Vir3|56980	1
Vir3|57013	1
Vir3|57202	1
Vir3|57306	1
Vir3|57342	1
Vir3|57378	1
Vir3|57406	1
Vir3|57504	1
Vir3|57578	1
Vir3|57583	1
Vir3|57610	1
Vir3|57644	2
Vir3|57647	1
Vir3|57656	1
Vir3|57674	1
Vir3|57685	1
Vir3|57715	1
Vir3|57762	1
Vir3|57769	1
Vir3|57780	1
Vir3|57849	1
Vir3|57899	1
Vir3|57907	1
Vir3|57960	1
Vir3|58029	1
Vir3|58048	1
Vir3|58168	1
Vir3|58251	1
Vir3|5829	2
Vir3|58348	1
Vir3|5836	1
Vir3|58370	1
Vir3|58408	1
Vir3|58437	1
Vir3|58457	1
Vir3|58491	1
Vir3|58538	1
Vir3|58570	2
Vir3|58646	2
Vir3|58683	1
Vir3|58837	1
Vir3|58859	1
Vir3|58864	1
Vir3|58883	1
Vir3|5890	1
Vir3|58973	1
Vir3|59001	1
Vir3|59034	1
Vir3|591	1
Vir3|59129	1
Vir3|59155	1
Vir3|59178	1
Vir3|59245	1
Vir3|59278	1
Vir3|59436	1
Vir3|5948	1
Vir3|59493	1
Vir3|59496	1
Vir3|59513	1
Vir3|5964	1
Vir3|59713	1
Vir3|59793	1
Vir3|5981	3
Vir3|59815	1
Vir3|59890	1
Vir3|59923	1
Vir3|59984	1
Vir3|60005	1
Vir3|60081	1
Vir3|60154	1
Vir3|60172	1
Vir3|60220	1
Vir3|60223	1
Vir3|60224	1
Vir3|60303	1
Vir3|60325	1
Vir3|60328	1
Vir3|60369	1
Vir3|60394	1
Vir3|60397	2
Vir3|6046	1
Vir3|60489	1
Vir3|60494	1
Vir3|60528	1
Vir3|60536	2
Vir3|60679	1
Vir3|60680	1
Vir3|60681	1
Vir3|60732	1
Vir3|60804	1
Vir3|60857	1
Vir3|60885	2
Vir3|60917	1
Vir3|60972	1
Vir3|61009	1
Vir3|61029	1
Vir3|61043	1
Vir3|61079	1
Vir3|6109	1
Vir3|61144	2
Vir3|61190	1
Vir3|61197	1
Vir3|61312	2
Vir3|61314	1
Vir3|61325	1
Vir3|61391	3
Vir3|61437	1
Vir3|6145	1
Vir3|61452	1
Vir3|6150	1
Vir3|61503	1
Vir3|61510	1
Vir3|61553	1
Vir3|61556	4
Vir3|61575	1
Vir3|61585	1
Vir3|61611	1
Vir3|61613	1
Vir3|61670	2
Vir3|61719	1
Vir3|6181	1
Vir3|61810	1
Vir3|61891	1
Vir3|62052	2
Vir3|62095	1
Vir3|62102	1
Vir3|62110	1
Vir3|62176	1
Vir3|622	3
Vir3|62297	1
Vir3|62299	1
Vir3|62300	1
Vir3|62320	1
Vir3|62350	1
Vir3|62386	1
Vir3|6262	1
Vir3|62729	1
Vir3|62804	1
Vir3|62814	1
Vir3|62868	1
Vir3|62869	1
Vir3|62894	1
Vir3|6301	1
Vir3|63039	1
Vir3|63066	2
Vir3|63090	1
Vir3|63103	1
Vir3|63167	1
Vir3|63172	1
Vir3|63187	1
Vir3|63321	1
Vir3|6344	1
Vir3|63486	1
Vir3|63521	1
Vir3|63617	1
Vir3|63629	1
Vir3|63690	1
Vir3|63759	1
Vir3|63769	1
Vir3|6378	1
Vir3|63781	1
Vir3|63854	1
Vir3|63911	1
Vir3|6397	1
Vir3|63980	1
Vir3|63981	1
Vir3|6400	1
Vir3|64027	1
Vir3|6403	2
Vir3|64067	1
Vir3|6410	1
Vir3|6413	1
Vir3|64157	1
Vir3|64158	1
Vir3|6416	1
Vir3|64198	1
Vir3|64215	1
Vir3|64270	2
Vir3|6428	1
Vir3|64313	1
Vir3|64337	1
Vir3|64369	1
Vir3|64388	1
Vir3|64403	1
Vir3|64585	1
Vir3|64586	1
Vir3|64647	1
Vir3|64672	1
Vir3|64696	1
Vir3|64793	1
Vir3|64797	1
Vir3|64851	1
Vir3|64928	1
Vir3|64934	2
Vir3|65033	1
Vir3|65127	1
Vir3|65145	1
Vir3|65146	1
Vir3|65192	1
Vir3|6520	1
Vir3|6529	1
Vir3|6531	1
Vir3|6535	1
Vir3|65361	1
Vir3|65368	1
Vir3|65419	1
Vir3|65427	2
Vir3|65430	1
Vir3|65484	1
Vir3|6553	1
Vir3|65639	1
Vir3|65685	1
Vir3|65688	2
Vir3|65693	1
Vir3|65697	1
Vir3|65712	1
Vir3|65717	1
Vir3|6575	1
Vir3|65828	1
Vir3|65835	1
Vir3|65882	3
Vir3|65894	1
Vir3|65896	2
Vir3|65908	1
Vir3|65923	1
Vir3|65986	1
Vir3|66040	1
Vir3|66059	1
Vir3|66087	1
Vir3|66096	1
Vir3|66142	1
Vir3|66306	1
Vir3|66348	1
Vir3|66378	1
Vir3|6638	1
Vir3|6640	1
Vir3|66428	1
Vir3|66434	1
Vir3|6644	1
Vir3|66451	1
Vir3|66568	1
Vir3|66579	1
Vir3|66629	1
Vir3|66653	1
Vir3|66691	1
Vir3|66768	1
Vir3|66782	1
Vir3|66795	1
Vir3|66856	2
Vir3|66871	1
Vir3|66912	1
Vir3|66922	1
Vir3|66968	1
Vir3|67006	1
Vir3|67032	1
Vir3|67050	1
Vir3|67053	1
Vir3|67078	1
Vir3|67091	1
Vir3|6713	1
Vir3|67189	1
Vir3|67203	1
Vir3|67204	1
Vir3|67325	1
Vir3|67376	2
Vir3|67400	2
Vir3|67423	1
Vir3|67435	2
Vir3|67479	1
Vir3|67514	1
Vir3|67524	1
Vir3|67526	1
Vir3|67533	1
Vir3|67553	1
Vir3|67598	2
Vir3|67619	1
Vir3|67625	1
Vir3|67661	1
Vir3|67674	1
Vir3|67699	1
Vir3|67800	1
Vir3|67803	1
Vir3|67821	1
Vir3|67928	1
Vir3|67948	1
Vir3|68030	1
Vir3|68050	1
Vir3|68060	1
Vir3|68101	1
Vir3|68138	1
Vir3|68180	1
Vir3|68216	1
Vir3|68286	1
Vir3|68291	1
Vir3|6830	1
Vir3|68355	2
Vir3|68421	1
Vir3|68438	1
Vir3|6844	1
Vir3|68451	1
Vir3|68460	1
Vir3|68469	1
Vir3|68501	1
Vir3|68552	1
Vir3|68557	1
Vir3|68575	1
Vir3|6870	1
Vir3|68754	1
Vir3|68783	1
Vir3|68789	1
Vir3|68813	1
Vir3|68823	1
Vir3|68826	1
Vir3|68830	1
Vir3|68879	1
Vir3|68880	1
Vir3|68883	3
Vir3|69023	1
Vir3|69087	1
Vir3|69092	1
Vir3|69137	2
Vir3|69167	1
Vir3|69284	1
Vir3|69289	1
Vir3|69306	1
Vir3|69351	1
Vir3|69376	1
Vir3|69416	2
Vir3|69418	1
Vir3|69464	1
Vir3|69621	1
Vir3|69629	1
Vir3|6969	2
Vir3|69715	1
Vir3|69929	1
Vir3|69930	1
Vir3|69959	1
Vir3|69971	1
Vir3|69977	1
Vir3|70068	1
Vir3|70098	1
Vir3|7010	1
Vir3|70156	1
Vir3|70195	1
Vir3|70211	1
Vir3|70235	1
Vir3|70302	2
Vir3|70320	1
Vir3|70337	1
Vir3|70350	1
Vir3|70374	1
Vir3|7044	1
Vir3|70450	1
Vir3|70452	1
Vir3|70593	1
Vir3|70615	1
Vir3|70618	1
Vir3|70687	1
Vir3|70698	2
Vir3|70736	1
Vir3|70893	1
Vir3|70952	1
Vir3|71021	1
Vir3|71023	1
Vir3|71025	1
Vir3|71079	1
Vir3|71093	1
Vir3|7127	1
Vir3|7128	3
Vir3|71448	1
Vir3|71501	1
Vir3|71509	1
Vir3|71519	1
Vir3|71549	1
Vir3|71635	1
Vir3|71732	1
Vir3|71838	1
Vir3|71846	1
Vir3|71878	1
Vir3|71921	3
Vir3|71927	1
Vir3|71931	1
Vir3|71940	2
Vir3|71945	1
Vir3|71953	1
Vir3|72017	1
Vir3|72028	1
Vir3|72065	1
Vir3|7212	1
Vir3|72173	1
Vir3|72208	1
Vir3|72249	1
Vir3|7237	1
Vir3|72410	1
Vir3|72483	1
Vir3|72497	2
Vir3|72535	1
Vir3|72544	1
Vir3|72550	1
Vir3|7257	3
Vir3|726	1
Vir3|72613	1
Vir3|72616	1
Vir3|72625	1
Vir3|72731	1
Vir3|72808	1
Vir3|72820	1
Vir3|72864	1
Vir3|72979	1
Vir3|7300	1
Vir3|73061	1
Vir3|7314	1
Vir3|7316	1
Vir3|73261	1
Vir3|73303	1
Vir3|7333	1
Vir3|73358	1
Vir3|73377	1
Vir3|7344	1
Vir3|73453	1
Vir3|73466	1
Vir3|73467	1
Vir3|73475	1
Vir3|73501	1
Vir3|73572	1
Vir3|7362	1
Vir3|73731	1
Vir3|73739	1
Vir3|7377	1
Vir3|73897	1
Vir3|73907	2
Vir3|73919	1
Vir3|73988	1
Vir3|74065	1
Vir3|74090	1
Vir3|74091	1
Vir3|741	1
Vir3|74114	1
Vir3|74147	1
Vir3|74183	1
Vir3|74189	1
Vir3|74202	1
Vir3|74264	1
Vir3|74266	1
Vir3|74280	1
Vir3|74316	2
Vir3|74382	1
Vir3|74385	1
Vir3|7443	1
Vir3|74450	5
Vir3|74630	1
Vir3|74714	1
Vir3|7472	1
Vir3|74788	1
Vir3|74798	1
Vir3|74903	1
Vir3|75034	1
Vir3|75084	1
Vir3|75098	2
Vir3|7510	1
Vir3|75116	1
Vir3|75169	1
Vir3|75181	1
Vir3|75269	1
Vir3|7527	1
Vir3|75300	1
Vir3|75375	1
Vir3|75376	1
Vir3|75406	1
Vir3|75492	1
Vir3|75531	1
Vir3|75630	1
Vir3|75680	1
Vir3|75686	1
Vir3|75689	1
Vir3|75699	1
Vir3|75785	1
Vir3|75811	1
Vir3|75837	1
Vir3|75840	1
Vir3|7599	2
Vir3|76032	1
Vir3|76137	1
Vir3|76141	1
Vir3|76150	1
Vir3|76157	1
Vir3|76180	1
Vir3|76277	2
Vir3|7628	1
Vir3|76299	1
Vir3|76310	1
Vir3|7633	1
Vir3|76427	1
Vir3|76448	1
Vir3|76500	1
Vir3|7652	2
Vir3|76526	1
Vir3|76538	1
Vir3|76578	1
Vir3|76631	1
Vir3|76697	1
Vir3|76737	2
Vir3|76746	1
Vir3|7676	1
Vir3|7677	1
Vir3|76807	1
Vir3|76824	2
Vir3|7687	1
Vir3|76920	1
Vir3|76964	1
Vir3|77041	1
Vir3|77103	1
Vir3|77126	1
Vir3|77222	1
Vir3|77234	1
Vir3|77237	1
Vir3|7727	1
Vir3|77291	1
Vir3|77293	2
Vir3|77329	1
Vir3|77354	2
Vir3|77453	1
Vir3|77529	1
Vir3|77553	1
Vir3|77632	1
Vir3|77633	1
Vir3|7770	1
Vir3|77723	1
Vir3|77805	2
Vir3|77908	1
Vir3|77924	1
Vir3|77959	1
Vir3|78039	1
Vir3|78184	1
Vir3|78232	1
Vir3|78249	1
Vir3|7826	1
Vir3|78283	1
Vir3|78291	1
Vir3|78352	1
Vir3|78424	1
Vir3|78458	1
Vir3|78521	1
Vir3|78530	1
Vir3|78559	1
Vir3|78564	1
Vir3|78585	1
Vir3|78607	1
Vir3|78651	1
Vir3|78677	1
Vir3|787	1
Vir3|78708	1
Vir3|78765	1
Vir3|78772	1
Vir3|78777	1
Vir3|78831	1
Vir3|78837	1
Vir3|78884	1
Vir3|78926	1
Vir3|78960	1
Vir3|79015	1
Vir3|7909	1
Vir3|79095	1
Vir3|79110	1
Vir3|79117	1
Vir3|79123	1
Vir3|79186	1
Vir3|79187	2
Vir3|79214	1
Vir3|79246	1
Vir3|79316	1
Vir3|7940	2
Vir3|79403	1
Vir3|7945	1
Vir3|79888	1
Vir3|8002	2
Vir3|80089	1
Vir3|80252	1
Vir3|80425	1
Vir3|80457	1
Vir3|80640	1
Vir3|80966	1
Vir3|81031	1
Vir3|8128	1
Vir3|81417	1
Vir3|8155	1
Vir3|81636	1
Vir3|81900	1
Vir3|82203	1
Vir3|823	1
Vir3|82503	1
Vir3|82705	1
Vir3|82706	1
Vir3|82711	2
Vir3|82801	1
Vir3|82816	2
Vir3|8289	1
Vir3|8321	1
Vir3|8324	1
Vir3|83308	1
Vir3|83502	1
Vir3|83578	1
Vir3|8386	1
Vir3|84072	1
Vir3|84120	1
Vir3|84177	1
Vir3|84248	2
Vir3|8434	1
Vir3|84425	2
Vir3|8448	1
Vir3|84486	1
Vir3|84544	1
Vir3|84588	1
Vir3|84600	1
Vir3|84669	1
Vir3|84787	2
Vir3|84811	1
Vir3|8494	1
Vir3|8501	1
Vir3|8503	1
Vir3|85058	1
Vir3|85073	1
Vir3|85223	1
Vir3|8524	1
Vir3|8531	1
Vir3|85351	2
Vir3|85518	1
Vir3|858	1
Vir3|85916	2
Vir3|8624	1
Vir3|86253	1
Vir3|86266	1
Vir3|86346	2
Vir3|8679	1
Vir3|86811	1
Vir3|8708	1
Vir3|8730	1
Vir3|87354	1
Vir3|8740	1
Vir3|8746	1
Vir3|8779	1
Vir3|8801	1
Vir3|88236	2
Vir3|88529	2
Vir3|8857	1
Vir3|88765	1
Vir3|8908	1
Vir3|8911	2
Vir3|89206	1
Vir3|89325	1
Vir3|89510	1
Vir3|89805	1
Vir3|9003	1
Vir3|90289	1
Vir3|9052	1
Vir3|9053	1
Vir3|90536	2
Vir3|90600	1
Vir3|9085	1
Vir3|9125	1
Vir3|91411	1
Vir3|9159	1
Vir3|9180	1
Vir3|91805	1
Vir3|91901	2
Vir3|92079	1
Vir3|92298	1
Vir3|92517	1
Vir3|9255	1
Vir3|9256	1
Vir3|92623	1
Vir3|92643	1
Vir3|92773	2
Vir3|92848	1
Vir3|92866	1
Vir3|92955	1
Vir3|93020	1
Vir3|93139	1
Vir3|9337	1
Vir3|93444	1
Vir3|93454	1
Vir3|93636	4
Vir3|9378	1
Vir3|93835	2
Vir3|9385	1
Vir3|93956	1
Vir3|94465	1
Vir3|9448	1
Vir3|9480	1
Vir3|9481	1
Vir3|94927	1
Vir3|95006	1
Vir3|95014	1
Vir3|9508	1
Vir3|95219	1
Vir3|95249	1
Vir3|95251	1
Vir3|9527	1
Vir3|95546	1
Vir3|95567	1
Vir3|9557	1
Vir3|9563	1
Vir3|95808	1
Vir3|95864	1
Vir3|96030	1
Vir3|96175	1
Vir3|96177	1
Vir3|9621	1
Vir3|9623	1
Vir3|9639	1
Vir3|9664	1
Vir3|9677	1
Vir3|9688	1
Vir3|9749	1
Vir3|9785	1
Vir3|9804	1
Vir3|9816	1
Vir3|9863	1
Vir3|9872	1
Vir3|9914	1
Vir3|9916	1
Vir3|9951	1
