CoV|BCA25643.133.BC1	27432
CoV|BCA25643.133.BC2	29302
CoV|BCA25643.134.BC1	34909
CoV|BCA25643.134.BC2	31601
CoV|BCA25651.11.BC1	3392
CoV|BCA25651.11.BC2	4543
CoV|BCA25651.12.BC1	13941
CoV|BCA25651.12.BC2	30419
CoV|BCA25653.40.BC1	14197
CoV|BCA25653.40.BC2	9750
CoV|BCA25653.41.BC1	2043
CoV|BCA25653.41.BC2	4863
CoV|H9EJ24.0.BC1	11961
CoV|H9EJ24.0.BC2	20352
CoV|H9EJ24.1.BC1	65630
CoV|H9EJ24.1.BC2	44883
CoV|H9EJ24.2.BC1	33752
CoV|H9EJ24.2.BC2	34588
CoV|H9EJ24.3.BC1	25983
CoV|H9EJ24.3.BC2	23260
CoV|H9EJ24.4.BC1	15796
CoV|H9EJ24.4.BC2	9281
CoV|H9EJ24.5.BC1	8459
CoV|H9EJ24.5.BC2	10598
CoV|H9EJ24.6.BC1	17142
CoV|H9EJ24.6.BC2	16947
CoV|H9EJ24.7.BC1	10203
CoV|H9EJ24.7.BC2	12204
CoV|H9EJ42.0.BC1	19574
CoV|H9EJ42.0.BC2	17277
CoV|H9EJ42.1.BC1	19060
CoV|H9EJ42.1.BC2	15751
CoV|H9EJ42.10.BC1	25750
CoV|H9EJ42.10.BC2	12525
CoV|H9EJ42.100.BC1	9118
CoV|H9EJ42.100.BC2	15376
CoV|H9EJ42.101.BC1	8856
CoV|H9EJ42.101.BC2	7613
CoV|H9EJ42.102.BC1	29850
CoV|H9EJ42.102.BC2	33549
CoV|H9EJ42.103.BC1	21295
CoV|H9EJ42.103.BC2	37868
CoV|H9EJ42.104.BC1	23926
CoV|H9EJ42.104.BC2	37169
CoV|H9EJ42.105.BC1	21939
CoV|H9EJ42.105.BC2	32096
CoV|H9EJ42.106.BC1	16180
CoV|H9EJ42.106.BC2	17714
CoV|H9EJ42.107.BC1	5373
CoV|H9EJ42.107.BC2	7955
CoV|H9EJ42.108.BC1	16309
CoV|H9EJ42.108.BC2	17593
CoV|H9EJ42.109.BC1	7140
CoV|H9EJ42.109.BC2	17870
CoV|H9EJ42.11.BC1	14502
CoV|H9EJ42.11.BC2	13835
CoV|H9EJ42.110.BC1	24886
CoV|H9EJ42.110.BC2	21535
CoV|H9EJ42.111.BC1	14064
CoV|H9EJ42.111.BC2	23228
CoV|H9EJ42.112.BC1	27514
CoV|H9EJ42.112.BC2	19671
CoV|H9EJ42.113.BC1	15622
CoV|H9EJ42.113.BC2	19343
CoV|H9EJ42.114.BC1	6519
CoV|H9EJ42.114.BC2	11258
CoV|H9EJ42.115.BC1	11430
CoV|H9EJ42.115.BC2	20299
CoV|H9EJ42.116.BC1	17940
CoV|H9EJ42.116.BC2	14419
CoV|H9EJ42.117.BC1	29599
CoV|H9EJ42.117.BC2	3224
CoV|H9EJ42.118.BC1	58750
CoV|H9EJ42.118.BC2	50806
CoV|H9EJ42.119.BC1	51027
CoV|H9EJ42.119.BC2	40266
CoV|H9EJ42.12.BC1	33112
CoV|H9EJ42.12.BC2	13473
CoV|H9EJ42.120.BC1	19445
CoV|H9EJ42.120.BC2	26528
CoV|H9EJ42.121.BC1	20698
CoV|H9EJ42.121.BC2	23237
CoV|H9EJ42.122.BC1	25340
CoV|H9EJ42.122.BC2	10419
CoV|H9EJ42.123.BC1	22949
CoV|H9EJ42.123.BC2	21885
CoV|H9EJ42.124.BC1	13759
CoV|H9EJ42.124.BC2	11625
CoV|H9EJ42.125.BC1	23723
CoV|H9EJ42.125.BC2	13980
CoV|H9EJ42.126.BC1	25397
CoV|H9EJ42.126.BC2	8221
CoV|H9EJ42.127.BC1	26628
CoV|H9EJ42.127.BC2	11265
CoV|H9EJ42.128.BC1	36136
CoV|H9EJ42.128.BC2	22155
CoV|H9EJ42.129.BC1	50082
CoV|H9EJ42.129.BC2	32776
CoV|H9EJ42.13.BC1	11942
CoV|H9EJ42.13.BC2	27721
CoV|H9EJ42.130.BC1	25908
CoV|H9EJ42.130.BC2	23672
CoV|H9EJ42.131.BC1	23994
CoV|H9EJ42.131.BC2	27477
CoV|H9EJ42.132.BC1	46971
CoV|H9EJ42.132.BC2	46101
CoV|H9EJ42.133.BC1	20430
CoV|H9EJ42.133.BC2	6694
CoV|H9EJ42.134.BC1	42438
CoV|H9EJ42.134.BC2	63840
CoV|H9EJ42.135.BC1	18764
CoV|H9EJ42.135.BC2	21679
CoV|H9EJ42.136.BC1	14956
CoV|H9EJ42.136.BC2	24526
CoV|H9EJ42.137.BC1	11689
CoV|H9EJ42.137.BC2	7609
CoV|H9EJ42.138.BC1	16361
CoV|H9EJ42.138.BC2	12364
CoV|H9EJ42.139.BC1	14076
CoV|H9EJ42.139.BC2	13216
CoV|H9EJ42.14.BC1	40191
CoV|H9EJ42.14.BC2	49473
CoV|H9EJ42.140.BC1	23438
CoV|H9EJ42.140.BC2	27771
CoV|H9EJ42.141.BC1	16915
CoV|H9EJ42.141.BC2	16475
CoV|H9EJ42.142.BC1	10139
CoV|H9EJ42.142.BC2	13894
CoV|H9EJ42.143.BC1	35540
CoV|H9EJ42.143.BC2	36437
CoV|H9EJ42.144.BC1	36319
CoV|H9EJ42.144.BC2	25296
CoV|H9EJ42.145.BC1	12533
CoV|H9EJ42.145.BC2	15502
CoV|H9EJ42.146.BC1	21756
CoV|H9EJ42.146.BC2	23328
CoV|H9EJ42.147.BC1	31042
CoV|H9EJ42.147.BC2	13241
CoV|H9EJ42.148.BC1	19720
CoV|H9EJ42.148.BC2	8875
CoV|H9EJ42.149.BC1	6491
CoV|H9EJ42.149.BC2	23898
CoV|H9EJ42.15.BC1	54510
CoV|H9EJ42.15.BC2	25521
CoV|H9EJ42.150.BC1	10325
CoV|H9EJ42.150.BC2	6688
CoV|H9EJ42.151.BC1	15615
CoV|H9EJ42.151.BC2	12547
CoV|H9EJ42.152.BC1	13013
CoV|H9EJ42.152.BC2	23139
CoV|H9EJ42.153.BC1	7464
CoV|H9EJ42.153.BC2	21159
CoV|H9EJ42.154.BC1	33211
CoV|H9EJ42.154.BC2	18219
CoV|H9EJ42.155.BC1	13572
CoV|H9EJ42.155.BC2	14876
CoV|H9EJ42.156.BC1	10750
CoV|H9EJ42.156.BC2	13243
CoV|H9EJ42.157.BC1	13175
CoV|H9EJ42.157.BC2	25877
CoV|H9EJ42.158.BC1	597
CoV|H9EJ42.158.BC2	4892
CoV|H9EJ42.159.BC1	10362
CoV|H9EJ42.159.BC2	18129
CoV|H9EJ42.16.BC1	15963
CoV|H9EJ42.16.BC2	18764
CoV|H9EJ42.160.BC1	12056
CoV|H9EJ42.160.BC2	5602
CoV|H9EJ42.161.BC1	6716
CoV|H9EJ42.161.BC2	6352
CoV|H9EJ42.162.BC1	31681
CoV|H9EJ42.162.BC2	25164
CoV|H9EJ42.163.BC1	27583
CoV|H9EJ42.163.BC2	11826
CoV|H9EJ42.164.BC1	16414
CoV|H9EJ42.164.BC2	8807
CoV|H9EJ42.165.BC1	16622
CoV|H9EJ42.165.BC2	8370
CoV|H9EJ42.166.BC1	15266
CoV|H9EJ42.166.BC2	11943
CoV|H9EJ42.167.BC1	13063
CoV|H9EJ42.167.BC2	14858
CoV|H9EJ42.168.BC1	30515
CoV|H9EJ42.168.BC2	34459
CoV|H9EJ42.169.BC1	26123
CoV|H9EJ42.169.BC2	23526
CoV|H9EJ42.17.BC1	18314
CoV|H9EJ42.17.BC2	12747
CoV|H9EJ42.170.BC1	20639
CoV|H9EJ42.170.BC2	26808
CoV|H9EJ42.171.BC1	11411
CoV|H9EJ42.171.BC2	11499
CoV|H9EJ42.172.BC1	13050
CoV|H9EJ42.172.BC2	14117
CoV|H9EJ42.173.BC1	19336
CoV|H9EJ42.173.BC2	17158
CoV|H9EJ42.174.BC1	12127
CoV|H9EJ42.174.BC2	10396
CoV|H9EJ42.175.BC1	6745
CoV|H9EJ42.175.BC2	9246
CoV|H9EJ42.176.BC1	13204
CoV|H9EJ42.176.BC2	18866
CoV|H9EJ42.177.BC1	24003
CoV|H9EJ42.177.BC2	13455
CoV|H9EJ42.178.BC1	26445
CoV|H9EJ42.178.BC2	25838
CoV|H9EJ42.179.BC1	26852
CoV|H9EJ42.179.BC2	42383
CoV|H9EJ42.18.BC1	9135
CoV|H9EJ42.18.BC2	12570
CoV|H9EJ42.180.BC1	21313
CoV|H9EJ42.180.BC2	26519
CoV|H9EJ42.181.BC1	24690
CoV|H9EJ42.181.BC2	31490
CoV|H9EJ42.182.BC1	39431
CoV|H9EJ42.182.BC2	32557
CoV|H9EJ42.183.BC1	15688
CoV|H9EJ42.183.BC2	9596
CoV|H9EJ42.184.BC1	17854
CoV|H9EJ42.184.BC2	33568
CoV|H9EJ42.185.BC1	5518
CoV|H9EJ42.185.BC2	34304
CoV|H9EJ42.186.BC1	19268
CoV|H9EJ42.186.BC2	22989
CoV|H9EJ42.187.BC1	14958
CoV|H9EJ42.187.BC2	17530
CoV|H9EJ42.188.BC1	18185
CoV|H9EJ42.188.BC2	23693
CoV|H9EJ42.189.BC1	76333
CoV|H9EJ42.189.BC2	30167
CoV|H9EJ42.19.BC1	8350
CoV|H9EJ42.19.BC2	8059
CoV|H9EJ42.190.BC1	18937
CoV|H9EJ42.190.BC2	2724
CoV|H9EJ42.191.BC1	42441
CoV|H9EJ42.191.BC2	29763
CoV|H9EJ42.192.BC1	11571
CoV|H9EJ42.192.BC2	14390
CoV|H9EJ42.193.BC1	10669
CoV|H9EJ42.193.BC2	24190
CoV|H9EJ42.194.BC1	33240
CoV|H9EJ42.194.BC2	7218
CoV|H9EJ42.195.BC1	12875
CoV|H9EJ42.195.BC2	25919
CoV|H9EJ42.196.BC1	14339
CoV|H9EJ42.196.BC2	24433
CoV|H9EJ42.197.BC1	31153
CoV|H9EJ42.197.BC2	40984
CoV|H9EJ42.198.BC1	5267
CoV|H9EJ42.198.BC2	39723
CoV|H9EJ42.199.BC1	34143
CoV|H9EJ42.199.BC2	14263
CoV|H9EJ42.2.BC1	13876
CoV|H9EJ42.2.BC2	20473
CoV|H9EJ42.20.BC1	7069
CoV|H9EJ42.20.BC2	6939
CoV|H9EJ42.200.BC1	26997
CoV|H9EJ42.200.BC2	15914
CoV|H9EJ42.201.BC1	23534
CoV|H9EJ42.201.BC2	13685
CoV|H9EJ42.202.BC1	31951
CoV|H9EJ42.202.BC2	37113
CoV|H9EJ42.203.BC1	28403
CoV|H9EJ42.203.BC2	38073
CoV|H9EJ42.204.BC1	13443
CoV|H9EJ42.204.BC2	20804
CoV|H9EJ42.205.BC1	9783
CoV|H9EJ42.205.BC2	21491
CoV|H9EJ42.206.BC1	17849
CoV|H9EJ42.206.BC2	33606
CoV|H9EJ42.207.BC1	70723
CoV|H9EJ42.207.BC2	54184
CoV|H9EJ42.208.BC1	19249
CoV|H9EJ42.208.BC2	20270
CoV|H9EJ42.209.BC1	38530
CoV|H9EJ42.209.BC2	17943
CoV|H9EJ42.21.BC1	14132
CoV|H9EJ42.21.BC2	8170
CoV|H9EJ42.210.BC1	30524
CoV|H9EJ42.210.BC2	18777
CoV|H9EJ42.211.BC1	24907
CoV|H9EJ42.211.BC2	28219
CoV|H9EJ42.212.BC1	14144
CoV|H9EJ42.212.BC2	10679
CoV|H9EJ42.213.BC1	39035
CoV|H9EJ42.213.BC2	59017
CoV|H9EJ42.214.BC1	35421
CoV|H9EJ42.214.BC2	31222
CoV|H9EJ42.215.BC1	24946
CoV|H9EJ42.215.BC2	18584
CoV|H9EJ42.216.BC1	12540
CoV|H9EJ42.216.BC2	9995
CoV|H9EJ42.217.BC1	38808
CoV|H9EJ42.217.BC2	19239
CoV|H9EJ42.218.BC1	29935
CoV|H9EJ42.218.BC2	17812
CoV|H9EJ42.219.BC1	13761
CoV|H9EJ42.219.BC2	16075
CoV|H9EJ42.22.BC1	29863
CoV|H9EJ42.22.BC2	25116
CoV|H9EJ42.220.BC1	2868
CoV|H9EJ42.220.BC2	11822
CoV|H9EJ42.221.BC1	10142
CoV|H9EJ42.221.BC2	23215
CoV|H9EJ42.222.BC1	16329
CoV|H9EJ42.222.BC2	12062
CoV|H9EJ42.223.BC1	31592
CoV|H9EJ42.223.BC2	17122
CoV|H9EJ42.224.BC1	15452
CoV|H9EJ42.224.BC2	34087
CoV|H9EJ42.225.BC1	19283
CoV|H9EJ42.225.BC2	7481
CoV|H9EJ42.226.BC1	14477
CoV|H9EJ42.226.BC2	9060
CoV|H9EJ42.227.BC1	8089
CoV|H9EJ42.227.BC2	9756
CoV|H9EJ42.228.BC1	21257
CoV|H9EJ42.228.BC2	15535
CoV|H9EJ42.229.BC1	21304
CoV|H9EJ42.229.BC2	12360
CoV|H9EJ42.23.BC1	20796
CoV|H9EJ42.23.BC2	19829
CoV|H9EJ42.230.BC1	9647
CoV|H9EJ42.230.BC2	24209
CoV|H9EJ42.231.BC1	1997
CoV|H9EJ42.231.BC2	18709
CoV|H9EJ42.232.BC1	21019
CoV|H9EJ42.232.BC2	16033
CoV|H9EJ42.233.BC1	17341
CoV|H9EJ42.233.BC2	14456
CoV|H9EJ42.234.BC1	5379
CoV|H9EJ42.234.BC2	3604
CoV|H9EJ42.235.BC1	11395
CoV|H9EJ42.235.BC2	5902
CoV|H9EJ42.236.BC1	7845
CoV|H9EJ42.236.BC2	9614
CoV|H9EJ42.237.BC1	15147
CoV|H9EJ42.237.BC2	11145
CoV|H9EJ42.238.BC1	12392
CoV|H9EJ42.238.BC2	21179
CoV|H9EJ42.239.BC1	7625
CoV|H9EJ42.239.BC2	19471
CoV|H9EJ42.24.BC1	29951
CoV|H9EJ42.24.BC2	23445
CoV|H9EJ42.25.BC1	14290
CoV|H9EJ42.25.BC2	21533
CoV|H9EJ42.26.BC1	17816
CoV|H9EJ42.26.BC2	32805
CoV|H9EJ42.27.BC1	48924
CoV|H9EJ42.27.BC2	12399
CoV|H9EJ42.28.BC1	32056
CoV|H9EJ42.28.BC2	28559
CoV|H9EJ42.29.BC1	4431
CoV|H9EJ42.29.BC2	19691
CoV|H9EJ42.3.BC1	19042
CoV|H9EJ42.3.BC2	16036
CoV|H9EJ42.30.BC1	19133
CoV|H9EJ42.30.BC2	12358
CoV|H9EJ42.31.BC1	7007
CoV|H9EJ42.31.BC2	5962
CoV|H9EJ42.32.BC1	17905
CoV|H9EJ42.32.BC2	8106
CoV|H9EJ42.33.BC1	15437
CoV|H9EJ42.33.BC2	10416
CoV|H9EJ42.34.BC1	35399
CoV|H9EJ42.34.BC2	35316
CoV|H9EJ42.35.BC1	56236
CoV|H9EJ42.35.BC2	41998
CoV|H9EJ42.36.BC1	44186
CoV|H9EJ42.36.BC2	33598
CoV|H9EJ42.37.BC1	3661
CoV|H9EJ42.37.BC2	5641
CoV|H9EJ42.38.BC1	8036
CoV|H9EJ42.38.BC2	19517
CoV|H9EJ42.39.BC1	7374
CoV|H9EJ42.39.BC2	4158
CoV|H9EJ42.4.BC1	36328
CoV|H9EJ42.4.BC2	26001
CoV|H9EJ42.40.BC1	8814
CoV|H9EJ42.40.BC2	4096
CoV|H9EJ42.41.BC1	34951
CoV|H9EJ42.41.BC2	1983
CoV|H9EJ42.42.BC1	13576
CoV|H9EJ42.42.BC2	32201
CoV|H9EJ42.43.BC1	27526
CoV|H9EJ42.43.BC2	1233
CoV|H9EJ42.44.BC1	12791
CoV|H9EJ42.44.BC2	29794
CoV|H9EJ42.45.BC1	31672
CoV|H9EJ42.45.BC2	13703
CoV|H9EJ42.46.BC1	21667
CoV|H9EJ42.46.BC2	44399
CoV|H9EJ42.47.BC1	17156
CoV|H9EJ42.47.BC2	35770
CoV|H9EJ42.48.BC1	7846
CoV|H9EJ42.48.BC2	15834
CoV|H9EJ42.49.BC1	10099
CoV|H9EJ42.49.BC2	12604
CoV|H9EJ42.5.BC1	22572
CoV|H9EJ42.5.BC2	30863
CoV|H9EJ42.50.BC1	27047
CoV|H9EJ42.50.BC2	20266
CoV|H9EJ42.51.BC1	18043
CoV|H9EJ42.51.BC2	25427
CoV|H9EJ42.52.BC1	6028
CoV|H9EJ42.52.BC2	7264
CoV|H9EJ42.53.BC1	16970
CoV|H9EJ42.53.BC2	6172
CoV|H9EJ42.54.BC1	13305
CoV|H9EJ42.54.BC2	16738
CoV|H9EJ42.55.BC1	9436
CoV|H9EJ42.55.BC2	6705
CoV|H9EJ42.56.BC1	32460
CoV|H9EJ42.56.BC2	67972
CoV|H9EJ42.57.BC1	13883
CoV|H9EJ42.57.BC2	29312
CoV|H9EJ42.58.BC1	14470
CoV|H9EJ42.58.BC2	5974
CoV|H9EJ42.59.BC1	11901
CoV|H9EJ42.59.BC2	10248
CoV|H9EJ42.6.BC1	21036
CoV|H9EJ42.6.BC2	31446
CoV|H9EJ42.60.BC1	4021
CoV|H9EJ42.60.BC2	12415
CoV|H9EJ42.61.BC1	9808
CoV|H9EJ42.61.BC2	4207
CoV|H9EJ42.62.BC1	23916
CoV|H9EJ42.62.BC2	17877
CoV|H9EJ42.63.BC1	37829
CoV|H9EJ42.63.BC2	21160
CoV|H9EJ42.64.BC1	18327
CoV|H9EJ42.64.BC2	23650
CoV|H9EJ42.65.BC1	25845
CoV|H9EJ42.65.BC2	25245
CoV|H9EJ42.66.BC1	2586
CoV|H9EJ42.66.BC2	7439
CoV|H9EJ42.67.BC1	25221
CoV|H9EJ42.67.BC2	38171
CoV|H9EJ42.68.BC1	11454
CoV|H9EJ42.68.BC2	29363
CoV|H9EJ42.69.BC1	17163
CoV|H9EJ42.69.BC2	64153
CoV|H9EJ42.7.BC1	15385
CoV|H9EJ42.7.BC2	10019
CoV|H9EJ42.70.BC1	29413
CoV|H9EJ42.70.BC2	32269
CoV|H9EJ42.71.BC1	21945
CoV|H9EJ42.71.BC2	18419
CoV|H9EJ42.72.BC1	18200
CoV|H9EJ42.72.BC2	20026
CoV|H9EJ42.73.BC1	1456
CoV|H9EJ42.73.BC2	2968
CoV|H9EJ42.74.BC1	22289
CoV|H9EJ42.74.BC2	38972
CoV|H9EJ42.75.BC1	26746
CoV|H9EJ42.75.BC2	22690
CoV|H9EJ42.76.BC1	26080
CoV|H9EJ42.76.BC2	43347
CoV|H9EJ42.77.BC1	28678
CoV|H9EJ42.77.BC2	38192
CoV|H9EJ42.78.BC1	43105
CoV|H9EJ42.78.BC2	28869
CoV|H9EJ42.79.BC1	15950
CoV|H9EJ42.79.BC2	13590
CoV|H9EJ42.8.BC1	30018
CoV|H9EJ42.8.BC2	20065
CoV|H9EJ42.80.BC1	11505
CoV|H9EJ42.80.BC2	6440
CoV|H9EJ42.81.BC1	9738
CoV|H9EJ42.81.BC2	15225
CoV|H9EJ42.82.BC1	33634
CoV|H9EJ42.82.BC2	26198
CoV|H9EJ42.83.BC1	49198
CoV|H9EJ42.83.BC2	36325
CoV|H9EJ42.84.BC1	3138
CoV|H9EJ42.84.BC2	19629
CoV|H9EJ42.85.BC1	31014
CoV|H9EJ42.85.BC2	16056
CoV|H9EJ42.86.BC1	22058
CoV|H9EJ42.86.BC2	30245
CoV|H9EJ42.87.BC1	28372
CoV|H9EJ42.87.BC2	39086
CoV|H9EJ42.88.BC1	34842
CoV|H9EJ42.88.BC2	23274
CoV|H9EJ42.89.BC1	32093
CoV|H9EJ42.89.BC2	18216
CoV|H9EJ42.9.BC1	24788
CoV|H9EJ42.9.BC2	16467
CoV|H9EJ42.90.BC1	11027
CoV|H9EJ42.90.BC2	13100
CoV|H9EJ42.91.BC1	9788
CoV|H9EJ42.91.BC2	7292
CoV|H9EJ42.92.BC1	27644
CoV|H9EJ42.92.BC2	37091
CoV|H9EJ42.93.BC1	33702
CoV|H9EJ42.93.BC2	18904
CoV|H9EJ42.94.BC1	13841
CoV|H9EJ42.94.BC2	21623
CoV|H9EJ42.95.BC1	12627
CoV|H9EJ42.95.BC2	19222
CoV|H9EJ42.96.BC1	13188
CoV|H9EJ42.96.BC2	30633
CoV|H9EJ42.97.BC1	19666
CoV|H9EJ42.97.BC2	27991
CoV|H9EJ42.98.BC1	17593
CoV|H9EJ42.98.BC2	22924
CoV|H9EJ42.99.BC1	23328
CoV|H9EJ42.99.BC2	48819
CoV|H9EJ43.143.BC1	43447
CoV|H9EJ43.143.BC2	13479
CoV|H9EJ43.144.BC1	35895
CoV|H9EJ43.144.BC2	53488
CoV|H9EJ44.0.BC1	26360
CoV|H9EJ44.0.BC2	28182
CoV|H9EJ44.1.BC1	14135
CoV|H9EJ44.1.BC2	14416
CoV|H9EJ44.10.BC1	15977
CoV|H9EJ44.10.BC2	23999
CoV|H9EJ44.11.BC1	7376
CoV|H9EJ44.11.BC2	10932
CoV|H9EJ44.12.BC1	9082
CoV|H9EJ44.12.BC2	24770
CoV|H9EJ44.13.BC1	6732
CoV|H9EJ44.13.BC2	5251
CoV|H9EJ44.14.BC1	1704
CoV|H9EJ44.14.BC2	1461
CoV|H9EJ44.15.BC1	37445
CoV|H9EJ44.15.BC2	18614
CoV|H9EJ44.16.BC1	25103
CoV|H9EJ44.16.BC2	9045
CoV|H9EJ44.17.BC1	22342
CoV|H9EJ44.17.BC2	13963
CoV|H9EJ44.18.BC1	3485
CoV|H9EJ44.18.BC2	19150
CoV|H9EJ44.19.BC1	15117
CoV|H9EJ44.19.BC2	21905
CoV|H9EJ44.2.BC1	1467
CoV|H9EJ44.2.BC2	14178
CoV|H9EJ44.20.BC1	7107
CoV|H9EJ44.20.BC2	241
CoV|H9EJ44.21.BC1	20162
CoV|H9EJ44.21.BC2	7012
CoV|H9EJ44.22.BC1	9950
CoV|H9EJ44.22.BC2	21813
CoV|H9EJ44.23.BC1	21516
CoV|H9EJ44.23.BC2	17332
CoV|H9EJ44.24.BC1	9024
CoV|H9EJ44.24.BC2	22825
CoV|H9EJ44.25.BC1	41972
CoV|H9EJ44.25.BC2	12753
CoV|H9EJ44.26.BC1	13001
CoV|H9EJ44.26.BC2	2536
CoV|H9EJ44.27.BC1	12222
CoV|H9EJ44.27.BC2	7141
CoV|H9EJ44.28.BC1	33497
CoV|H9EJ44.28.BC2	39461
CoV|H9EJ44.29.BC1	58031
CoV|H9EJ44.29.BC2	55989
CoV|H9EJ44.3.BC1	5326
CoV|H9EJ44.3.BC2	11558
CoV|H9EJ44.30.BC1	36049
CoV|H9EJ44.30.BC2	25945
CoV|H9EJ44.31.BC1	34322
CoV|H9EJ44.31.BC2	50254
CoV|H9EJ44.32.BC1	29455
CoV|H9EJ44.32.BC2	45724
CoV|H9EJ44.33.BC1	10405
CoV|H9EJ44.33.BC2	14061
CoV|H9EJ44.34.BC1	26747
CoV|H9EJ44.34.BC2	17377
CoV|H9EJ44.35.BC1	5851
CoV|H9EJ44.35.BC2	11573
CoV|H9EJ44.36.BC1	22143
CoV|H9EJ44.36.BC2	28577
CoV|H9EJ44.37.BC1	23022
CoV|H9EJ44.37.BC2	12743
CoV|H9EJ44.38.BC1	29345
CoV|H9EJ44.38.BC2	19746
CoV|H9EJ44.39.BC1	12706
CoV|H9EJ44.39.BC2	6053
CoV|H9EJ44.4.BC1	10957
CoV|H9EJ44.4.BC2	13763
CoV|H9EJ44.40.BC1	6811
CoV|H9EJ44.40.BC2	23597
CoV|H9EJ44.41.BC1	13607
CoV|H9EJ44.41.BC2	28316
CoV|H9EJ44.42.BC1	10032
CoV|H9EJ44.42.BC2	5441
CoV|H9EJ44.43.BC1	29879
CoV|H9EJ44.43.BC2	31067
CoV|H9EJ44.44.BC1	7296
CoV|H9EJ44.44.BC2	6104
CoV|H9EJ44.45.BC1	17934
CoV|H9EJ44.45.BC2	22064
CoV|H9EJ44.46.BC1	24728
CoV|H9EJ44.46.BC2	28289
CoV|H9EJ44.47.BC1	35650
CoV|H9EJ44.47.BC2	19133
CoV|H9EJ44.5.BC1	21631
CoV|H9EJ44.5.BC2	4422
CoV|H9EJ44.6.BC1	10192
CoV|H9EJ44.6.BC2	1905
CoV|H9EJ44.7.BC1	34215
CoV|H9EJ44.7.BC2	38799
CoV|H9EJ44.8.BC1	38303
CoV|H9EJ44.8.BC2	25174
CoV|H9EJ44.9.BC1	19739
CoV|H9EJ44.9.BC2	10674
CoV|H9EJ69.0.BC1	28398
CoV|H9EJ69.0.BC2	25890
CoV|H9EJ69.1.BC1	20000
CoV|H9EJ69.1.BC2	23979
CoV|H9EJ69.10.BC1	10160
CoV|H9EJ69.10.BC2	4396
CoV|H9EJ69.11.BC1	52235
CoV|H9EJ69.11.BC2	34397
CoV|H9EJ69.12.BC1	85841
CoV|H9EJ69.12.BC2	23775
CoV|H9EJ69.2.BC1	22819
CoV|H9EJ69.2.BC2	11810
CoV|H9EJ69.3.BC1	17656
CoV|H9EJ69.3.BC2	23313
CoV|H9EJ69.4.BC1	47523
CoV|H9EJ69.4.BC2	21993
CoV|H9EJ69.5.BC1	35962
CoV|H9EJ69.5.BC2	38809
CoV|H9EJ69.6.BC1	14577
CoV|H9EJ69.6.BC2	29554
CoV|H9EJ69.7.BC1	37693
CoV|H9EJ69.7.BC2	18977
CoV|H9EJ69.8.BC1	65020
CoV|H9EJ69.8.BC2	46007
CoV|H9EJ69.9.BC1	43758
CoV|H9EJ69.9.BC2	31030
CoV|H9EJA2.0.BC1	47926
CoV|H9EJA2.0.BC2	30078
CoV|H9EJA2.1.BC1	46926
CoV|H9EJA2.1.BC2	30171
CoV|P0C5A6.0.BC1	14313
CoV|P0C5A6.0.BC2	31306
CoV|P0C5A6.1.BC1	15508
CoV|P0C5A6.1.BC2	10216
CoV|P0C5A6.2.BC1	33982
CoV|P0C5A6.2.BC2	27440
CoV|P0C5A9.0.BC1	35399
CoV|P0C5A9.0.BC2	23555
CoV|P0C5B5.0.BC1	10677
CoV|P0C5B5.0.BC2	25230
CoV|P0C5B5.1.BC1	8755
CoV|P0C5B5.1.BC2	9618
CoV|P0C5B5.2.BC1	9756
CoV|P0C5B5.2.BC2	3183
CoV|P0C5B5.3.BC1	15815
CoV|P0C5B5.3.BC2	30332
CoV|P0C5B5.4.BC1	24041
CoV|P0C5B5.4.BC2	15860
CoV|P0C5B5.5.BC1	23924
CoV|P0C5B5.5.BC2	29150
CoV|P0C5B5.6.BC1	21418
CoV|P0C5B5.6.BC2	24053
CoV|P0C6F5.0.BC1	27261
CoV|P0C6F5.0.BC2	26650
CoV|P0C6F5.1.BC1	19154
CoV|P0C6F5.1.BC2	36334
CoV|P0C6F5.100.BC1	19616
CoV|P0C6F5.100.BC2	10796
CoV|P0C6F5.101.BC1	503
CoV|P0C6F5.101.BC2	5069
CoV|P0C6F5.102.BC1	34387
CoV|P0C6F5.102.BC2	14218
CoV|P0C6F5.103.BC1	39475
CoV|P0C6F5.103.BC2	25687
CoV|P0C6F5.104.BC1	22054
CoV|P0C6F5.104.BC2	14752
CoV|P0C6F5.105.BC1	23399
CoV|P0C6F5.105.BC2	21150
CoV|P0C6F5.106.BC1	20403
CoV|P0C6F5.106.BC2	42061
CoV|P0C6F5.107.BC1	19900
CoV|P0C6F5.107.BC2	12250
CoV|P0C6F5.108.BC1	45855
CoV|P0C6F5.108.BC2	43837
CoV|P0C6F5.109.BC1	35445
CoV|P0C6F5.109.BC2	27763
CoV|P0C6F5.11.BC1	37213
CoV|P0C6F5.11.BC2	42060
CoV|P0C6F5.110.BC1	60974
CoV|P0C6F5.110.BC2	32079
CoV|P0C6F5.111.BC1	29070
CoV|P0C6F5.111.BC2	37309
CoV|P0C6F5.112.BC1	14308
CoV|P0C6F5.112.BC2	16044
CoV|P0C6F5.113.BC1	19952
CoV|P0C6F5.113.BC2	11313
CoV|P0C6F5.114.BC1	18078
CoV|P0C6F5.114.BC2	16547
CoV|P0C6F5.115.BC1	37232
CoV|P0C6F5.115.BC2	31258
CoV|P0C6F5.116.BC1	29346
CoV|P0C6F5.116.BC2	27243
CoV|P0C6F5.117.BC1	37169
CoV|P0C6F5.117.BC2	30411
CoV|P0C6F5.118.BC1	24722
CoV|P0C6F5.118.BC2	26264
CoV|P0C6F5.119.BC1	26437
CoV|P0C6F5.119.BC2	29619
CoV|P0C6F5.12.BC1	27574
CoV|P0C6F5.12.BC2	30742
CoV|P0C6F5.120.BC1	21272
CoV|P0C6F5.120.BC2	14064
CoV|P0C6F5.121.BC1	24217
CoV|P0C6F5.121.BC2	20232
CoV|P0C6F5.122.BC1	12236
CoV|P0C6F5.122.BC2	29593
CoV|P0C6F5.123.BC1	15273
CoV|P0C6F5.123.BC2	8113
CoV|P0C6F5.124.BC1	21746
CoV|P0C6F5.124.BC2	22529
CoV|P0C6F5.125.BC1	27759
CoV|P0C6F5.125.BC2	25247
CoV|P0C6F5.126.BC1	10787
CoV|P0C6F5.126.BC2	23498
CoV|P0C6F5.127.BC1	21907
CoV|P0C6F5.127.BC2	42594
CoV|P0C6F5.128.BC1	22935
CoV|P0C6F5.128.BC2	34897
CoV|P0C6F5.129.BC1	26268
CoV|P0C6F5.129.BC2	29519
CoV|P0C6F5.13.BC1	19530
CoV|P0C6F5.13.BC2	16451
CoV|P0C6F5.130.BC1	54674
CoV|P0C6F5.130.BC2	48502
CoV|P0C6F5.131.BC1	43706
CoV|P0C6F5.131.BC2	34947
CoV|P0C6F5.132.BC1	32249
CoV|P0C6F5.132.BC2	23615
CoV|P0C6F5.133.BC1	53189
CoV|P0C6F5.133.BC2	59368
CoV|P0C6F5.134.BC1	33192
CoV|P0C6F5.134.BC2	35269
CoV|P0C6F5.135.BC1	21707
CoV|P0C6F5.135.BC2	6509
CoV|P0C6F5.136.BC1	16171
CoV|P0C6F5.136.BC2	26878
CoV|P0C6F5.137.BC1	11941
CoV|P0C6F5.137.BC2	10169
CoV|P0C6F5.138.BC1	8991
CoV|P0C6F5.138.BC2	8440
CoV|P0C6F5.139.BC1	18025
CoV|P0C6F5.139.BC2	21692
CoV|P0C6F5.14.BC1	22104
CoV|P0C6F5.14.BC2	11431
CoV|P0C6F5.140.BC1	30159
CoV|P0C6F5.140.BC2	19441
CoV|P0C6F5.141.BC1	36754
CoV|P0C6F5.141.BC2	38715
CoV|P0C6F5.142.BC1	10750
CoV|P0C6F5.142.BC2	53074
CoV|P0C6F5.143.BC1	20549
CoV|P0C6F5.143.BC2	25955
CoV|P0C6F5.144.BC1	23080
CoV|P0C6F5.144.BC2	20136
CoV|P0C6F5.145.BC1	31827
CoV|P0C6F5.145.BC2	18323
CoV|P0C6F5.146.BC1	15553
CoV|P0C6F5.146.BC2	32161
CoV|P0C6F5.147.BC1	30037
CoV|P0C6F5.147.BC2	55175
CoV|P0C6F5.148.BC1	12271
CoV|P0C6F5.148.BC2	32011
CoV|P0C6F5.149.BC1	26166
CoV|P0C6F5.149.BC2	25082
CoV|P0C6F5.15.BC1	18278
CoV|P0C6F5.15.BC2	31142
CoV|P0C6F5.150.BC1	25886
CoV|P0C6F5.150.BC2	28350
CoV|P0C6F5.151.BC1	27293
CoV|P0C6F5.151.BC2	16025
CoV|P0C6F5.152.BC1	26358
CoV|P0C6F5.152.BC2	17464
CoV|P0C6F5.153.BC1	26031
CoV|P0C6F5.153.BC2	15205
CoV|P0C6F5.154.BC1	52928
CoV|P0C6F5.154.BC2	39759
CoV|P0C6F5.155.BC1	40191
CoV|P0C6F5.155.BC2	41003
CoV|P0C6F5.16.BC1	4671
CoV|P0C6F5.16.BC2	7601
CoV|P0C6F5.17.BC1	41311
CoV|P0C6F5.17.BC2	27107
CoV|P0C6F5.18.BC1	20749
CoV|P0C6F5.18.BC2	25328
CoV|P0C6F5.19.BC1	22680
CoV|P0C6F5.19.BC2	23219
CoV|P0C6F5.2.BC1	15305
CoV|P0C6F5.2.BC2	19528
CoV|P0C6F5.20.BC1	23491
CoV|P0C6F5.20.BC2	25609
CoV|P0C6F5.21.BC1	20501
CoV|P0C6F5.21.BC2	8522
CoV|P0C6F5.22.BC1	8512
CoV|P0C6F5.22.BC2	9714
CoV|P0C6F5.23.BC1	3802
CoV|P0C6F5.23.BC2	15304
CoV|P0C6F5.24.BC1	6654
CoV|P0C6F5.24.BC2	14025
CoV|P0C6F5.25.BC1	30738
CoV|P0C6F5.25.BC2	11620
CoV|P0C6F5.26.BC1	21688
CoV|P0C6F5.26.BC2	32092
CoV|P0C6F5.27.BC1	26027
CoV|P0C6F5.27.BC2	36289
CoV|P0C6F5.28.BC1	28632
CoV|P0C6F5.28.BC2	36306
CoV|P0C6F5.29.BC1	19575
CoV|P0C6F5.29.BC2	14537
CoV|P0C6F5.3.BC1	32484
CoV|P0C6F5.3.BC2	30014
CoV|P0C6F5.30.BC1	18784
CoV|P0C6F5.30.BC2	22204
CoV|P0C6F5.31.BC1	12330
CoV|P0C6F5.31.BC2	18568
CoV|P0C6F5.32.BC1	25924
CoV|P0C6F5.32.BC2	18924
CoV|P0C6F5.33.BC1	8482
CoV|P0C6F5.33.BC2	16244
CoV|P0C6F5.34.BC1	15677
CoV|P0C6F5.34.BC2	13969
CoV|P0C6F5.35.BC1	19765
CoV|P0C6F5.35.BC2	32348
CoV|P0C6F5.36.BC1	28017
CoV|P0C6F5.36.BC2	31819
CoV|P0C6F5.37.BC1	41633
CoV|P0C6F5.37.BC2	30845
CoV|P0C6F5.38.BC1	39431
CoV|P0C6F5.38.BC2	25889
CoV|P0C6F5.39.BC1	28958
CoV|P0C6F5.39.BC2	30193
CoV|P0C6F5.4.BC1	11683
CoV|P0C6F5.4.BC2	17620
CoV|P0C6F5.40.BC1	18142
CoV|P0C6F5.40.BC2	13519
CoV|P0C6F5.41.BC1	12763
CoV|P0C6F5.41.BC2	41283
CoV|P0C6F5.42.BC1	15127
CoV|P0C6F5.42.BC2	12089
CoV|P0C6F5.43.BC1	16677
CoV|P0C6F5.43.BC2	17435
CoV|P0C6F5.44.BC1	15014
CoV|P0C6F5.44.BC2	13518
CoV|P0C6F5.45.BC1	27365
CoV|P0C6F5.45.BC2	20778
CoV|P0C6F5.46.BC1	35676
CoV|P0C6F5.46.BC2	27416
CoV|P0C6F5.47.BC1	16088
CoV|P0C6F5.47.BC2	20639
CoV|P0C6F5.48.BC1	18539
CoV|P0C6F5.48.BC2	12467
CoV|P0C6F5.49.BC1	6679
CoV|P0C6F5.49.BC2	9558
CoV|P0C6F5.5.BC1	19181
CoV|P0C6F5.5.BC2	11576
CoV|P0C6F5.50.BC1	21444
CoV|P0C6F5.50.BC2	33223
CoV|P0C6F5.51.BC1	35491
CoV|P0C6F5.51.BC2	31364
CoV|P0C6F5.52.BC1	43302
CoV|P0C6F5.52.BC2	22795
CoV|P0C6F5.53.BC1	37836
CoV|P0C6F5.53.BC2	25774
CoV|P0C6F5.54.BC1	10214
CoV|P0C6F5.54.BC2	8409
CoV|P0C6F5.55.BC1	14476
CoV|P0C6F5.55.BC2	10278
CoV|P0C6F5.56.BC1	29539
CoV|P0C6F5.56.BC2	39879
CoV|P0C6F5.57.BC1	18770
CoV|P0C6F5.57.BC2	26634
CoV|P0C6F5.58.BC1	22335
CoV|P0C6F5.58.BC2	24912
CoV|P0C6F5.59.BC1	9392
CoV|P0C6F5.59.BC2	12361
CoV|P0C6F5.6.BC1	26922
CoV|P0C6F5.6.BC2	24747
CoV|P0C6F5.60.BC1	13191
CoV|P0C6F5.60.BC2	5372
CoV|P0C6F5.61.BC1	26891
CoV|P0C6F5.61.BC2	32438
CoV|P0C6F5.62.BC1	20457
CoV|P0C6F5.62.BC2	32079
CoV|P0C6F5.63.BC1	19325
CoV|P0C6F5.63.BC2	34797
CoV|P0C6F5.64.BC1	17033
CoV|P0C6F5.64.BC2	17522
CoV|P0C6F5.65.BC1	9730
CoV|P0C6F5.65.BC2	5022
CoV|P0C6F5.66.BC1	15049
CoV|P0C6F5.66.BC2	39680
CoV|P0C6F5.67.BC1	32074
CoV|P0C6F5.67.BC2	42586
CoV|P0C6F5.68.BC1	21547
CoV|P0C6F5.68.BC2	26001
CoV|P0C6F5.69.BC1	19631
CoV|P0C6F5.69.BC2	19222
CoV|P0C6F5.7.BC1	11477
CoV|P0C6F5.7.BC2	8794
CoV|P0C6F5.70.BC1	11891
CoV|P0C6F5.70.BC2	20484
CoV|P0C6F5.71.BC1	17171
CoV|P0C6F5.71.BC2	23017
CoV|P0C6F5.72.BC1	42402
CoV|P0C6F5.72.BC2	27819
CoV|P0C6F5.73.BC1	39629
CoV|P0C6F5.73.BC2	25696
CoV|P0C6F5.74.BC1	28479
CoV|P0C6F5.74.BC2	15637
CoV|P0C6F5.75.BC1	23323
CoV|P0C6F5.75.BC2	38265
CoV|P0C6F5.76.BC1	30636
CoV|P0C6F5.76.BC2	24869
CoV|P0C6F5.77.BC1	18544
CoV|P0C6F5.77.BC2	9054
CoV|P0C6F5.78.BC1	22253
CoV|P0C6F5.78.BC2	35257
CoV|P0C6F5.79.BC1	25762
CoV|P0C6F5.79.BC2	17367
CoV|P0C6F5.8.BC1	5295
CoV|P0C6F5.8.BC2	28532
CoV|P0C6F5.80.BC1	24234
CoV|P0C6F5.80.BC2	15922
CoV|P0C6F5.81.BC1	30803
CoV|P0C6F5.81.BC2	15280
CoV|P0C6F5.82.BC1	22252
CoV|P0C6F5.82.BC2	19517
CoV|P0C6F5.83.BC1	26980
CoV|P0C6F5.83.BC2	54467
CoV|P0C6F5.84.BC1	11133
CoV|P0C6F5.84.BC2	24447
CoV|P0C6F5.85.BC1	36278
CoV|P0C6F5.85.BC2	20202
CoV|P0C6F5.86.BC1	18052
CoV|P0C6F5.86.BC2	30103
CoV|P0C6F5.87.BC1	25834
CoV|P0C6F5.87.BC2	14849
CoV|P0C6F5.88.BC1	38517
CoV|P0C6F5.88.BC2	37012
CoV|P0C6F5.89.BC1	24864
CoV|P0C6F5.89.BC2	373
CoV|P0C6F5.90.BC1	25421
CoV|P0C6F5.90.BC2	35266
CoV|P0C6F5.91.BC1	17027
CoV|P0C6F5.91.BC2	34183
CoV|P0C6F5.92.BC1	10329
CoV|P0C6F5.92.BC2	17701
CoV|P0C6F5.93.BC1	27672
CoV|P0C6F5.93.BC2	30630
CoV|P0C6F5.94.BC1	26256
CoV|P0C6F5.94.BC2	30377
CoV|P0C6F5.95.BC1	30586
CoV|P0C6F5.95.BC2	25508
CoV|P0C6F5.96.BC1	19335
CoV|P0C6F5.96.BC2	31261
CoV|P0C6F5.97.BC1	31918
CoV|P0C6F5.97.BC2	22773
CoV|P0C6F5.98.BC1	19021
CoV|P0C6F5.98.BC2	19787
CoV|P0C6F5.99.BC1	34571
CoV|P0C6F5.99.BC2	37308
CoV|P0C6T7.0.BC1	31743
CoV|P0C6T7.0.BC2	9959
CoV|P0C6T7.1.BC1	33244
CoV|P0C6T7.1.BC2	31830
CoV|P0C6T7.10.BC1	33695
CoV|P0C6T7.10.BC2	25208
CoV|P0C6T7.100.BC1	11780
CoV|P0C6T7.100.BC2	17392
CoV|P0C6T7.101.BC1	18310
CoV|P0C6T7.101.BC2	15135
CoV|P0C6T7.102.BC1	16839
CoV|P0C6T7.102.BC2	1489
CoV|P0C6T7.103.BC1	52278
CoV|P0C6T7.103.BC2	19181
CoV|P0C6T7.104.BC1	33490
CoV|P0C6T7.104.BC2	37234
CoV|P0C6T7.105.BC1	20821
CoV|P0C6T7.105.BC2	39104
CoV|P0C6T7.106.BC1	36505
CoV|P0C6T7.106.BC2	16054
CoV|P0C6T7.107.BC1	28859
CoV|P0C6T7.107.BC2	17564
CoV|P0C6T7.108.BC1	12519
CoV|P0C6T7.108.BC2	18789
CoV|P0C6T7.109.BC1	35560
CoV|P0C6T7.109.BC2	33132
CoV|P0C6T7.11.BC1	21974
CoV|P0C6T7.11.BC2	37292
CoV|P0C6T7.110.BC1	46139
CoV|P0C6T7.110.BC2	26861
CoV|P0C6T7.111.BC1	11872
CoV|P0C6T7.111.BC2	11735
CoV|P0C6T7.112.BC1	13654
CoV|P0C6T7.112.BC2	5939
CoV|P0C6T7.113.BC1	20000
CoV|P0C6T7.113.BC2	14063
CoV|P0C6T7.114.BC1	10377
CoV|P0C6T7.114.BC2	18944
CoV|P0C6T7.115.BC1	10381
CoV|P0C6T7.115.BC2	9168
CoV|P0C6T7.116.BC1	1061
CoV|P0C6T7.116.BC2	5546
CoV|P0C6T7.117.BC1	14227
CoV|P0C6T7.117.BC2	31753
CoV|P0C6T7.118.BC1	13954
CoV|P0C6T7.118.BC2	38499
CoV|P0C6T7.119.BC1	22330
CoV|P0C6T7.119.BC2	20854
CoV|P0C6T7.12.BC1	20161
CoV|P0C6T7.12.BC2	40223
CoV|P0C6T7.120.BC1	30877
CoV|P0C6T7.120.BC2	20707
CoV|P0C6T7.121.BC1	29212
CoV|P0C6T7.121.BC2	32631
CoV|P0C6T7.122.BC1	17574
CoV|P0C6T7.122.BC2	17951
CoV|P0C6T7.123.BC1	14386
CoV|P0C6T7.123.BC2	17978
CoV|P0C6T7.124.BC1	27020
CoV|P0C6T7.124.BC2	26820
CoV|P0C6T7.125.BC1	28527
CoV|P0C6T7.125.BC2	14250
CoV|P0C6T7.126.BC1	19507
CoV|P0C6T7.126.BC2	17997
CoV|P0C6T7.127.BC1	16818
CoV|P0C6T7.127.BC2	10858
CoV|P0C6T7.128.BC1	13985
CoV|P0C6T7.128.BC2	43852
CoV|P0C6T7.129.BC1	17397
CoV|P0C6T7.129.BC2	13763
CoV|P0C6T7.13.BC1	18707
CoV|P0C6T7.13.BC2	10064
CoV|P0C6T7.130.BC1	45848
CoV|P0C6T7.130.BC2	25604
CoV|P0C6T7.131.BC1	19583
CoV|P0C6T7.131.BC2	16732
CoV|P0C6T7.132.BC1	29552
CoV|P0C6T7.132.BC2	44254
CoV|P0C6T7.133.BC1	52650
CoV|P0C6T7.133.BC2	47698
CoV|P0C6T7.134.BC1	3548
CoV|P0C6T7.134.BC2	22361
CoV|P0C6T7.135.BC1	18127
CoV|P0C6T7.135.BC2	17613
CoV|P0C6T7.136.BC1	48756
CoV|P0C6T7.136.BC2	5988
CoV|P0C6T7.137.BC1	11329
CoV|P0C6T7.137.BC2	15608
CoV|P0C6T7.138.BC1	7632
CoV|P0C6T7.138.BC2	24246
CoV|P0C6T7.139.BC1	41413
CoV|P0C6T7.139.BC2	56965
CoV|P0C6T7.140.BC1	9498
CoV|P0C6T7.140.BC2	43809
CoV|P0C6T7.141.BC1	38949
CoV|P0C6T7.141.BC2	8401
CoV|P0C6T7.142.BC1	31747
CoV|P0C6T7.142.BC2	15462
CoV|P0C6T7.143.BC1	31386
CoV|P0C6T7.143.BC2	12522
CoV|P0C6T7.144.BC1	21145
CoV|P0C6T7.144.BC2	13872
CoV|P0C6T7.145.BC1	22622
CoV|P0C6T7.145.BC2	21149
CoV|P0C6T7.146.BC1	49927
CoV|P0C6T7.146.BC2	37081
CoV|P0C6T7.147.BC1	53178
CoV|P0C6T7.147.BC2	58140
CoV|P0C6T7.148.BC1	51339
CoV|P0C6T7.148.BC2	27815
CoV|P0C6T7.149.BC1	33544
CoV|P0C6T7.149.BC2	22649
CoV|P0C6T7.15.BC1	5146
CoV|P0C6T7.15.BC2	9173
CoV|P0C6T7.150.BC1	3799
CoV|P0C6T7.150.BC2	17190
CoV|P0C6T7.151.BC1	16861
CoV|P0C6T7.151.BC2	9151
CoV|P0C6T7.152.BC1	21598
CoV|P0C6T7.152.BC2	22208
CoV|P0C6T7.153.BC1	27913
CoV|P0C6T7.153.BC2	8819
CoV|P0C6T7.154.BC1	48645
CoV|P0C6T7.154.BC2	20145
CoV|P0C6T7.155.BC1	45506
CoV|P0C6T7.155.BC2	33575
CoV|P0C6T7.16.BC1	5111
CoV|P0C6T7.16.BC2	10245
CoV|P0C6T7.17.BC1	41567
CoV|P0C6T7.17.BC2	23986
CoV|P0C6T7.18.BC1	27943
CoV|P0C6T7.18.BC2	24885
CoV|P0C6T7.19.BC1	19019
CoV|P0C6T7.19.BC2	23998
CoV|P0C6T7.2.BC1	31787
CoV|P0C6T7.2.BC2	38745
CoV|P0C6T7.20.BC1	9000
CoV|P0C6T7.20.BC2	23981
CoV|P0C6T7.21.BC1	13547
CoV|P0C6T7.21.BC2	30859
CoV|P0C6T7.22.BC1	6860
CoV|P0C6T7.22.BC2	6644
CoV|P0C6T7.23.BC1	7216
CoV|P0C6T7.23.BC2	6906
CoV|P0C6T7.24.BC1	7372
CoV|P0C6T7.24.BC2	8688
CoV|P0C6T7.26.BC1	48461
CoV|P0C6T7.26.BC2	30405
CoV|P0C6T7.27.BC1	31572
CoV|P0C6T7.27.BC2	36051
CoV|P0C6T7.28.BC1	22602
CoV|P0C6T7.28.BC2	23042
CoV|P0C6T7.29.BC1	22187
CoV|P0C6T7.29.BC2	21586
CoV|P0C6T7.3.BC1	31150
CoV|P0C6T7.3.BC2	30633
CoV|P0C6T7.31.BC1	7206
CoV|P0C6T7.31.BC2	13644
CoV|P0C6T7.32.BC1	15152
CoV|P0C6T7.32.BC2	12268
CoV|P0C6T7.33.BC1	23553
CoV|P0C6T7.33.BC2	15686
CoV|P0C6T7.34.BC1	38320
CoV|P0C6T7.34.BC2	15772
CoV|P0C6T7.35.BC1	31028
CoV|P0C6T7.35.BC2	44980
CoV|P0C6T7.36.BC1	37455
CoV|P0C6T7.36.BC2	15614
CoV|P0C6T7.37.BC1	26945
CoV|P0C6T7.37.BC2	35674
CoV|P0C6T7.38.BC1	24438
CoV|P0C6T7.38.BC2	31279
CoV|P0C6T7.39.BC1	13428
CoV|P0C6T7.39.BC2	34625
CoV|P0C6T7.40.BC1	8458
CoV|P0C6T7.40.BC2	13597
CoV|P0C6T7.41.BC1	19385
CoV|P0C6T7.41.BC2	40419
CoV|P0C6T7.42.BC1	13820
CoV|P0C6T7.42.BC2	35105
CoV|P0C6T7.43.BC1	15197
CoV|P0C6T7.43.BC2	11990
CoV|P0C6T7.44.BC1	28737
CoV|P0C6T7.44.BC2	18520
CoV|P0C6T7.45.BC1	29137
CoV|P0C6T7.45.BC2	31950
CoV|P0C6T7.46.BC1	23471
CoV|P0C6T7.46.BC2	24692
CoV|P0C6T7.47.BC1	31786
CoV|P0C6T7.47.BC2	40286
CoV|P0C6T7.48.BC1	4273
CoV|P0C6T7.48.BC2	11771
CoV|P0C6T7.49.BC1	17762
CoV|P0C6T7.49.BC2	21670
CoV|P0C6T7.5.BC1	48400
CoV|P0C6T7.5.BC2	17082
CoV|P0C6T7.50.BC1	41670
CoV|P0C6T7.50.BC2	49515
CoV|P0C6T7.51.BC1	24234
CoV|P0C6T7.51.BC2	27084
CoV|P0C6T7.52.BC1	28379
CoV|P0C6T7.52.BC2	14874
CoV|P0C6T7.53.BC1	23811
CoV|P0C6T7.53.BC2	14642
CoV|P0C6T7.54.BC1	18296
CoV|P0C6T7.54.BC2	35645
CoV|P0C6T7.55.BC1	22527
CoV|P0C6T7.55.BC2	47029
CoV|P0C6T7.56.BC1	41604
CoV|P0C6T7.56.BC2	51043
CoV|P0C6T7.57.BC1	11651
CoV|P0C6T7.57.BC2	24004
CoV|P0C6T7.58.BC1	21075
CoV|P0C6T7.58.BC2	20813
CoV|P0C6T7.59.BC1	9874
CoV|P0C6T7.59.BC2	6013
CoV|P0C6T7.6.BC1	25614
CoV|P0C6T7.6.BC2	7896
CoV|P0C6T7.60.BC1	22087
CoV|P0C6T7.60.BC2	12623
CoV|P0C6T7.61.BC1	18522
CoV|P0C6T7.61.BC2	12867
CoV|P0C6T7.62.BC1	25195
CoV|P0C6T7.62.BC2	14167
CoV|P0C6T7.63.BC1	7068
CoV|P0C6T7.63.BC2	19686
CoV|P0C6T7.64.BC1	24994
CoV|P0C6T7.64.BC2	16478
CoV|P0C6T7.65.BC1	35298
CoV|P0C6T7.65.BC2	27348
CoV|P0C6T7.66.BC1	12839
CoV|P0C6T7.66.BC2	12110
CoV|P0C6T7.67.BC1	42447
CoV|P0C6T7.67.BC2	23921
CoV|P0C6T7.68.BC1	26473
CoV|P0C6T7.68.BC2	31219
CoV|P0C6T7.69.BC1	24635
CoV|P0C6T7.69.BC2	24265
CoV|P0C6T7.7.BC1	3647
CoV|P0C6T7.7.BC2	18125
CoV|P0C6T7.70.BC1	26353
CoV|P0C6T7.70.BC2	50925
CoV|P0C6T7.71.BC1	32582
CoV|P0C6T7.71.BC2	25445
CoV|P0C6T7.72.BC1	32034
CoV|P0C6T7.72.BC2	29191
CoV|P0C6T7.73.BC1	24872
CoV|P0C6T7.73.BC2	36573
CoV|P0C6T7.74.BC1	24944
CoV|P0C6T7.74.BC2	23972
CoV|P0C6T7.75.BC1	41251
CoV|P0C6T7.75.BC2	27876
CoV|P0C6T7.76.BC1	20704
CoV|P0C6T7.76.BC2	24053
CoV|P0C6T7.77.BC1	5111
CoV|P0C6T7.77.BC2	13122
CoV|P0C6T7.78.BC1	24989
CoV|P0C6T7.78.BC2	9638
CoV|P0C6T7.79.BC1	8255
CoV|P0C6T7.79.BC2	16907
CoV|P0C6T7.8.BC1	20153
CoV|P0C6T7.8.BC2	9805
CoV|P0C6T7.80.BC1	10359
CoV|P0C6T7.80.BC2	11095
CoV|P0C6T7.81.BC1	14611
CoV|P0C6T7.81.BC2	20709
CoV|P0C6T7.82.BC1	22211
CoV|P0C6T7.82.BC2	29595
CoV|P0C6T7.83.BC1	11026
CoV|P0C6T7.83.BC2	27891
CoV|P0C6T7.84.BC1	17874
CoV|P0C6T7.84.BC2	10309
CoV|P0C6T7.85.BC1	20820
CoV|P0C6T7.85.BC2	34055
CoV|P0C6T7.86.BC1	36199
CoV|P0C6T7.86.BC2	21725
CoV|P0C6T7.87.BC1	41411
CoV|P0C6T7.87.BC2	41384
CoV|P0C6T7.88.BC1	26205
CoV|P0C6T7.88.BC2	19351
CoV|P0C6T7.89.BC1	15765
CoV|P0C6T7.89.BC2	57779
CoV|P0C6T7.90.BC1	8932
CoV|P0C6T7.90.BC2	42186
CoV|P0C6T7.91.BC1	20728
CoV|P0C6T7.91.BC2	8268
CoV|P0C6T7.92.BC1	16871
CoV|P0C6T7.92.BC2	20540
CoV|P0C6T7.93.BC1	38387
CoV|P0C6T7.93.BC2	34379
CoV|P0C6T7.94.BC1	60142
CoV|P0C6T7.94.BC2	68885
CoV|P0C6T7.95.BC1	18963
CoV|P0C6T7.95.BC2	20664
CoV|P0C6T7.96.BC1	18010
CoV|P0C6T7.96.BC2	11839
CoV|P0C6T7.97.BC1	39047
CoV|P0C6T7.97.BC2	51894
CoV|P0C6T7.98.BC1	25798
CoV|P0C6T7.98.BC2	19977
CoV|P0C6T7.99.BC1	30857
CoV|P0C6T7.99.BC2	27969
CoV|P0C6U2.0.BC1	43654
CoV|P0C6U2.0.BC2	38379
CoV|P0C6U2.1.BC1	26999
CoV|P0C6U2.1.BC2	14756
CoV|P0C6U2.10.BC1	10319
CoV|P0C6U2.10.BC2	19572
CoV|P0C6U2.100.BC1	33378
CoV|P0C6U2.100.BC2	45041
CoV|P0C6U2.101.BC1	24301
CoV|P0C6U2.101.BC2	20133
CoV|P0C6U2.102.BC1	20449
CoV|P0C6U2.102.BC2	20672
CoV|P0C6U2.103.BC1	23660
CoV|P0C6U2.103.BC2	13480
CoV|P0C6U2.104.BC1	20786
CoV|P0C6U2.104.BC2	9271
CoV|P0C6U2.105.BC1	25753
CoV|P0C6U2.105.BC2	9995
CoV|P0C6U2.106.BC1	15754
CoV|P0C6U2.106.BC2	8738
CoV|P0C6U2.107.BC1	20997
CoV|P0C6U2.107.BC2	27260
CoV|P0C6U2.108.BC1	22347
CoV|P0C6U2.108.BC2	28464
CoV|P0C6U2.109.BC1	27273
CoV|P0C6U2.109.BC2	28216
CoV|P0C6U2.11.BC1	24641
CoV|P0C6U2.11.BC2	22356
CoV|P0C6U2.110.BC1	4770
CoV|P0C6U2.110.BC2	11947
CoV|P0C6U2.111.BC1	27904
CoV|P0C6U2.111.BC2	14376
CoV|P0C6U2.112.BC1	6918
CoV|P0C6U2.112.BC2	9890
CoV|P0C6U2.113.BC1	9798
CoV|P0C6U2.113.BC2	10982
CoV|P0C6U2.114.BC1	5873
CoV|P0C6U2.114.BC2	12391
CoV|P0C6U2.115.BC1	10397
CoV|P0C6U2.115.BC2	13094
CoV|P0C6U2.116.BC1	15389
CoV|P0C6U2.116.BC2	12929
CoV|P0C6U2.117.BC1	1535
CoV|P0C6U2.117.BC2	13429
CoV|P0C6U2.118.BC1	18743
CoV|P0C6U2.118.BC2	19506
CoV|P0C6U2.119.BC1	33388
CoV|P0C6U2.119.BC2	22057
CoV|P0C6U2.12.BC1	52141
CoV|P0C6U2.12.BC2	31895
CoV|P0C6U2.120.BC1	22844
CoV|P0C6U2.120.BC2	29765
CoV|P0C6U2.121.BC1	57682
CoV|P0C6U2.121.BC2	46090
CoV|P0C6U2.122.BC1	26806
CoV|P0C6U2.122.BC2	60399
CoV|P0C6U2.123.BC1	29972
CoV|P0C6U2.123.BC2	38296
CoV|P0C6U2.124.BC1	13542
CoV|P0C6U2.124.BC2	13500
CoV|P0C6U2.125.BC1	14501
CoV|P0C6U2.125.BC2	20673
CoV|P0C6U2.126.BC1	11780
CoV|P0C6U2.126.BC2	15745
CoV|P0C6U2.127.BC1	15402
CoV|P0C6U2.127.BC2	8241
CoV|P0C6U2.128.BC1	11742
CoV|P0C6U2.128.BC2	15753
CoV|P0C6U2.129.BC1	1808
CoV|P0C6U2.129.BC2	42997
CoV|P0C6U2.13.BC1	38072
CoV|P0C6U2.13.BC2	27566
CoV|P0C6U2.130.BC1	24804
CoV|P0C6U2.130.BC2	17579
CoV|P0C6U2.131.BC1	19786
CoV|P0C6U2.131.BC2	29995
CoV|P0C6U2.132.BC1	36760
CoV|P0C6U2.132.BC2	17378
CoV|P0C6U2.133.BC1	30056
CoV|P0C6U2.133.BC2	20252
CoV|P0C6U2.134.BC1	10240
CoV|P0C6U2.134.BC2	2373
CoV|P0C6U2.135.BC1	8121
CoV|P0C6U2.135.BC2	16500
CoV|P0C6U2.136.BC1	30351
CoV|P0C6U2.136.BC2	30346
CoV|P0C6U2.137.BC1	41384
CoV|P0C6U2.137.BC2	22410
CoV|P0C6U2.138.BC1	12012
CoV|P0C6U2.138.BC2	18042
CoV|P0C6U2.139.BC1	16210
CoV|P0C6U2.139.BC2	13103
CoV|P0C6U2.14.BC1	21886
CoV|P0C6U2.14.BC2	30467
CoV|P0C6U2.140.BC1	35525
CoV|P0C6U2.140.BC2	33409
CoV|P0C6U2.141.BC1	29472
CoV|P0C6U2.141.BC2	31417
CoV|P0C6U2.142.BC1	10481
CoV|P0C6U2.142.BC2	9154
CoV|P0C6U2.143.BC1	23409
CoV|P0C6U2.143.BC2	14662
CoV|P0C6U2.144.BC1	45821
CoV|P0C6U2.144.BC2	29098
CoV|P0C6U2.15.BC1	24303
CoV|P0C6U2.15.BC2	12509
CoV|P0C6U2.16.BC1	35591
CoV|P0C6U2.16.BC2	20656
CoV|P0C6U2.17.BC1	14927
CoV|P0C6U2.17.BC2	19119
CoV|P0C6U2.18.BC1	12603
CoV|P0C6U2.18.BC2	32915
CoV|P0C6U2.19.BC1	18498
CoV|P0C6U2.19.BC2	16119
CoV|P0C6U2.2.BC1	9172
CoV|P0C6U2.2.BC2	4551
CoV|P0C6U2.20.BC1	18074
CoV|P0C6U2.20.BC2	24148
CoV|P0C6U2.21.BC1	17969
CoV|P0C6U2.21.BC2	6214
CoV|P0C6U2.22.BC1	12712
CoV|P0C6U2.22.BC2	22794
CoV|P0C6U2.23.BC1	28399
CoV|P0C6U2.23.BC2	33100
CoV|P0C6U2.24.BC1	20711
CoV|P0C6U2.24.BC2	40039
CoV|P0C6U2.25.BC1	18443
CoV|P0C6U2.25.BC2	34886
CoV|P0C6U2.26.BC1	14770
CoV|P0C6U2.26.BC2	8845
CoV|P0C6U2.27.BC1	15645
CoV|P0C6U2.27.BC2	16003
CoV|P0C6U2.28.BC1	8999
CoV|P0C6U2.28.BC2	20576
CoV|P0C6U2.29.BC1	35198
CoV|P0C6U2.29.BC2	42789
CoV|P0C6U2.3.BC1	27931
CoV|P0C6U2.3.BC2	12089
CoV|P0C6U2.30.BC1	28745
CoV|P0C6U2.30.BC2	25031
CoV|P0C6U2.31.BC1	18897
CoV|P0C6U2.31.BC2	32873
CoV|P0C6U2.32.BC1	15657
CoV|P0C6U2.32.BC2	19457
CoV|P0C6U2.33.BC1	13908
CoV|P0C6U2.33.BC2	25108
CoV|P0C6U2.34.BC1	34209
CoV|P0C6U2.34.BC2	29020
CoV|P0C6U2.35.BC1	53189
CoV|P0C6U2.35.BC2	41497
CoV|P0C6U2.36.BC1	21106
CoV|P0C6U2.36.BC2	27976
CoV|P0C6U2.37.BC1	3708
CoV|P0C6U2.37.BC2	5285
CoV|P0C6U2.38.BC1	16885
CoV|P0C6U2.38.BC2	18163
CoV|P0C6U2.39.BC1	11660
CoV|P0C6U2.39.BC2	7730
CoV|P0C6U2.4.BC1	21711
CoV|P0C6U2.4.BC2	19429
CoV|P0C6U2.40.BC1	11916
CoV|P0C6U2.40.BC2	8892
CoV|P0C6U2.41.BC1	26784
CoV|P0C6U2.41.BC2	33627
CoV|P0C6U2.42.BC1	20912
CoV|P0C6U2.42.BC2	35040
CoV|P0C6U2.43.BC1	21570
CoV|P0C6U2.43.BC2	19884
CoV|P0C6U2.44.BC1	34146
CoV|P0C6U2.44.BC2	15132
CoV|P0C6U2.45.BC1	32475
CoV|P0C6U2.45.BC2	51100
CoV|P0C6U2.46.BC1	40883
CoV|P0C6U2.46.BC2	9693
CoV|P0C6U2.47.BC1	39889
CoV|P0C6U2.47.BC2	23248
CoV|P0C6U2.48.BC1	29583
CoV|P0C6U2.48.BC2	42030
CoV|P0C6U2.49.BC1	1789
CoV|P0C6U2.49.BC2	5566
CoV|P0C6U2.5.BC1	33875
CoV|P0C6U2.5.BC2	29290
CoV|P0C6U2.50.BC1	12412
CoV|P0C6U2.50.BC2	10096
CoV|P0C6U2.51.BC1	39368
CoV|P0C6U2.51.BC2	20787
CoV|P0C6U2.52.BC1	29239
CoV|P0C6U2.52.BC2	31865
CoV|P0C6U2.53.BC1	11723
CoV|P0C6U2.53.BC2	11300
CoV|P0C6U2.54.BC1	4056
CoV|P0C6U2.54.BC2	6415
CoV|P0C6U2.55.BC1	22414
CoV|P0C6U2.55.BC2	22838
CoV|P0C6U2.56.BC1	7032
CoV|P0C6U2.56.BC2	7169
CoV|P0C6U2.57.BC1	40804
CoV|P0C6U2.57.BC2	50106
CoV|P0C6U2.58.BC1	34402
CoV|P0C6U2.58.BC2	27992
CoV|P0C6U2.59.BC1	27754
CoV|P0C6U2.59.BC2	18079
CoV|P0C6U2.6.BC1	35905
CoV|P0C6U2.6.BC2	13519
CoV|P0C6U2.60.BC1	17680
CoV|P0C6U2.60.BC2	10409
CoV|P0C6U2.61.BC1	11594
CoV|P0C6U2.61.BC2	6997
CoV|P0C6U2.62.BC1	9175
CoV|P0C6U2.62.BC2	8246
CoV|P0C6U2.63.BC1	23448
CoV|P0C6U2.63.BC2	16916
CoV|P0C6U2.64.BC1	11945
CoV|P0C6U2.64.BC2	29683
CoV|P0C6U2.65.BC1	15925
CoV|P0C6U2.65.BC2	6016
CoV|P0C6U2.66.BC1	17568
CoV|P0C6U2.66.BC2	23442
CoV|P0C6U2.67.BC1	5880
CoV|P0C6U2.67.BC2	12884
CoV|P0C6U2.68.BC1	26764
CoV|P0C6U2.68.BC2	19461
CoV|P0C6U2.69.BC1	9856
CoV|P0C6U2.69.BC2	17802
CoV|P0C6U2.7.BC1	6990
CoV|P0C6U2.7.BC2	14497
CoV|P0C6U2.70.BC1	22832
CoV|P0C6U2.70.BC2	44196
CoV|P0C6U2.71.BC1	9257
CoV|P0C6U2.71.BC2	13803
CoV|P0C6U2.72.BC1	11806
CoV|P0C6U2.72.BC2	9054
CoV|P0C6U2.73.BC1	9409
CoV|P0C6U2.73.BC2	12219
CoV|P0C6U2.74.BC1	19447
CoV|P0C6U2.74.BC2	6614
CoV|P0C6U2.75.BC1	35921
CoV|P0C6U2.75.BC2	23550
CoV|P0C6U2.76.BC1	13749
CoV|P0C6U2.76.BC2	22676
CoV|P0C6U2.77.BC1	39144
CoV|P0C6U2.77.BC2	11162
CoV|P0C6U2.78.BC1	17915
CoV|P0C6U2.78.BC2	24124
CoV|P0C6U2.79.BC1	15755
CoV|P0C6U2.79.BC2	10941
CoV|P0C6U2.8.BC1	32875
CoV|P0C6U2.8.BC2	21912
CoV|P0C6U2.80.BC1	7736
CoV|P0C6U2.80.BC2	4112
CoV|P0C6U2.81.BC1	21330
CoV|P0C6U2.81.BC2	30376
CoV|P0C6U2.82.BC1	31082
CoV|P0C6U2.82.BC2	29339
CoV|P0C6U2.83.BC1	44078
CoV|P0C6U2.83.BC2	35081
CoV|P0C6U2.84.BC1	61599
CoV|P0C6U2.84.BC2	27404
CoV|P0C6U2.85.BC1	23284
CoV|P0C6U2.85.BC2	46173
CoV|P0C6U2.86.BC1	19037
CoV|P0C6U2.86.BC2	27085
CoV|P0C6U2.87.BC1	34091
CoV|P0C6U2.87.BC2	30786
CoV|P0C6U2.88.BC1	62086
CoV|P0C6U2.88.BC2	29292
CoV|P0C6U2.89.BC1	20047
CoV|P0C6U2.89.BC2	18031
CoV|P0C6U2.9.BC1	23348
CoV|P0C6U2.9.BC2	14898
CoV|P0C6U2.90.BC1	32105
CoV|P0C6U2.90.BC2	22158
CoV|P0C6U2.91.BC1	5925
CoV|P0C6U2.91.BC2	6928
CoV|P0C6U2.92.BC1	4978
CoV|P0C6U2.92.BC2	6671
CoV|P0C6U2.93.BC1	18322
CoV|P0C6U2.93.BC2	19769
CoV|P0C6U2.94.BC1	43406
CoV|P0C6U2.94.BC2	18882
CoV|P0C6U2.95.BC1	14593
CoV|P0C6U2.95.BC2	21408
CoV|P0C6U2.96.BC1	10734
CoV|P0C6U2.96.BC2	10310
CoV|P0C6U2.97.BC1	62206
CoV|P0C6U2.97.BC2	21176
CoV|P0C6U2.98.BC1	27307
CoV|P0C6U2.98.BC2	26146
CoV|P0C6U2.99.BC1	47382
CoV|P0C6U2.99.BC2	42290
CoV|P0C6U4.157.BC1	35801
CoV|P0C6U4.157.BC2	33127
CoV|P0C6U7.0.BC1	27409
CoV|P0C6U7.0.BC2	37699
CoV|P0C6U7.1.BC1	39665
CoV|P0C6U7.1.BC2	14844
CoV|P0C6U7.10.BC1	12244
CoV|P0C6U7.10.BC2	18041
CoV|P0C6U7.100.BC1	31220
CoV|P0C6U7.100.BC2	21954
CoV|P0C6U7.101.BC1	4462
CoV|P0C6U7.101.BC2	16069
CoV|P0C6U7.102.BC1	9018
CoV|P0C6U7.102.BC2	15005
CoV|P0C6U7.103.BC1	55084
CoV|P0C6U7.103.BC2	31889
CoV|P0C6U7.104.BC1	46546
CoV|P0C6U7.104.BC2	37206
CoV|P0C6U7.105.BC1	20295
CoV|P0C6U7.105.BC2	5225
CoV|P0C6U7.106.BC1	17069
CoV|P0C6U7.106.BC2	5173
CoV|P0C6U7.107.BC1	33637
CoV|P0C6U7.107.BC2	38338
CoV|P0C6U7.108.BC1	32471
CoV|P0C6U7.108.BC2	29644
CoV|P0C6U7.109.BC1	38565
CoV|P0C6U7.109.BC2	60017
CoV|P0C6U7.11.BC1	29374
CoV|P0C6U7.11.BC2	16881
CoV|P0C6U7.110.BC1	40227
CoV|P0C6U7.110.BC2	240
CoV|P0C6U7.111.BC1	35182
CoV|P0C6U7.111.BC2	39263
CoV|P0C6U7.112.BC1	14487
CoV|P0C6U7.112.BC2	10498
CoV|P0C6U7.113.BC1	27107
CoV|P0C6U7.113.BC2	50571
CoV|P0C6U7.114.BC1	23489
CoV|P0C6U7.114.BC2	26353
CoV|P0C6U7.115.BC1	20859
CoV|P0C6U7.115.BC2	17429
CoV|P0C6U7.116.BC1	28925
CoV|P0C6U7.116.BC2	19428
CoV|P0C6U7.117.BC1	24350
CoV|P0C6U7.117.BC2	7877
CoV|P0C6U7.118.BC1	10494
CoV|P0C6U7.118.BC2	19015
CoV|P0C6U7.119.BC1	15233
CoV|P0C6U7.119.BC2	14327
CoV|P0C6U7.12.BC1	23660
CoV|P0C6U7.12.BC2	26393
CoV|P0C6U7.120.BC1	8693
CoV|P0C6U7.120.BC2	5982
CoV|P0C6U7.121.BC1	7441
CoV|P0C6U7.121.BC2	12066
CoV|P0C6U7.122.BC1	6236
CoV|P0C6U7.122.BC2	10787
CoV|P0C6U7.123.BC1	11185
CoV|P0C6U7.123.BC2	7306
CoV|P0C6U7.124.BC1	12210
CoV|P0C6U7.124.BC2	10207
CoV|P0C6U7.125.BC1	23364
CoV|P0C6U7.125.BC2	26806
CoV|P0C6U7.126.BC1	28669
CoV|P0C6U7.126.BC2	29277
CoV|P0C6U7.127.BC1	37441
CoV|P0C6U7.127.BC2	67623
CoV|P0C6U7.128.BC1	28136
CoV|P0C6U7.128.BC2	57110
CoV|P0C6U7.129.BC1	30677
CoV|P0C6U7.129.BC2	28158
CoV|P0C6U7.13.BC1	19063
CoV|P0C6U7.13.BC2	31468
CoV|P0C6U7.130.BC1	20256
CoV|P0C6U7.130.BC2	25238
CoV|P0C6U7.131.BC1	5371
CoV|P0C6U7.131.BC2	18670
CoV|P0C6U7.132.BC1	13495
CoV|P0C6U7.132.BC2	13785
CoV|P0C6U7.133.BC1	13141
CoV|P0C6U7.133.BC2	3128
CoV|P0C6U7.134.BC1	18199
CoV|P0C6U7.134.BC2	23188
CoV|P0C6U7.135.BC1	15054
CoV|P0C6U7.135.BC2	20120
CoV|P0C6U7.136.BC1	4354
CoV|P0C6U7.136.BC2	8093
CoV|P0C6U7.137.BC1	11495
CoV|P0C6U7.137.BC2	16010
CoV|P0C6U7.138.BC1	14807
CoV|P0C6U7.138.BC2	11085
CoV|P0C6U7.139.BC1	21535
CoV|P0C6U7.139.BC2	26270
CoV|P0C6U7.14.BC1	32380
CoV|P0C6U7.14.BC2	32365
CoV|P0C6U7.140.BC1	28337
CoV|P0C6U7.140.BC2	9913
CoV|P0C6U7.141.BC1	51163
CoV|P0C6U7.141.BC2	54445
CoV|P0C6U7.142.BC1	18932
CoV|P0C6U7.142.BC2	36872
CoV|P0C6U7.143.BC1	11277
CoV|P0C6U7.143.BC2	41939
CoV|P0C6U7.144.BC1	29990
CoV|P0C6U7.144.BC2	22229
CoV|P0C6U7.145.BC1	16851
CoV|P0C6U7.145.BC2	3574
CoV|P0C6U7.146.BC1	11917
CoV|P0C6U7.146.BC2	10278
CoV|P0C6U7.147.BC1	18277
CoV|P0C6U7.147.BC2	22787
CoV|P0C6U7.148.BC1	14766
CoV|P0C6U7.148.BC2	35673
CoV|P0C6U7.149.BC1	16480
CoV|P0C6U7.149.BC2	11266
CoV|P0C6U7.15.BC1	15538
CoV|P0C6U7.15.BC2	10839
CoV|P0C6U7.150.BC1	18481
CoV|P0C6U7.150.BC2	16212
CoV|P0C6U7.151.BC1	19349
CoV|P0C6U7.151.BC2	56010
CoV|P0C6U7.152.BC1	17119
CoV|P0C6U7.152.BC2	41251
CoV|P0C6U7.153.BC1	14642
CoV|P0C6U7.153.BC2	14353
CoV|P0C6U7.154.BC1	36783
CoV|P0C6U7.154.BC2	31608
CoV|P0C6U7.155.BC1	44340
CoV|P0C6U7.155.BC2	23873
CoV|P0C6U7.16.BC1	6614
CoV|P0C6U7.16.BC2	6849
CoV|P0C6U7.17.BC1	14246
CoV|P0C6U7.17.BC2	20413
CoV|P0C6U7.18.BC1	17321
CoV|P0C6U7.18.BC2	13460
CoV|P0C6U7.19.BC1	12979
CoV|P0C6U7.19.BC2	12423
CoV|P0C6U7.2.BC1	18844
CoV|P0C6U7.2.BC2	32423
CoV|P0C6U7.20.BC1	13201
CoV|P0C6U7.20.BC2	22288
CoV|P0C6U7.21.BC1	15971
CoV|P0C6U7.21.BC2	16675
CoV|P0C6U7.22.BC1	9930
CoV|P0C6U7.22.BC2	19208
CoV|P0C6U7.23.BC1	26464
CoV|P0C6U7.23.BC2	36668
CoV|P0C6U7.24.BC1	21869
CoV|P0C6U7.24.BC2	27134
CoV|P0C6U7.25.BC1	168
CoV|P0C6U7.25.BC2	22799
CoV|P0C6U7.26.BC1	23711
CoV|P0C6U7.26.BC2	22813
CoV|P0C6U7.27.BC1	32410
CoV|P0C6U7.27.BC2	59217
CoV|P0C6U7.28.BC1	8710
CoV|P0C6U7.28.BC2	58230
CoV|P0C6U7.29.BC1	18908
CoV|P0C6U7.29.BC2	27469
CoV|P0C6U7.3.BC1	9602
CoV|P0C6U7.3.BC2	16623
CoV|P0C6U7.30.BC1	13367
CoV|P0C6U7.30.BC2	20353
CoV|P0C6U7.31.BC1	12264
CoV|P0C6U7.31.BC2	21223
CoV|P0C6U7.32.BC1	14620
CoV|P0C6U7.32.BC2	19736
CoV|P0C6U7.33.BC1	15221
CoV|P0C6U7.33.BC2	36563
CoV|P0C6U7.34.BC1	39629
CoV|P0C6U7.34.BC2	16616
CoV|P0C6U7.35.BC1	83890
CoV|P0C6U7.35.BC2	18546
CoV|P0C6U7.36.BC1	17210
CoV|P0C6U7.36.BC2	27818
CoV|P0C6U7.37.BC1	12329
CoV|P0C6U7.37.BC2	6799
CoV|P0C6U7.38.BC1	9336
CoV|P0C6U7.38.BC2	9586
CoV|P0C6U7.39.BC1	6538
CoV|P0C6U7.39.BC2	19384
CoV|P0C6U7.4.BC1	23993
CoV|P0C6U7.4.BC2	16768
CoV|P0C6U7.40.BC1	9988
CoV|P0C6U7.40.BC2	9376
CoV|P0C6U7.41.BC1	17225
CoV|P0C6U7.41.BC2	20197
CoV|P0C6U7.42.BC1	24183
CoV|P0C6U7.42.BC2	5390
CoV|P0C6U7.43.BC1	18537
CoV|P0C6U7.43.BC2	13226
CoV|P0C6U7.44.BC1	12382
CoV|P0C6U7.44.BC2	9315
CoV|P0C6U7.45.BC1	15712
CoV|P0C6U7.45.BC2	24416
CoV|P0C6U7.46.BC1	21168
CoV|P0C6U7.46.BC2	27029
CoV|P0C6U7.47.BC1	40222
CoV|P0C6U7.47.BC2	25253
CoV|P0C6U7.48.BC1	9894
CoV|P0C6U7.48.BC2	15351
CoV|P0C6U7.49.BC1	11588
CoV|P0C6U7.49.BC2	17076
CoV|P0C6U7.5.BC1	3550
CoV|P0C6U7.5.BC2	17942
CoV|P0C6U7.50.BC1	15553
CoV|P0C6U7.50.BC2	44906
CoV|P0C6U7.51.BC1	21473
CoV|P0C6U7.51.BC2	36544
CoV|P0C6U7.52.BC1	45561
CoV|P0C6U7.52.BC2	37364
CoV|P0C6U7.53.BC1	6747
CoV|P0C6U7.53.BC2	19995
CoV|P0C6U7.54.BC1	9935
CoV|P0C6U7.54.BC2	3128
CoV|P0C6U7.55.BC1	10849
CoV|P0C6U7.55.BC2	15513
CoV|P0C6U7.56.BC1	18087
CoV|P0C6U7.56.BC2	15155
CoV|P0C6U7.57.BC1	14471
CoV|P0C6U7.57.BC2	11932
CoV|P0C6U7.58.BC1	12969
CoV|P0C6U7.58.BC2	16412
CoV|P0C6U7.59.BC1	21564
CoV|P0C6U7.59.BC2	25641
CoV|P0C6U7.6.BC1	20586
CoV|P0C6U7.6.BC2	18733
CoV|P0C6U7.60.BC1	8759
CoV|P0C6U7.60.BC2	7982
CoV|P0C6U7.61.BC1	10905
CoV|P0C6U7.61.BC2	16887
CoV|P0C6U7.62.BC1	20132
CoV|P0C6U7.62.BC2	12463
CoV|P0C6U7.63.BC1	15737
CoV|P0C6U7.63.BC2	19960
CoV|P0C6U7.64.BC1	15605
CoV|P0C6U7.64.BC2	20605
CoV|P0C6U7.65.BC1	22381
CoV|P0C6U7.65.BC2	29216
CoV|P0C6U7.66.BC1	21957
CoV|P0C6U7.66.BC2	25084
CoV|P0C6U7.67.BC1	14198
CoV|P0C6U7.67.BC2	11948
CoV|P0C6U7.68.BC1	30793
CoV|P0C6U7.68.BC2	22278
CoV|P0C6U7.69.BC1	29792
CoV|P0C6U7.69.BC2	28085
CoV|P0C6U7.7.BC1	32880
CoV|P0C6U7.7.BC2	44266
CoV|P0C6U7.70.BC1	33385
CoV|P0C6U7.70.BC2	23301
CoV|P0C6U7.71.BC1	20653
CoV|P0C6U7.71.BC2	29818
CoV|P0C6U7.72.BC1	41690
CoV|P0C6U7.72.BC2	23415
CoV|P0C6U7.73.BC1	22210
CoV|P0C6U7.73.BC2	35866
CoV|P0C6U7.74.BC1	18614
CoV|P0C6U7.74.BC2	16369
CoV|P0C6U7.75.BC1	18128
CoV|P0C6U7.75.BC2	11059
CoV|P0C6U7.76.BC1	21021
CoV|P0C6U7.76.BC2	14867
CoV|P0C6U7.77.BC1	10029
CoV|P0C6U7.77.BC2	22850
CoV|P0C6U7.78.BC1	9657
CoV|P0C6U7.78.BC2	21779
CoV|P0C6U7.79.BC1	11999
CoV|P0C6U7.79.BC2	10167
CoV|P0C6U7.8.BC1	38116
CoV|P0C6U7.8.BC2	25289
CoV|P0C6U7.80.BC1	25444
CoV|P0C6U7.80.BC2	14437
CoV|P0C6U7.81.BC1	23207
CoV|P0C6U7.81.BC2	18943
CoV|P0C6U7.82.BC1	17640
CoV|P0C6U7.82.BC2	23889
CoV|P0C6U7.83.BC1	12428
CoV|P0C6U7.83.BC2	14827
CoV|P0C6U7.84.BC1	34796
CoV|P0C6U7.84.BC2	31023
CoV|P0C6U7.85.BC1	15603
CoV|P0C6U7.85.BC2	50952
CoV|P0C6U7.86.BC1	15738
CoV|P0C6U7.86.BC2	26365
CoV|P0C6U7.87.BC1	30440
CoV|P0C6U7.87.BC2	28805
CoV|P0C6U7.88.BC1	42141
CoV|P0C6U7.88.BC2	35851
CoV|P0C6U7.89.BC1	33254
CoV|P0C6U7.89.BC2	35040
CoV|P0C6U7.9.BC1	20752
CoV|P0C6U7.9.BC2	14144
CoV|P0C6U7.90.BC1	27159
CoV|P0C6U7.90.BC2	29095
CoV|P0C6U7.91.BC1	23492
CoV|P0C6U7.91.BC2	37414
CoV|P0C6U7.92.BC1	13475
CoV|P0C6U7.92.BC2	10953
CoV|P0C6U7.93.BC1	21257
CoV|P0C6U7.93.BC2	37795
CoV|P0C6U7.94.BC1	48379
CoV|P0C6U7.94.BC2	33611
CoV|P0C6U7.95.BC1	11834
CoV|P0C6U7.95.BC2	6431
CoV|P0C6U7.96.BC1	22413
CoV|P0C6U7.96.BC2	39173
CoV|P0C6U7.97.BC1	31583
CoV|P0C6U7.97.BC2	60179
CoV|P0C6U7.98.BC1	27768
CoV|P0C6U7.98.BC2	38251
CoV|P0C6U7.99.BC1	42628
CoV|P0C6U7.99.BC2	13721
CoV|P0C6U8.0.BC1	43259
CoV|P0C6U8.0.BC2	15000
CoV|P0C6U8.1.BC1	21173
CoV|P0C6U8.1.BC2	11924
CoV|P0C6U8.10.BC1	34011
CoV|P0C6U8.10.BC2	47763
CoV|P0C6U8.100.BC1	22550
CoV|P0C6U8.100.BC2	26741
CoV|P0C6U8.101.BC1	10642
CoV|P0C6U8.101.BC2	9348
CoV|P0C6U8.102.BC1	22339
CoV|P0C6U8.102.BC2	31982
CoV|P0C6U8.103.BC1	48495
CoV|P0C6U8.103.BC2	18260
CoV|P0C6U8.104.BC1	10154
CoV|P0C6U8.104.BC2	20747
CoV|P0C6U8.105.BC1	8990
CoV|P0C6U8.105.BC2	9270
CoV|P0C6U8.106.BC1	26453
CoV|P0C6U8.106.BC2	19591
CoV|P0C6U8.107.BC1	6812
CoV|P0C6U8.107.BC2	25033
CoV|P0C6U8.108.BC1	37632
CoV|P0C6U8.108.BC2	20394
CoV|P0C6U8.109.BC1	47044
CoV|P0C6U8.109.BC2	16537
CoV|P0C6U8.11.BC1	38976
CoV|P0C6U8.11.BC2	47439
CoV|P0C6U8.110.BC1	39687
CoV|P0C6U8.110.BC2	11286
CoV|P0C6U8.111.BC1	3235
CoV|P0C6U8.111.BC2	35622
CoV|P0C6U8.112.BC1	12782
CoV|P0C6U8.112.BC2	6932
CoV|P0C6U8.113.BC1	27562
CoV|P0C6U8.113.BC2	17009
CoV|P0C6U8.114.BC1	19064
CoV|P0C6U8.114.BC2	10602
CoV|P0C6U8.115.BC1	16547
CoV|P0C6U8.115.BC2	28116
CoV|P0C6U8.116.BC1	29761
CoV|P0C6U8.116.BC2	25774
CoV|P0C6U8.117.BC1	36956
CoV|P0C6U8.117.BC2	21036
CoV|P0C6U8.118.BC1	26638
CoV|P0C6U8.118.BC2	17085
CoV|P0C6U8.119.BC1	23148
CoV|P0C6U8.119.BC2	9870
CoV|P0C6U8.12.BC1	48516
CoV|P0C6U8.12.BC2	28377
CoV|P0C6U8.120.BC1	13756
CoV|P0C6U8.120.BC2	27329
CoV|P0C6U8.121.BC1	16652
CoV|P0C6U8.121.BC2	10531
CoV|P0C6U8.122.BC1	13248
CoV|P0C6U8.122.BC2	15139
CoV|P0C6U8.123.BC1	16661
CoV|P0C6U8.123.BC2	25736
CoV|P0C6U8.124.BC1	21388
CoV|P0C6U8.124.BC2	32018
CoV|P0C6U8.125.BC1	16954
CoV|P0C6U8.125.BC2	12189
CoV|P0C6U8.126.BC1	18786
CoV|P0C6U8.126.BC2	15938
CoV|P0C6U8.127.BC1	53328
CoV|P0C6U8.127.BC2	32812
CoV|P0C6U8.128.BC1	39946
CoV|P0C6U8.128.BC2	70050
CoV|P0C6U8.129.BC1	57743
CoV|P0C6U8.129.BC2	19268
CoV|P0C6U8.13.BC1	15095
CoV|P0C6U8.13.BC2	20695
CoV|P0C6U8.130.BC1	54380
CoV|P0C6U8.130.BC2	55581
CoV|P0C6U8.131.BC1	28212
CoV|P0C6U8.131.BC2	20417
CoV|P0C6U8.132.BC1	31268
CoV|P0C6U8.132.BC2	35710
CoV|P0C6U8.133.BC1	48693
CoV|P0C6U8.133.BC2	50502
CoV|P0C6U8.134.BC1	6310
CoV|P0C6U8.134.BC2	29344
CoV|P0C6U8.135.BC1	9171
CoV|P0C6U8.135.BC2	7785
CoV|P0C6U8.136.BC1	19587
CoV|P0C6U8.136.BC2	14564
CoV|P0C6U8.137.BC1	5773
CoV|P0C6U8.137.BC2	13046
CoV|P0C6U8.138.BC1	18401
CoV|P0C6U8.138.BC2	16631
CoV|P0C6U8.139.BC1	30998
CoV|P0C6U8.139.BC2	30016
CoV|P0C6U8.14.BC1	15558
CoV|P0C6U8.14.BC2	14479
CoV|P0C6U8.140.BC1	27943
CoV|P0C6U8.140.BC2	47182
CoV|P0C6U8.141.BC1	75677
CoV|P0C6U8.141.BC2	27812
CoV|P0C6U8.142.BC1	38757
CoV|P0C6U8.142.BC2	21358
CoV|P0C6U8.143.BC1	38265
CoV|P0C6U8.143.BC2	22043
CoV|P0C6U8.144.BC1	10803
CoV|P0C6U8.144.BC2	9083
CoV|P0C6U8.145.BC1	24480
CoV|P0C6U8.145.BC2	9727
CoV|P0C6U8.146.BC1	52690
CoV|P0C6U8.146.BC2	38223
CoV|P0C6U8.147.BC1	47102
CoV|P0C6U8.147.BC2	24531
CoV|P0C6U8.148.BC1	24380
CoV|P0C6U8.148.BC2	22294
CoV|P0C6U8.149.BC1	13671
CoV|P0C6U8.149.BC2	17794
CoV|P0C6U8.15.BC1	12425
CoV|P0C6U8.15.BC2	9931
CoV|P0C6U8.150.BC1	17724
CoV|P0C6U8.150.BC2	26374
CoV|P0C6U8.151.BC1	14923
CoV|P0C6U8.151.BC2	19939
CoV|P0C6U8.152.BC1	19600
CoV|P0C6U8.152.BC2	12624
CoV|P0C6U8.153.BC1	16212
CoV|P0C6U8.153.BC2	13333
CoV|P0C6U8.154.BC1	22741
CoV|P0C6U8.154.BC2	38775
CoV|P0C6U8.155.BC1	42231
CoV|P0C6U8.155.BC2	47179
CoV|P0C6U8.16.BC1	10528
CoV|P0C6U8.16.BC2	6799
CoV|P0C6U8.17.BC1	33083
CoV|P0C6U8.17.BC2	31539
CoV|P0C6U8.18.BC1	53449
CoV|P0C6U8.18.BC2	39798
CoV|P0C6U8.19.BC1	25693
CoV|P0C6U8.19.BC2	14210
CoV|P0C6U8.2.BC1	40045
CoV|P0C6U8.2.BC2	25327
CoV|P0C6U8.20.BC1	5680
CoV|P0C6U8.20.BC2	20748
CoV|P0C6U8.21.BC1	25038
CoV|P0C6U8.21.BC2	11752
CoV|P0C6U8.22.BC1	6043
CoV|P0C6U8.22.BC2	6771
CoV|P0C6U8.23.BC1	4852
CoV|P0C6U8.23.BC2	3746
CoV|P0C6U8.24.BC1	17438
CoV|P0C6U8.24.BC2	10550
CoV|P0C6U8.25.BC1	23801
CoV|P0C6U8.25.BC2	24651
CoV|P0C6U8.26.BC1	25033
CoV|P0C6U8.26.BC2	29111
CoV|P0C6U8.27.BC1	30596
CoV|P0C6U8.27.BC2	39382
CoV|P0C6U8.28.BC1	35187
CoV|P0C6U8.28.BC2	13136
CoV|P0C6U8.29.BC1	12874
CoV|P0C6U8.29.BC2	33860
CoV|P0C6U8.3.BC1	15272
CoV|P0C6U8.3.BC2	31326
CoV|P0C6U8.30.BC1	30425
CoV|P0C6U8.30.BC2	19578
CoV|P0C6U8.31.BC1	13716
CoV|P0C6U8.31.BC2	7348
CoV|P0C6U8.32.BC1	26970
CoV|P0C6U8.32.BC2	3348
CoV|P0C6U8.33.BC1	23697
CoV|P0C6U8.33.BC2	29844
CoV|P0C6U8.34.BC1	33598
CoV|P0C6U8.34.BC2	16313
CoV|P0C6U8.35.BC1	31449
CoV|P0C6U8.35.BC2	35462
CoV|P0C6U8.36.BC1	16948
CoV|P0C6U8.36.BC2	43057
CoV|P0C6U8.37.BC1	41576
CoV|P0C6U8.37.BC2	12795
CoV|P0C6U8.38.BC1	20025
CoV|P0C6U8.38.BC2	11309
CoV|P0C6U8.39.BC1	12972
CoV|P0C6U8.39.BC2	16340
CoV|P0C6U8.4.BC1	11362
CoV|P0C6U8.4.BC2	57261
CoV|P0C6U8.40.BC1	11813
CoV|P0C6U8.40.BC2	6102
CoV|P0C6U8.41.BC1	5861
CoV|P0C6U8.41.BC2	34658
CoV|P0C6U8.42.BC1	11463
CoV|P0C6U8.42.BC2	14321
CoV|P0C6U8.43.BC1	39622
CoV|P0C6U8.43.BC2	12374
CoV|P0C6U8.44.BC1	33237
CoV|P0C6U8.44.BC2	26894
CoV|P0C6U8.45.BC1	24205
CoV|P0C6U8.45.BC2	18029
CoV|P0C6U8.46.BC1	24254
CoV|P0C6U8.46.BC2	16311
CoV|P0C6U8.47.BC1	27973
CoV|P0C6U8.47.BC2	42009
CoV|P0C6U8.48.BC1	8875
CoV|P0C6U8.48.BC2	888
CoV|P0C6U8.49.BC1	15194
CoV|P0C6U8.49.BC2	8291
CoV|P0C6U8.5.BC1	21510
CoV|P0C6U8.5.BC2	32265
CoV|P0C6U8.50.BC1	37212
CoV|P0C6U8.50.BC2	41769
CoV|P0C6U8.51.BC1	53374
CoV|P0C6U8.51.BC2	36178
CoV|P0C6U8.52.BC1	15408
CoV|P0C6U8.52.BC2	30189
CoV|P0C6U8.53.BC1	31612
CoV|P0C6U8.53.BC2	20828
CoV|P0C6U8.54.BC1	12623
CoV|P0C6U8.54.BC2	21091
CoV|P0C6U8.55.BC1	35598
CoV|P0C6U8.55.BC2	10926
CoV|P0C6U8.56.BC1	34589
CoV|P0C6U8.56.BC2	27103
CoV|P0C6U8.57.BC1	7199
CoV|P0C6U8.57.BC2	23096
CoV|P0C6U8.58.BC1	14714
CoV|P0C6U8.58.BC2	12399
CoV|P0C6U8.59.BC1	5314
CoV|P0C6U8.59.BC2	13741
CoV|P0C6U8.6.BC1	22344
CoV|P0C6U8.6.BC2	15523
CoV|P0C6U8.60.BC1	19626
CoV|P0C6U8.60.BC2	15987
CoV|P0C6U8.61.BC1	43499
CoV|P0C6U8.61.BC2	19395
CoV|P0C6U8.62.BC1	26955
CoV|P0C6U8.62.BC2	32665
CoV|P0C6U8.63.BC1	23809
CoV|P0C6U8.63.BC2	30525
CoV|P0C6U8.64.BC1	20557
CoV|P0C6U8.64.BC2	23241
CoV|P0C6U8.65.BC1	23333
CoV|P0C6U8.65.BC2	37351
CoV|P0C6U8.66.BC1	18335
CoV|P0C6U8.66.BC2	50554
CoV|P0C6U8.67.BC1	19185
CoV|P0C6U8.67.BC2	47442
CoV|P0C6U8.68.BC1	25650
CoV|P0C6U8.68.BC2	20369
CoV|P0C6U8.69.BC1	40030
CoV|P0C6U8.69.BC2	24637
CoV|P0C6U8.7.BC1	6228
CoV|P0C6U8.7.BC2	10235
CoV|P0C6U8.70.BC1	22482
CoV|P0C6U8.70.BC2	42810
CoV|P0C6U8.71.BC1	28111
CoV|P0C6U8.71.BC2	18493
CoV|P0C6U8.72.BC1	21605
CoV|P0C6U8.72.BC2	48796
CoV|P0C6U8.73.BC1	38956
CoV|P0C6U8.73.BC2	22941
CoV|P0C6U8.74.BC1	14176
CoV|P0C6U8.74.BC2	34740
CoV|P0C6U8.75.BC1	22575
CoV|P0C6U8.75.BC2	41818
CoV|P0C6U8.76.BC1	14124
CoV|P0C6U8.76.BC2	24715
CoV|P0C6U8.77.BC1	5012
CoV|P0C6U8.77.BC2	12603
CoV|P0C6U8.78.BC1	33597
CoV|P0C6U8.78.BC2	28832
CoV|P0C6U8.79.BC1	16661
CoV|P0C6U8.79.BC2	5237
CoV|P0C6U8.8.BC1	22459
CoV|P0C6U8.8.BC2	29353
CoV|P0C6U8.80.BC1	14221
CoV|P0C6U8.80.BC2	14218
CoV|P0C6U8.81.BC1	23074
CoV|P0C6U8.81.BC2	31911
CoV|P0C6U8.82.BC1	22822
CoV|P0C6U8.82.BC2	39164
CoV|P0C6U8.83.BC1	20261
CoV|P0C6U8.83.BC2	30885
CoV|P0C6U8.84.BC1	18431
CoV|P0C6U8.84.BC2	9894
CoV|P0C6U8.85.BC1	39409
CoV|P0C6U8.85.BC2	17364
CoV|P0C6U8.86.BC1	19534
CoV|P0C6U8.86.BC2	53416
CoV|P0C6U8.87.BC1	18380
CoV|P0C6U8.87.BC2	32275
CoV|P0C6U8.88.BC1	13892
CoV|P0C6U8.88.BC2	12391
CoV|P0C6U8.89.BC1	3650
CoV|P0C6U8.89.BC2	16825
CoV|P0C6U8.9.BC1	15658
CoV|P0C6U8.9.BC2	15772
CoV|P0C6U8.90.BC1	33829
CoV|P0C6U8.90.BC2	17529
CoV|P0C6U8.91.BC1	15856
CoV|P0C6U8.91.BC2	27113
CoV|P0C6U8.92.BC1	14799
CoV|P0C6U8.92.BC2	12504
CoV|P0C6U8.93.BC1	23888
CoV|P0C6U8.93.BC2	15549
CoV|P0C6U8.94.BC1	53636
CoV|P0C6U8.94.BC2	47720
CoV|P0C6U8.95.BC1	13960
CoV|P0C6U8.95.BC2	29601
CoV|P0C6U8.96.BC1	13286
CoV|P0C6U8.96.BC2	14548
CoV|P0C6U8.97.BC1	52692
CoV|P0C6U8.97.BC2	52518
CoV|P0C6U8.98.BC1	23747
CoV|P0C6U8.98.BC2	41237
CoV|P0C6U8.99.BC1	28884
CoV|P0C6U8.99.BC2	23163
CoV|P0C6V9.155.BC1	67863
CoV|P0C6V9.155.BC2	59061
CoV|P0C6V9.156.BC1	36772
CoV|P0C6V9.156.BC2	30685
CoV|P0C6V9.157.BC1	14018
CoV|P0C6V9.157.BC2	18222
CoV|P0C6V9.158.BC1	10159
CoV|P0C6V9.158.BC2	21146
CoV|P0C6V9.159.BC1	30577
CoV|P0C6V9.159.BC2	37908
CoV|P0C6V9.160.BC1	24673
CoV|P0C6V9.160.BC2	17099
CoV|P0C6V9.161.BC1	15913
CoV|P0C6V9.161.BC2	13919
CoV|P0C6V9.162.BC1	20798
CoV|P0C6V9.162.BC2	9390
CoV|P0C6V9.163.BC1	38506
CoV|P0C6V9.163.BC2	29764
CoV|P0C6V9.164.BC1	18486
CoV|P0C6V9.164.BC2	28273
CoV|P0C6V9.165.BC1	20249
CoV|P0C6V9.165.BC2	20216
CoV|P0C6V9.166.BC1	4533
CoV|P0C6V9.166.BC2	28185
CoV|P0C6V9.167.BC1	19680
CoV|P0C6V9.167.BC2	9898
CoV|P0C6V9.168.BC1	12489
CoV|P0C6V9.168.BC2	35082
CoV|P0C6V9.169.BC1	37601
CoV|P0C6V9.169.BC2	36255
CoV|P0C6V9.170.BC1	17145
CoV|P0C6V9.170.BC2	30612
CoV|P0C6V9.171.BC1	11198
CoV|P0C6V9.171.BC2	17316
CoV|P0C6V9.172.BC1	9426
CoV|P0C6V9.172.BC2	7877
CoV|P0C6V9.173.BC1	23738
CoV|P0C6V9.173.BC2	13560
CoV|P0C6V9.174.BC1	17576
CoV|P0C6V9.174.BC2	13092
CoV|P0C6V9.175.BC1	20014
CoV|P0C6V9.175.BC2	4405
CoV|P0C6V9.176.BC1	2936
CoV|P0C6V9.176.BC2	2374
CoV|P0C6V9.177.BC1	30219
CoV|P0C6V9.177.BC2	36891
CoV|P0C6V9.178.BC1	9709
CoV|P0C6V9.178.BC2	15910
CoV|P0C6V9.179.BC1	26494
CoV|P0C6V9.179.BC2	9171
CoV|P0C6V9.180.BC1	16942
CoV|P0C6V9.180.BC2	7836
CoV|P0C6V9.181.BC1	17120
CoV|P0C6V9.181.BC2	10734
CoV|P0C6V9.182.BC1	17070
CoV|P0C6V9.182.BC2	22074
CoV|P0C6V9.183.BC1	20538
CoV|P0C6V9.183.BC2	12933
CoV|P0C6V9.184.BC1	30394
CoV|P0C6V9.184.BC2	26061
CoV|P0C6V9.185.BC1	15360
CoV|P0C6V9.185.BC2	41150
CoV|P0C6V9.186.BC1	10174
CoV|P0C6V9.186.BC2	9300
CoV|P0C6V9.187.BC1	15826
CoV|P0C6V9.187.BC2	7063
CoV|P0C6V9.188.BC1	36121
CoV|P0C6V9.188.BC2	42369
CoV|P0C6V9.189.BC1	21788
CoV|P0C6V9.189.BC2	31101
CoV|P0C6V9.190.BC1	12518
CoV|P0C6V9.190.BC2	33588
CoV|P0C6V9.191.BC1	22350
CoV|P0C6V9.191.BC2	17855
CoV|P0C6V9.192.BC1	37339
CoV|P0C6V9.192.BC2	39419
CoV|P0C6V9.193.BC1	41687
CoV|P0C6V9.193.BC2	25263
CoV|P0C6V9.194.BC1	36297
CoV|P0C6V9.194.BC2	16128
CoV|P0C6V9.195.BC1	9015
CoV|P0C6V9.195.BC2	31247
CoV|P0C6V9.196.BC1	12335
CoV|P0C6V9.196.BC2	11957
CoV|P0C6V9.197.BC1	21527
CoV|P0C6V9.197.BC2	17623
CoV|P0C6V9.198.BC1	19321
CoV|P0C6V9.198.BC2	31607
CoV|P0C6V9.199.BC1	38730
CoV|P0C6V9.199.BC2	42716
CoV|P0C6V9.200.BC1	18062
CoV|P0C6V9.200.BC2	27038
CoV|P0C6V9.201.BC1	29673
CoV|P0C6V9.201.BC2	40193
CoV|P0C6V9.202.BC1	28057
CoV|P0C6V9.202.BC2	18720
CoV|P0C6V9.203.BC1	25823
CoV|P0C6V9.203.BC2	52122
CoV|P0C6V9.204.BC1	39074
CoV|P0C6V9.204.BC2	23812
CoV|P0C6V9.205.BC1	15334
CoV|P0C6V9.205.BC2	19530
CoV|P0C6V9.206.BC1	52030
CoV|P0C6V9.206.BC2	45282
CoV|P0C6V9.207.BC1	33158
CoV|P0C6V9.207.BC2	21753
CoV|P0C6V9.208.BC1	19647
CoV|P0C6V9.208.BC2	13590
CoV|P0C6V9.209.BC1	22907
CoV|P0C6V9.209.BC2	26835
CoV|P0C6V9.210.BC1	44392
CoV|P0C6V9.210.BC2	47888
CoV|P0C6V9.211.BC1	50744
CoV|P0C6V9.211.BC2	2780
CoV|P0C6V9.212.BC1	22259
CoV|P0C6V9.212.BC2	8665
CoV|P0C6V9.213.BC1	38457
CoV|P0C6V9.213.BC2	36935
CoV|P0C6V9.214.BC1	26605
CoV|P0C6V9.214.BC2	24829
CoV|P0C6V9.215.BC1	6756
CoV|P0C6V9.215.BC2	16879
CoV|P0C6V9.216.BC1	12302
CoV|P0C6V9.216.BC2	14232
CoV|P0C6V9.217.BC1	16169
CoV|P0C6V9.217.BC2	7676
CoV|P0C6V9.218.BC1	8865
CoV|P0C6V9.218.BC2	7751
CoV|P0C6V9.219.BC1	26661
CoV|P0C6V9.219.BC2	28009
CoV|P0C6V9.220.BC1	24890
CoV|P0C6V9.220.BC2	42891
CoV|P0C6V9.221.BC1	29195
CoV|P0C6V9.221.BC2	29672
CoV|P0C6V9.222.BC1	33309
CoV|P0C6V9.222.BC2	30235
CoV|P0C6V9.223.BC1	16109
CoV|P0C6V9.223.BC2	11708
CoV|P0C6V9.224.BC1	18084
CoV|P0C6V9.224.BC2	10886
CoV|P0C6V9.225.BC1	34135
CoV|P0C6V9.225.BC2	51733
CoV|P0C6V9.226.BC1	41634
CoV|P0C6V9.226.BC2	27804
CoV|P0C6V9.227.BC1	63125
CoV|P0C6V9.227.BC2	43709
CoV|P0C6V9.228.BC1	17600
CoV|P0C6V9.228.BC2	13239
CoV|P0C6V9.229.BC1	10992
CoV|P0C6V9.229.BC2	16778
CoV|P0C6V9.230.BC1	38890
CoV|P0C6V9.230.BC2	31679
CoV|P0C6V9.231.BC1	26611
CoV|P0C6V9.231.BC2	16704
CoV|P0C6V9.232.BC1	18387
CoV|P0C6V9.232.BC2	28804
CoV|P0C6V9.233.BC1	74363
CoV|P0C6V9.233.BC2	70013
CoV|P0C6V9.234.BC1	31075
CoV|P0C6V9.234.BC2	30468
CoV|P0C6V9.235.BC1	20276
CoV|P0C6V9.235.BC2	27265
CoV|P0C6V9.236.BC1	14583
CoV|P0C6V9.236.BC2	20250
CoV|P0C6V9.237.BC1	14318
CoV|P0C6V9.237.BC2	11737
CoV|P0C6V9.238.BC1	16783
CoV|P0C6V9.238.BC2	22526
CoV|P0C6V9.239.BC1	20975
CoV|P0C6V9.239.BC2	12769
CoV|P0C6V9.240.BC1	4255
CoV|P0C6V9.240.BC2	13244
CoV|P0C6V9.241.BC1	12602
CoV|P0C6V9.241.BC2	6230
CoV|P0C6V9.242.BC1	23625
CoV|P0C6V9.242.BC2	14333
CoV|P0C6V9.243.BC1	34715
CoV|P0C6V9.243.BC2	22698
CoV|P0C6V9.244.BC1	56023
CoV|P0C6V9.244.BC2	46877
CoV|P0C6V9.245.BC1	22974
CoV|P0C6V9.245.BC2	28272
CoV|P0C6V9.246.BC1	13297
CoV|P0C6V9.246.BC2	13417
CoV|P0C6V9.247.BC1	13062
CoV|P0C6V9.247.BC2	18999
CoV|P0C6V9.248.BC1	10006
CoV|P0C6V9.248.BC2	3115
CoV|P0C6V9.249.BC1	11574
CoV|P0C6V9.249.BC2	6749
CoV|P0C6V9.250.BC1	33090
CoV|P0C6V9.250.BC2	17001
CoV|P0C6V9.251.BC1	23484
CoV|P0C6V9.251.BC2	20038
CoV|P0C6W2.10.BC1	19592
CoV|P0C6W2.10.BC2	24547
CoV|P0C6W2.100.BC1	8014
CoV|P0C6W2.100.BC2	20098
CoV|P0C6W2.101.BC1	15275
CoV|P0C6W2.101.BC2	18284
CoV|P0C6W2.102.BC1	3992
CoV|P0C6W2.102.BC2	22966
CoV|P0C6W2.103.BC1	41422
CoV|P0C6W2.103.BC2	35461
CoV|P0C6W2.104.BC1	23869
CoV|P0C6W2.104.BC2	24760
CoV|P0C6W2.105.BC1	23894
CoV|P0C6W2.105.BC2	35967
CoV|P0C6W2.106.BC1	15603
CoV|P0C6W2.106.BC2	14135
CoV|P0C6W2.107.BC1	13746
CoV|P0C6W2.107.BC2	31090
CoV|P0C6W2.108.BC1	34729
CoV|P0C6W2.108.BC2	44285
CoV|P0C6W2.109.BC1	49892
CoV|P0C6W2.109.BC2	45053
CoV|P0C6W2.11.BC1	48166
CoV|P0C6W2.11.BC2	60981
CoV|P0C6W2.110.BC1	23440
CoV|P0C6W2.110.BC2	22496
CoV|P0C6W2.111.BC1	2678
CoV|P0C6W2.111.BC2	9066
CoV|P0C6W2.112.BC1	17748
CoV|P0C6W2.112.BC2	14449
CoV|P0C6W2.113.BC1	17215
CoV|P0C6W2.113.BC2	14393
CoV|P0C6W2.114.BC1	40474
CoV|P0C6W2.114.BC2	25334
CoV|P0C6W2.115.BC1	49563
CoV|P0C6W2.115.BC2	15801
CoV|P0C6W2.116.BC1	12431
CoV|P0C6W2.116.BC2	38669
CoV|P0C6W2.117.BC1	13217
CoV|P0C6W2.117.BC2	18473
CoV|P0C6W2.118.BC1	14401
CoV|P0C6W2.118.BC2	17665
CoV|P0C6W2.119.BC1	14179
CoV|P0C6W2.119.BC2	28240
CoV|P0C6W2.12.BC1	21787
CoV|P0C6W2.12.BC2	14349
CoV|P0C6W2.120.BC1	18768
CoV|P0C6W2.120.BC2	24364
CoV|P0C6W2.121.BC1	14536
CoV|P0C6W2.121.BC2	10829
CoV|P0C6W2.122.BC1	9852
CoV|P0C6W2.122.BC2	13774
CoV|P0C6W2.123.BC1	26404
CoV|P0C6W2.123.BC2	33796
CoV|P0C6W2.124.BC1	20977
CoV|P0C6W2.124.BC2	17854
CoV|P0C6W2.125.BC1	20372
CoV|P0C6W2.125.BC2	19499
CoV|P0C6W2.126.BC1	20610
CoV|P0C6W2.126.BC2	4143
CoV|P0C6W2.127.BC1	26653
CoV|P0C6W2.127.BC2	14621
CoV|P0C6W2.128.BC1	44888
CoV|P0C6W2.128.BC2	57589
CoV|P0C6W2.129.BC1	26355
CoV|P0C6W2.129.BC2	36801
CoV|P0C6W2.13.BC1	14678
CoV|P0C6W2.13.BC2	20835
CoV|P0C6W2.130.BC1	28689
CoV|P0C6W2.130.BC2	28235
CoV|P0C6W2.131.BC1	18826
CoV|P0C6W2.131.BC2	26525
CoV|P0C6W2.132.BC1	40237
CoV|P0C6W2.132.BC2	39611
CoV|P0C6W2.133.BC1	87486
CoV|P0C6W2.133.BC2	71955
CoV|P0C6W2.134.BC1	14891
CoV|P0C6W2.134.BC2	9202
CoV|P0C6W2.135.BC1	24275
CoV|P0C6W2.135.BC2	23518
CoV|P0C6W2.136.BC1	16789
CoV|P0C6W2.136.BC2	12379
CoV|P0C6W2.137.BC1	8133
CoV|P0C6W2.137.BC2	12047
CoV|P0C6W2.138.BC1	9690
CoV|P0C6W2.138.BC2	10635
CoV|P0C6W2.139.BC1	27322
CoV|P0C6W2.139.BC2	49648
CoV|P0C6W2.14.BC1	12526
CoV|P0C6W2.14.BC2	15447
CoV|P0C6W2.140.BC1	33370
CoV|P0C6W2.140.BC2	42064
CoV|P0C6W2.141.BC1	41007
CoV|P0C6W2.141.BC2	42546
CoV|P0C6W2.142.BC1	39601
CoV|P0C6W2.142.BC2	41012
CoV|P0C6W2.143.BC1	15059
CoV|P0C6W2.143.BC2	19626
CoV|P0C6W2.144.BC1	29493
CoV|P0C6W2.144.BC2	15096
CoV|P0C6W2.145.BC1	33491
CoV|P0C6W2.145.BC2	28579
CoV|P0C6W2.146.BC1	66004
CoV|P0C6W2.146.BC2	32658
CoV|P0C6W2.147.BC1	33609
CoV|P0C6W2.147.BC2	42481
CoV|P0C6W2.148.BC1	23976
CoV|P0C6W2.148.BC2	18097
CoV|P0C6W2.149.BC1	31570
CoV|P0C6W2.149.BC2	18319
CoV|P0C6W2.15.BC1	12396
CoV|P0C6W2.15.BC2	13431
CoV|P0C6W2.150.BC1	18534
CoV|P0C6W2.150.BC2	5894
CoV|P0C6W2.151.BC1	21061
CoV|P0C6W2.151.BC2	22227
CoV|P0C6W2.152.BC1	17931
CoV|P0C6W2.152.BC2	19271
CoV|P0C6W2.153.BC1	16159
CoV|P0C6W2.153.BC2	13779
CoV|P0C6W2.154.BC1	28812
CoV|P0C6W2.154.BC2	30154
CoV|P0C6W2.155.BC1	55207
CoV|P0C6W2.155.BC2	33873
CoV|P0C6W2.156.BC1	17008
CoV|P0C6W2.156.BC2	30880
CoV|P0C6W2.157.BC1	7555
CoV|P0C6W2.157.BC2	9365
CoV|P0C6W2.158.BC1	27487
CoV|P0C6W2.158.BC2	12794
CoV|P0C6W2.159.BC1	11875
CoV|P0C6W2.159.BC2	39385
CoV|P0C6W2.16.BC1	3048
CoV|P0C6W2.16.BC2	6299
CoV|P0C6W2.160.BC1	21770
CoV|P0C6W2.160.BC2	15700
CoV|P0C6W2.161.BC1	5487
CoV|P0C6W2.161.BC2	25999
CoV|P0C6W2.162.BC1	14217
CoV|P0C6W2.162.BC2	27633
CoV|P0C6W2.163.BC1	18455
CoV|P0C6W2.163.BC2	14904
CoV|P0C6W2.164.BC1	20180
CoV|P0C6W2.164.BC2	14804
CoV|P0C6W2.165.BC1	6236
CoV|P0C6W2.165.BC2	9293
CoV|P0C6W2.166.BC1	17933
CoV|P0C6W2.166.BC2	8761
CoV|P0C6W2.167.BC1	25953
CoV|P0C6W2.167.BC2	15484
CoV|P0C6W2.168.BC1	20513
CoV|P0C6W2.168.BC2	40622
CoV|P0C6W2.169.BC1	20264
CoV|P0C6W2.169.BC2	46033
CoV|P0C6W2.17.BC1	32342
CoV|P0C6W2.17.BC2	38684
CoV|P0C6W2.170.BC1	35079
CoV|P0C6W2.170.BC2	25385
CoV|P0C6W2.171.BC1	8297
CoV|P0C6W2.171.BC2	14024
CoV|P0C6W2.172.BC1	6394
CoV|P0C6W2.172.BC2	3950
CoV|P0C6W2.173.BC1	37853
CoV|P0C6W2.173.BC2	33792
CoV|P0C6W2.174.BC1	38704
CoV|P0C6W2.174.BC2	24303
CoV|P0C6W2.175.BC1	27815
CoV|P0C6W2.175.BC2	19346
CoV|P0C6W2.176.BC1	37104
CoV|P0C6W2.176.BC2	22850
CoV|P0C6W2.177.BC1	36351
CoV|P0C6W2.177.BC2	16107
CoV|P0C6W2.178.BC1	5329
CoV|P0C6W2.178.BC2	12265
CoV|P0C6W2.179.BC1	22612
CoV|P0C6W2.179.BC2	38878
CoV|P0C6W2.18.BC1	1297
CoV|P0C6W2.18.BC2	48423
CoV|P0C6W2.180.BC1	54517
CoV|P0C6W2.180.BC2	28092
CoV|P0C6W2.181.BC1	10655
CoV|P0C6W2.181.BC2	27339
CoV|P0C6W2.182.BC1	10703
CoV|P0C6W2.182.BC2	24355
CoV|P0C6W2.183.BC1	15442
CoV|P0C6W2.183.BC2	9486
CoV|P0C6W2.184.BC1	39886
CoV|P0C6W2.184.BC2	47203
CoV|P0C6W2.185.BC1	14716
CoV|P0C6W2.185.BC2	32293
CoV|P0C6W2.186.BC1	8788
CoV|P0C6W2.186.BC2	9795
CoV|P0C6W2.187.BC1	26730
CoV|P0C6W2.187.BC2	15205
CoV|P0C6W2.188.BC1	7536
CoV|P0C6W2.188.BC2	48598
CoV|P0C6W2.189.BC1	38560
CoV|P0C6W2.189.BC2	19011
CoV|P0C6W2.19.BC1	24665
CoV|P0C6W2.19.BC2	32162
CoV|P0C6W2.190.BC1	2962
CoV|P0C6W2.190.BC2	1590
CoV|P0C6W2.191.BC1	29623
CoV|P0C6W2.191.BC2	42106
CoV|P0C6W2.192.BC1	48457
CoV|P0C6W2.192.BC2	37185
CoV|P0C6W2.193.BC1	19002
CoV|P0C6W2.193.BC2	17011
CoV|P0C6W2.194.BC1	5771
CoV|P0C6W2.194.BC2	21758
CoV|P0C6W2.195.BC1	16802
CoV|P0C6W2.195.BC2	13181
CoV|P0C6W2.196.BC1	19903
CoV|P0C6W2.196.BC2	22775
CoV|P0C6W2.197.BC1	12475
CoV|P0C6W2.197.BC2	20959
CoV|P0C6W2.198.BC1	20248
CoV|P0C6W2.198.BC2	11510
CoV|P0C6W2.199.BC1	12690
CoV|P0C6W2.199.BC2	12491
CoV|P0C6W2.2.BC1	20043
CoV|P0C6W2.2.BC2	22843
CoV|P0C6W2.20.BC1	12683
CoV|P0C6W2.20.BC2	16766
CoV|P0C6W2.200.BC1	40030
CoV|P0C6W2.200.BC2	52723
CoV|P0C6W2.201.BC1	22463
CoV|P0C6W2.201.BC2	28280
CoV|P0C6W2.202.BC1	29220
CoV|P0C6W2.202.BC2	24147
CoV|P0C6W2.203.BC1	36720
CoV|P0C6W2.203.BC2	28989
CoV|P0C6W2.204.BC1	24003
CoV|P0C6W2.204.BC2	26500
CoV|P0C6W2.205.BC1	27279
CoV|P0C6W2.205.BC2	20597
CoV|P0C6W2.206.BC1	39547
CoV|P0C6W2.206.BC2	30527
CoV|P0C6W2.207.BC1	27733
CoV|P0C6W2.207.BC2	26629
CoV|P0C6W2.208.BC1	2561
CoV|P0C6W2.208.BC2	15844
CoV|P0C6W2.209.BC1	25732
CoV|P0C6W2.209.BC2	34016
CoV|P0C6W2.21.BC1	7836
CoV|P0C6W2.21.BC2	41771
CoV|P0C6W2.210.BC1	24895
CoV|P0C6W2.210.BC2	32905
CoV|P0C6W2.211.BC1	18781
CoV|P0C6W2.211.BC2	18909
CoV|P0C6W2.212.BC1	21487
CoV|P0C6W2.212.BC2	35494
CoV|P0C6W2.213.BC1	27037
CoV|P0C6W2.213.BC2	34068
CoV|P0C6W2.214.BC1	22663
CoV|P0C6W2.214.BC2	28555
CoV|P0C6W2.215.BC1	4275
CoV|P0C6W2.215.BC2	29293
CoV|P0C6W2.216.BC1	8404
CoV|P0C6W2.216.BC2	16028
CoV|P0C6W2.217.BC1	11606
CoV|P0C6W2.217.BC2	17714
CoV|P0C6W2.218.BC1	9087
CoV|P0C6W2.218.BC2	7400
CoV|P0C6W2.219.BC1	35594
CoV|P0C6W2.219.BC2	32612
CoV|P0C6W2.22.BC1	4837
CoV|P0C6W2.22.BC2	12148
CoV|P0C6W2.220.BC1	41283
CoV|P0C6W2.220.BC2	20938
CoV|P0C6W2.221.BC1	28246
CoV|P0C6W2.221.BC2	9074
CoV|P0C6W2.222.BC1	36126
CoV|P0C6W2.222.BC2	20492
CoV|P0C6W2.223.BC1	20308
CoV|P0C6W2.223.BC2	16143
CoV|P0C6W2.224.BC1	22103
CoV|P0C6W2.224.BC2	35062
CoV|P0C6W2.225.BC1	42510
CoV|P0C6W2.225.BC2	34699
CoV|P0C6W2.226.BC1	59259
CoV|P0C6W2.226.BC2	48521
CoV|P0C6W2.227.BC1	16749
CoV|P0C6W2.227.BC2	15375
CoV|P0C6W2.228.BC1	14700
CoV|P0C6W2.228.BC2	15449
CoV|P0C6W2.229.BC1	14112
CoV|P0C6W2.229.BC2	23966
CoV|P0C6W2.23.BC1	8112
CoV|P0C6W2.23.BC2	6705
CoV|P0C6W2.230.BC1	18436
CoV|P0C6W2.230.BC2	21178
CoV|P0C6W2.231.BC1	39663
CoV|P0C6W2.231.BC2	33647
CoV|P0C6W2.232.BC1	16074
CoV|P0C6W2.232.BC2	28739
CoV|P0C6W2.233.BC1	26361
CoV|P0C6W2.233.BC2	26619
CoV|P0C6W2.234.BC1	18582
CoV|P0C6W2.234.BC2	18914
CoV|P0C6W2.235.BC1	20787
CoV|P0C6W2.235.BC2	21082
CoV|P0C6W2.236.BC1	10899
CoV|P0C6W2.236.BC2	3699
CoV|P0C6W2.237.BC1	9667
CoV|P0C6W2.237.BC2	8245
CoV|P0C6W2.238.BC1	25679
CoV|P0C6W2.238.BC2	14103
CoV|P0C6W2.239.BC1	13521
CoV|P0C6W2.239.BC2	16318
CoV|P0C6W2.24.BC1	16571
CoV|P0C6W2.24.BC2	7015
CoV|P0C6W2.240.BC1	16508
CoV|P0C6W2.240.BC2	10741
CoV|P0C6W2.241.BC1	29416
CoV|P0C6W2.241.BC2	15116
CoV|P0C6W2.242.BC1	20114
CoV|P0C6W2.242.BC2	48156
CoV|P0C6W2.243.BC1	33371
CoV|P0C6W2.243.BC2	31391
CoV|P0C6W2.244.BC1	38041
CoV|P0C6W2.244.BC2	42787
CoV|P0C6W2.245.BC1	31102
CoV|P0C6W2.245.BC2	25082
CoV|P0C6W2.246.BC1	9674
CoV|P0C6W2.246.BC2	10270
CoV|P0C6W2.247.BC1	7081
CoV|P0C6W2.247.BC2	8369
CoV|P0C6W2.248.BC1	8475
CoV|P0C6W2.248.BC2	12234
CoV|P0C6W2.249.BC1	4881
CoV|P0C6W2.249.BC2	25166
CoV|P0C6W2.25.BC1	17493
CoV|P0C6W2.25.BC2	7798
CoV|P0C6W2.250.BC1	38137
CoV|P0C6W2.250.BC2	18238
CoV|P0C6W2.251.BC1	41293
CoV|P0C6W2.251.BC2	32864
CoV|P0C6W2.26.BC1	24408
CoV|P0C6W2.26.BC2	29301
CoV|P0C6W2.27.BC1	45185
CoV|P0C6W2.27.BC2	29439
CoV|P0C6W2.28.BC1	17063
CoV|P0C6W2.28.BC2	31820
CoV|P0C6W2.29.BC1	23052
CoV|P0C6W2.29.BC2	11834
CoV|P0C6W2.3.BC1	16424
CoV|P0C6W2.3.BC2	19383
CoV|P0C6W2.30.BC1	8779
CoV|P0C6W2.30.BC2	12986
CoV|P0C6W2.31.BC1	6627
CoV|P0C6W2.31.BC2	1623
CoV|P0C6W2.32.BC1	20906
CoV|P0C6W2.32.BC2	22178
CoV|P0C6W2.33.BC1	19230
CoV|P0C6W2.33.BC2	19970
CoV|P0C6W2.34.BC1	32406
CoV|P0C6W2.34.BC2	22157
CoV|P0C6W2.35.BC1	20129
CoV|P0C6W2.35.BC2	16813
CoV|P0C6W2.36.BC1	29429
CoV|P0C6W2.36.BC2	33103
CoV|P0C6W2.37.BC1	48401
CoV|P0C6W2.37.BC2	36986
CoV|P0C6W2.38.BC1	36427
CoV|P0C6W2.38.BC2	37055
CoV|P0C6W2.39.BC1	6281
CoV|P0C6W2.39.BC2	7681
CoV|P0C6W2.4.BC1	31204
CoV|P0C6W2.4.BC2	19579
CoV|P0C6W2.40.BC1	14110
CoV|P0C6W2.40.BC2	10655
CoV|P0C6W2.41.BC1	12986
CoV|P0C6W2.41.BC2	24005
CoV|P0C6W2.42.BC1	6943
CoV|P0C6W2.42.BC2	16236
CoV|P0C6W2.43.BC1	30086
CoV|P0C6W2.43.BC2	28014
CoV|P0C6W2.44.BC1	28013
CoV|P0C6W2.44.BC2	36268
CoV|P0C6W2.45.BC1	29800
CoV|P0C6W2.45.BC2	41688
CoV|P0C6W2.46.BC1	23353
CoV|P0C6W2.46.BC2	16675
CoV|P0C6W2.47.BC1	12821
CoV|P0C6W2.47.BC2	12099
CoV|P0C6W2.48.BC1	17695
CoV|P0C6W2.48.BC2	6802
CoV|P0C6W2.49.BC1	23384
CoV|P0C6W2.49.BC2	20481
CoV|P0C6W2.5.BC1	19435
CoV|P0C6W2.5.BC2	61408
CoV|P0C6W2.50.BC1	39907
CoV|P0C6W2.50.BC2	40707
CoV|P0C6W2.51.BC1	23277
CoV|P0C6W2.51.BC2	39140
CoV|P0C6W2.52.BC1	38861
CoV|P0C6W2.52.BC2	30028
CoV|P0C6W2.53.BC1	26598
CoV|P0C6W2.53.BC2	23812
CoV|P0C6W2.54.BC1	13590
CoV|P0C6W2.54.BC2	20883
CoV|P0C6W2.55.BC1	40184
CoV|P0C6W2.55.BC2	29200
CoV|P0C6W2.56.BC1	40708
CoV|P0C6W2.56.BC2	29377
CoV|P0C6W2.57.BC1	12441
CoV|P0C6W2.57.BC2	17538
CoV|P0C6W2.58.BC1	23287
CoV|P0C6W2.58.BC2	10406
CoV|P0C6W2.59.BC1	4797
CoV|P0C6W2.59.BC2	17098
CoV|P0C6W2.6.BC1	10234
CoV|P0C6W2.6.BC2	13600
CoV|P0C6W2.60.BC1	8615
CoV|P0C6W2.60.BC2	16156
CoV|P0C6W2.61.BC1	29898
CoV|P0C6W2.61.BC2	31658
CoV|P0C6W2.62.BC1	28153
CoV|P0C6W2.62.BC2	8893
CoV|P0C6W2.63.BC1	21377
CoV|P0C6W2.63.BC2	13437
CoV|P0C6W2.64.BC1	12293
CoV|P0C6W2.64.BC2	14516
CoV|P0C6W2.65.BC1	30389
CoV|P0C6W2.65.BC2	18963
CoV|P0C6W2.66.BC1	31930
CoV|P0C6W2.66.BC2	18419
CoV|P0C6W2.67.BC1	47983
CoV|P0C6W2.67.BC2	64724
CoV|P0C6W2.68.BC1	14433
CoV|P0C6W2.68.BC2	8006
CoV|P0C6W2.69.BC1	21575
CoV|P0C6W2.69.BC2	13083
CoV|P0C6W2.7.BC1	9011
CoV|P0C6W2.7.BC2	5517
CoV|P0C6W2.70.BC1	18122
CoV|P0C6W2.70.BC2	25838
CoV|P0C6W2.71.BC1	14071
CoV|P0C6W2.71.BC2	23044
CoV|P0C6W2.72.BC1	31596
CoV|P0C6W2.72.BC2	33466
CoV|P0C6W2.73.BC1	38340
CoV|P0C6W2.73.BC2	27303
CoV|P0C6W2.74.BC1	11152
CoV|P0C6W2.74.BC2	20161
CoV|P0C6W2.75.BC1	21470
CoV|P0C6W2.75.BC2	25990
CoV|P0C6W2.76.BC1	12552
CoV|P0C6W2.76.BC2	2268
CoV|P0C6W2.77.BC1	15488
CoV|P0C6W2.77.BC2	10861
CoV|P0C6W2.78.BC1	31665
CoV|P0C6W2.78.BC2	40368
CoV|P0C6W2.79.BC1	19502
CoV|P0C6W2.79.BC2	24508
CoV|P0C6W2.8.BC1	12049
CoV|P0C6W2.8.BC2	36154
CoV|P0C6W2.80.BC1	5297
CoV|P0C6W2.80.BC2	10590
CoV|P0C6W2.81.BC1	15027
CoV|P0C6W2.81.BC2	33034
CoV|P0C6W2.82.BC1	13364
CoV|P0C6W2.82.BC2	11921
CoV|P0C6W2.83.BC1	16571
CoV|P0C6W2.83.BC2	39285
CoV|P0C6W2.84.BC1	23165
CoV|P0C6W2.84.BC2	7956
CoV|P0C6W2.85.BC1	35419
CoV|P0C6W2.85.BC2	12397
CoV|P0C6W2.86.BC1	38297
CoV|P0C6W2.86.BC2	8544
CoV|P0C6W2.87.BC1	17493
CoV|P0C6W2.87.BC2	23931
CoV|P0C6W2.88.BC1	25836
CoV|P0C6W2.88.BC2	32782
CoV|P0C6W2.89.BC1	25273
CoV|P0C6W2.89.BC2	27567
CoV|P0C6W2.9.BC1	20557
CoV|P0C6W2.9.BC2	19698
CoV|P0C6W2.90.BC1	27417
CoV|P0C6W2.90.BC2	21005
CoV|P0C6W2.91.BC1	6596
CoV|P0C6W2.91.BC2	10877
CoV|P0C6W2.92.BC1	32595
CoV|P0C6W2.92.BC2	37002
CoV|P0C6W2.93.BC1	20090
CoV|P0C6W2.93.BC2	36303
CoV|P0C6W2.94.BC1	20792
CoV|P0C6W2.94.BC2	34138
CoV|P0C6W2.95.BC1	18600
CoV|P0C6W2.95.BC2	38587
CoV|P0C6W2.96.BC1	9897
CoV|P0C6W2.96.BC2	6439
CoV|P0C6W2.97.BC1	24307
CoV|P0C6W2.97.BC2	24849
CoV|P0C6W2.98.BC1	31917
CoV|P0C6W2.98.BC2	37000
CoV|P0C6W2.99.BC1	27410
CoV|P0C6W2.99.BC2	43522
CoV|P0C6W6.155.BC1	54641
CoV|P0C6W6.155.BC2	34239
CoV|P0C6W6.156.BC1	14982
CoV|P0C6W6.156.BC2	17793
CoV|P0C6W6.157.BC1	25773
CoV|P0C6W6.157.BC2	22428
CoV|P0C6W6.158.BC1	27329
CoV|P0C6W6.158.BC2	13012
CoV|P0C6W6.159.BC1	21717
CoV|P0C6W6.159.BC2	25314
CoV|P0C6W6.160.BC1	4586
CoV|P0C6W6.160.BC2	16997
CoV|P0C6W6.161.BC1	12121
CoV|P0C6W6.161.BC2	22141
CoV|P0C6W6.162.BC1	25874
CoV|P0C6W6.162.BC2	11691
CoV|P0C6W6.163.BC1	22536
CoV|P0C6W6.163.BC2	17236
CoV|P0C6W6.164.BC1	17803
CoV|P0C6W6.164.BC2	12981
CoV|P0C6W6.165.BC1	26499
CoV|P0C6W6.165.BC2	12355
CoV|P0C6W6.166.BC1	17346
CoV|P0C6W6.166.BC2	14162
CoV|P0C6W6.167.BC1	16575
CoV|P0C6W6.167.BC2	26217
CoV|P0C6W6.168.BC1	27557
CoV|P0C6W6.168.BC2	26741
CoV|P0C6W6.169.BC1	12723
CoV|P0C6W6.169.BC2	37863
CoV|P0C6W6.170.BC1	14183
CoV|P0C6W6.170.BC2	11505
CoV|P0C6W6.171.BC1	18824
CoV|P0C6W6.171.BC2	15451
CoV|P0C6W6.172.BC1	4589
CoV|P0C6W6.172.BC2	9357
CoV|P0C6W6.173.BC1	34225
CoV|P0C6W6.173.BC2	30977
CoV|P0C6W6.174.BC1	16804
CoV|P0C6W6.174.BC2	35636
CoV|P0C6W6.175.BC1	13473
CoV|P0C6W6.175.BC2	16879
CoV|P0C6W6.176.BC1	18476
CoV|P0C6W6.176.BC2	19092
CoV|P0C6W6.177.BC1	42138
CoV|P0C6W6.177.BC2	28458
CoV|P0C6W6.178.BC1	8008
CoV|P0C6W6.178.BC2	20634
CoV|P0C6W6.179.BC1	11248
CoV|P0C6W6.179.BC2	16824
CoV|P0C6W6.180.BC1	87194
CoV|P0C6W6.180.BC2	35288
CoV|P0C6W6.181.BC1	17563
CoV|P0C6W6.181.BC2	27067
CoV|P0C6W6.182.BC1	11336
CoV|P0C6W6.182.BC2	13019
CoV|P0C6W6.183.BC1	17240
CoV|P0C6W6.183.BC2	7804
CoV|P0C6W6.184.BC1	26204
CoV|P0C6W6.184.BC2	23570
CoV|P0C6W6.185.BC1	47748
CoV|P0C6W6.185.BC2	42717
CoV|P0C6W6.186.BC1	12188
CoV|P0C6W6.186.BC2	7590
CoV|P0C6W6.187.BC1	8959
CoV|P0C6W6.187.BC2	7087
CoV|P0C6W6.188.BC1	25369
CoV|P0C6W6.188.BC2	10921
CoV|P0C6W6.189.BC1	27339
CoV|P0C6W6.189.BC2	21956
CoV|P0C6W6.190.BC1	24037
CoV|P0C6W6.190.BC2	33175
CoV|P0C6W6.191.BC1	30704
CoV|P0C6W6.191.BC2	38153
CoV|P0C6W6.192.BC1	19851
CoV|P0C6W6.192.BC2	23689
CoV|P0C6W6.193.BC1	18240
CoV|P0C6W6.193.BC2	25649
CoV|P0C6W6.194.BC1	27442
CoV|P0C6W6.194.BC2	26636
CoV|P0C6W6.195.BC1	12175
CoV|P0C6W6.195.BC2	10978
CoV|P0C6W6.196.BC1	23055
CoV|P0C6W6.196.BC2	12681
CoV|P0C6W6.197.BC1	13180
CoV|P0C6W6.197.BC2	11892
CoV|P0C6W6.198.BC1	18129
CoV|P0C6W6.198.BC2	38659
CoV|P0C6W6.199.BC1	16552
CoV|P0C6W6.199.BC2	9264
CoV|P0C6W6.200.BC1	41443
CoV|P0C6W6.200.BC2	39426
CoV|P0C6W6.201.BC1	22723
CoV|P0C6W6.201.BC2	25298
CoV|P0C6W6.202.BC1	31975
CoV|P0C6W6.202.BC2	50503
CoV|P0C6W6.203.BC1	48419
CoV|P0C6W6.203.BC2	23467
CoV|P0C6W6.204.BC1	32771
CoV|P0C6W6.204.BC2	16150
CoV|P0C6W6.205.BC1	27660
CoV|P0C6W6.205.BC2	29191
CoV|P0C6W6.206.BC1	22761
CoV|P0C6W6.206.BC2	36888
CoV|P0C6W6.207.BC1	33964
CoV|P0C6W6.207.BC2	17874
CoV|P0C6W6.208.BC1	11599
CoV|P0C6W6.208.BC2	14434
CoV|P0C6W6.209.BC1	23613
CoV|P0C6W6.209.BC2	24625
CoV|P0C6W6.210.BC1	23096
CoV|P0C6W6.210.BC2	24151
CoV|P0C6W6.211.BC1	18603
CoV|P0C6W6.211.BC2	14912
CoV|P0C6W6.212.BC1	14634
CoV|P0C6W6.212.BC2	38811
CoV|P0C6W6.213.BC1	12614
CoV|P0C6W6.213.BC2	19128
CoV|P0C6W6.214.BC1	25354
CoV|P0C6W6.214.BC2	14556
CoV|P0C6W6.215.BC1	23283
CoV|P0C6W6.215.BC2	7150
CoV|P0C6W6.216.BC1	10477
CoV|P0C6W6.216.BC2	10677
CoV|P0C6W6.217.BC1	11656
CoV|P0C6W6.217.BC2	20699
CoV|P0C6W6.218.BC1	33431
CoV|P0C6W6.218.BC2	14917
CoV|P0C6W6.219.BC1	32074
CoV|P0C6W6.219.BC2	25725
CoV|P0C6W6.220.BC1	19091
CoV|P0C6W6.220.BC2	32633
CoV|P0C6W6.221.BC1	31840
CoV|P0C6W6.221.BC2	15585
CoV|P0C6W6.222.BC1	26683
CoV|P0C6W6.222.BC2	23782
CoV|P0C6W6.223.BC1	17117
CoV|P0C6W6.223.BC2	19149
CoV|P0C6W6.224.BC1	37832
CoV|P0C6W6.224.BC2	22916
CoV|P0C6W6.225.BC1	22940
CoV|P0C6W6.225.BC2	31994
CoV|P0C6W6.226.BC1	43807
CoV|P0C6W6.226.BC2	26321
CoV|P0C6W6.227.BC1	12218
CoV|P0C6W6.227.BC2	4415
CoV|P0C6W6.228.BC1	5212
CoV|P0C6W6.228.BC2	9066
CoV|P0C6W6.229.BC1	23717
CoV|P0C6W6.229.BC2	26236
CoV|P0C6W6.230.BC1	33751
CoV|P0C6W6.230.BC2	36905
CoV|P0C6W6.231.BC1	35922
CoV|P0C6W6.231.BC2	55183
CoV|P0C6W6.232.BC1	25187
CoV|P0C6W6.232.BC2	35279
CoV|P0C6W6.233.BC1	49385
CoV|P0C6W6.233.BC2	33973
CoV|P0C6W6.234.BC1	13111
CoV|P0C6W6.234.BC2	27837
CoV|P0C6W6.235.BC1	32593
CoV|P0C6W6.235.BC2	4783
CoV|P0C6W6.236.BC1	4258
CoV|P0C6W6.236.BC2	14587
CoV|P0C6W6.237.BC1	4869
CoV|P0C6W6.237.BC2	8256
CoV|P0C6W6.238.BC1	24101
CoV|P0C6W6.238.BC2	14646
CoV|P0C6W6.239.BC1	8775
CoV|P0C6W6.239.BC2	12049
CoV|P0C6W6.240.BC1	6158
CoV|P0C6W6.240.BC2	10513
CoV|P0C6W6.241.BC1	13997
CoV|P0C6W6.241.BC2	15654
CoV|P0C6W6.242.BC1	8030
CoV|P0C6W6.242.BC2	7104
CoV|P0C6W6.243.BC1	14541
CoV|P0C6W6.243.BC2	39624
CoV|P0C6W6.244.BC1	49568
CoV|P0C6W6.244.BC2	40911
CoV|P0C6W6.245.BC1	27266
CoV|P0C6W6.245.BC2	28525
CoV|P0C6W6.246.BC1	15455
CoV|P0C6W6.246.BC2	4183
CoV|P0C6W6.247.BC1	11944
CoV|P0C6W6.247.BC2	11510
CoV|P0C6W6.248.BC1	10562
CoV|P0C6W6.248.BC2	10293
CoV|P0C6W6.249.BC1	25582
CoV|P0C6W6.249.BC2	19503
CoV|P0C6W6.250.BC1	22398
CoV|P0C6W6.250.BC2	12084
CoV|P0C6X1.144.BC1	31088
CoV|P0C6X1.144.BC2	51651
CoV|P0C6X1.145.BC1	10292
CoV|P0C6X1.145.BC2	20774
CoV|P0C6X1.146.BC1	18907
CoV|P0C6X1.146.BC2	3638
CoV|P0C6X1.147.BC1	11716
CoV|P0C6X1.147.BC2	2942
CoV|P0C6X1.148.BC1	26140
CoV|P0C6X1.148.BC2	30106
CoV|P0C6X1.149.BC1	7248
CoV|P0C6X1.149.BC2	10848
CoV|P0C6X1.150.BC1	5691
CoV|P0C6X1.150.BC2	8319
CoV|P0C6X1.151.BC1	7417
CoV|P0C6X1.151.BC2	17458
CoV|P0C6X1.152.BC1	18587
CoV|P0C6X1.152.BC2	24519
CoV|P0C6X1.153.BC1	22746
CoV|P0C6X1.153.BC2	25220
CoV|P0C6X1.154.BC1	19228
CoV|P0C6X1.154.BC2	18720
CoV|P0C6X1.155.BC1	33161
CoV|P0C6X1.155.BC2	36761
CoV|P0C6X1.156.BC1	11143
CoV|P0C6X1.156.BC2	11666
CoV|P0C6X1.157.BC1	10385
CoV|P0C6X1.157.BC2	9911
CoV|P0C6X1.158.BC1	28107
CoV|P0C6X1.158.BC2	17224
CoV|P0C6X1.159.BC1	16061
CoV|P0C6X1.159.BC2	13492
CoV|P0C6X1.160.BC1	34089
CoV|P0C6X1.160.BC2	18248
CoV|P0C6X1.161.BC1	22935
CoV|P0C6X1.161.BC2	18139
CoV|P0C6X1.162.BC1	14256
CoV|P0C6X1.162.BC2	30131
CoV|P0C6X1.163.BC1	31153
CoV|P0C6X1.163.BC2	25115
CoV|P0C6X1.164.BC1	45299
CoV|P0C6X1.164.BC2	39714
CoV|P0C6X1.165.BC1	18653
CoV|P0C6X1.165.BC2	22076
CoV|P0C6X1.166.BC1	31302
CoV|P0C6X1.166.BC2	24853
CoV|P0C6X1.167.BC1	32310
CoV|P0C6X1.167.BC2	13382
CoV|P0C6X1.168.BC1	7315
CoV|P0C6X1.168.BC2	17276
CoV|P0C6X1.169.BC1	12804
CoV|P0C6X1.169.BC2	15916
CoV|P0C6X1.170.BC1	8046
CoV|P0C6X1.170.BC2	15852
CoV|P0C6X1.171.BC1	15418
CoV|P0C6X1.171.BC2	34773
CoV|P0C6X1.172.BC1	24096
CoV|P0C6X1.172.BC2	17957
CoV|P0C6X1.173.BC1	13685
CoV|P0C6X1.173.BC2	10782
CoV|P0C6X1.174.BC1	16147
CoV|P0C6X1.174.BC2	19539
CoV|P0C6X1.175.BC1	7696
CoV|P0C6X1.175.BC2	15787
CoV|P0C6X1.176.BC1	9275
CoV|P0C6X1.176.BC2	7321
CoV|P0C6X1.177.BC1	8984
CoV|P0C6X1.177.BC2	10186
CoV|P0C6X1.178.BC1	12334
CoV|P0C6X1.178.BC2	11745
CoV|P0C6X1.179.BC1	12514
CoV|P0C6X1.179.BC2	29322
CoV|P0C6X1.180.BC1	43343
CoV|P0C6X1.180.BC2	48707
CoV|P0C6X1.181.BC1	46060
CoV|P0C6X1.181.BC2	29356
CoV|P0C6X1.182.BC1	28803
CoV|P0C6X1.182.BC2	23972
CoV|P0C6X1.183.BC1	18016
CoV|P0C6X1.183.BC2	21643
CoV|P0C6X1.184.BC1	18645
CoV|P0C6X1.184.BC2	16666
CoV|P0C6X1.185.BC1	13248
CoV|P0C6X1.185.BC2	20250
CoV|P0C6X1.186.BC1	18719
CoV|P0C6X1.186.BC2	2404
CoV|P0C6X1.187.BC1	29867
CoV|P0C6X1.187.BC2	29055
CoV|P0C6X1.188.BC1	35402
CoV|P0C6X1.188.BC2	22121
CoV|P0C6X1.189.BC1	30766
CoV|P0C6X1.189.BC2	22026
CoV|P0C6X1.190.BC1	56995
CoV|P0C6X1.190.BC2	28677
CoV|P0C6X1.191.BC1	25615
CoV|P0C6X1.191.BC2	16965
CoV|P0C6X1.192.BC1	27911
CoV|P0C6X1.192.BC2	53224
CoV|P0C6X1.193.BC1	22442
CoV|P0C6X1.193.BC2	27224
CoV|P0C6X1.194.BC1	14945
CoV|P0C6X1.194.BC2	25761
CoV|P0C6X1.195.BC1	26535
CoV|P0C6X1.195.BC2	19315
CoV|P0C6X1.196.BC1	29229
CoV|P0C6X1.196.BC2	29015
CoV|P0C6X1.197.BC1	15166
CoV|P0C6X1.197.BC2	35217
CoV|P0C6X1.198.BC1	22959
CoV|P0C6X1.198.BC2	35244
CoV|P0C6X1.199.BC1	36206
CoV|P0C6X1.199.BC2	51706
CoV|P0C6X1.200.BC1	24317
CoV|P0C6X1.200.BC2	33954
CoV|P0C6X1.201.BC1	58760
CoV|P0C6X1.201.BC2	30900
CoV|P0C6X1.202.BC1	41874
CoV|P0C6X1.202.BC2	20685
CoV|P0C6X1.203.BC1	32089
CoV|P0C6X1.203.BC2	34071
CoV|P0C6X1.204.BC1	43828
CoV|P0C6X1.204.BC2	6669
CoV|P0C6X1.205.BC1	14606
CoV|P0C6X1.205.BC2	22218
CoV|P0C6X1.206.BC1	10284
CoV|P0C6X1.206.BC2	20627
CoV|P0C6X1.207.BC1	31562
CoV|P0C6X1.207.BC2	35954
CoV|P0C6X1.208.BC1	25489
CoV|P0C6X1.208.BC2	19651
CoV|P0C6X1.209.BC1	35545
CoV|P0C6X1.209.BC2	13815
CoV|P0C6X1.210.BC1	61462
CoV|P0C6X1.210.BC2	18099
CoV|P0C6X1.211.BC1	29445
CoV|P0C6X1.211.BC2	18468
CoV|P0C6X1.212.BC1	32288
CoV|P0C6X1.212.BC2	24864
CoV|P0C6X1.213.BC1	13381
CoV|P0C6X1.213.BC2	24838
CoV|P0C6X1.214.BC1	47281
CoV|P0C6X1.214.BC2	73668
CoV|P0C6X1.215.BC1	35156
CoV|P0C6X1.215.BC2	30741
CoV|P0C6X1.216.BC1	8975
CoV|P0C6X1.216.BC2	17380
CoV|P0C6X1.217.BC1	8980
CoV|P0C6X1.217.BC2	10562
CoV|P0C6X1.218.BC1	35711
CoV|P0C6X1.218.BC2	36123
CoV|P0C6X1.219.BC1	25982
CoV|P0C6X1.219.BC2	26656
CoV|P0C6X1.220.BC1	22055
CoV|P0C6X1.220.BC2	21037
CoV|P0C6X1.221.BC1	26283
CoV|P0C6X1.221.BC2	31510
CoV|P0C6X1.222.BC1	24643
CoV|P0C6X1.222.BC2	27282
CoV|P0C6X1.223.BC1	23910
CoV|P0C6X1.223.BC2	39186
CoV|P0C6X1.224.BC1	36249
CoV|P0C6X1.224.BC2	32044
CoV|P0C6X1.225.BC1	20277
CoV|P0C6X1.225.BC2	19805
CoV|P0C6X1.226.BC1	10821
CoV|P0C6X1.226.BC2	16221
CoV|P0C6X1.227.BC1	5712
CoV|P0C6X1.227.BC2	8162
CoV|P0C6X1.228.BC1	8229
CoV|P0C6X1.228.BC2	5375
CoV|P0C6X1.229.BC1	13624
CoV|P0C6X1.229.BC2	8292
CoV|P0C6X1.230.BC1	8715
CoV|P0C6X1.230.BC2	20970
CoV|P0C6X1.231.BC1	21085
CoV|P0C6X1.231.BC2	34167
CoV|P0C6X1.232.BC1	48709
CoV|P0C6X1.232.BC2	37253
CoV|P0C6X1.233.BC1	28960
CoV|P0C6X1.233.BC2	21326
CoV|P0C6X1.234.BC1	40588
CoV|P0C6X1.234.BC2	41176
CoV|P0C6X1.235.BC1	2088
CoV|P0C6X1.235.BC2	3742
CoV|P0C6X1.236.BC1	129
CoV|P0C6X1.236.BC2	6040
CoV|P0C6X1.237.BC1	15474
CoV|P0C6X1.237.BC2	14865
CoV|P0C6X1.238.BC1	6443
CoV|P0C6X1.238.BC2	19288
CoV|P0C6X1.239.BC1	26013
CoV|P0C6X1.239.BC2	11095
CoV|P0C6X1.240.BC1	14523
CoV|P0C6X1.240.BC2	28818
CoV|P0C6X3.0.BC1	43839
CoV|P0C6X3.0.BC2	34057
CoV|P0C6X3.1.BC1	25009
CoV|P0C6X3.1.BC2	33149
CoV|P0C6X3.10.BC1	11269
CoV|P0C6X3.10.BC2	12896
CoV|P0C6X3.100.BC1	795
CoV|P0C6X3.100.BC2	12110
CoV|P0C6X3.101.BC1	27012
CoV|P0C6X3.101.BC2	7666
CoV|P0C6X3.102.BC1	11210
CoV|P0C6X3.102.BC2	20636
CoV|P0C6X3.103.BC1	4303
CoV|P0C6X3.103.BC2	20230
CoV|P0C6X3.104.BC1	21544
CoV|P0C6X3.104.BC2	16845
CoV|P0C6X3.105.BC1	31428
CoV|P0C6X3.105.BC2	31417
CoV|P0C6X3.106.BC1	26091
CoV|P0C6X3.106.BC2	57044
CoV|P0C6X3.107.BC1	26820
CoV|P0C6X3.107.BC2	1083
CoV|P0C6X3.108.BC1	4175
CoV|P0C6X3.108.BC2	679
CoV|P0C6X3.109.BC1	1913
CoV|P0C6X3.109.BC2	2105
CoV|P0C6X3.11.BC1	17600
CoV|P0C6X3.11.BC2	14772
CoV|P0C6X3.110.BC1	35013
CoV|P0C6X3.110.BC2	21021
CoV|P0C6X3.111.BC1	24705
CoV|P0C6X3.111.BC2	24551
CoV|P0C6X3.112.BC1	31294
CoV|P0C6X3.112.BC2	36094
CoV|P0C6X3.113.BC1	24114
CoV|P0C6X3.113.BC2	21434
CoV|P0C6X3.114.BC1	17850
CoV|P0C6X3.114.BC2	6992
CoV|P0C6X3.115.BC1	29479
CoV|P0C6X3.115.BC2	29156
CoV|P0C6X3.116.BC1	32027
CoV|P0C6X3.116.BC2	15982
CoV|P0C6X3.117.BC1	50752
CoV|P0C6X3.117.BC2	27014
CoV|P0C6X3.118.BC1	39593
CoV|P0C6X3.118.BC2	8812
CoV|P0C6X3.119.BC1	14733
CoV|P0C6X3.119.BC2	13312
CoV|P0C6X3.12.BC1	27530
CoV|P0C6X3.12.BC2	21672
CoV|P0C6X3.120.BC1	7719
CoV|P0C6X3.120.BC2	17484
CoV|P0C6X3.121.BC1	7471
CoV|P0C6X3.121.BC2	1430
CoV|P0C6X3.122.BC1	17354
CoV|P0C6X3.122.BC2	8048
CoV|P0C6X3.123.BC1	26801
CoV|P0C6X3.123.BC2	24075
CoV|P0C6X3.124.BC1	18420
CoV|P0C6X3.124.BC2	24214
CoV|P0C6X3.125.BC1	16177
CoV|P0C6X3.125.BC2	17999
CoV|P0C6X3.126.BC1	6529
CoV|P0C6X3.126.BC2	6124
CoV|P0C6X3.127.BC1	6139
CoV|P0C6X3.127.BC2	10760
CoV|P0C6X3.128.BC1	22285
CoV|P0C6X3.128.BC2	22010
CoV|P0C6X3.129.BC1	37435
CoV|P0C6X3.129.BC2	44190
CoV|P0C6X3.13.BC1	15805
CoV|P0C6X3.13.BC2	13085
CoV|P0C6X3.130.BC1	34397
CoV|P0C6X3.130.BC2	8112
CoV|P0C6X3.131.BC1	45086
CoV|P0C6X3.131.BC2	29763
CoV|P0C6X3.132.BC1	17673
CoV|P0C6X3.132.BC2	37161
CoV|P0C6X3.133.BC1	42011
CoV|P0C6X3.133.BC2	24333
CoV|P0C6X3.134.BC1	33569
CoV|P0C6X3.134.BC2	11021
CoV|P0C6X3.135.BC1	16453
CoV|P0C6X3.135.BC2	18253
CoV|P0C6X3.136.BC1	121
CoV|P0C6X3.136.BC2	19805
CoV|P0C6X3.137.BC1	14353
CoV|P0C6X3.137.BC2	16394
CoV|P0C6X3.138.BC1	7296
CoV|P0C6X3.138.BC2	14996
CoV|P0C6X3.139.BC1	28410
CoV|P0C6X3.139.BC2	5416
CoV|P0C6X3.14.BC1	24011
CoV|P0C6X3.14.BC2	19139
CoV|P0C6X3.140.BC1	5939
CoV|P0C6X3.140.BC2	21645
CoV|P0C6X3.141.BC1	6982
CoV|P0C6X3.141.BC2	19314
CoV|P0C6X3.142.BC1	19624
CoV|P0C6X3.142.BC2	29295
CoV|P0C6X3.143.BC1	49561
CoV|P0C6X3.143.BC2	26332
CoV|P0C6X3.144.BC1	17688
CoV|P0C6X3.144.BC2	15225
CoV|P0C6X3.145.BC1	11366
CoV|P0C6X3.145.BC2	11378
CoV|P0C6X3.146.BC1	6651
CoV|P0C6X3.146.BC2	24336
CoV|P0C6X3.147.BC1	7453
CoV|P0C6X3.147.BC2	13370
CoV|P0C6X3.148.BC1	20780
CoV|P0C6X3.148.BC2	20219
CoV|P0C6X3.149.BC1	40744
CoV|P0C6X3.149.BC2	34110
CoV|P0C6X3.15.BC1	22268
CoV|P0C6X3.15.BC2	14723
CoV|P0C6X3.150.BC1	10573
CoV|P0C6X3.150.BC2	28788
CoV|P0C6X3.151.BC1	8422
CoV|P0C6X3.151.BC2	15894
CoV|P0C6X3.152.BC1	11902
CoV|P0C6X3.152.BC2	16588
CoV|P0C6X3.153.BC1	16965
CoV|P0C6X3.153.BC2	17948
CoV|P0C6X3.154.BC1	13133
CoV|P0C6X3.154.BC2	14521
CoV|P0C6X3.155.BC1	14318
CoV|P0C6X3.155.BC2	14702
CoV|P0C6X3.156.BC1	20383
CoV|P0C6X3.156.BC2	24655
CoV|P0C6X3.157.BC1	48264
CoV|P0C6X3.157.BC2	26977
CoV|P0C6X3.158.BC1	29342
CoV|P0C6X3.158.BC2	28732
CoV|P0C6X3.159.BC1	12143
CoV|P0C6X3.159.BC2	11657
CoV|P0C6X3.16.BC1	18851
CoV|P0C6X3.16.BC2	28567
CoV|P0C6X3.160.BC1	30701
CoV|P0C6X3.160.BC2	29350
CoV|P0C6X3.161.BC1	37759
CoV|P0C6X3.161.BC2	22546
CoV|P0C6X3.162.BC1	21957
CoV|P0C6X3.162.BC2	14124
CoV|P0C6X3.163.BC1	29647
CoV|P0C6X3.163.BC2	15421
CoV|P0C6X3.164.BC1	10072
CoV|P0C6X3.164.BC2	10842
CoV|P0C6X3.165.BC1	18771
CoV|P0C6X3.165.BC2	5308
CoV|P0C6X3.166.BC1	15161
CoV|P0C6X3.166.BC2	3809
CoV|P0C6X3.167.BC1	21328
CoV|P0C6X3.167.BC2	12335
CoV|P0C6X3.168.BC1	12698
CoV|P0C6X3.168.BC2	20085
CoV|P0C6X3.169.BC1	23891
CoV|P0C6X3.169.BC2	7025
CoV|P0C6X3.17.BC1	5645
CoV|P0C6X3.17.BC2	16968
CoV|P0C6X3.170.BC1	23503
CoV|P0C6X3.170.BC2	20392
CoV|P0C6X3.171.BC1	3996
CoV|P0C6X3.171.BC2	12151
CoV|P0C6X3.172.BC1	10869
CoV|P0C6X3.172.BC2	20606
CoV|P0C6X3.173.BC1	5890
CoV|P0C6X3.173.BC2	4910
CoV|P0C6X3.174.BC1	15585
CoV|P0C6X3.174.BC2	6954
CoV|P0C6X3.175.BC1	15038
CoV|P0C6X3.175.BC2	29073
CoV|P0C6X3.176.BC1	35111
CoV|P0C6X3.176.BC2	30169
CoV|P0C6X3.177.BC1	30347
CoV|P0C6X3.177.BC2	27207
CoV|P0C6X3.178.BC1	20030
CoV|P0C6X3.178.BC2	22842
CoV|P0C6X3.179.BC1	23708
CoV|P0C6X3.179.BC2	36812
CoV|P0C6X3.18.BC1	23032
CoV|P0C6X3.18.BC2	27140
CoV|P0C6X3.180.BC1	14184
CoV|P0C6X3.180.BC2	9882
CoV|P0C6X3.181.BC1	18602
CoV|P0C6X3.181.BC2	13092
CoV|P0C6X3.182.BC1	24476
CoV|P0C6X3.182.BC2	17437
CoV|P0C6X3.183.BC1	5327
CoV|P0C6X3.183.BC2	6504
CoV|P0C6X3.184.BC1	22028
CoV|P0C6X3.184.BC2	10493
CoV|P0C6X3.185.BC1	5729
CoV|P0C6X3.185.BC2	7866
CoV|P0C6X3.186.BC1	18644
CoV|P0C6X3.186.BC2	9824
CoV|P0C6X3.187.BC1	27924
CoV|P0C6X3.187.BC2	23148
CoV|P0C6X3.188.BC1	1498
CoV|P0C6X3.188.BC2	4624
CoV|P0C6X3.189.BC1	6975
CoV|P0C6X3.189.BC2	13752
CoV|P0C6X3.19.BC1	15748
CoV|P0C6X3.19.BC2	13608
CoV|P0C6X3.190.BC1	24377
CoV|P0C6X3.190.BC2	41090
CoV|P0C6X3.191.BC1	15791
CoV|P0C6X3.191.BC2	29198
CoV|P0C6X3.192.BC1	28984
CoV|P0C6X3.192.BC2	25091
CoV|P0C6X3.193.BC1	14355
CoV|P0C6X3.193.BC2	6075
CoV|P0C6X3.194.BC1	10951
CoV|P0C6X3.194.BC2	8490
CoV|P0C6X3.195.BC1	24935
CoV|P0C6X3.195.BC2	31258
CoV|P0C6X3.196.BC1	30880
CoV|P0C6X3.196.BC2	12351
CoV|P0C6X3.197.BC1	12432
CoV|P0C6X3.197.BC2	8600
CoV|P0C6X3.198.BC1	5266
CoV|P0C6X3.198.BC2	14825
CoV|P0C6X3.199.BC1	15959
CoV|P0C6X3.199.BC2	18532
CoV|P0C6X3.2.BC1	8751
CoV|P0C6X3.2.BC2	15725
CoV|P0C6X3.20.BC1	33411
CoV|P0C6X3.20.BC2	21758
CoV|P0C6X3.200.BC1	11223
CoV|P0C6X3.200.BC2	8741
CoV|P0C6X3.201.BC1	11223
CoV|P0C6X3.201.BC2	13348
CoV|P0C6X3.202.BC1	43033
CoV|P0C6X3.202.BC2	35800
CoV|P0C6X3.203.BC1	10659
CoV|P0C6X3.203.BC2	9682
CoV|P0C6X3.204.BC1	33175
CoV|P0C6X3.204.BC2	17308
CoV|P0C6X3.205.BC1	27993
CoV|P0C6X3.205.BC2	36320
CoV|P0C6X3.206.BC1	11747
CoV|P0C6X3.206.BC2	20014
CoV|P0C6X3.207.BC1	17817
CoV|P0C6X3.207.BC2	9853
CoV|P0C6X3.208.BC1	9816
CoV|P0C6X3.208.BC2	10019
CoV|P0C6X3.209.BC1	23862
CoV|P0C6X3.209.BC2	12940
CoV|P0C6X3.21.BC1	22036
CoV|P0C6X3.21.BC2	34976
CoV|P0C6X3.210.BC1	5687
CoV|P0C6X3.210.BC2	14125
CoV|P0C6X3.211.BC1	27428
CoV|P0C6X3.211.BC2	1547
CoV|P0C6X3.212.BC1	17623
CoV|P0C6X3.212.BC2	18672
CoV|P0C6X3.213.BC1	24412
CoV|P0C6X3.213.BC2	26216
CoV|P0C6X3.214.BC1	28138
CoV|P0C6X3.214.BC2	23724
CoV|P0C6X3.215.BC1	13340
CoV|P0C6X3.215.BC2	18953
CoV|P0C6X3.216.BC1	18220
CoV|P0C6X3.216.BC2	19215
CoV|P0C6X3.217.BC1	25083
CoV|P0C6X3.217.BC2	16388
CoV|P0C6X3.218.BC1	7458
CoV|P0C6X3.218.BC2	18119
CoV|P0C6X3.219.BC1	8977
CoV|P0C6X3.219.BC2	14760
CoV|P0C6X3.22.BC1	31795
CoV|P0C6X3.22.BC2	24606
CoV|P0C6X3.220.BC1	31413
CoV|P0C6X3.220.BC2	22900
CoV|P0C6X3.221.BC1	32458
CoV|P0C6X3.221.BC2	40024
CoV|P0C6X3.222.BC1	1319
CoV|P0C6X3.222.BC2	12372
CoV|P0C6X3.223.BC1	49623
CoV|P0C6X3.223.BC2	14939
CoV|P0C6X3.224.BC1	33320
CoV|P0C6X3.224.BC2	67969
CoV|P0C6X3.225.BC1	16712
CoV|P0C6X3.225.BC2	20744
CoV|P0C6X3.226.BC1	45673
CoV|P0C6X3.226.BC2	16547
CoV|P0C6X3.227.BC1	44348
CoV|P0C6X3.227.BC2	74334
CoV|P0C6X3.228.BC1	58077
CoV|P0C6X3.228.BC2	59848
CoV|P0C6X3.229.BC1	10690
CoV|P0C6X3.229.BC2	8306
CoV|P0C6X3.23.BC1	9342
CoV|P0C6X3.23.BC2	32928
CoV|P0C6X3.230.BC1	10518
CoV|P0C6X3.230.BC2	4428
CoV|P0C6X3.231.BC1	7430
CoV|P0C6X3.231.BC2	7113
CoV|P0C6X3.232.BC1	13264
CoV|P0C6X3.232.BC2	17795
CoV|P0C6X3.233.BC1	4850
CoV|P0C6X3.233.BC2	8150
CoV|P0C6X3.234.BC1	16633
CoV|P0C6X3.234.BC2	9567
CoV|P0C6X3.235.BC1	34420
CoV|P0C6X3.235.BC2	34398
CoV|P0C6X3.236.BC1	28468
CoV|P0C6X3.236.BC2	23640
CoV|P0C6X3.237.BC1	27915
CoV|P0C6X3.237.BC2	12018
CoV|P0C6X3.238.BC1	26129
CoV|P0C6X3.238.BC2	27478
CoV|P0C6X3.239.BC1	6498
CoV|P0C6X3.239.BC2	15599
CoV|P0C6X3.24.BC1	15742
CoV|P0C6X3.24.BC2	13713
CoV|P0C6X3.240.BC1	12387
CoV|P0C6X3.240.BC2	3405
CoV|P0C6X3.241.BC1	7227
CoV|P0C6X3.241.BC2	7503
CoV|P0C6X3.242.BC1	10865
CoV|P0C6X3.242.BC2	11863
CoV|P0C6X3.243.BC1	6880
CoV|P0C6X3.243.BC2	15808
CoV|P0C6X3.244.BC1	17326
CoV|P0C6X3.244.BC2	26225
CoV|P0C6X3.245.BC1	9654
CoV|P0C6X3.245.BC2	16525
CoV|P0C6X3.246.BC1	26598
CoV|P0C6X3.246.BC2	28552
CoV|P0C6X3.247.BC1	55839
CoV|P0C6X3.247.BC2	55504
CoV|P0C6X3.248.BC1	21470
CoV|P0C6X3.248.BC2	24671
CoV|P0C6X3.249.BC1	460
CoV|P0C6X3.249.BC2	10854
CoV|P0C6X3.25.BC1	25857
CoV|P0C6X3.25.BC2	31693
CoV|P0C6X3.250.BC1	1021
CoV|P0C6X3.250.BC2	653
CoV|P0C6X3.251.BC1	16998
CoV|P0C6X3.251.BC2	16900
CoV|P0C6X3.252.BC1	20044
CoV|P0C6X3.252.BC2	13899
CoV|P0C6X3.253.BC1	19798
CoV|P0C6X3.253.BC2	23938
CoV|P0C6X3.254.BC1	17319
CoV|P0C6X3.254.BC2	28206
CoV|P0C6X3.26.BC1	29353
CoV|P0C6X3.26.BC2	16565
CoV|P0C6X3.27.BC1	31239
CoV|P0C6X3.27.BC2	14194
CoV|P0C6X3.28.BC1	18582
CoV|P0C6X3.28.BC2	15036
CoV|P0C6X3.29.BC1	21744
CoV|P0C6X3.29.BC2	11224
CoV|P0C6X3.3.BC1	15642
CoV|P0C6X3.3.BC2	19290
CoV|P0C6X3.30.BC1	7001
CoV|P0C6X3.30.BC2	7331
CoV|P0C6X3.31.BC1	21550
CoV|P0C6X3.31.BC2	2922
CoV|P0C6X3.32.BC1	43866
CoV|P0C6X3.32.BC2	21029
CoV|P0C6X3.33.BC1	74917
CoV|P0C6X3.33.BC2	43482
CoV|P0C6X3.34.BC1	47331
CoV|P0C6X3.34.BC2	49824
CoV|P0C6X3.35.BC1	44264
CoV|P0C6X3.35.BC2	54468
CoV|P0C6X3.36.BC1	20805
CoV|P0C6X3.36.BC2	50663
CoV|P0C6X3.37.BC1	40248
CoV|P0C6X3.37.BC2	40273
CoV|P0C6X3.38.BC1	9936
CoV|P0C6X3.38.BC2	13801
CoV|P0C6X3.39.BC1	6181
CoV|P0C6X3.39.BC2	12756
CoV|P0C6X3.4.BC1	6564
CoV|P0C6X3.4.BC2	15880
CoV|P0C6X3.40.BC1	13651
CoV|P0C6X3.40.BC2	9086
CoV|P0C6X3.41.BC1	17465
CoV|P0C6X3.41.BC2	11186
CoV|P0C6X3.42.BC1	13481
CoV|P0C6X3.42.BC2	15596
CoV|P0C6X3.43.BC1	28064
CoV|P0C6X3.43.BC2	35358
CoV|P0C6X3.44.BC1	24893
CoV|P0C6X3.44.BC2	24395
CoV|P0C6X3.45.BC1	11666
CoV|P0C6X3.45.BC2	4572
CoV|P0C6X3.46.BC1	6656
CoV|P0C6X3.46.BC2	11771
CoV|P0C6X3.47.BC1	4712
CoV|P0C6X3.47.BC2	24160
CoV|P0C6X3.48.BC1	42013
CoV|P0C6X3.48.BC2	25021
CoV|P0C6X3.49.BC1	31316
CoV|P0C6X3.49.BC2	21300
CoV|P0C6X3.5.BC1	9735
CoV|P0C6X3.5.BC2	4504
CoV|P0C6X3.50.BC1	16818
CoV|P0C6X3.50.BC2	6955
CoV|P0C6X3.51.BC1	17075
CoV|P0C6X3.51.BC2	12786
CoV|P0C6X3.52.BC1	3381
CoV|P0C6X3.52.BC2	4766
CoV|P0C6X3.53.BC1	14233
CoV|P0C6X3.53.BC2	2922
CoV|P0C6X3.54.BC1	15623
CoV|P0C6X3.54.BC2	3261
CoV|P0C6X3.55.BC1	22296
CoV|P0C6X3.55.BC2	1
CoV|P0C6X3.56.BC1	13937
CoV|P0C6X3.56.BC2	12375
CoV|P0C6X3.57.BC1	909
CoV|P0C6X3.57.BC2	14282
CoV|P0C6X3.58.BC1	13845
CoV|P0C6X3.58.BC2	16866
CoV|P0C6X3.59.BC1	12551
CoV|P0C6X3.59.BC2	10155
CoV|P0C6X3.6.BC1	7335
CoV|P0C6X3.6.BC2	26931
CoV|P0C6X3.60.BC1	25149
CoV|P0C6X3.60.BC2	18699
CoV|P0C6X3.61.BC1	12874
CoV|P0C6X3.61.BC2	19276
CoV|P0C6X3.62.BC1	8746
CoV|P0C6X3.62.BC2	9578
CoV|P0C6X3.63.BC1	14907
CoV|P0C6X3.63.BC2	9171
CoV|P0C6X3.64.BC1	6655
CoV|P0C6X3.64.BC2	28199
CoV|P0C6X3.65.BC1	20236
CoV|P0C6X3.65.BC2	25054
CoV|P0C6X3.66.BC1	31793
CoV|P0C6X3.66.BC2	32198
CoV|P0C6X3.67.BC1	21676
CoV|P0C6X3.67.BC2	6275
CoV|P0C6X3.68.BC1	15346
CoV|P0C6X3.68.BC2	9803
CoV|P0C6X3.69.BC1	17360
CoV|P0C6X3.69.BC2	39791
CoV|P0C6X3.7.BC1	20191
CoV|P0C6X3.7.BC2	29867
CoV|P0C6X3.70.BC1	22036
CoV|P0C6X3.70.BC2	24974
CoV|P0C6X3.71.BC1	15593
CoV|P0C6X3.71.BC2	25096
CoV|P0C6X3.72.BC1	34591
CoV|P0C6X3.72.BC2	12419
CoV|P0C6X3.73.BC1	38203
CoV|P0C6X3.73.BC2	44613
CoV|P0C6X3.74.BC1	26068
CoV|P0C6X3.74.BC2	40833
CoV|P0C6X3.75.BC1	22901
CoV|P0C6X3.75.BC2	4896
CoV|P0C6X3.76.BC1	21676
CoV|P0C6X3.76.BC2	10006
CoV|P0C6X3.77.BC1	7590
CoV|P0C6X3.77.BC2	11560
CoV|P0C6X3.78.BC1	12005
CoV|P0C6X3.78.BC2	1477
CoV|P0C6X3.79.BC1	28405
CoV|P0C6X3.79.BC2	744
CoV|P0C6X3.8.BC1	18741
CoV|P0C6X3.8.BC2	23646
CoV|P0C6X3.80.BC1	35428
CoV|P0C6X3.80.BC2	35199
CoV|P0C6X3.81.BC1	42942
CoV|P0C6X3.81.BC2	11952
CoV|P0C6X3.82.BC1	11031
CoV|P0C6X3.82.BC2	24261
CoV|P0C6X3.83.BC1	34841
CoV|P0C6X3.83.BC2	21434
CoV|P0C6X3.84.BC1	35266
CoV|P0C6X3.84.BC2	26176
CoV|P0C6X3.85.BC1	38274
CoV|P0C6X3.85.BC2	7649
CoV|P0C6X3.86.BC1	38483
CoV|P0C6X3.86.BC2	49382
CoV|P0C6X3.87.BC1	9056
CoV|P0C6X3.87.BC2	19450
CoV|P0C6X3.88.BC1	10675
CoV|P0C6X3.88.BC2	12635
CoV|P0C6X3.89.BC1	16113
CoV|P0C6X3.89.BC2	11485
CoV|P0C6X3.9.BC1	18045
CoV|P0C6X3.9.BC2	6019
CoV|P0C6X3.90.BC1	33240
CoV|P0C6X3.90.BC2	44041
CoV|P0C6X3.91.BC1	21775
CoV|P0C6X3.91.BC2	13670
CoV|P0C6X3.92.BC1	13095
CoV|P0C6X3.92.BC2	10036
CoV|P0C6X3.93.BC1	25509
CoV|P0C6X3.93.BC2	10537
CoV|P0C6X3.94.BC1	4135
CoV|P0C6X3.94.BC2	20900
CoV|P0C6X3.95.BC1	34102
CoV|P0C6X3.95.BC2	16287
CoV|P0C6X3.96.BC1	46990
CoV|P0C6X3.96.BC2	37568
CoV|P0C6X3.97.BC1	34306
CoV|P0C6X3.97.BC2	35537
CoV|P0C6X3.98.BC1	29524
CoV|P0C6X3.98.BC2	18546
CoV|P0C6X3.99.BC1	754
CoV|P0C6X3.99.BC2	30435
CoV|P0C6X6.155.BC1	44822
CoV|P0C6X6.155.BC2	42143
CoV|P0C6X6.156.BC1	10378
CoV|P0C6X6.156.BC2	13520
CoV|P0C6X6.157.BC1	9552
CoV|P0C6X6.157.BC2	11435
CoV|P0C6X6.158.BC1	20088
CoV|P0C6X6.158.BC2	12090
CoV|P0C6X6.159.BC1	65590
CoV|P0C6X6.159.BC2	41463
CoV|P0C6X6.160.BC1	18902
CoV|P0C6X6.160.BC2	20518
CoV|P0C6X6.161.BC1	18209
CoV|P0C6X6.161.BC2	17706
CoV|P0C6X6.162.BC1	13690
CoV|P0C6X6.162.BC2	12869
CoV|P0C6X6.163.BC1	18385
CoV|P0C6X6.163.BC2	25395
CoV|P0C6X6.164.BC1	9366
CoV|P0C6X6.164.BC2	20768
CoV|P0C6X6.165.BC1	21692
CoV|P0C6X6.165.BC2	26246
CoV|P0C6X6.166.BC1	27460
CoV|P0C6X6.166.BC2	24699
CoV|P0C6X6.167.BC1	3222
CoV|P0C6X6.167.BC2	12256
CoV|P0C6X6.168.BC1	9606
CoV|P0C6X6.168.BC2	15156
CoV|P0C6X6.169.BC1	18966
CoV|P0C6X6.169.BC2	5536
CoV|P0C6X6.170.BC1	18481
CoV|P0C6X6.170.BC2	26322
CoV|P0C6X6.171.BC1	13306
CoV|P0C6X6.171.BC2	12524
CoV|P0C6X6.172.BC1	6066
CoV|P0C6X6.172.BC2	10206
CoV|P0C6X6.173.BC1	32674
CoV|P0C6X6.173.BC2	26776
CoV|P0C6X6.174.BC1	21094
CoV|P0C6X6.174.BC2	29211
CoV|P0C6X6.175.BC1	40878
CoV|P0C6X6.175.BC2	30516
CoV|P0C6X6.176.BC1	20828
CoV|P0C6X6.176.BC2	15598
CoV|P0C6X6.177.BC1	21015
CoV|P0C6X6.177.BC2	36827
CoV|P0C6X6.178.BC1	14263
CoV|P0C6X6.178.BC2	18697
CoV|P0C6X6.179.BC1	18100
CoV|P0C6X6.179.BC2	27503
CoV|P0C6X6.180.BC1	23248
CoV|P0C6X6.180.BC2	22873
CoV|P0C6X6.181.BC1	20945
CoV|P0C6X6.181.BC2	18392
CoV|P0C6X6.182.BC1	7749
CoV|P0C6X6.182.BC2	3637
CoV|P0C6X6.183.BC1	23093
CoV|P0C6X6.183.BC2	8846
CoV|P0C6X6.184.BC1	57061
CoV|P0C6X6.184.BC2	49940
CoV|P0C6X6.185.BC1	21396
CoV|P0C6X6.185.BC2	13517
CoV|P0C6X6.186.BC1	8559
CoV|P0C6X6.186.BC2	12181
CoV|P0C6X6.187.BC1	20717
CoV|P0C6X6.187.BC2	1802
CoV|P0C6X6.188.BC1	21324
CoV|P0C6X6.188.BC2	31397
CoV|P0C6X6.189.BC1	25784
CoV|P0C6X6.189.BC2	35919
CoV|P0C6X6.190.BC1	39440
CoV|P0C6X6.190.BC2	17689
CoV|P0C6X6.191.BC1	17757
CoV|P0C6X6.191.BC2	18014
CoV|P0C6X6.192.BC1	9518
CoV|P0C6X6.192.BC2	13978
CoV|P0C6X6.193.BC1	34831
CoV|P0C6X6.193.BC2	42554
CoV|P0C6X6.194.BC1	13038
CoV|P0C6X6.194.BC2	13551
CoV|P0C6X6.195.BC1	17181
CoV|P0C6X6.195.BC2	16082
CoV|P0C6X6.196.BC1	12457
CoV|P0C6X6.196.BC2	8198
CoV|P0C6X6.197.BC1	21816
CoV|P0C6X6.197.BC2	21269
CoV|P0C6X6.198.BC1	12542
CoV|P0C6X6.198.BC2	14177
CoV|P0C6X6.199.BC1	20148
CoV|P0C6X6.199.BC2	4962
CoV|P0C6X6.200.BC1	37031
CoV|P0C6X6.200.BC2	31109
CoV|P0C6X6.201.BC1	20779
CoV|P0C6X6.201.BC2	21570
CoV|P0C6X6.202.BC1	33290
CoV|P0C6X6.202.BC2	11857
CoV|P0C6X6.203.BC1	34420
CoV|P0C6X6.203.BC2	39669
CoV|P0C6X6.204.BC1	19575
CoV|P0C6X6.204.BC2	5789
CoV|P0C6X6.205.BC1	1244
CoV|P0C6X6.205.BC2	5070
CoV|P0C6X6.206.BC1	35489
CoV|P0C6X6.206.BC2	14599
CoV|P0C6X6.207.BC1	37929
CoV|P0C6X6.207.BC2	35721
CoV|P0C6X6.208.BC1	36476
CoV|P0C6X6.208.BC2	14664
CoV|P0C6X6.209.BC1	2691
CoV|P0C6X6.209.BC2	14067
CoV|P0C6X6.210.BC1	51811
CoV|P0C6X6.210.BC2	25220
CoV|P0C6X6.211.BC1	27635
CoV|P0C6X6.211.BC2	35262
CoV|P0C6X6.212.BC1	10984
CoV|P0C6X6.212.BC2	14104
CoV|P0C6X6.213.BC1	11356
CoV|P0C6X6.213.BC2	18890
CoV|P0C6X6.214.BC1	8937
CoV|P0C6X6.214.BC2	19481
CoV|P0C6X6.215.BC1	19198
CoV|P0C6X6.215.BC2	33408
CoV|P0C6X6.216.BC1	15021
CoV|P0C6X6.216.BC2	12516
CoV|P0C6X6.217.BC1	15235
CoV|P0C6X6.217.BC2	14796
CoV|P0C6X6.218.BC1	20237
CoV|P0C6X6.218.BC2	6902
CoV|P0C6X6.219.BC1	20378
CoV|P0C6X6.219.BC2	20864
CoV|P0C6X6.220.BC1	18294
CoV|P0C6X6.220.BC2	16893
CoV|P0C6X6.221.BC1	15294
CoV|P0C6X6.221.BC2	12514
CoV|P0C6X6.222.BC1	116
CoV|P0C6X6.222.BC2	36970
CoV|P0C6X6.223.BC1	31989
CoV|P0C6X6.223.BC2	24485
CoV|P0C6X6.224.BC1	25453
CoV|P0C6X6.224.BC2	55439
CoV|P0C6X6.225.BC1	35061
CoV|P0C6X6.225.BC2	21150
CoV|P0C6X6.226.BC1	37564
CoV|P0C6X6.226.BC2	37237
CoV|P0C6X6.227.BC1	6747
CoV|P0C6X6.227.BC2	12323
CoV|P0C6X6.228.BC1	8134
CoV|P0C6X6.228.BC2	7422
CoV|P0C6X6.229.BC1	11666
CoV|P0C6X6.229.BC2	12320
CoV|P0C6X6.230.BC1	21847
CoV|P0C6X6.230.BC2	32344
CoV|P0C6X6.231.BC1	24885
CoV|P0C6X6.231.BC2	21818
CoV|P0C6X6.232.BC1	11576
CoV|P0C6X6.232.BC2	19155
CoV|P0C6X6.233.BC1	19701
CoV|P0C6X6.233.BC2	12939
CoV|P0C6X6.234.BC1	39438
CoV|P0C6X6.234.BC2	45993
CoV|P0C6X6.235.BC1	26625
CoV|P0C6X6.235.BC2	29795
CoV|P0C6X6.236.BC1	31995
CoV|P0C6X6.236.BC2	32376
CoV|P0C6X6.237.BC1	4546
CoV|P0C6X6.237.BC2	8458
CoV|P0C6X6.238.BC1	18705
CoV|P0C6X6.238.BC2	7793
CoV|P0C6X6.239.BC1	8167
CoV|P0C6X6.239.BC2	8187
CoV|P0C6X6.240.BC1	10715
CoV|P0C6X6.240.BC2	4946
CoV|P0C6X6.241.BC1	19806
CoV|P0C6X6.241.BC2	15789
CoV|P0C6X6.242.BC1	19856
CoV|P0C6X6.242.BC2	17407
CoV|P0C6X6.243.BC1	30537
CoV|P0C6X6.243.BC2	18333
CoV|P0C6X6.244.BC1	35361
CoV|P0C6X6.244.BC2	37781
CoV|P0C6X6.245.BC1	31302
CoV|P0C6X6.245.BC2	29607
CoV|P0C6X6.246.BC1	26907
CoV|P0C6X6.246.BC2	27156
CoV|P0C6X6.247.BC1	4789
CoV|P0C6X6.247.BC2	8711
CoV|P0C6X6.248.BC1	8431
CoV|P0C6X6.248.BC2	13608
CoV|P0C6X6.249.BC1	14786
CoV|P0C6X6.249.BC2	14296
CoV|P0C6X6.250.BC1	1528
CoV|P0C6X6.250.BC2	15292
CoV|P0C6X6.251.BC1	19522
CoV|P0C6X6.251.BC2	14107
CoV|P0C6X6.252.BC1	17199
CoV|P0C6X6.252.BC2	14323
CoV|P0C6X7.155.BC1	76915
CoV|P0C6X7.155.BC2	46731
CoV|P0C6X7.156.BC1	23616
CoV|P0C6X7.156.BC2	32679
CoV|P0C6X7.157.BC1	23433
CoV|P0C6X7.157.BC2	26181
CoV|P0C6X7.158.BC1	10802
CoV|P0C6X7.158.BC2	20194
CoV|P0C6X7.159.BC1	27825
CoV|P0C6X7.159.BC2	41410
CoV|P0C6X7.160.BC1	17233
CoV|P0C6X7.160.BC2	15038
CoV|P0C6X7.161.BC1	28795
CoV|P0C6X7.161.BC2	39320
CoV|P0C6X7.162.BC1	36183
CoV|P0C6X7.162.BC2	29201
CoV|P0C6X7.163.BC1	30640
CoV|P0C6X7.163.BC2	31795
CoV|P0C6X7.164.BC1	17280
CoV|P0C6X7.164.BC2	18352
CoV|P0C6X7.165.BC1	28610
CoV|P0C6X7.165.BC2	20680
CoV|P0C6X7.166.BC1	16191
CoV|P0C6X7.166.BC2	24443
CoV|P0C6X7.167.BC1	11332
CoV|P0C6X7.167.BC2	18407
CoV|P0C6X7.168.BC1	35481
CoV|P0C6X7.168.BC2	43023
CoV|P0C6X7.169.BC1	22299
CoV|P0C6X7.169.BC2	13096
CoV|P0C6X7.170.BC1	22631
CoV|P0C6X7.170.BC2	20192
CoV|P0C6X7.171.BC1	10470
CoV|P0C6X7.171.BC2	10960
CoV|P0C6X7.172.BC1	9196
CoV|P0C6X7.172.BC2	4526
CoV|P0C6X7.173.BC1	19830
CoV|P0C6X7.173.BC2	29419
CoV|P0C6X7.174.BC1	31663
CoV|P0C6X7.174.BC2	27776
CoV|P0C6X7.175.BC1	22419
CoV|P0C6X7.175.BC2	14733
CoV|P0C6X7.176.BC1	17739
CoV|P0C6X7.176.BC2	23487
CoV|P0C6X7.177.BC1	21890
CoV|P0C6X7.177.BC2	32072
CoV|P0C6X7.178.BC1	4787
CoV|P0C6X7.178.BC2	9628
CoV|P0C6X7.179.BC1	19002
CoV|P0C6X7.179.BC2	13757
CoV|P0C6X7.180.BC1	28952
CoV|P0C6X7.180.BC2	50121
CoV|P0C6X7.181.BC1	32841
CoV|P0C6X7.181.BC2	7172
CoV|P0C6X7.182.BC1	19938
CoV|P0C6X7.182.BC2	14788
CoV|P0C6X7.183.BC1	13623
CoV|P0C6X7.183.BC2	13577
CoV|P0C6X7.184.BC1	18671
CoV|P0C6X7.184.BC2	32908
CoV|P0C6X7.185.BC1	13779
CoV|P0C6X7.185.BC2	19434
CoV|P0C6X7.186.BC1	4298
CoV|P0C6X7.186.BC2	8622
CoV|P0C6X7.187.BC1	27986
CoV|P0C6X7.187.BC2	11502
CoV|P0C6X7.188.BC1	29954
CoV|P0C6X7.188.BC2	36057
CoV|P0C6X7.189.BC1	22592
CoV|P0C6X7.189.BC2	46236
CoV|P0C6X7.190.BC1	21973
CoV|P0C6X7.190.BC2	18813
CoV|P0C6X7.191.BC1	26852
CoV|P0C6X7.191.BC2	21823
CoV|P0C6X7.192.BC1	49745
CoV|P0C6X7.192.BC2	49400
CoV|P0C6X7.193.BC1	7447
CoV|P0C6X7.193.BC2	8065
CoV|P0C6X7.194.BC1	23669
CoV|P0C6X7.194.BC2	18864
CoV|P0C6X7.195.BC1	20841
CoV|P0C6X7.195.BC2	16474
CoV|P0C6X7.196.BC1	33562
CoV|P0C6X7.196.BC2	18802
CoV|P0C6X7.197.BC1	25144
CoV|P0C6X7.197.BC2	13842
CoV|P0C6X7.198.BC1	17429
CoV|P0C6X7.198.BC2	12791
CoV|P0C6X7.199.BC1	9824
CoV|P0C6X7.199.BC2	12035
CoV|P0C6X7.200.BC1	20233
CoV|P0C6X7.200.BC2	28101
CoV|P0C6X7.201.BC1	28278
CoV|P0C6X7.201.BC2	20844
CoV|P0C6X7.202.BC1	36416
CoV|P0C6X7.202.BC2	24953
CoV|P0C6X7.203.BC1	26087
CoV|P0C6X7.203.BC2	25915
CoV|P0C6X7.204.BC1	19376
CoV|P0C6X7.204.BC2	28754
CoV|P0C6X7.205.BC1	37647
CoV|P0C6X7.205.BC2	29402
CoV|P0C6X7.206.BC1	51958
CoV|P0C6X7.206.BC2	38051
CoV|P0C6X7.207.BC1	23393
CoV|P0C6X7.207.BC2	19392
CoV|P0C6X7.208.BC1	2534
CoV|P0C6X7.208.BC2	12759
CoV|P0C6X7.209.BC1	35088
CoV|P0C6X7.209.BC2	11533
CoV|P0C6X7.210.BC1	20290
CoV|P0C6X7.210.BC2	43541
CoV|P0C6X7.211.BC1	25308
CoV|P0C6X7.211.BC2	18520
CoV|P0C6X7.212.BC1	29462
CoV|P0C6X7.212.BC2	36539
CoV|P0C6X7.213.BC1	8597
CoV|P0C6X7.213.BC2	28999
CoV|P0C6X7.214.BC1	16316
CoV|P0C6X7.214.BC2	28449
CoV|P0C6X7.215.BC1	24009
CoV|P0C6X7.215.BC2	10897
CoV|P0C6X7.216.BC1	17794
CoV|P0C6X7.216.BC2	10117
CoV|P0C6X7.217.BC1	8330
CoV|P0C6X7.217.BC2	7789
CoV|P0C6X7.218.BC1	11567
CoV|P0C6X7.218.BC2	21784
CoV|P0C6X7.219.BC1	19214
CoV|P0C6X7.219.BC2	9468
CoV|P0C6X7.220.BC1	49019
CoV|P0C6X7.220.BC2	42932
CoV|P0C6X7.221.BC1	33524
CoV|P0C6X7.221.BC2	35519
CoV|P0C6X7.222.BC1	15695
CoV|P0C6X7.222.BC2	14690
CoV|P0C6X7.223.BC1	13401
CoV|P0C6X7.223.BC2	17581
CoV|P0C6X7.224.BC1	25835
CoV|P0C6X7.224.BC2	31972
CoV|P0C6X7.225.BC1	50391
CoV|P0C6X7.225.BC2	44202
CoV|P0C6X7.226.BC1	64712
CoV|P0C6X7.226.BC2	41986
CoV|P0C6X7.227.BC1	18448
CoV|P0C6X7.227.BC2	7921
CoV|P0C6X7.228.BC1	26791
CoV|P0C6X7.228.BC2	7303
CoV|P0C6X7.229.BC1	21980
CoV|P0C6X7.229.BC2	43076
CoV|P0C6X7.230.BC1	29497
CoV|P0C6X7.230.BC2	39763
CoV|P0C6X7.231.BC1	7490
CoV|P0C6X7.231.BC2	16407
CoV|P0C6X7.232.BC1	23254
CoV|P0C6X7.232.BC2	9436
CoV|P0C6X7.233.BC1	37960
CoV|P0C6X7.233.BC2	28131
CoV|P0C6X7.234.BC1	22330
CoV|P0C6X7.234.BC2	29216
CoV|P0C6X7.235.BC1	35567
CoV|P0C6X7.235.BC2	51996
CoV|P0C6X7.236.BC1	15888
CoV|P0C6X7.236.BC2	21347
CoV|P0C6X7.237.BC1	14292
CoV|P0C6X7.237.BC2	8412
CoV|P0C6X7.238.BC1	13591
CoV|P0C6X7.238.BC2	21779
CoV|P0C6X7.239.BC1	8147
CoV|P0C6X7.239.BC2	11365
CoV|P0C6X7.240.BC1	16105
CoV|P0C6X7.240.BC2	10665
CoV|P0C6X7.241.BC1	13828
CoV|P0C6X7.241.BC2	10755
CoV|P0C6X7.242.BC1	43088
CoV|P0C6X7.242.BC2	29467
CoV|P0C6X7.243.BC1	22568
CoV|P0C6X7.243.BC2	36070
CoV|P0C6X7.244.BC1	23345
CoV|P0C6X7.244.BC2	42037
CoV|P0C6X7.245.BC1	25156
CoV|P0C6X7.245.BC2	47839
CoV|P0C6X7.246.BC1	15655
CoV|P0C6X7.246.BC2	5841
CoV|P0C6X7.247.BC1	10879
CoV|P0C6X7.247.BC2	15082
CoV|P0C6X7.248.BC1	10513
CoV|P0C6X7.248.BC2	13379
CoV|P0C6X7.249.BC1	5157
CoV|P0C6X7.249.BC2	4578
CoV|P0C6X7.250.BC1	47438
CoV|P0C6X7.250.BC2	16361
CoV|P0DTD2.0.BC1	14075
CoV|P0DTD2.0.BC2	29397
CoV|P0DTD2.1.BC1	16240
CoV|P0DTD2.1.BC2	16951
CoV|P0DTD2.2.BC1	30815
CoV|P0DTD2.2.BC2	28575
CoV|P0DTD3.0.BC1	23712
CoV|P0DTD3.0.BC2	35421
CoV|P0DTD3.1.BC1	41711
CoV|P0DTD3.1.BC2	33555
CoV|P15130.0.BC1	30783
CoV|P15130.0.BC2	20480
CoV|P15130.1.BC1	15936
CoV|P15130.1.BC2	15479
CoV|P15130.10.BC1	16880
CoV|P15130.10.BC2	19510
CoV|P15130.11.BC1	9191
CoV|P15130.11.BC2	5242
CoV|P15130.12.BC1	17185
CoV|P15130.12.BC2	4832
CoV|P15130.2.BC1	18709
CoV|P15130.2.BC2	17634
CoV|P15130.3.BC1	16526
CoV|P15130.3.BC2	19107
CoV|P15130.4.BC1	26421
CoV|P15130.4.BC2	21335
CoV|P15130.5.BC1	26869
CoV|P15130.5.BC2	14386
CoV|P15130.6.BC1	28588
CoV|P15130.6.BC2	22930
CoV|P15130.7.BC1	42274
CoV|P15130.7.BC2	28212
CoV|P15130.8.BC1	49100
CoV|P15130.8.BC2	54968
CoV|P15130.9.BC1	51212
CoV|P15130.9.BC2	45348
CoV|P15422.0.BC1	28599
CoV|P15422.0.BC2	38090
CoV|P15422.1.BC1	23690
CoV|P15422.1.BC2	12900
CoV|P15422.2.BC1	41194
CoV|P15422.2.BC2	50937
CoV|P15422.3.BC1	21410
CoV|P15422.3.BC2	12085
CoV|P15422.4.BC1	9041
CoV|P15422.4.BC2	7291
CoV|P15422.5.BC1	11383
CoV|P15422.5.BC2	16192
CoV|P15422.6.BC1	12995
CoV|P15422.6.BC2	26353
CoV|P15422.7.BC1	10415
CoV|P15422.7.BC2	17435
CoV|P15423.0.BC1	11281
CoV|P15423.0.BC2	11718
CoV|P15423.1.BC1	20989
CoV|P15423.1.BC2	12139
CoV|P15423.10.BC1	4864
CoV|P15423.10.BC2	6441
CoV|P15423.11.BC1	11962
CoV|P15423.11.BC2	12175
CoV|P15423.12.BC1	12991
CoV|P15423.12.BC2	16526
CoV|P15423.13.BC1	15588
CoV|P15423.13.BC2	12250
CoV|P15423.14.BC1	25009
CoV|P15423.14.BC2	11713
CoV|P15423.15.BC1	19586
CoV|P15423.15.BC2	32295
CoV|P15423.16.BC1	29489
CoV|P15423.16.BC2	40576
CoV|P15423.17.BC1	11750
CoV|P15423.17.BC2	20047
CoV|P15423.18.BC1	24645
CoV|P15423.18.BC2	18200
CoV|P15423.19.BC1	18914
CoV|P15423.19.BC2	21718
CoV|P15423.2.BC1	29440
CoV|P15423.2.BC2	16113
CoV|P15423.20.BC1	6487
CoV|P15423.20.BC2	12343
CoV|P15423.21.BC1	13598
CoV|P15423.21.BC2	16229
CoV|P15423.22.BC1	46195
CoV|P15423.22.BC2	13731
CoV|P15423.23.BC1	37602
CoV|P15423.23.BC2	34220
CoV|P15423.24.BC1	47141
CoV|P15423.24.BC2	37253
CoV|P15423.25.BC1	37443
CoV|P15423.25.BC2	32704
CoV|P15423.26.BC1	20266
CoV|P15423.26.BC2	19385
CoV|P15423.27.BC1	6729
CoV|P15423.27.BC2	25528
CoV|P15423.28.BC1	9196
CoV|P15423.28.BC2	10060
CoV|P15423.29.BC1	12376
CoV|P15423.29.BC2	6050
CoV|P15423.3.BC1	16119
CoV|P15423.3.BC2	12157
CoV|P15423.30.BC1	14293
CoV|P15423.30.BC2	16194
CoV|P15423.31.BC1	17899
CoV|P15423.31.BC2	26484
CoV|P15423.32.BC1	15980
CoV|P15423.32.BC2	14996
CoV|P15423.33.BC1	13101
CoV|P15423.33.BC2	7980
CoV|P15423.34.BC1	48094
CoV|P15423.34.BC2	22521
CoV|P15423.35.BC1	22201
CoV|P15423.35.BC2	26550
CoV|P15423.36.BC1	14713
CoV|P15423.36.BC2	27932
CoV|P15423.37.BC1	15184
CoV|P15423.37.BC2	14138
CoV|P15423.38.BC1	9506
CoV|P15423.38.BC2	4843
CoV|P15423.39.BC1	37890
CoV|P15423.39.BC2	37790
CoV|P15423.4.BC1	10160
CoV|P15423.4.BC2	15309
CoV|P15423.40.BC1	16891
CoV|P15423.40.BC2	36934
CoV|P15423.5.BC1	7544
CoV|P15423.5.BC2	9092
CoV|P15423.6.BC1	17634
CoV|P15423.6.BC2	5407
CoV|P15423.7.BC1	15414
CoV|P15423.7.BC2	8582
CoV|P15423.8.BC1	19840
CoV|P15423.8.BC2	14447
CoV|P15423.9.BC1	19452
CoV|P15423.9.BC2	15725
CoV|P19739.0.BC1	23918
CoV|P19739.0.BC2	29773
CoV|P19739.1.BC1	42843
CoV|P19739.1.BC2	62645
CoV|P19739.2.BC1	44619
CoV|P19739.2.BC2	64978
CoV|P19739.3.BC1	30949
CoV|P19739.3.BC2	50986
CoV|P19740.0.BC1	16469
CoV|P19740.0.BC2	27026
CoV|P19740.1.BC1	19447
CoV|P19740.1.BC2	25591
CoV|P19740.2.BC1	18912
CoV|P19740.2.BC2	8500
CoV|P19741.0.BC1	33661
CoV|P19741.0.BC2	30978
CoV|P19741.1.BC1	22199
CoV|P19741.1.BC2	31308
CoV|P30215.0.BC1	27322
CoV|P30215.0.BC2	8399
CoV|P30215.1.BC1	22321
CoV|P30215.1.BC2	19081
CoV|P30215.10.BC1	13223
CoV|P30215.10.BC2	46498
CoV|P30215.11.BC1	36214
CoV|P30215.11.BC2	20827
CoV|P30215.12.BC1	19784
CoV|P30215.12.BC2	29307
CoV|P30215.13.BC1	48740
CoV|P30215.13.BC2	32686
CoV|P30215.14.BC1	67804
CoV|P30215.14.BC2	32968
CoV|P30215.2.BC1	15009
CoV|P30215.2.BC2	14170
CoV|P30215.3.BC1	10329
CoV|P30215.3.BC2	11033
CoV|P30215.4.BC1	783
CoV|P30215.4.BC2	14134
CoV|P30215.5.BC1	36234
CoV|P30215.5.BC2	32684
CoV|P30215.6.BC1	11078
CoV|P30215.6.BC2	19690
CoV|P30215.7.BC1	20124
CoV|P30215.7.BC2	7158
CoV|P30215.8.BC1	5773
CoV|P30215.8.BC2	8265
CoV|P30215.9.BC1	27756
CoV|P30215.9.BC2	2029
CoV|P33469.0.BC1	60127
CoV|P33469.0.BC2	29414
CoV|P33469.1.BC1	22239
CoV|P33469.1.BC2	29252
CoV|P33469.10.BC1	15885
CoV|P33469.10.BC2	12678
CoV|P33469.11.BC1	13985
CoV|P33469.11.BC2	13290
CoV|P33469.12.BC1	19875
CoV|P33469.12.BC2	23714
CoV|P33469.13.BC1	43284
CoV|P33469.13.BC2	47501
CoV|P33469.14.BC1	39435
CoV|P33469.14.BC2	54640
CoV|P33469.15.BC1	26595
CoV|P33469.15.BC2	39945
CoV|P33469.2.BC1	17642
CoV|P33469.2.BC2	18865
CoV|P33469.3.BC1	25578
CoV|P33469.3.BC2	18374
CoV|P33469.4.BC1	14073
CoV|P33469.4.BC2	28219
CoV|P33469.5.BC1	13430
CoV|P33469.5.BC2	32156
CoV|P33469.6.BC1	6255
CoV|P33469.6.BC2	49210
CoV|P33469.7.BC1	38472
CoV|P33469.7.BC2	39889
CoV|P33469.8.BC1	19386
CoV|P33469.8.BC2	14358
CoV|P33469.9.BC1	28480
CoV|P33469.9.BC2	18494
CoV|P36334.0.BC1	15921
CoV|P36334.0.BC2	23528
CoV|P36334.1.BC1	22419
CoV|P36334.1.BC2	9796
CoV|P36334.10.BC1	43610
CoV|P36334.10.BC2	24879
CoV|P36334.11.BC1	21346
CoV|P36334.11.BC2	17842
CoV|P36334.12.BC1	14995
CoV|P36334.12.BC2	24528
CoV|P36334.13.BC1	11689
CoV|P36334.13.BC2	14225
CoV|P36334.14.BC1	17759
CoV|P36334.14.BC2	21641
CoV|P36334.15.BC1	49932
CoV|P36334.15.BC2	43533
CoV|P36334.16.BC1	16869
CoV|P36334.16.BC2	38983
CoV|P36334.17.BC1	22069
CoV|P36334.17.BC2	17335
CoV|P36334.18.BC1	16988
CoV|P36334.18.BC2	37430
CoV|P36334.19.BC1	25666
CoV|P36334.19.BC2	17912
CoV|P36334.2.BC1	10623
CoV|P36334.2.BC2	2359
CoV|P36334.20.BC1	16679
CoV|P36334.20.BC2	26265
CoV|P36334.21.BC1	20509
CoV|P36334.21.BC2	13541
CoV|P36334.22.BC1	19239
CoV|P36334.22.BC2	12563
CoV|P36334.23.BC1	9987
CoV|P36334.23.BC2	11841
CoV|P36334.24.BC1	20053
CoV|P36334.24.BC2	43285
CoV|P36334.25.BC1	20281
CoV|P36334.25.BC2	23908
CoV|P36334.26.BC1	35150
CoV|P36334.26.BC2	27657
CoV|P36334.27.BC1	5654
CoV|P36334.27.BC2	9468
CoV|P36334.28.BC1	25223
CoV|P36334.28.BC2	21852
CoV|P36334.29.BC1	24069
CoV|P36334.29.BC2	23379
CoV|P36334.3.BC1	11247
CoV|P36334.3.BC2	8178
CoV|P36334.30.BC1	22664
CoV|P36334.30.BC2	36873
CoV|P36334.31.BC1	33221
CoV|P36334.31.BC2	16862
CoV|P36334.32.BC1	29139
CoV|P36334.32.BC2	21866
CoV|P36334.33.BC1	31154
CoV|P36334.33.BC2	21741
CoV|P36334.34.BC1	9126
CoV|P36334.34.BC2	14593
CoV|P36334.35.BC1	5498
CoV|P36334.35.BC2	16700
CoV|P36334.36.BC1	8301
CoV|P36334.36.BC2	3291
CoV|P36334.37.BC1	9225
CoV|P36334.37.BC2	9399
CoV|P36334.38.BC1	29655
CoV|P36334.38.BC2	31147
CoV|P36334.39.BC1	19501
CoV|P36334.39.BC2	21779
CoV|P36334.4.BC1	4300
CoV|P36334.4.BC2	13515
CoV|P36334.40.BC1	6723
CoV|P36334.40.BC2	18918
CoV|P36334.41.BC1	15381
CoV|P36334.41.BC2	25664
CoV|P36334.42.BC1	13427
CoV|P36334.42.BC2	13640
CoV|P36334.43.BC1	9169
CoV|P36334.43.BC2	7637
CoV|P36334.44.BC1	4702
CoV|P36334.44.BC2	7684
CoV|P36334.45.BC1	31801
CoV|P36334.45.BC2	25119
CoV|P36334.46.BC1	14385
CoV|P36334.46.BC2	25072
CoV|P36334.47.BC1	12951
CoV|P36334.47.BC2	2179
CoV|P36334.5.BC1	46521
CoV|P36334.5.BC2	40803
CoV|P36334.6.BC1	6748
CoV|P36334.6.BC2	25769
CoV|P36334.7.BC1	15537
CoV|P36334.7.BC2	24630
CoV|P36334.8.BC1	14185
CoV|P36334.8.BC2	4242
CoV|P36334.9.BC1	11339
CoV|P36334.9.BC2	9841
CoV|P59594.0.BC1	22787
CoV|P59594.0.BC2	8439
CoV|P59594.1.BC1	4843
CoV|P59594.1.BC2	37776
CoV|P59594.10.BC1	41268
CoV|P59594.10.BC2	22586
CoV|P59594.11.BC1	14876
CoV|P59594.11.BC2	11702
CoV|P59594.12.BC1	11558
CoV|P59594.12.BC2	18943
CoV|P59594.13.BC1	45375
CoV|P59594.13.BC2	43665
CoV|P59594.14.BC1	25687
CoV|P59594.14.BC2	22843
CoV|P59594.15.BC1	23935
CoV|P59594.15.BC2	50544
CoV|P59594.16.BC1	16104
CoV|P59594.16.BC2	15959
CoV|P59594.17.BC1	7128
CoV|P59594.17.BC2	7898
CoV|P59594.18.BC1	28447
CoV|P59594.18.BC2	40515
CoV|P59594.19.BC1	36381
CoV|P59594.19.BC2	23664
CoV|P59594.2.BC1	16044
CoV|P59594.2.BC2	20540
CoV|P59594.20.BC1	25428
CoV|P59594.20.BC2	46737
CoV|P59594.21.BC1	50356
CoV|P59594.21.BC2	34791
CoV|P59594.22.BC1	35738
CoV|P59594.22.BC2	30886
CoV|P59594.23.BC1	16749
CoV|P59594.23.BC2	11531
CoV|P59594.24.BC1	19652
CoV|P59594.24.BC2	10462
CoV|P59594.25.BC1	27595
CoV|P59594.25.BC2	19081
CoV|P59594.26.BC1	9708
CoV|P59594.26.BC2	28693
CoV|P59594.27.BC1	23415
CoV|P59594.27.BC2	17523
CoV|P59594.28.BC1	16462
CoV|P59594.28.BC2	25906
CoV|P59594.29.BC1	36276
CoV|P59594.29.BC2	37323
CoV|P59594.3.BC1	14251
CoV|P59594.3.BC2	18690
CoV|P59594.30.BC1	19830
CoV|P59594.30.BC2	17509
CoV|P59594.31.BC1	10443
CoV|P59594.31.BC2	21113
CoV|P59594.32.BC1	6839
CoV|P59594.32.BC2	2218
CoV|P59594.33.BC1	11427
CoV|P59594.33.BC2	8676
CoV|P59594.34.BC1	8812
CoV|P59594.34.BC2	7137
CoV|P59594.35.BC1	43773
CoV|P59594.35.BC2	21257
CoV|P59594.36.BC1	20944
CoV|P59594.36.BC2	23007
CoV|P59594.37.BC1	7791
CoV|P59594.37.BC2	595
CoV|P59594.38.BC1	4001
CoV|P59594.38.BC2	10048
CoV|P59594.39.BC1	5666
CoV|P59594.39.BC2	19273
CoV|P59594.4.BC1	9353
CoV|P59594.4.BC2	11485
CoV|P59594.40.BC1	17816
CoV|P59594.40.BC2	16544
CoV|P59594.41.BC1	10549
CoV|P59594.41.BC2	11478
CoV|P59594.42.BC1	39680
CoV|P59594.42.BC2	30334
CoV|P59594.5.BC1	11407
CoV|P59594.5.BC2	9892
CoV|P59594.6.BC1	13988
CoV|P59594.6.BC2	15067
CoV|P59594.7.BC1	16257
CoV|P59594.7.BC2	22649
CoV|P59594.8.BC1	17216
CoV|P59594.8.BC2	12293
CoV|P59594.9.BC1	16258
CoV|P59594.9.BC2	18006
CoV|P59595.0.BC1	49101
CoV|P59595.0.BC2	33965
CoV|P59595.1.BC1	25556
CoV|P59595.1.BC2	27630
CoV|P59595.10.BC1	19126
CoV|P59595.10.BC2	17858
CoV|P59595.11.BC1	12687
CoV|P59595.11.BC2	466
CoV|P59595.12.BC1	6631
CoV|P59595.12.BC2	25563
CoV|P59595.13.BC1	36735
CoV|P59595.13.BC2	51545
CoV|P59595.14.BC1	35681
CoV|P59595.14.BC2	30689
CoV|P59595.2.BC1	13224
CoV|P59595.2.BC2	18386
CoV|P59595.3.BC1	18287
CoV|P59595.3.BC2	16109
CoV|P59595.4.BC1	32361
CoV|P59595.4.BC2	22502
CoV|P59595.5.BC1	32998
CoV|P59595.5.BC2	51470
CoV|P59595.6.BC1	57915
CoV|P59595.6.BC2	41138
CoV|P59595.7.BC1	27629
CoV|P59595.7.BC2	27651
CoV|P59595.8.BC1	56411
CoV|P59595.8.BC2	37939
CoV|P59595.9.BC1	41765
CoV|P59595.9.BC2	27746
CoV|P59596.0.BC1	32303
CoV|P59596.0.BC2	18970
CoV|P59596.3.BC1	15738
CoV|P59596.3.BC2	10097
CoV|P59596.4.BC1	9020
CoV|P59596.4.BC2	7940
CoV|P59596.6.BC1	39959
CoV|P59596.6.BC2	43323
CoV|P59632.0.BC1	29790
CoV|P59632.0.BC2	19718
CoV|P59632.1.BC1	46718
CoV|P59632.1.BC2	16536
CoV|P59632.2.BC1	4143
CoV|P59632.2.BC2	38879
CoV|P59632.3.BC1	710
CoV|P59632.3.BC2	24407
CoV|P59632.4.BC1	13153
CoV|P59632.4.BC2	24130
CoV|P59632.5.BC1	33565
CoV|P59632.5.BC2	23868
CoV|P59632.6.BC1	3452
CoV|P59632.6.BC2	7007
CoV|P59632.7.BC1	1611
CoV|P59632.7.BC2	3036
CoV|P59632.8.BC1	32814
CoV|P59632.8.BC2	41715
CoV|P59633.0.BC1	10678
CoV|P59633.0.BC2	10865
CoV|P59633.1.BC1	14427
CoV|P59633.1.BC2	12419
CoV|P59633.2.BC1	23868
CoV|P59633.2.BC2	10783
CoV|P59633.3.BC1	19674
CoV|P59633.3.BC2	15948
CoV|P59633.4.BC1	15987
CoV|P59633.4.BC2	16281
CoV|P59634.0.BC1	4405
CoV|P59634.0.BC2	14271
CoV|P59634.1.BC1	15118
CoV|P59634.1.BC2	18463
CoV|P59635.0.BC1	17571
CoV|P59635.0.BC2	40942
CoV|P59635.2.BC1	29625
CoV|P59635.2.BC2	41537
CoV|P59635.3.BC1	22568
CoV|P59635.3.BC2	23604
CoV|P59636.0.BC1	17621
CoV|P59636.0.BC2	14163
CoV|P59636.1.BC1	13422
CoV|P59636.1.BC2	19529
CoV|P59636.2.BC1	13619
CoV|P59636.2.BC2	16482
CoV|Q01455.0.BC1	20737
CoV|Q01455.0.BC2	16742
CoV|Q01455.1.BC1	35037
CoV|Q01455.1.BC2	25257
CoV|Q01455.2.BC1	50862
CoV|Q01455.2.BC2	63934
CoV|Q01455.3.BC1	11301
CoV|Q01455.3.BC2	15530
CoV|Q01455.4.BC1	14116
CoV|Q01455.4.BC2	11026
CoV|Q01455.5.BC1	6857
CoV|Q01455.5.BC2	5501
CoV|Q01455.6.BC1	30090
CoV|Q01455.6.BC2	20282
CoV|Q01455.7.BC1	30034
CoV|Q01455.7.BC2	29044
CoV|Q04853.0.BC1	20484
CoV|Q04853.0.BC2	16812
CoV|Q04853.1.BC1	10235
CoV|Q04853.1.BC2	13832
CoV|Q04853.2.BC1	34266
CoV|Q04853.2.BC2	10691
CoV|Q04854.0.BC1	4418
CoV|Q04854.0.BC2	63497
CoV|Q04854.1.BC1	23664
CoV|Q04854.1.BC2	15743
CoV|Q04854.2.BC1	24039
CoV|Q04854.2.BC2	27637
CoV|Q0Q468.0.BC1	37683
CoV|Q0Q468.0.BC2	26499
CoV|Q0Q468.1.BC1	40261
CoV|Q0Q468.1.BC2	56852
CoV|Q0Q468.10.BC1	31708
CoV|Q0Q468.10.BC2	17746
CoV|Q0Q468.11.BC1	21436
CoV|Q0Q468.11.BC2	6562
CoV|Q0Q468.12.BC1	15360
CoV|Q0Q468.12.BC2	24637
CoV|Q0Q468.13.BC1	47925
CoV|Q0Q468.13.BC2	34981
CoV|Q0Q468.14.BC1	51222
CoV|Q0Q468.14.BC2	42541
CoV|Q0Q468.2.BC1	10473
CoV|Q0Q468.2.BC2	13205
CoV|Q0Q468.3.BC1	13302
CoV|Q0Q468.3.BC2	10636
CoV|Q0Q468.4.BC1	20056
CoV|Q0Q468.4.BC2	29140
CoV|Q0Q468.5.BC1	35062
CoV|Q0Q468.5.BC2	24547
CoV|Q0Q468.6.BC1	35507
CoV|Q0Q468.6.BC2	50325
CoV|Q0Q468.7.BC1	21262
CoV|Q0Q468.7.BC2	25424
CoV|Q0Q468.8.BC1	35437
CoV|Q0Q468.8.BC2	29052
CoV|Q0Q468.9.BC1	52564
CoV|Q0Q468.9.BC2	28494
CoV|Q0Q469.0.BC1	8453
CoV|Q0Q469.0.BC2	7996
CoV|Q0Q469.1.BC1	7025
CoV|Q0Q469.1.BC2	4804
CoV|Q0Q469.2.BC1	18581
CoV|Q0Q469.2.BC2	14055
CoV|Q0Q469.3.BC1	21681
CoV|Q0Q469.3.BC2	19547
CoV|Q0Q470.0.BC1	14196
CoV|Q0Q470.0.BC2	12927
CoV|Q0Q470.1.BC1	37646
CoV|Q0Q470.1.BC2	49569
CoV|Q0Q470.2.BC1	4852
CoV|Q0Q470.2.BC2	23593
CoV|Q0Q470.3.BC1	32058
CoV|Q0Q470.3.BC2	21806
CoV|Q0Q472.0.BC1	21211
CoV|Q0Q472.0.BC2	14237
CoV|Q0Q472.3.BC1	16614
CoV|Q0Q472.3.BC2	13519
CoV|Q0Q472.4.BC1	10097
CoV|Q0Q472.4.BC2	14301
CoV|Q0Q472.5.BC1	15704
CoV|Q0Q472.5.BC2	27234
CoV|Q0Q472.6.BC1	24694
CoV|Q0Q472.6.BC2	35265
CoV|Q0Q473.0.BC1	45868
CoV|Q0Q473.0.BC2	53687
CoV|Q0Q473.1.BC1	10551
CoV|Q0Q473.1.BC2	39082
CoV|Q0Q474.0.BC1	8431
CoV|Q0Q474.0.BC2	12646
CoV|Q0Q474.1.BC1	13893
CoV|Q0Q474.1.BC2	37579
CoV|Q0Q474.2.BC1	18093
CoV|Q0Q474.2.BC2	47546
CoV|Q0Q474.3.BC1	23466
CoV|Q0Q474.3.BC2	22078
CoV|Q0Q474.4.BC1	28540
CoV|Q0Q474.4.BC2	15271
CoV|Q0Q474.5.BC1	12651
CoV|Q0Q474.5.BC2	14719
CoV|Q0Q474.6.BC1	7710
CoV|Q0Q474.6.BC2	6838
CoV|Q0Q474.7.BC1	8013
CoV|Q0Q474.7.BC2	10137
CoV|Q0Q474.8.BC1	37802
CoV|Q0Q474.8.BC2	20348
CoV|Q0Q475.0.BC1	13494
CoV|Q0Q475.0.BC2	30396
CoV|Q0Q475.1.BC1	20841
CoV|Q0Q475.1.BC2	24811
CoV|Q0Q475.10.BC1	26388
CoV|Q0Q475.10.BC2	34971
CoV|Q0Q475.11.BC1	13698
CoV|Q0Q475.11.BC2	26162
CoV|Q0Q475.14.BC1	27530
CoV|Q0Q475.14.BC2	29231
CoV|Q0Q475.15.BC1	54118
CoV|Q0Q475.15.BC2	53934
CoV|Q0Q475.16.BC1	9205
CoV|Q0Q475.16.BC2	8381
CoV|Q0Q475.17.BC1	10334
CoV|Q0Q475.17.BC2	5935
CoV|Q0Q475.18.BC1	17953
CoV|Q0Q475.18.BC2	12480
CoV|Q0Q475.2.BC1	18064
CoV|Q0Q475.2.BC2	13150
CoV|Q0Q475.20.BC1	25152
CoV|Q0Q475.20.BC2	35536
CoV|Q0Q475.21.BC1	75219
CoV|Q0Q475.21.BC2	34380
CoV|Q0Q475.22.BC1	45835
CoV|Q0Q475.22.BC2	50104
CoV|Q0Q475.23.BC1	28032
CoV|Q0Q475.23.BC2	16186
CoV|Q0Q475.24.BC1	12625
CoV|Q0Q475.24.BC2	13773
CoV|Q0Q475.25.BC1	24712
CoV|Q0Q475.25.BC2	13391
CoV|Q0Q475.26.BC1	17329
CoV|Q0Q475.26.BC2	34621
CoV|Q0Q475.3.BC1	6436
CoV|Q0Q475.3.BC2	5319
CoV|Q0Q475.31.BC1	25768
CoV|Q0Q475.31.BC2	19438
CoV|Q0Q475.32.BC1	12576
CoV|Q0Q475.32.BC2	14209
CoV|Q0Q475.38.BC1	11902
CoV|Q0Q475.38.BC2	25228
CoV|Q0Q475.39.BC1	25074
CoV|Q0Q475.39.BC2	34461
CoV|Q0Q475.4.BC1	5063
CoV|Q0Q475.4.BC2	17678
CoV|Q0Q475.5.BC1	22258
CoV|Q0Q475.5.BC2	25536
CoV|Q0Q475.6.BC1	27427
CoV|Q0Q475.6.BC2	18338
CoV|Q0Q475.7.BC1	21112
CoV|Q0Q475.7.BC2	15826
CoV|Q0Q475.8.BC1	7837
CoV|Q0Q475.8.BC2	4523
CoV|Q0Q475.9.BC1	7936
CoV|Q0Q475.9.BC2	8942
CoV|Q14EA6.0.BC1	11326
CoV|Q14EA6.0.BC2	25103
CoV|Q14EA6.1.BC1	12214
CoV|Q14EA6.1.BC2	10895
CoV|Q14EA6.10.BC1	19618
CoV|Q14EA6.10.BC2	8853
CoV|Q14EA6.11.BC1	21665
CoV|Q14EA6.11.BC2	5671
CoV|Q14EA6.12.BC1	3616
CoV|Q14EA6.12.BC2	2884
CoV|Q14EA6.13.BC1	11733
CoV|Q14EA6.13.BC2	33965
CoV|Q14EA6.14.BC1	70749
CoV|Q14EA6.14.BC2	24747
CoV|Q14EA6.2.BC1	9399
CoV|Q14EA6.2.BC2	21255
CoV|Q14EA6.3.BC1	9488
CoV|Q14EA6.3.BC2	23680
CoV|Q14EA6.4.BC1	18052
CoV|Q14EA6.4.BC2	15550
CoV|Q14EA6.5.BC1	22851
CoV|Q14EA6.5.BC2	26524
CoV|Q14EA6.6.BC1	29658
CoV|Q14EA6.6.BC2	24140
CoV|Q14EA6.7.BC1	40051
CoV|Q14EA6.7.BC2	22304
CoV|Q14EA6.8.BC1	30150
CoV|Q14EA6.8.BC2	13629
CoV|Q14EA6.9.BC1	25482
CoV|Q14EA6.9.BC2	5731
CoV|Q14EA7.0.BC1	13219
CoV|Q14EA7.0.BC2	23551
CoV|Q14EA7.1.BC1	38476
CoV|Q14EA7.1.BC2	43104
CoV|Q14EA7.2.BC1	41568
CoV|Q14EA7.2.BC2	40375
CoV|Q14EA7.3.BC1	21626
CoV|Q14EA7.3.BC2	17189
CoV|Q14EA7.4.BC1	9103
CoV|Q14EA7.4.BC2	11683
CoV|Q14EA7.5.BC1	21308
CoV|Q14EA7.5.BC2	12715
CoV|Q14EA7.6.BC1	15188
CoV|Q14EA7.6.BC2	22035
CoV|Q14EA8.0.BC1	41467
CoV|Q14EA8.0.BC2	53967
CoV|Q14EA8.1.BC1	22107
CoV|Q14EA8.1.BC2	18666
CoV|Q14EA9.0.BC1	42725
CoV|Q14EA9.0.BC2	8791
CoV|Q14EA9.1.BC1	9446
CoV|Q14EA9.1.BC2	19665
CoV|Q14EA9.2.BC1	17556
CoV|Q14EA9.2.BC2	23375
CoV|Q14EB0.0.BC1	42878
CoV|Q14EB0.0.BC2	35980
CoV|Q14EB0.1.BC1	4895
CoV|Q14EB0.1.BC2	13443
CoV|Q14EB0.10.BC1	26307
CoV|Q14EB0.10.BC2	23487
CoV|Q14EB0.11.BC1	25880
CoV|Q14EB0.11.BC2	17328
CoV|Q14EB0.12.BC1	10316
CoV|Q14EB0.12.BC2	9553
CoV|Q14EB0.13.BC1	18533
CoV|Q14EB0.13.BC2	10360
CoV|Q14EB0.14.BC1	8527
CoV|Q14EB0.14.BC2	4586
CoV|Q14EB0.15.BC1	20008
CoV|Q14EB0.15.BC2	28363
CoV|Q14EB0.16.BC1	38825
CoV|Q14EB0.16.BC2	37361
CoV|Q14EB0.17.BC1	35123
CoV|Q14EB0.17.BC2	19120
CoV|Q14EB0.18.BC1	6502
CoV|Q14EB0.18.BC2	17334
CoV|Q14EB0.19.BC1	26753
CoV|Q14EB0.19.BC2	25225
CoV|Q14EB0.2.BC1	9559
CoV|Q14EB0.2.BC2	11921
CoV|Q14EB0.20.BC1	15078
CoV|Q14EB0.20.BC2	30321
CoV|Q14EB0.21.BC1	12767
CoV|Q14EB0.21.BC2	11730
CoV|Q14EB0.22.BC1	17779
CoV|Q14EB0.22.BC2	14783
CoV|Q14EB0.23.BC1	21153
CoV|Q14EB0.23.BC2	28044
CoV|Q14EB0.24.BC1	21238
CoV|Q14EB0.24.BC2	13620
CoV|Q14EB0.25.BC1	44554
CoV|Q14EB0.25.BC2	14484
CoV|Q14EB0.26.BC1	32481
CoV|Q14EB0.26.BC2	25986
CoV|Q14EB0.27.BC1	16049
CoV|Q14EB0.27.BC2	8451
CoV|Q14EB0.28.BC1	34658
CoV|Q14EB0.28.BC2	48870
CoV|Q14EB0.29.BC1	12863
CoV|Q14EB0.29.BC2	7425
CoV|Q14EB0.3.BC1	9678
CoV|Q14EB0.3.BC2	9269
CoV|Q14EB0.30.BC1	14810
CoV|Q14EB0.30.BC2	17033
CoV|Q14EB0.31.BC1	38399
CoV|Q14EB0.31.BC2	11901
CoV|Q14EB0.32.BC1	40030
CoV|Q14EB0.32.BC2	31390
CoV|Q14EB0.33.BC1	29428
CoV|Q14EB0.33.BC2	32118
CoV|Q14EB0.34.BC1	12250
CoV|Q14EB0.34.BC2	13391
CoV|Q14EB0.35.BC1	19180
CoV|Q14EB0.35.BC2	18012
CoV|Q14EB0.36.BC1	13149
CoV|Q14EB0.36.BC2	32489
CoV|Q14EB0.37.BC1	10126
CoV|Q14EB0.37.BC2	5817
CoV|Q14EB0.38.BC1	26202
CoV|Q14EB0.38.BC2	42638
CoV|Q14EB0.39.BC1	2590
CoV|Q14EB0.39.BC2	11054
CoV|Q14EB0.4.BC1	11258
CoV|Q14EB0.4.BC2	8225
CoV|Q14EB0.40.BC1	5683
CoV|Q14EB0.40.BC2	9572
CoV|Q14EB0.41.BC1	10562
CoV|Q14EB0.41.BC2	16385
CoV|Q14EB0.42.BC1	15190
CoV|Q14EB0.42.BC2	11979
CoV|Q14EB0.43.BC1	21359
CoV|Q14EB0.43.BC2	21694
CoV|Q14EB0.44.BC1	10283
CoV|Q14EB0.44.BC2	9584
CoV|Q14EB0.45.BC1	16761
CoV|Q14EB0.45.BC2	11202
CoV|Q14EB0.46.BC1	42373
CoV|Q14EB0.46.BC2	23799
CoV|Q14EB0.47.BC1	39132
CoV|Q14EB0.47.BC2	32093
CoV|Q14EB0.5.BC1	34178
CoV|Q14EB0.5.BC2	16043
CoV|Q14EB0.6.BC1	9257
CoV|Q14EB0.6.BC2	3726
CoV|Q14EB0.7.BC1	21438
CoV|Q14EB0.7.BC2	21098
CoV|Q14EB0.8.BC1	11977
CoV|Q14EB0.8.BC2	12752
CoV|Q14EB0.9.BC1	15580
CoV|Q14EB0.9.BC2	26956
CoV|Q14EB1.0.BC1	19335
CoV|Q14EB1.0.BC2	18384
CoV|Q14EB1.1.BC1	20458
CoV|Q14EB1.1.BC2	11902
CoV|Q14EB1.10.BC1	12441
CoV|Q14EB1.10.BC2	13078
CoV|Q14EB1.11.BC1	16881
CoV|Q14EB1.11.BC2	25241
CoV|Q14EB1.12.BC1	24049
CoV|Q14EB1.12.BC2	47394
CoV|Q14EB1.2.BC1	14810
CoV|Q14EB1.2.BC2	11041
CoV|Q14EB1.3.BC1	5928
CoV|Q14EB1.3.BC2	19960
CoV|Q14EB1.4.BC1	7183
CoV|Q14EB1.4.BC2	13286
CoV|Q14EB1.5.BC1	8014
CoV|Q14EB1.5.BC2	5166
CoV|Q14EB1.6.BC1	9381
CoV|Q14EB1.6.BC2	10084
CoV|Q14EB1.7.BC1	10492
CoV|Q14EB1.7.BC2	12401
CoV|Q14EB1.8.BC1	25770
CoV|Q14EB1.8.BC2	25403
CoV|Q14EB1.9.BC1	35012
CoV|Q14EB1.9.BC2	24355
CoV|Q2HZW9.0.BC1	28041
CoV|Q2HZW9.0.BC2	28369
CoV|Q2HZW9.1.BC1	49549
CoV|Q2HZW9.1.BC2	28085
CoV|Q2HZW9.2.BC1	36236
CoV|Q2HZW9.2.BC2	44531
CoV|Q2HZW9.3.BC1	26854
CoV|Q2HZW9.3.BC2	32757
CoV|Q2HZW9.4.BC1	9566
CoV|Q2HZW9.4.BC2	23692
CoV|Q2HZW9.5.BC1	14553
CoV|Q2HZW9.5.BC2	32383
CoV|Q2HZW9.6.BC1	23452
CoV|Q2HZW9.6.BC2	26978
CoV|Q2HZW9.7.BC1	24997
CoV|Q2HZW9.7.BC2	32623
CoV|Q3I5I5.0.BC1	15204
CoV|Q3I5I5.0.BC2	7654
CoV|Q3I5I5.1.BC1	8059
CoV|Q3I5I5.1.BC2	12981
CoV|Q3I5I6.0.BC1	25245
CoV|Q3I5I6.0.BC2	408
CoV|Q3I5I6.1.BC1	17861
CoV|Q3I5I6.1.BC2	14350
CoV|Q3I5I6.2.BC1	10330
CoV|Q3I5I6.2.BC2	4344
CoV|Q3I5I7.0.BC1	42148
CoV|Q3I5I7.0.BC2	36978
CoV|Q3I5I7.10.BC1	14806
CoV|Q3I5I7.10.BC2	11049
CoV|Q3I5I7.11.BC1	7084
CoV|Q3I5I7.11.BC2	9531
CoV|Q3I5I7.12.BC1	26773
CoV|Q3I5I7.12.BC2	21538
CoV|Q3I5I7.13.BC1	48381
CoV|Q3I5I7.13.BC2	9419
CoV|Q3I5I7.6.BC1	46204
CoV|Q3I5I7.6.BC2	21917
CoV|Q3I5I7.7.BC1	18222
CoV|Q3I5I7.7.BC2	20766
CoV|Q3I5I7.8.BC1	32670
CoV|Q3I5I7.8.BC2	34168
CoV|Q3I5I7.9.BC1	27399
CoV|Q3I5I7.9.BC2	49686
CoV|Q3I5I8.1.BC1	13947
CoV|Q3I5I8.1.BC2	11757
CoV|Q3I5I8.2.BC1	14455
CoV|Q3I5I8.2.BC2	12509
CoV|Q3I5I8.3.BC1	25725
CoV|Q3I5I8.3.BC2	32212
CoV|Q3I5J0.0.BC1	20189
CoV|Q3I5J0.0.BC2	24463
CoV|Q3I5J0.1.BC1	32012
CoV|Q3I5J0.1.BC2	27743
CoV|Q3I5J0.2.BC1	18740
CoV|Q3I5J0.2.BC2	18150
CoV|Q3I5J0.3.BC1	18137
CoV|Q3I5J0.3.BC2	15506
CoV|Q3I5J1.0.BC1	8095
CoV|Q3I5J1.0.BC2	7048
CoV|Q3I5J1.1.BC1	12832
CoV|Q3I5J1.1.BC2	14702
CoV|Q3I5J2.0.BC1	19274
CoV|Q3I5J2.0.BC2	22498
CoV|Q3I5J2.1.BC1	40632
CoV|Q3I5J2.1.BC2	23798
CoV|Q3I5J2.2.BC1	45230
CoV|Q3I5J2.2.BC2	47087
CoV|Q3I5J2.3.BC1	25387
CoV|Q3I5J2.3.BC2	21600
CoV|Q3I5J2.4.BC1	11592
CoV|Q3I5J2.4.BC2	9581
CoV|Q3I5J2.5.BC1	15619
CoV|Q3I5J2.5.BC2	25434
CoV|Q3I5J2.6.BC1	34917
CoV|Q3I5J2.6.BC2	46353
CoV|Q3I5J4.0.BC1	9952
CoV|Q3I5J4.0.BC2	11239
CoV|Q3I5J4.1.BC1	15847
CoV|Q3I5J4.1.BC2	23644
CoV|Q3I5J4.2.BC1	20093
CoV|Q3I5J4.2.BC2	2804
CoV|Q3I5J4.6.BC1	4805
CoV|Q3I5J4.6.BC2	6620
CoV|Q3I5J4.7.BC1	5720
CoV|Q3I5J4.7.BC2	4216
CoV|Q3I5J5.0.BC1	20411
CoV|Q3I5J5.0.BC2	27283
CoV|Q3I5J5.1.BC1	21375
CoV|Q3I5J5.1.BC2	24238
CoV|Q3I5J5.10.BC1	28080
CoV|Q3I5J5.10.BC2	16498
CoV|Q3I5J5.11.BC1	31794
CoV|Q3I5J5.11.BC2	22866
CoV|Q3I5J5.12.BC1	17652
CoV|Q3I5J5.12.BC2	1236
CoV|Q3I5J5.13.BC1	33030
CoV|Q3I5J5.13.BC2	30259
CoV|Q3I5J5.14.BC1	20926
CoV|Q3I5J5.14.BC2	24739
CoV|Q3I5J5.15.BC1	71330
CoV|Q3I5J5.15.BC2	76606
CoV|Q3I5J5.16.BC1	25007
CoV|Q3I5J5.16.BC2	8228
CoV|Q3I5J5.17.BC1	9240
CoV|Q3I5J5.17.BC2	12573
CoV|Q3I5J5.18.BC1	20064
CoV|Q3I5J5.18.BC2	22800
CoV|Q3I5J5.19.BC1	31393
CoV|Q3I5J5.19.BC2	19484
CoV|Q3I5J5.2.BC1	21844
CoV|Q3I5J5.2.BC2	17391
CoV|Q3I5J5.20.BC1	20108
CoV|Q3I5J5.20.BC2	57951
CoV|Q3I5J5.21.BC1	50494
CoV|Q3I5J5.21.BC2	35501
CoV|Q3I5J5.22.BC1	20472
CoV|Q3I5J5.22.BC2	28114
CoV|Q3I5J5.23.BC1	17533
CoV|Q3I5J5.23.BC2	19082
CoV|Q3I5J5.24.BC1	2980
CoV|Q3I5J5.24.BC2	24845
CoV|Q3I5J5.25.BC1	19548
CoV|Q3I5J5.25.BC2	18753
CoV|Q3I5J5.26.BC1	19739
CoV|Q3I5J5.26.BC2	16389
CoV|Q3I5J5.27.BC1	26286
CoV|Q3I5J5.27.BC2	21991
CoV|Q3I5J5.28.BC1	36062
CoV|Q3I5J5.28.BC2	65945
CoV|Q3I5J5.29.BC1	20930
CoV|Q3I5J5.29.BC2	21644
CoV|Q3I5J5.3.BC1	14720
CoV|Q3I5J5.3.BC2	9024
CoV|Q3I5J5.30.BC1	15473
CoV|Q3I5J5.30.BC2	27571
CoV|Q3I5J5.31.BC1	14723
CoV|Q3I5J5.31.BC2	39993
CoV|Q3I5J5.32.BC1	21228
CoV|Q3I5J5.32.BC2	8811
CoV|Q3I5J5.33.BC1	10782
CoV|Q3I5J5.33.BC2	8499
CoV|Q3I5J5.34.BC1	22666
CoV|Q3I5J5.34.BC2	27004
CoV|Q3I5J5.35.BC1	11113
CoV|Q3I5J5.35.BC2	11318
CoV|Q3I5J5.36.BC1	24146
CoV|Q3I5J5.36.BC2	10303
CoV|Q3I5J5.37.BC1	13339
CoV|Q3I5J5.37.BC2	19592
CoV|Q3I5J5.38.BC1	14932
CoV|Q3I5J5.38.BC2	15572
CoV|Q3I5J5.39.BC1	3311
CoV|Q3I5J5.39.BC2	25859
CoV|Q3I5J5.4.BC1	12972
CoV|Q3I5J5.4.BC2	9404
CoV|Q3I5J5.40.BC1	16792
CoV|Q3I5J5.40.BC2	8706
CoV|Q3I5J5.41.BC1	29550
CoV|Q3I5J5.41.BC2	40155
CoV|Q3I5J5.42.BC1	13255
CoV|Q3I5J5.42.BC2	27560
CoV|Q3I5J5.43.BC1	14346
CoV|Q3I5J5.43.BC2	22458
CoV|Q3I5J5.5.BC1	21885
CoV|Q3I5J5.5.BC2	21581
CoV|Q3I5J5.6.BC1	20087
CoV|Q3I5J5.6.BC2	28160
CoV|Q3I5J5.7.BC1	7693
CoV|Q3I5J5.7.BC2	11746
CoV|Q3I5J5.8.BC1	5497
CoV|Q3I5J5.8.BC2	5977
CoV|Q3I5J5.9.BC1	19075
CoV|Q3I5J5.9.BC2	13222
CoV|Q3LZW9.0.BC1	49216
CoV|Q3LZW9.0.BC2	54821
CoV|Q3LZX0.0.BC1	13657
CoV|Q3LZX0.0.BC2	5749
CoV|Q3LZX0.1.BC1	23471
CoV|Q3LZX0.1.BC2	19146
CoV|Q3LZX0.2.BC1	3029
CoV|Q3LZX0.2.BC2	21961
CoV|Q3LZX0.3.BC1	26595
CoV|Q3LZX0.3.BC2	26515
CoV|Q3LZX0.4.BC1	24131
CoV|Q3LZX0.4.BC2	25630
CoV|Q3LZX0.5.BC1	20896
CoV|Q3LZX0.5.BC2	8461
CoV|Q3LZX0.6.BC1	2011
CoV|Q3LZX0.6.BC2	5186
CoV|Q3LZX0.7.BC1	15932
CoV|Q3LZX0.7.BC2	2313
CoV|Q3LZX1.0.BC1	12034
CoV|Q3LZX1.0.BC2	21758
CoV|Q3LZX1.1.BC1	19755
CoV|Q3LZX1.1.BC2	20200
CoV|Q3LZX1.10.BC1	34873
CoV|Q3LZX1.10.BC2	20710
CoV|Q3LZX1.14.BC1	15707
CoV|Q3LZX1.14.BC2	19153
CoV|Q3LZX1.15.BC1	33603
CoV|Q3LZX1.15.BC2	32274
CoV|Q3LZX1.16.BC1	15771
CoV|Q3LZX1.16.BC2	10659
CoV|Q3LZX1.17.BC1	2515
CoV|Q3LZX1.17.BC2	7516
CoV|Q3LZX1.18.BC1	22295
CoV|Q3LZX1.18.BC2	30808
CoV|Q3LZX1.19.BC1	23179
CoV|Q3LZX1.19.BC2	23088
CoV|Q3LZX1.2.BC1	8387
CoV|Q3LZX1.2.BC2	9947
CoV|Q3LZX1.20.BC1	27416
CoV|Q3LZX1.20.BC2	33053
CoV|Q3LZX1.21.BC1	39585
CoV|Q3LZX1.21.BC2	37924
CoV|Q3LZX1.22.BC1	32148
CoV|Q3LZX1.22.BC2	15917
CoV|Q3LZX1.23.BC1	21403
CoV|Q3LZX1.23.BC2	12875
CoV|Q3LZX1.24.BC1	9157
CoV|Q3LZX1.24.BC2	3337
CoV|Q3LZX1.25.BC1	34442
CoV|Q3LZX1.25.BC2	21323
CoV|Q3LZX1.26.BC1	8587
CoV|Q3LZX1.26.BC2	5754
CoV|Q3LZX1.27.BC1	15249
CoV|Q3LZX1.27.BC2	35249
CoV|Q3LZX1.28.BC1	31259
CoV|Q3LZX1.28.BC2	38506
CoV|Q3LZX1.29.BC1	27776
CoV|Q3LZX1.29.BC2	50213
CoV|Q3LZX1.3.BC1	7295
CoV|Q3LZX1.3.BC2	5411
CoV|Q3LZX1.30.BC1	10697
CoV|Q3LZX1.30.BC2	13740
CoV|Q3LZX1.31.BC1	16250
CoV|Q3LZX1.31.BC2	21803
CoV|Q3LZX1.32.BC1	4724
CoV|Q3LZX1.32.BC2	9038
CoV|Q3LZX1.33.BC1	7820
CoV|Q3LZX1.33.BC2	5088
CoV|Q3LZX1.34.BC1	3298
CoV|Q3LZX1.34.BC2	15569
CoV|Q3LZX1.35.BC1	16060
CoV|Q3LZX1.35.BC2	18006
CoV|Q3LZX1.36.BC1	10002
CoV|Q3LZX1.36.BC2	12515
CoV|Q3LZX1.37.BC1	20256
CoV|Q3LZX1.37.BC2	14982
CoV|Q3LZX1.38.BC1	20206
CoV|Q3LZX1.38.BC2	15970
CoV|Q3LZX1.39.BC1	20193
CoV|Q3LZX1.39.BC2	21367
CoV|Q3LZX1.4.BC1	3622
CoV|Q3LZX1.4.BC2	7800
CoV|Q3LZX1.40.BC1	13205
CoV|Q3LZX1.40.BC2	8056
CoV|Q3LZX1.41.BC1	22697
CoV|Q3LZX1.41.BC2	28948
CoV|Q3LZX1.42.BC1	19399
CoV|Q3LZX1.42.BC2	17684
CoV|Q3LZX1.5.BC1	11922
CoV|Q3LZX1.5.BC2	25528
CoV|Q3LZX1.6.BC1	21480
CoV|Q3LZX1.6.BC2	15981
CoV|Q3LZX1.7.BC1	14173
CoV|Q3LZX1.7.BC2	11747
CoV|Q3LZX1.8.BC1	9538
CoV|Q3LZX1.8.BC2	10182
CoV|Q3LZX1.9.BC1	15023
CoV|Q3LZX1.9.BC2	23000
CoV|Q3LZX3.0.BC1	16394
CoV|Q3LZX3.0.BC2	14786
CoV|Q3LZX3.1.BC1	12508
CoV|Q3LZX3.1.BC2	19563
CoV|Q3LZX3.2.BC1	29816
CoV|Q3LZX3.2.BC2	36630
CoV|Q3LZX4.0.BC1	43666
CoV|Q3LZX4.0.BC2	43737
CoV|Q3LZX4.10.BC1	24700
CoV|Q3LZX4.10.BC2	19245
CoV|Q3LZX4.11.BC1	1492
CoV|Q3LZX4.11.BC2	7752
CoV|Q3LZX4.12.BC1	21757
CoV|Q3LZX4.12.BC2	31034
CoV|Q3LZX4.13.BC1	49268
CoV|Q3LZX4.13.BC2	24949
CoV|Q3LZX4.14.BC1	41042
CoV|Q3LZX4.14.BC2	29233
CoV|Q3LZX4.2.BC1	19809
CoV|Q3LZX4.2.BC2	13213
CoV|Q3LZX4.3.BC1	9891
CoV|Q3LZX4.3.BC2	12476
CoV|Q3LZX4.5.BC1	35399
CoV|Q3LZX4.5.BC2	38697
CoV|Q3LZX4.6.BC1	52506
CoV|Q3LZX4.6.BC2	34267
CoV|Q3LZX4.7.BC1	28817
CoV|Q3LZX4.7.BC2	29286
CoV|Q3LZX4.8.BC1	42282
CoV|Q3LZX4.8.BC2	36414
CoV|Q3LZX4.9.BC1	45831
CoV|Q3LZX4.9.BC2	37795
CoV|Q3LZX5.0.BC1	8608
CoV|Q3LZX5.0.BC2	11738
CoV|Q3LZX5.1.BC1	16406
CoV|Q3LZX5.1.BC2	16677
CoV|Q3LZX5.2.BC1	13689
CoV|Q3LZX5.2.BC2	20689
CoV|Q3LZX5.3.BC1	22499
CoV|Q3LZX5.3.BC2	12051
CoV|Q3LZX6.0.BC1	43688
CoV|Q3LZX6.0.BC2	2987
CoV|Q3LZX7.0.BC1	22686
CoV|Q3LZX7.0.BC2	12945
CoV|Q3LZX7.1.BC1	56835
CoV|Q3LZX7.1.BC2	46218
CoV|Q3LZX7.2.BC1	44376
CoV|Q3LZX7.2.BC2	50949
CoV|Q3LZX7.3.BC1	25298
CoV|Q3LZX7.3.BC2	24301
CoV|Q3LZX8.0.BC1	6146
CoV|Q3LZX8.0.BC2	8040
CoV|Q3LZX8.1.BC1	18195
CoV|Q3LZX8.1.BC2	4926
CoV|Q3LZX9.0.BC1	23583
CoV|Q3LZX9.0.BC2	12218
CoV|Q4VID0.0.BC1	31037
CoV|Q4VID0.0.BC2	26762
CoV|Q4VID0.1.BC1	18475
CoV|Q4VID0.1.BC2	16898
CoV|Q4VID0.2.BC1	38399
CoV|Q4VID0.2.BC2	26200
CoV|Q4VID0.3.BC1	35341
CoV|Q4VID0.3.BC2	60169
CoV|Q4VID0.4.BC1	14939
CoV|Q4VID0.4.BC2	30489
CoV|Q4VID0.5.BC1	12848
CoV|Q4VID0.5.BC2	23036
CoV|Q4VID0.6.BC1	17285
CoV|Q4VID0.6.BC2	15495
CoV|Q7TFA0.0.BC1	15994
CoV|Q7TFA0.0.BC2	13471
CoV|Q7TFA1.0.BC1	26216
CoV|Q7TFA1.0.BC2	14773
CoV|Q7TLC7.0.BC1	11732
CoV|Q7TLC7.0.BC2	7393
CoV|Q7TLC7.1.BC1	15833
CoV|Q7TLC7.1.BC2	9564
CoV|Q80872.0.BC1	4503
CoV|Q80872.0.BC2	15086
CoV|Q80872.1.BC1	24866
CoV|Q80872.1.BC2	27435
CoV|Q80872.2.BC1	14702
CoV|Q80872.2.BC2	31438
CoV|Q80872.3.BC1	17278
CoV|Q80872.3.BC2	20397
CoV|Q80872.4.BC1	21704
CoV|Q80872.4.BC2	29947
CoV|Q80872.5.BC1	2324
CoV|Q80872.5.BC2	9115
CoV|Q80872.6.BC1	10868
CoV|Q80872.6.BC2	13659
CoV|Q80872.7.BC1	10180
CoV|Q80872.7.BC2	24430
CoV|Q80872.8.BC1	19075
CoV|Q80872.8.BC2	16334
CoV|Q80H93.0.BC1	7664
CoV|Q80H93.0.BC2	11987
CoV|Q80H93.1.BC1	12217
CoV|Q80H93.1.BC2	16926
CoV|Q80H93.2.BC1	18680
CoV|Q80H93.2.BC2	15633
CoV|QHN73809.109.BC1	39210
CoV|QHN73809.109.BC2	25884
CoV|QHN73809.110.BC1	30078
CoV|QHN73809.110.BC2	32619
CoV|QHO60600.1.BC1	10695
CoV|QHO60600.1.BC2	12327
CoV|QHO60600.2.BC1	12338
CoV|QHO60600.2.BC2	16267
CoV|QHO60600.3.BC1	7530
CoV|QHO60600.3.BC2	32104
CoV|QHQ71962.14.BC1	34422
CoV|QHQ71962.14.BC2	18588
CoV|QHQ71962.15.BC1	15941
CoV|QHQ71962.15.BC2	9172
CoV|QHQ71969.1.BC1	9337
CoV|QHQ71969.1.BC2	8473
CoV|QHQ71969.2.BC1	22707
CoV|QHQ71969.2.BC2	14049
CoV|QHQ71972.198.BC1	15796
CoV|QHQ71972.198.BC2	18172
CoV|QHQ71972.199.BC1	6331
CoV|QHQ71972.199.BC2	10828
CoV|QHQ82463.0.BC1	20973
CoV|QHQ82463.0.BC2	25139
CoV|QHQ82463.1.BC1	37719
CoV|QHQ82463.1.BC2	23104
CoV|QHQ82463.10.BC1	25278
CoV|QHQ82463.10.BC2	21200
CoV|QHQ82463.100.BC1	37369
CoV|QHQ82463.100.BC2	38268
CoV|QHQ82463.101.BC1	12999
CoV|QHQ82463.101.BC2	9557
CoV|QHQ82463.102.BC1	10971
CoV|QHQ82463.102.BC2	631
CoV|QHQ82463.103.BC1	1674
CoV|QHQ82463.103.BC2	624
CoV|QHQ82463.104.BC1	61098
CoV|QHQ82463.104.BC2	51945
CoV|QHQ82463.105.BC1	10604
CoV|QHQ82463.105.BC2	14410
CoV|QHQ82463.106.BC1	45097
CoV|QHQ82463.106.BC2	76666
CoV|QHQ82463.107.BC1	19166
CoV|QHQ82463.107.BC2	14415
CoV|QHQ82463.108.BC1	3675
CoV|QHQ82463.108.BC2	56262
CoV|QHQ82463.109.BC1	63513
CoV|QHQ82463.109.BC2	70273
CoV|QHQ82463.11.BC1	14084
CoV|QHQ82463.11.BC2	29621
CoV|QHQ82463.110.BC1	10722
CoV|QHQ82463.110.BC2	21497
CoV|QHQ82463.111.BC1	21334
CoV|QHQ82463.111.BC2	32092
CoV|QHQ82463.112.BC1	5460
CoV|QHQ82463.112.BC2	4830
CoV|QHQ82463.113.BC1	18547
CoV|QHQ82463.113.BC2	22150
CoV|QHQ82463.114.BC1	22056
CoV|QHQ82463.114.BC2	1396
CoV|QHQ82463.115.BC1	37961
CoV|QHQ82463.115.BC2	49071
CoV|QHQ82463.116.BC1	16875
CoV|QHQ82463.116.BC2	16655
CoV|QHQ82463.117.BC1	23550
CoV|QHQ82463.117.BC2	39611
CoV|QHQ82463.118.BC1	28596
CoV|QHQ82463.118.BC2	19333
CoV|QHQ82463.119.BC1	36507
CoV|QHQ82463.119.BC2	15481
CoV|QHQ82463.12.BC1	31293
CoV|QHQ82463.12.BC2	24971
CoV|QHQ82463.120.BC1	28371
CoV|QHQ82463.120.BC2	22140
CoV|QHQ82463.121.BC1	14243
CoV|QHQ82463.121.BC2	15638
CoV|QHQ82463.122.BC1	11066
CoV|QHQ82463.122.BC2	6628
CoV|QHQ82463.123.BC1	10912
CoV|QHQ82463.123.BC2	9934
CoV|QHQ82463.124.BC1	16447
CoV|QHQ82463.124.BC2	29355
CoV|QHQ82463.125.BC1	49425
CoV|QHQ82463.125.BC2	28056
CoV|QHQ82463.126.BC1	16843
CoV|QHQ82463.126.BC2	18284
CoV|QHQ82463.127.BC1	28889
CoV|QHQ82463.127.BC2	15285
CoV|QHQ82463.128.BC1	2430
CoV|QHQ82463.128.BC2	10010
CoV|QHQ82463.129.BC1	118166
CoV|QHQ82463.129.BC2	63900
CoV|QHQ82463.13.BC1	20264
CoV|QHQ82463.13.BC2	11618
CoV|QHQ82463.130.BC1	31136
CoV|QHQ82463.130.BC2	16569
CoV|QHQ82463.131.BC1	32809
CoV|QHQ82463.131.BC2	33894
CoV|QHQ82463.132.BC1	19089
CoV|QHQ82463.132.BC2	21556
CoV|QHQ82463.133.BC1	33949
CoV|QHQ82463.133.BC2	46956
CoV|QHQ82463.134.BC1	60812
CoV|QHQ82463.134.BC2	50490
CoV|QHQ82463.135.BC1	25133
CoV|QHQ82463.135.BC2	24914
CoV|QHQ82463.136.BC1	14689
CoV|QHQ82463.136.BC2	22487
CoV|QHQ82463.137.BC1	10158
CoV|QHQ82463.137.BC2	9679
CoV|QHQ82463.138.BC1	7363
CoV|QHQ82463.138.BC2	10751
CoV|QHQ82463.139.BC1	6032
CoV|QHQ82463.139.BC2	8880
CoV|QHQ82463.14.BC1	35436
CoV|QHQ82463.14.BC2	33258
CoV|QHQ82463.140.BC1	34851
CoV|QHQ82463.140.BC2	22627
CoV|QHQ82463.141.BC1	16091
CoV|QHQ82463.141.BC2	31697
CoV|QHQ82463.142.BC1	25680
CoV|QHQ82463.142.BC2	53476
CoV|QHQ82463.143.BC1	24566
CoV|QHQ82463.143.BC2	67889
CoV|QHQ82463.144.BC1	19207
CoV|QHQ82463.144.BC2	14177
CoV|QHQ82463.145.BC1	6811
CoV|QHQ82463.145.BC2	5769
CoV|QHQ82463.146.BC1	23531
CoV|QHQ82463.146.BC2	22111
CoV|QHQ82463.147.BC1	49247
CoV|QHQ82463.147.BC2	45126
CoV|QHQ82463.148.BC1	16404
CoV|QHQ82463.148.BC2	23306
CoV|QHQ82463.149.BC1	24297
CoV|QHQ82463.149.BC2	18839
CoV|QHQ82463.15.BC1	10144
CoV|QHQ82463.15.BC2	6375
CoV|QHQ82463.150.BC1	14378
CoV|QHQ82463.150.BC2	21603
CoV|QHQ82463.151.BC1	19258
CoV|QHQ82463.151.BC2	19536
CoV|QHQ82463.152.BC1	15893
CoV|QHQ82463.152.BC2	15137
CoV|QHQ82463.153.BC1	27576
CoV|QHQ82463.153.BC2	20399
CoV|QHQ82463.154.BC1	15437
CoV|QHQ82463.154.BC2	15559
CoV|QHQ82463.155.BC1	55794
CoV|QHQ82463.155.BC2	34378
CoV|QHQ82463.156.BC1	49531
CoV|QHQ82463.156.BC2	32754
CoV|QHQ82463.157.BC1	24583
CoV|QHQ82463.157.BC2	16319
CoV|QHQ82463.158.BC1	12007
CoV|QHQ82463.158.BC2	19296
CoV|QHQ82463.159.BC1	22200
CoV|QHQ82463.159.BC2	11792
CoV|QHQ82463.16.BC1	5925
CoV|QHQ82463.16.BC2	3083
CoV|QHQ82463.160.BC1	48595
CoV|QHQ82463.160.BC2	45263
CoV|QHQ82463.161.BC1	12826
CoV|QHQ82463.161.BC2	20298
CoV|QHQ82463.162.BC1	32966
CoV|QHQ82463.162.BC2	31807
CoV|QHQ82463.163.BC1	19074
CoV|QHQ82463.163.BC2	11539
CoV|QHQ82463.164.BC1	30722
CoV|QHQ82463.164.BC2	31003
CoV|QHQ82463.165.BC1	27194
CoV|QHQ82463.165.BC2	21635
CoV|QHQ82463.166.BC1	30198
CoV|QHQ82463.166.BC2	46674
CoV|QHQ82463.167.BC1	21100
CoV|QHQ82463.167.BC2	26008
CoV|QHQ82463.168.BC1	19947
CoV|QHQ82463.168.BC2	25517
CoV|QHQ82463.169.BC1	52951
CoV|QHQ82463.169.BC2	29938
CoV|QHQ82463.17.BC1	14786
CoV|QHQ82463.17.BC2	4372
CoV|QHQ82463.170.BC1	30494
CoV|QHQ82463.170.BC2	33361
CoV|QHQ82463.171.BC1	30731
CoV|QHQ82463.171.BC2	18455
CoV|QHQ82463.172.BC1	8708
CoV|QHQ82463.172.BC2	18246
CoV|QHQ82463.173.BC1	13695
CoV|QHQ82463.173.BC2	3947
CoV|QHQ82463.174.BC1	34346
CoV|QHQ82463.174.BC2	20975
CoV|QHQ82463.175.BC1	46289
CoV|QHQ82463.175.BC2	44449
CoV|QHQ82463.176.BC1	16949
CoV|QHQ82463.176.BC2	35842
CoV|QHQ82463.177.BC1	12009
CoV|QHQ82463.177.BC2	7823
CoV|QHQ82463.178.BC1	18329
CoV|QHQ82463.178.BC2	29478
CoV|QHQ82463.179.BC1	13604
CoV|QHQ82463.179.BC2	14350
CoV|QHQ82463.18.BC1	20185
CoV|QHQ82463.18.BC2	17076
CoV|QHQ82463.180.BC1	25202
CoV|QHQ82463.180.BC2	41488
CoV|QHQ82463.181.BC1	15551
CoV|QHQ82463.181.BC2	25680
CoV|QHQ82463.182.BC1	28551
CoV|QHQ82463.182.BC2	36179
CoV|QHQ82463.183.BC1	7649
CoV|QHQ82463.183.BC2	7159
CoV|QHQ82463.184.BC1	15575
CoV|QHQ82463.184.BC2	10778
CoV|QHQ82463.185.BC1	68237
CoV|QHQ82463.185.BC2	88503
CoV|QHQ82463.186.BC1	27264
CoV|QHQ82463.186.BC2	39655
CoV|QHQ82463.187.BC1	8279
CoV|QHQ82463.187.BC2	13201
CoV|QHQ82463.188.BC1	15743
CoV|QHQ82463.188.BC2	12615
CoV|QHQ82463.189.BC1	36569
CoV|QHQ82463.189.BC2	18052
CoV|QHQ82463.19.BC1	20522
CoV|QHQ82463.19.BC2	46496
CoV|QHQ82463.190.BC1	32418
CoV|QHQ82463.190.BC2	19033
CoV|QHQ82463.191.BC1	7200
CoV|QHQ82463.191.BC2	15906
CoV|QHQ82463.192.BC1	53112
CoV|QHQ82463.192.BC2	35388
CoV|QHQ82463.193.BC1	39540
CoV|QHQ82463.193.BC2	39022
CoV|QHQ82463.194.BC1	26449
CoV|QHQ82463.194.BC2	25340
CoV|QHQ82463.195.BC1	18305
CoV|QHQ82463.195.BC2	21232
CoV|QHQ82463.196.BC1	13736
CoV|QHQ82463.196.BC2	27531
CoV|QHQ82463.197.BC1	13470
CoV|QHQ82463.197.BC2	26319
CoV|QHQ82463.198.BC1	18304
CoV|QHQ82463.198.BC2	27479
CoV|QHQ82463.199.BC1	19417
CoV|QHQ82463.199.BC2	30018
CoV|QHQ82463.2.BC1	26991
CoV|QHQ82463.2.BC2	32602
CoV|QHQ82463.20.BC1	13214
CoV|QHQ82463.20.BC2	23218
CoV|QHQ82463.200.BC1	14433
CoV|QHQ82463.200.BC2	13381
CoV|QHQ82463.201.BC1	39023
CoV|QHQ82463.201.BC2	48462
CoV|QHQ82463.202.BC1	15110
CoV|QHQ82463.202.BC2	21713
CoV|QHQ82463.203.BC1	36804
CoV|QHQ82463.203.BC2	61180
CoV|QHQ82463.204.BC1	21812
CoV|QHQ82463.204.BC2	42303
CoV|QHQ82463.205.BC1	14334
CoV|QHQ82463.205.BC2	23392
CoV|QHQ82463.206.BC1	22157
CoV|QHQ82463.206.BC2	17687
CoV|QHQ82463.207.BC1	20661
CoV|QHQ82463.207.BC2	21772
CoV|QHQ82463.208.BC1	13386
CoV|QHQ82463.208.BC2	19002
CoV|QHQ82463.209.BC1	14415
CoV|QHQ82463.209.BC2	10608
CoV|QHQ82463.21.BC1	18807
CoV|QHQ82463.21.BC2	15460
CoV|QHQ82463.210.BC1	20652
CoV|QHQ82463.210.BC2	29603
CoV|QHQ82463.211.BC1	19019
CoV|QHQ82463.211.BC2	18239
CoV|QHQ82463.212.BC1	17158
CoV|QHQ82463.212.BC2	23851
CoV|QHQ82463.213.BC1	17050
CoV|QHQ82463.213.BC2	26206
CoV|QHQ82463.214.BC1	13710
CoV|QHQ82463.214.BC2	43038
CoV|QHQ82463.215.BC1	32266
CoV|QHQ82463.215.BC2	23615
CoV|QHQ82463.216.BC1	18938
CoV|QHQ82463.216.BC2	21093
CoV|QHQ82463.217.BC1	13484
CoV|QHQ82463.217.BC2	13845
CoV|QHQ82463.218.BC1	14332
CoV|QHQ82463.218.BC2	14761
CoV|QHQ82463.219.BC1	12766
CoV|QHQ82463.219.BC2	6863
CoV|QHQ82463.22.BC1	11515
CoV|QHQ82463.22.BC2	15588
CoV|QHQ82463.220.BC1	40513
CoV|QHQ82463.220.BC2	31997
CoV|QHQ82463.221.BC1	18853
CoV|QHQ82463.221.BC2	25744
CoV|QHQ82463.222.BC1	31413
CoV|QHQ82463.222.BC2	19568
CoV|QHQ82463.223.BC1	24864
CoV|QHQ82463.223.BC2	20202
CoV|QHQ82463.224.BC1	20283
CoV|QHQ82463.224.BC2	12993
CoV|QHQ82463.225.BC1	23474
CoV|QHQ82463.225.BC2	32115
CoV|QHQ82463.226.BC1	22500
CoV|QHQ82463.226.BC2	31308
CoV|QHQ82463.227.BC1	19520
CoV|QHQ82463.227.BC2	27920
CoV|QHQ82463.228.BC1	23590
CoV|QHQ82463.228.BC2	22076
CoV|QHQ82463.229.BC1	11484
CoV|QHQ82463.229.BC2	14801
CoV|QHQ82463.23.BC1	4906
CoV|QHQ82463.23.BC2	16332
CoV|QHQ82463.230.BC1	18198
CoV|QHQ82463.230.BC2	28595
CoV|QHQ82463.231.BC1	26518
CoV|QHQ82463.231.BC2	37485
CoV|QHQ82463.232.BC1	51582
CoV|QHQ82463.232.BC2	24995
CoV|QHQ82463.233.BC1	52776
CoV|QHQ82463.233.BC2	20419
CoV|QHQ82463.234.BC1	40868
CoV|QHQ82463.234.BC2	41372
CoV|QHQ82463.235.BC1	12990
CoV|QHQ82463.235.BC2	23498
CoV|QHQ82463.236.BC1	19731
CoV|QHQ82463.236.BC2	55115
CoV|QHQ82463.237.BC1	4673
CoV|QHQ82463.237.BC2	12740
CoV|QHQ82463.238.BC1	4935
CoV|QHQ82463.238.BC2	8793
CoV|QHQ82463.239.BC1	17641
CoV|QHQ82463.239.BC2	6789
CoV|QHQ82463.24.BC1	15382
CoV|QHQ82463.24.BC2	13427
CoV|QHQ82463.240.BC1	2559
CoV|QHQ82463.240.BC2	4747
CoV|QHQ82463.241.BC1	14791
CoV|QHQ82463.241.BC2	8678
CoV|QHQ82463.242.BC1	26454
CoV|QHQ82463.242.BC2	22827
CoV|QHQ82463.243.BC1	32442
CoV|QHQ82463.243.BC2	29448
CoV|QHQ82463.244.BC1	35983
CoV|QHQ82463.244.BC2	23524
CoV|QHQ82463.245.BC1	40516
CoV|QHQ82463.245.BC2	48198
CoV|QHQ82463.246.BC1	28902
CoV|QHQ82463.246.BC2	15198
CoV|QHQ82463.247.BC1	11304
CoV|QHQ82463.247.BC2	18128
CoV|QHQ82463.248.BC1	25017
CoV|QHQ82463.248.BC2	7747
CoV|QHQ82463.249.BC1	13508
CoV|QHQ82463.249.BC2	18205
CoV|QHQ82463.25.BC1	14448
CoV|QHQ82463.25.BC2	19243
CoV|QHQ82463.250.BC1	11205
CoV|QHQ82463.250.BC2	44909
CoV|QHQ82463.251.BC1	17191
CoV|QHQ82463.251.BC2	18413
CoV|QHQ82463.26.BC1	22111
CoV|QHQ82463.26.BC2	18885
CoV|QHQ82463.27.BC1	17816
CoV|QHQ82463.27.BC2	15968
CoV|QHQ82463.28.BC1	20630
CoV|QHQ82463.28.BC2	7073
CoV|QHQ82463.29.BC1	17880
CoV|QHQ82463.29.BC2	10554
CoV|QHQ82463.3.BC1	21404
CoV|QHQ82463.3.BC2	35984
CoV|QHQ82463.30.BC1	47328
CoV|QHQ82463.30.BC2	37698
CoV|QHQ82463.31.BC1	2565
CoV|QHQ82463.31.BC2	11018
CoV|QHQ82463.32.BC1	17352
CoV|QHQ82463.32.BC2	24636
CoV|QHQ82463.33.BC1	28022
CoV|QHQ82463.33.BC2	19546
CoV|QHQ82463.34.BC1	31737
CoV|QHQ82463.34.BC2	25855
CoV|QHQ82463.35.BC1	16777
CoV|QHQ82463.35.BC2	27232
CoV|QHQ82463.36.BC1	11799
CoV|QHQ82463.36.BC2	17667
CoV|QHQ82463.37.BC1	2684
CoV|QHQ82463.37.BC2	39091
CoV|QHQ82463.38.BC1	62154
CoV|QHQ82463.38.BC2	44474
CoV|QHQ82463.39.BC1	37046
CoV|QHQ82463.39.BC2	38525
CoV|QHQ82463.4.BC1	22849
CoV|QHQ82463.4.BC2	9486
CoV|QHQ82463.40.BC1	15187
CoV|QHQ82463.40.BC2	11119
CoV|QHQ82463.41.BC1	9231
CoV|QHQ82463.41.BC2	3452
CoV|QHQ82463.42.BC1	9360
CoV|QHQ82463.42.BC2	11280
CoV|QHQ82463.43.BC1	7328
CoV|QHQ82463.43.BC2	17039
CoV|QHQ82463.44.BC1	14179
CoV|QHQ82463.44.BC2	14994
CoV|QHQ82463.45.BC1	25970
CoV|QHQ82463.45.BC2	19580
CoV|QHQ82463.46.BC1	22726
CoV|QHQ82463.46.BC2	17220
CoV|QHQ82463.47.BC1	20573
CoV|QHQ82463.47.BC2	12725
CoV|QHQ82463.48.BC1	19371
CoV|QHQ82463.48.BC2	32731
CoV|QHQ82463.49.BC1	5317
CoV|QHQ82463.49.BC2	10194
CoV|QHQ82463.5.BC1	49468
CoV|QHQ82463.5.BC2	33077
CoV|QHQ82463.50.BC1	7584
CoV|QHQ82463.50.BC2	5388
CoV|QHQ82463.51.BC1	66631
CoV|QHQ82463.51.BC2	63725
CoV|QHQ82463.52.BC1	20457
CoV|QHQ82463.52.BC2	16764
CoV|QHQ82463.53.BC1	16259
CoV|QHQ82463.53.BC2	17835
CoV|QHQ82463.54.BC1	23585
CoV|QHQ82463.54.BC2	22648
CoV|QHQ82463.55.BC1	19486
CoV|QHQ82463.55.BC2	12726
CoV|QHQ82463.56.BC1	35829
CoV|QHQ82463.56.BC2	45743
CoV|QHQ82463.57.BC1	22234
CoV|QHQ82463.57.BC2	18784
CoV|QHQ82463.58.BC1	9162
CoV|QHQ82463.58.BC2	17833
CoV|QHQ82463.59.BC1	18018
CoV|QHQ82463.59.BC2	18428
CoV|QHQ82463.6.BC1	30292
CoV|QHQ82463.6.BC2	39536
CoV|QHQ82463.60.BC1	114
CoV|QHQ82463.60.BC2	14425
CoV|QHQ82463.61.BC1	7400
CoV|QHQ82463.61.BC2	12506
CoV|QHQ82463.62.BC1	33081
CoV|QHQ82463.62.BC2	15992
CoV|QHQ82463.63.BC1	20713
CoV|QHQ82463.63.BC2	32872
CoV|QHQ82463.64.BC1	24425
CoV|QHQ82463.64.BC2	17630
CoV|QHQ82463.65.BC1	27701
CoV|QHQ82463.65.BC2	13873
CoV|QHQ82463.66.BC1	15696
CoV|QHQ82463.66.BC2	7295
CoV|QHQ82463.67.BC1	30239
CoV|QHQ82463.67.BC2	43847
CoV|QHQ82463.68.BC1	26938
CoV|QHQ82463.68.BC2	23450
CoV|QHQ82463.69.BC1	31567
CoV|QHQ82463.69.BC2	33470
CoV|QHQ82463.7.BC1	39330
CoV|QHQ82463.7.BC2	32690
CoV|QHQ82463.70.BC1	30494
CoV|QHQ82463.70.BC2	34517
CoV|QHQ82463.71.BC1	29073
CoV|QHQ82463.71.BC2	31453
CoV|QHQ82463.72.BC1	30166
CoV|QHQ82463.72.BC2	19040
CoV|QHQ82463.73.BC1	21652
CoV|QHQ82463.73.BC2	44804
CoV|QHQ82463.74.BC1	49271
CoV|QHQ82463.74.BC2	24416
CoV|QHQ82463.75.BC1	24680
CoV|QHQ82463.75.BC2	10316
CoV|QHQ82463.76.BC1	27611
CoV|QHQ82463.76.BC2	51535
CoV|QHQ82463.77.BC1	17602
CoV|QHQ82463.77.BC2	33413
CoV|QHQ82463.78.BC1	3226
CoV|QHQ82463.78.BC2	1378
CoV|QHQ82463.79.BC1	19223
CoV|QHQ82463.79.BC2	18253
CoV|QHQ82463.8.BC1	6573
CoV|QHQ82463.8.BC2	9601
CoV|QHQ82463.80.BC1	25572
CoV|QHQ82463.80.BC2	14701
CoV|QHQ82463.81.BC1	9298
CoV|QHQ82463.81.BC2	13779
CoV|QHQ82463.82.BC1	15729
CoV|QHQ82463.82.BC2	30633
CoV|QHQ82463.83.BC1	37449
CoV|QHQ82463.83.BC2	35134
CoV|QHQ82463.84.BC1	15514
CoV|QHQ82463.84.BC2	15481
CoV|QHQ82463.85.BC1	23563
CoV|QHQ82463.85.BC2	17552
CoV|QHQ82463.86.BC1	21473
CoV|QHQ82463.86.BC2	20835
CoV|QHQ82463.87.BC1	55949
CoV|QHQ82463.87.BC2	42402
CoV|QHQ82463.88.BC1	14385
CoV|QHQ82463.88.BC2	19478
CoV|QHQ82463.89.BC1	29056
CoV|QHQ82463.89.BC2	17211
CoV|QHQ82463.9.BC1	25896
CoV|QHQ82463.9.BC2	14265
CoV|QHQ82463.90.BC1	32168
CoV|QHQ82463.90.BC2	25772
CoV|QHQ82463.91.BC1	7465
CoV|QHQ82463.91.BC2	34320
CoV|QHQ82463.92.BC1	17416
CoV|QHQ82463.92.BC2	14812
CoV|QHQ82463.93.BC1	44773
CoV|QHQ82463.93.BC2	38192
CoV|QHQ82463.94.BC1	37786
CoV|QHQ82463.94.BC2	33049
CoV|QHQ82463.95.BC1	34053
CoV|QHQ82463.95.BC2	48219
CoV|QHQ82463.96.BC1	24553
CoV|QHQ82463.96.BC2	5579
CoV|QHQ82463.97.BC1	12503
CoV|QHQ82463.97.BC2	12659
CoV|QHQ82463.98.BC1	31384
CoV|QHQ82463.98.BC2	13068
CoV|QHQ82463.99.BC1	36448
CoV|QHQ82463.99.BC2	42727
CoV|QHQ82466.0.BC1	38627
CoV|QHQ82466.0.BC2	34104
CoV|QHQ82466.1.BC1	42692
CoV|QHQ82466.1.BC2	101038
CoV|QHQ82467.0.BC1	31620
CoV|QHQ82467.0.BC2	40797
CoV|QHQ82467.1.BC1	66574
CoV|QHQ82467.1.BC2	35961
CoV|QHQ82467.2.BC1	71972
CoV|QHQ82467.2.BC2	25836
CoV|QHQ82467.3.BC1	13852
CoV|QHQ82467.3.BC2	12639
CoV|QHQ82467.4.BC1	8964
CoV|QHQ82467.4.BC2	13890
CoV|QHQ82467.5.BC1	25079
CoV|QHQ82467.5.BC2	19286
CoV|QHQ82467.6.BC1	31887
CoV|QHQ82467.6.BC2	36656
CoV|QHQ82471.0.BC1	40043
CoV|QHQ82471.0.BC2	56855
CoV|QHQ82471.1.BC1	18900
CoV|QHQ82471.1.BC2	36606
CoV|QHQ82471.10.BC1	20272
CoV|QHQ82471.10.BC2	33053
CoV|QHQ82471.11.BC1	2920
CoV|QHQ82471.11.BC2	1218
CoV|QHQ82471.12.BC1	29762
CoV|QHQ82471.12.BC2	10810
CoV|QHQ82471.13.BC1	62878
CoV|QHQ82471.13.BC2	30542
CoV|QHQ82471.2.BC1	17364
CoV|QHQ82471.2.BC2	22801
CoV|QHQ82471.3.BC1	9899
CoV|QHQ82471.3.BC2	18229
CoV|QHQ82471.4.BC1	23706
CoV|QHQ82471.4.BC2	29489
CoV|QHQ82471.5.BC1	39608
CoV|QHQ82471.5.BC2	47339
CoV|QHQ82471.6.BC1	44771
CoV|QHQ82471.6.BC2	87742
CoV|QHQ82471.7.BC1	31495
CoV|QHQ82471.7.BC2	30379
CoV|QHQ82471.8.BC1	38392
CoV|QHQ82471.8.BC2	55521
CoV|QHQ82471.9.BC1	50936
CoV|QHQ82471.9.BC2	66850
CoV|QHR63249.249.BC1	17320
CoV|QHR63249.249.BC2	9287
CoV|QHR63249.250.BC1	12474
CoV|QHR63249.250.BC2	8985
CoV|QHR63260.0.BC1	12860
CoV|QHR63260.0.BC2	34456
CoV|QHR63260.1.BC1	6539
CoV|QHR63260.1.BC2	24077
CoV|QHR63260.10.BC1	25685
CoV|QHR63260.10.BC2	21252
CoV|QHR63260.11.BC1	41495
CoV|QHR63260.11.BC2	29747
CoV|QHR63260.12.BC1	30984
CoV|QHR63260.12.BC2	13699
CoV|QHR63260.13.BC1	28867
CoV|QHR63260.13.BC2	26460
CoV|QHR63260.14.BC1	24369
CoV|QHR63260.14.BC2	15531
CoV|QHR63260.15.BC1	25473
CoV|QHR63260.15.BC2	20701
CoV|QHR63260.16.BC1	17629
CoV|QHR63260.16.BC2	24005
CoV|QHR63260.17.BC1	11178
CoV|QHR63260.17.BC2	9292
CoV|QHR63260.18.BC1	7613
CoV|QHR63260.18.BC2	10592
CoV|QHR63260.19.BC1	32515
CoV|QHR63260.19.BC2	43806
CoV|QHR63260.2.BC1	12130
CoV|QHR63260.2.BC2	4709
CoV|QHR63260.20.BC1	16923
CoV|QHR63260.20.BC2	11666
CoV|QHR63260.21.BC1	36580
CoV|QHR63260.21.BC2	25112
CoV|QHR63260.22.BC1	57724
CoV|QHR63260.22.BC2	48704
CoV|QHR63260.23.BC1	16851
CoV|QHR63260.23.BC2	49582
CoV|QHR63260.24.BC1	21376
CoV|QHR63260.24.BC2	8118
CoV|QHR63260.25.BC1	10349
CoV|QHR63260.25.BC2	4068
CoV|QHR63260.26.BC1	18456
CoV|QHR63260.26.BC2	28825
CoV|QHR63260.27.BC1	9144
CoV|QHR63260.27.BC2	5958
CoV|QHR63260.28.BC1	10992
CoV|QHR63260.28.BC2	24447
CoV|QHR63260.29.BC1	40189
CoV|QHR63260.29.BC2	52158
CoV|QHR63260.3.BC1	11327
CoV|QHR63260.3.BC2	10001
CoV|QHR63260.30.BC1	23422
CoV|QHR63260.30.BC2	10804
CoV|QHR63260.31.BC1	24147
CoV|QHR63260.31.BC2	18604
CoV|QHR63260.32.BC1	16036
CoV|QHR63260.32.BC2	19066
CoV|QHR63260.33.BC1	3998
CoV|QHR63260.33.BC2	9203
CoV|QHR63260.34.BC1	8293
CoV|QHR63260.34.BC2	7155
CoV|QHR63260.35.BC1	37832
CoV|QHR63260.35.BC2	25879
CoV|QHR63260.36.BC1	25765
CoV|QHR63260.36.BC2	9238
CoV|QHR63260.37.BC1	28598
CoV|QHR63260.37.BC2	19490
CoV|QHR63260.38.BC1	32080
CoV|QHR63260.38.BC2	10339
CoV|QHR63260.39.BC1	18290
CoV|QHR63260.39.BC2	24109
CoV|QHR63260.4.BC1	4911
CoV|QHR63260.4.BC2	9676
CoV|QHR63260.40.BC1	40791
CoV|QHR63260.40.BC2	34904
CoV|QHR63260.41.BC1	15252
CoV|QHR63260.41.BC2	5321
CoV|QHR63260.42.BC1	8649
CoV|QHR63260.42.BC2	13795
CoV|QHR63260.43.BC1	22498
CoV|QHR63260.43.BC2	10285
CoV|QHR63260.44.BC1	20734
CoV|QHR63260.44.BC2	16650
CoV|QHR63260.5.BC1	18064
CoV|QHR63260.5.BC2	19496
CoV|QHR63260.6.BC1	23792
CoV|QHR63260.6.BC2	14812
CoV|QHR63260.7.BC1	15415
CoV|QHR63260.7.BC2	34836
CoV|QHR63260.8.BC1	8386
CoV|QHR63260.8.BC2	9214
CoV|QHR63260.9.BC1	25998
CoV|QHR63260.9.BC2	15488
CoV|QHR63261.0.BC1	18816
CoV|QHR63261.0.BC2	8913
CoV|QHR63261.1.BC1	6974
CoV|QHR63261.1.BC2	32585
CoV|QHR63261.2.BC1	27318
CoV|QHR63261.2.BC2	28140
CoV|QHR63261.3.BC1	27772
CoV|QHR63261.3.BC2	30696
CoV|QHR63261.4.BC1	21632
CoV|QHR63261.4.BC2	5963
CoV|QHR63261.5.BC1	13653
CoV|QHR63261.5.BC2	12268
CoV|QHR63261.6.BC1	8950
CoV|QHR63261.6.BC2	18953
CoV|QHR63261.7.BC1	1605
CoV|QHR63261.7.BC2	4272
CoV|QHR63261.8.BC1	23133
CoV|QHR63261.8.BC2	15657
CoV|QHR63264.0.BC1	2175
CoV|QHR63264.0.BC2	5992
CoV|QHR63264.1.BC1	8779
CoV|QHR63264.1.BC2	3935
CoV|QHR63265.0.BC1	15496
CoV|QHR63265.0.BC2	22783
CoV|QHR63265.1.BC1	37245
CoV|QHR63265.1.BC2	36470
CoV|QHR63265.2.BC1	28073
CoV|QHR63265.2.BC2	37912
CoV|QHR63265.3.BC1	21373
CoV|QHR63265.3.BC2	35689
CoV|QHR63267.0.BC1	12977
CoV|QHR63267.0.BC2	15320
CoV|QHR63267.1.BC1	8716
CoV|QHR63267.1.BC2	6625
CoV|QHR63267.2.BC1	15847
CoV|QHR63267.2.BC2	11870
CoV|QHR63267.3.BC1	11584
CoV|QHR63267.3.BC2	18025
CoV|QHR63269.247.BC1	16142
CoV|QHR63269.247.BC2	7925
CoV|QHR63269.248.BC1	15482
CoV|QHR63269.248.BC2	12065
CoV|QHR63269.79.BC1	18461
CoV|QHR63269.79.BC2	6185
CoV|QHR63269.80.BC1	14322
CoV|QHR63269.80.BC2	15284
CoV|QHR63276.0.BC1	58726
CoV|QHR63276.0.BC2	10759
CoV|QHR63289.109.BC1	58945
CoV|QHR63289.109.BC2	52568
CoV|QHR63289.110.BC1	37150
CoV|QHR63289.110.BC2	14567
CoV|QHR63289.91.BC1	10045
CoV|QHR63289.91.BC2	9958
CoV|QHR63289.92.BC1	17252
CoV|QHR63289.92.BC2	27631
CoV|QHR84449.7.BC1	30548
CoV|QHR84449.7.BC2	45943
CoV|QHR84449.8.BC1	11427
CoV|QHR84449.8.BC2	17958
CoV|QHU36823.102.BC1	25994
CoV|QHU36823.102.BC2	9899
CoV|QHU36823.103.BC1	36516
CoV|QHU36823.103.BC2	22626
CoV|QHU36823.95.BC1	28483
CoV|QHU36823.95.BC2	41258
CoV|QHU36823.96.BC1	4738
CoV|QHU36823.96.BC2	5877
CoV|QHU36843.79.BC1	19217
CoV|QHU36843.79.BC2	22489
CoV|QHU36843.80.BC1	34160
CoV|QHU36843.80.BC2	27360
CoV|QHU36863.89.BC1	27259
CoV|QHU36863.89.BC2	26988
CoV|QHU36863.90.BC1	32875
CoV|QHU36863.90.BC2	59025
CoV|QHU79172.156.BC1	55657
CoV|QHU79172.156.BC2	35535
CoV|QHU79173.0.BC1	2332
CoV|QHU79173.0.BC2	14616
CoV|QHU79174.3.BC1	20202
CoV|QHU79174.3.BC2	25356
CoV|QHU79174.4.BC1	7943
CoV|QHU79174.4.BC2	7486
CoV|QHW06048.127.BC1	15298
CoV|QHW06048.127.BC2	7058
CoV|QHW06048.128.BC1	3174
CoV|QHW06048.128.BC2	10706
CoV|QHW06048.3.BC1	28317
CoV|QHW06048.3.BC2	29959
CoV|QHW06048.4.BC1	16804
CoV|QHW06048.4.BC2	11784
CoV|QHW06048.56.BC1	38942
CoV|QHW06048.56.BC2	19452
CoV|QHW06048.57.BC1	16713
CoV|QHW06048.57.BC2	18588
CoV|QHW06056.5.BC1	62200
CoV|QHW06056.5.BC2	21340
CoV|QHW06056.6.BC1	48304
CoV|QHW06056.6.BC2	36841
CoV|QHW06057.0.BC1	43345
CoV|QHW06057.0.BC2	33195
CoV|QHW06058.20.BC1	23351
CoV|QHW06058.20.BC2	15542
CoV|QHW06058.21.BC1	14299
CoV|QHW06058.21.BC2	14190
CoV|QHW06059.0.BC1	28222
CoV|QHW06059.0.BC2	36779
CoV|QHW06059.1.BC1	32627
CoV|QHW06059.1.BC2	10581
CoV|QHZ00378.245.BC1	35252
CoV|QHZ00378.245.BC2	57512
CoV|QHZ00378.246.BC1	25716
CoV|QHZ00378.246.BC2	20450
CoV|QHZ00378.31.BC1	18222
CoV|QHZ00378.31.BC2	11541
CoV|QHZ00378.32.BC1	25605
CoV|QHZ00378.32.BC2	23739
CoV|QHZ00379.6.BC1	19415
CoV|QHZ00379.6.BC2	18236
CoV|QHZ00379.7.BC1	16654
CoV|QHZ00379.7.BC2	18666
CoV|QHZ00380.3.BC1	16915
CoV|QHZ00380.3.BC2	23392
CoV|QHZ00380.4.BC1	20329
CoV|QHZ00380.4.BC2	16449
CoV|QHZ00380.7.BC1	14277
CoV|QHZ00380.7.BC2	6970
CoV|QHZ00380.8.BC1	40367
CoV|QHZ00380.8.BC2	15605
CoV|QHZ00381.0.BC1	31675
CoV|QHZ00381.0.BC2	45818
CoV|QHZ00381.1.BC1	15660
CoV|QHZ00381.1.BC2	54819
CoV|QHZ00398.203.BC1	50630
CoV|QHZ00398.203.BC2	41658
CoV|QHZ00398.204.BC1	19797
CoV|QHZ00398.204.BC2	24004
CoV|QHZ00398.37.BC1	47033
CoV|QHZ00398.37.BC2	53070
CoV|QHZ00398.38.BC1	25940
CoV|QHZ00398.38.BC2	27887
CoV|QHZ87581.1.BC1	39455
CoV|QHZ87581.1.BC2	30414
CoV|QHZ87581.2.BC1	26971
CoV|QHZ87581.2.BC2	32662
CoV|QHZ87581.33.BC1	34302
CoV|QHZ87581.33.BC2	31616
CoV|QHZ87581.34.BC1	25392
CoV|QHZ87581.34.BC2	22958
CoV|QIA98605.108.BC1	25593
CoV|QIA98605.108.BC2	28476
CoV|QIA98605.109.BC1	26628
CoV|QIA98605.109.BC2	20724
CoV|QIC50514.6.BC1	43974
CoV|QIC50514.6.BC2	38320
CoV|QIC50514.7.BC1	21968
CoV|QIC50514.7.BC2	26143
CoV|QIC53203.153.BC1	39026
CoV|QIC53203.153.BC2	22169
CoV|QIC53203.154.BC1	14417
CoV|QIC53203.154.BC2	19230
CoV|QIC53203.28.BC1	38256
CoV|QIC53203.28.BC2	22494
CoV|QIC53203.29.BC1	10178
CoV|QIC53203.29.BC2	6820
CoV|QIC53204.27.BC1	20303
CoV|QIC53204.27.BC2	15379
CoV|QIC53204.28.BC1	21057
CoV|QIC53204.28.BC2	13776
CoV|QID21067.224.BC1	11448
CoV|QID21067.224.BC2	12171
CoV|QID21067.225.BC1	14728
CoV|QID21067.225.BC2	11466
CoV|QID21074.0.BC1	13191
CoV|QID21074.0.BC2	13381
CoV|QID98793.113.BC1	10645
CoV|QID98793.113.BC2	13032
CoV|QID98793.114.BC1	29902
CoV|QID98793.114.BC2	31793
CoV|R9UMC1.0.BC1	17475
CoV|R9UMC1.0.BC2	7650
CoV|R9UMC1.1.BC1	26895
CoV|R9UMC1.1.BC2	21652
CoV|R9UMC1.2.BC1	14186
CoV|R9UMC1.2.BC2	23107
CoV|R9UNX1.0.BC1	8441
CoV|R9UNX1.0.BC2	25274
CoV|R9UNX1.1.BC1	40652
CoV|R9UNX1.1.BC2	47064
CoV|R9UNX1.2.BC1	22427
CoV|R9UNX1.2.BC2	30533
CoV|R9UNX5.0.BC1	16675
CoV|R9UNX5.0.BC2	11100
CoV|R9UNX5.1.BC1	43546
CoV|R9UNX5.1.BC2	58595
CoV|R9UNX5.2.BC1	42257
CoV|R9UNX5.2.BC2	42296
CoV|R9UNX5.3.BC1	14687
CoV|R9UNX5.3.BC2	20492
CoV|R9UNX5.4.BC1	40124
CoV|R9UNX5.4.BC2	31739
CoV|R9UNX5.5.BC1	21795
CoV|R9UNX5.5.BC2	38301
CoV|R9UNX5.6.BC1	31572
CoV|R9UNX5.6.BC2	28247
CoV|R9UQ53.0.BC1	13891
CoV|R9UQ53.0.BC2	25357
CoV|R9UQ53.1.BC1	11109
CoV|R9UQ53.1.BC2	15971
CoV|R9UQ53.10.BC1	13049
CoV|R9UQ53.10.BC2	27728
CoV|R9UQ53.11.BC1	14090
CoV|R9UQ53.11.BC2	21801
CoV|R9UQ53.12.BC1	48765
CoV|R9UQ53.12.BC2	53546
CoV|R9UQ53.13.BC1	4585
CoV|R9UQ53.13.BC2	35095
CoV|R9UQ53.14.BC1	9152
CoV|R9UQ53.14.BC2	12192
CoV|R9UQ53.15.BC1	13037
CoV|R9UQ53.15.BC2	33189
CoV|R9UQ53.16.BC1	22866
CoV|R9UQ53.16.BC2	15976
CoV|R9UQ53.17.BC1	43428
CoV|R9UQ53.17.BC2	43726
CoV|R9UQ53.18.BC1	31410
CoV|R9UQ53.18.BC2	37064
CoV|R9UQ53.19.BC1	17718
CoV|R9UQ53.19.BC2	17525
CoV|R9UQ53.2.BC1	21131
CoV|R9UQ53.2.BC2	6009
CoV|R9UQ53.20.BC1	18532
CoV|R9UQ53.20.BC2	15778
CoV|R9UQ53.21.BC1	8986
CoV|R9UQ53.21.BC2	30122
CoV|R9UQ53.22.BC1	13760
CoV|R9UQ53.22.BC2	4261
CoV|R9UQ53.23.BC1	16758
CoV|R9UQ53.23.BC2	32749
CoV|R9UQ53.24.BC1	22438
CoV|R9UQ53.24.BC2	55520
CoV|R9UQ53.25.BC1	40666
CoV|R9UQ53.25.BC2	41502
CoV|R9UQ53.26.BC1	57220
CoV|R9UQ53.26.BC2	21323
CoV|R9UQ53.27.BC1	12249
CoV|R9UQ53.27.BC2	6858
CoV|R9UQ53.28.BC1	14097
CoV|R9UQ53.28.BC2	12541
CoV|R9UQ53.29.BC1	22834
CoV|R9UQ53.29.BC2	1552
CoV|R9UQ53.3.BC1	22453
CoV|R9UQ53.3.BC2	26141
CoV|R9UQ53.30.BC1	887
CoV|R9UQ53.30.BC2	40873
CoV|R9UQ53.31.BC1	30273
CoV|R9UQ53.31.BC2	23335
CoV|R9UQ53.32.BC1	58926
CoV|R9UQ53.32.BC2	29434
CoV|R9UQ53.33.BC1	17632
CoV|R9UQ53.33.BC2	34363
CoV|R9UQ53.34.BC1	11086
CoV|R9UQ53.34.BC2	13174
CoV|R9UQ53.35.BC1	16212
CoV|R9UQ53.35.BC2	28326
CoV|R9UQ53.36.BC1	19664
CoV|R9UQ53.36.BC2	13649
CoV|R9UQ53.37.BC1	27387
CoV|R9UQ53.37.BC2	34673
CoV|R9UQ53.38.BC1	18003
CoV|R9UQ53.38.BC2	25466
CoV|R9UQ53.39.BC1	5750
CoV|R9UQ53.39.BC2	7012
CoV|R9UQ53.4.BC1	18939
CoV|R9UQ53.4.BC2	13526
CoV|R9UQ53.40.BC1	11176
CoV|R9UQ53.40.BC2	8890
CoV|R9UQ53.41.BC1	40478
CoV|R9UQ53.41.BC2	32771
CoV|R9UQ53.42.BC1	45693
CoV|R9UQ53.42.BC2	34556
CoV|R9UQ53.43.BC1	6140
CoV|R9UQ53.43.BC2	16707
CoV|R9UQ53.44.BC1	12603
CoV|R9UQ53.44.BC2	9891
CoV|R9UQ53.45.BC1	29699
CoV|R9UQ53.45.BC2	25243
CoV|R9UQ53.46.BC1	14286
CoV|R9UQ53.46.BC2	13190
CoV|R9UQ53.47.BC1	18528
CoV|R9UQ53.47.BC2	15640
CoV|R9UQ53.5.BC1	27933
CoV|R9UQ53.5.BC2	14391
CoV|R9UQ53.6.BC1	19949
CoV|R9UQ53.6.BC2	16672
CoV|R9UQ53.7.BC1	15292
CoV|R9UQ53.7.BC2	26038
CoV|R9UQ53.8.BC1	6666
CoV|R9UQ53.8.BC2	7596
CoV|R9UQ53.9.BC1	25606
CoV|R9UQ53.9.BC2	9884
CoV|R9UQM6.0.BC1	20687
CoV|R9UQM6.0.BC2	27880
CoV|R9UQM6.1.BC1	32743
CoV|R9UQM6.1.BC2	40533
CoV|R9UQM6.2.BC1	38200
CoV|R9UQM6.2.BC2	29105
CoV|R9UQM6.3.BC1	18481
CoV|R9UQM6.3.BC2	26407
CoV|R9UQM6.4.BC1	43628
CoV|R9UQM6.4.BC2	26220
CoV|R9UQM6.5.BC1	14090
CoV|R9UQM6.5.BC2	5521
CoV|R9UQM6.6.BC1	36251
CoV|R9UQM6.6.BC2	16303
CoV|R9UQM6.7.BC1	28989
CoV|R9UQM6.7.BC2	20711
CoV|R9UQN1.0.BC1	55712
CoV|R9UQN1.0.BC2	64963
CoV|R9UQN1.1.BC1	20266
CoV|R9UQN1.1.BC2	19634
CoV|R9UQP3.0.BC1	19416
CoV|R9UQP3.0.BC2	26935
CoV|R9UQP3.1.BC1	4432
CoV|R9UQP3.1.BC2	13469
CoV|R9UQP3.2.BC1	21727
CoV|R9UQP3.2.BC2	34551
CoV|R9UQP3.3.BC1	16809
CoV|R9UQP3.3.BC2	24127
CoV|R9UQP3.4.BC1	11647
CoV|R9UQP3.4.BC2	23011
CoV|R9UQP3.5.BC1	30863
CoV|R9UQP3.5.BC2	32211
CoV|R9UQP3.6.BC1	26252
CoV|R9UQP3.6.BC2	24908
CoV|R9UQP3.7.BC1	46434
CoV|R9UQP3.7.BC2	22875
CoV|T2B9I2.0.BC1	34123
CoV|T2B9I2.0.BC2	35200
CoV|T2B9I2.1.BC1	25972
CoV|T2B9I2.1.BC2	20939
CoV|T2B9I2.10.BC1	12759
CoV|T2B9I2.10.BC2	7575
CoV|T2B9I2.100.BC1	29485
CoV|T2B9I2.100.BC2	31886
CoV|T2B9I2.101.BC1	14724
CoV|T2B9I2.101.BC2	8269
CoV|T2B9I2.102.BC1	12422
CoV|T2B9I2.102.BC2	22078
CoV|T2B9I2.103.BC1	55675
CoV|T2B9I2.103.BC2	69976
CoV|T2B9I2.104.BC1	16460
CoV|T2B9I2.104.BC2	27733
CoV|T2B9I2.105.BC1	8198
CoV|T2B9I2.105.BC2	12804
CoV|T2B9I2.106.BC1	11307
CoV|T2B9I2.106.BC2	12372
CoV|T2B9I2.107.BC1	13324
CoV|T2B9I2.107.BC2	19682
CoV|T2B9I2.108.BC1	3018
CoV|T2B9I2.108.BC2	45744
CoV|T2B9I2.109.BC1	3139
CoV|T2B9I2.109.BC2	38967
CoV|T2B9I2.11.BC1	14752
CoV|T2B9I2.11.BC2	15078
CoV|T2B9I2.110.BC1	39985
CoV|T2B9I2.110.BC2	49601
CoV|T2B9I2.111.BC1	21718
CoV|T2B9I2.111.BC2	16381
CoV|T2B9I2.112.BC1	13836
CoV|T2B9I2.112.BC2	4730
CoV|T2B9I2.113.BC1	34563
CoV|T2B9I2.113.BC2	32624
CoV|T2B9I2.114.BC1	23117
CoV|T2B9I2.114.BC2	27015
CoV|T2B9I2.115.BC1	22233
CoV|T2B9I2.115.BC2	29666
CoV|T2B9I2.116.BC1	19821
CoV|T2B9I2.116.BC2	24242
CoV|T2B9I2.117.BC1	19423
CoV|T2B9I2.117.BC2	40708
CoV|T2B9I2.118.BC1	37635
CoV|T2B9I2.118.BC2	22396
CoV|T2B9I2.119.BC1	17745
CoV|T2B9I2.119.BC2	7655
CoV|T2B9I2.12.BC1	29994
CoV|T2B9I2.12.BC2	39485
CoV|T2B9I2.120.BC1	9382
CoV|T2B9I2.120.BC2	11084
CoV|T2B9I2.121.BC1	11923
CoV|T2B9I2.121.BC2	9520
CoV|T2B9I2.122.BC1	29256
CoV|T2B9I2.122.BC2	28559
CoV|T2B9I2.123.BC1	10951
CoV|T2B9I2.123.BC2	12289
CoV|T2B9I2.124.BC1	11899
CoV|T2B9I2.124.BC2	3780
CoV|T2B9I2.125.BC1	4453
CoV|T2B9I2.125.BC2	6706
CoV|T2B9I2.126.BC1	12159
CoV|T2B9I2.126.BC2	22385
CoV|T2B9I2.127.BC1	1981
CoV|T2B9I2.127.BC2	27406
CoV|T2B9I2.128.BC1	32031
CoV|T2B9I2.128.BC2	37865
CoV|T2B9I2.129.BC1	39327
CoV|T2B9I2.129.BC2	46995
CoV|T2B9I2.13.BC1	21928
CoV|T2B9I2.13.BC2	40466
CoV|T2B9I2.130.BC1	30353
CoV|T2B9I2.130.BC2	21603
CoV|T2B9I2.131.BC1	12179
CoV|T2B9I2.131.BC2	33350
CoV|T2B9I2.132.BC1	26414
CoV|T2B9I2.132.BC2	31580
CoV|T2B9I2.133.BC1	32285
CoV|T2B9I2.133.BC2	16970
CoV|T2B9I2.134.BC1	14657
CoV|T2B9I2.134.BC2	18546
CoV|T2B9I2.135.BC1	13242
CoV|T2B9I2.135.BC2	11397
CoV|T2B9I2.136.BC1	13626
CoV|T2B9I2.136.BC2	6579
CoV|T2B9I2.137.BC1	19945
CoV|T2B9I2.137.BC2	22491
CoV|T2B9I2.138.BC1	7561
CoV|T2B9I2.138.BC2	8936
CoV|T2B9I2.139.BC1	11491
CoV|T2B9I2.139.BC2	15829
CoV|T2B9I2.14.BC1	17268
CoV|T2B9I2.14.BC2	4785
CoV|T2B9I2.140.BC1	25766
CoV|T2B9I2.140.BC2	22343
CoV|T2B9I2.141.BC1	22158
CoV|T2B9I2.141.BC2	20651
CoV|T2B9I2.142.BC1	39850
CoV|T2B9I2.142.BC2	59726
CoV|T2B9I2.143.BC1	29204
CoV|T2B9I2.143.BC2	28404
CoV|T2B9I2.144.BC1	9548
CoV|T2B9I2.144.BC2	5275
CoV|T2B9I2.145.BC1	20779
CoV|T2B9I2.145.BC2	1624
CoV|T2B9I2.146.BC1	28548
CoV|T2B9I2.146.BC2	31990
CoV|T2B9I2.147.BC1	46689
CoV|T2B9I2.147.BC2	10264
CoV|T2B9I2.148.BC1	27072
CoV|T2B9I2.148.BC2	24981
CoV|T2B9I2.149.BC1	20906
CoV|T2B9I2.149.BC2	21470
CoV|T2B9I2.15.BC1	5299
CoV|T2B9I2.15.BC2	15521
CoV|T2B9I2.150.BC1	23283
CoV|T2B9I2.150.BC2	16829
CoV|T2B9I2.151.BC1	33405
CoV|T2B9I2.151.BC2	43611
CoV|T2B9I2.152.BC1	2428
CoV|T2B9I2.152.BC2	22810
CoV|T2B9I2.153.BC1	2224
CoV|T2B9I2.153.BC2	11897
CoV|T2B9I2.154.BC1	27086
CoV|T2B9I2.154.BC2	42888
CoV|T2B9I2.155.BC1	60214
CoV|T2B9I2.155.BC2	44953
CoV|T2B9I2.16.BC1	26961
CoV|T2B9I2.16.BC2	14252
CoV|T2B9I2.17.BC1	18947
CoV|T2B9I2.17.BC2	7233
CoV|T2B9I2.18.BC1	27407
CoV|T2B9I2.18.BC2	17279
CoV|T2B9I2.19.BC1	26460
CoV|T2B9I2.19.BC2	31489
CoV|T2B9I2.2.BC1	17966
CoV|T2B9I2.2.BC2	13444
CoV|T2B9I2.20.BC1	58674
CoV|T2B9I2.20.BC2	34188
CoV|T2B9I2.21.BC1	15849
CoV|T2B9I2.21.BC2	20192
CoV|T2B9I2.22.BC1	9839
CoV|T2B9I2.22.BC2	17313
CoV|T2B9I2.23.BC1	16955
CoV|T2B9I2.23.BC2	28765
CoV|T2B9I2.24.BC1	18700
CoV|T2B9I2.24.BC2	16801
CoV|T2B9I2.25.BC1	13226
CoV|T2B9I2.25.BC2	5440
CoV|T2B9I2.26.BC1	14116
CoV|T2B9I2.26.BC2	20652
CoV|T2B9I2.27.BC1	36154
CoV|T2B9I2.27.BC2	14087
CoV|T2B9I2.28.BC1	24631
CoV|T2B9I2.28.BC2	22701
CoV|T2B9I2.29.BC1	20626
CoV|T2B9I2.29.BC2	48078
CoV|T2B9I2.3.BC1	11569
CoV|T2B9I2.3.BC2	19638
CoV|T2B9I2.30.BC1	21648
CoV|T2B9I2.30.BC2	52604
CoV|T2B9I2.31.BC1	15582
CoV|T2B9I2.31.BC2	7058
CoV|T2B9I2.32.BC1	5914
CoV|T2B9I2.32.BC2	35534
CoV|T2B9I2.33.BC1	33010
CoV|T2B9I2.33.BC2	33751
CoV|T2B9I2.34.BC1	40741
CoV|T2B9I2.34.BC2	32060
CoV|T2B9I2.35.BC1	35727
CoV|T2B9I2.35.BC2	18480
CoV|T2B9I2.36.BC1	21566
CoV|T2B9I2.36.BC2	26870
CoV|T2B9I2.37.BC1	38111
CoV|T2B9I2.37.BC2	18929
CoV|T2B9I2.38.BC1	41877
CoV|T2B9I2.38.BC2	24410
CoV|T2B9I2.39.BC1	20391
CoV|T2B9I2.39.BC2	28056
CoV|T2B9I2.4.BC1	24133
CoV|T2B9I2.4.BC2	25104
CoV|T2B9I2.40.BC1	21987
CoV|T2B9I2.40.BC2	19880
CoV|T2B9I2.41.BC1	44009
CoV|T2B9I2.41.BC2	17861
CoV|T2B9I2.42.BC1	37373
CoV|T2B9I2.42.BC2	69757
CoV|T2B9I2.43.BC1	29607
CoV|T2B9I2.43.BC2	13480
CoV|T2B9I2.44.BC1	22738
CoV|T2B9I2.44.BC2	6943
CoV|T2B9I2.45.BC1	19903
CoV|T2B9I2.45.BC2	14208
CoV|T2B9I2.46.BC1	19870
CoV|T2B9I2.46.BC2	21173
CoV|T2B9I2.47.BC1	35480
CoV|T2B9I2.47.BC2	12988
CoV|T2B9I2.48.BC1	22018
CoV|T2B9I2.48.BC2	24806
CoV|T2B9I2.49.BC1	30860
CoV|T2B9I2.49.BC2	36482
CoV|T2B9I2.5.BC1	23352
CoV|T2B9I2.5.BC2	30933
CoV|T2B9I2.50.BC1	23879
CoV|T2B9I2.50.BC2	10679
CoV|T2B9I2.51.BC1	35769
CoV|T2B9I2.51.BC2	28526
CoV|T2B9I2.52.BC1	2167
CoV|T2B9I2.52.BC2	7357
CoV|T2B9I2.53.BC1	30880
CoV|T2B9I2.53.BC2	20044
CoV|T2B9I2.54.BC1	8797
CoV|T2B9I2.54.BC2	39095
CoV|T2B9I2.55.BC1	30738
CoV|T2B9I2.55.BC2	15997
CoV|T2B9I2.56.BC1	13873
CoV|T2B9I2.56.BC2	16226
CoV|T2B9I2.57.BC1	13693
CoV|T2B9I2.57.BC2	10024
CoV|T2B9I2.58.BC1	14610
CoV|T2B9I2.58.BC2	7533
CoV|T2B9I2.59.BC1	23543
CoV|T2B9I2.59.BC2	9441
CoV|T2B9I2.6.BC1	35407
CoV|T2B9I2.6.BC2	55296
CoV|T2B9I2.60.BC1	18351
CoV|T2B9I2.60.BC2	25156
CoV|T2B9I2.61.BC1	18852
CoV|T2B9I2.61.BC2	15824
CoV|T2B9I2.62.BC1	19840
CoV|T2B9I2.62.BC2	17063
CoV|T2B9I2.63.BC1	31884
CoV|T2B9I2.63.BC2	39534
CoV|T2B9I2.64.BC1	29806
CoV|T2B9I2.64.BC2	41199
CoV|T2B9I2.65.BC1	1954
CoV|T2B9I2.65.BC2	49449
CoV|T2B9I2.66.BC1	28250
CoV|T2B9I2.66.BC2	34191
CoV|T2B9I2.67.BC1	45769
CoV|T2B9I2.67.BC2	23159
CoV|T2B9I2.68.BC1	21813
CoV|T2B9I2.68.BC2	34844
CoV|T2B9I2.69.BC1	33216
CoV|T2B9I2.69.BC2	11085
CoV|T2B9I2.7.BC1	37424
CoV|T2B9I2.7.BC2	48032
CoV|T2B9I2.70.BC1	35413
CoV|T2B9I2.70.BC2	35127
CoV|T2B9I2.71.BC1	27123
CoV|T2B9I2.71.BC2	17802
CoV|T2B9I2.72.BC1	30282
CoV|T2B9I2.72.BC2	33734
CoV|T2B9I2.73.BC1	12966
CoV|T2B9I2.73.BC2	12801
CoV|T2B9I2.74.BC1	29833
CoV|T2B9I2.74.BC2	24326
CoV|T2B9I2.75.BC1	13101
CoV|T2B9I2.75.BC2	12075
CoV|T2B9I2.76.BC1	3883
CoV|T2B9I2.76.BC2	22204
CoV|T2B9I2.77.BC1	38982
CoV|T2B9I2.77.BC2	31812
CoV|T2B9I2.78.BC1	8443
CoV|T2B9I2.78.BC2	12346
CoV|T2B9I2.79.BC1	13558
CoV|T2B9I2.79.BC2	15792
CoV|T2B9I2.8.BC1	30344
CoV|T2B9I2.8.BC2	23549
CoV|T2B9I2.80.BC1	17843
CoV|T2B9I2.80.BC2	5681
CoV|T2B9I2.81.BC1	43322
CoV|T2B9I2.81.BC2	29271
CoV|T2B9I2.82.BC1	24478
CoV|T2B9I2.82.BC2	42557
CoV|T2B9I2.83.BC1	28483
CoV|T2B9I2.83.BC2	25692
CoV|T2B9I2.84.BC1	6692
CoV|T2B9I2.84.BC2	10807
CoV|T2B9I2.85.BC1	21411
CoV|T2B9I2.85.BC2	12187
CoV|T2B9I2.86.BC1	31801
CoV|T2B9I2.86.BC2	24109
CoV|T2B9I2.87.BC1	11656
CoV|T2B9I2.87.BC2	12146
CoV|T2B9I2.88.BC1	17120
CoV|T2B9I2.88.BC2	16985
CoV|T2B9I2.89.BC1	27871
CoV|T2B9I2.89.BC2	12228
CoV|T2B9I2.9.BC1	15860
CoV|T2B9I2.9.BC2	29244
CoV|T2B9I2.90.BC1	6252
CoV|T2B9I2.90.BC2	11762
CoV|T2B9I2.91.BC1	35025
CoV|T2B9I2.91.BC2	25715
CoV|T2B9I2.92.BC1	47140
CoV|T2B9I2.92.BC2	58270
CoV|T2B9I2.93.BC1	37710
CoV|T2B9I2.93.BC2	66017
CoV|T2B9I2.94.BC1	23356
CoV|T2B9I2.94.BC2	37148
CoV|T2B9I2.95.BC1	18761
CoV|T2B9I2.95.BC2	11925
CoV|T2B9I2.96.BC1	22455
CoV|T2B9I2.96.BC2	26194
CoV|T2B9I2.97.BC1	68311
CoV|T2B9I2.97.BC2	39842
CoV|T2B9I2.98.BC1	27579
CoV|T2B9I2.98.BC2	21869
CoV|T2B9I2.99.BC1	24743
CoV|T2B9I2.99.BC2	29796
CoV|T2B9U0.155.BC1	25789
CoV|T2B9U0.155.BC2	21096
CoV|T2B9U0.156.BC1	33894
CoV|T2B9U0.156.BC2	37395
CoV|T2B9U0.157.BC1	2907
CoV|T2B9U0.157.BC2	5896
CoV|T2B9U0.158.BC1	52420
CoV|T2B9U0.158.BC2	32389
CoV|T2B9U0.159.BC1	31536
CoV|T2B9U0.159.BC2	27656
CoV|T2B9U0.160.BC1	16530
CoV|T2B9U0.160.BC2	14091
CoV|T2B9U0.161.BC1	23042
CoV|T2B9U0.161.BC2	14322
CoV|T2B9U0.162.BC1	27222
CoV|T2B9U0.162.BC2	36731
CoV|T2B9U0.163.BC1	14898
CoV|T2B9U0.163.BC2	13266
CoV|T2B9U0.164.BC1	24069
CoV|T2B9U0.164.BC2	33496
CoV|T2B9U0.165.BC1	20673
CoV|T2B9U0.165.BC2	16267
CoV|T2B9U0.166.BC1	26284
CoV|T2B9U0.166.BC2	8527
CoV|T2B9U0.167.BC1	9661
CoV|T2B9U0.167.BC2	6694
CoV|T2B9U0.168.BC1	17990
CoV|T2B9U0.168.BC2	4304
CoV|T2B9U0.169.BC1	47739
CoV|T2B9U0.169.BC2	29633
CoV|T2B9U0.170.BC1	11347
CoV|T2B9U0.170.BC2	651
CoV|T2B9U0.171.BC1	9745
CoV|T2B9U0.171.BC2	13104
CoV|T2B9U0.172.BC1	10289
CoV|T2B9U0.172.BC2	13396
CoV|T2B9U0.173.BC1	7998
CoV|T2B9U0.173.BC2	12615
CoV|T2B9U0.174.BC1	15100
CoV|T2B9U0.174.BC2	27916
CoV|T2B9U0.175.BC1	31371
CoV|T2B9U0.175.BC2	51929
CoV|T2B9U0.176.BC1	11258
CoV|T2B9U0.176.BC2	20327
CoV|T2B9U0.177.BC1	37012
CoV|T2B9U0.177.BC2	54799
CoV|T2B9U0.178.BC1	15665
CoV|T2B9U0.178.BC2	26063
CoV|T2B9U0.179.BC1	13751
CoV|T2B9U0.179.BC2	19118
CoV|T2B9U0.180.BC1	22035
CoV|T2B9U0.180.BC2	27060
CoV|T2B9U0.181.BC1	14192
CoV|T2B9U0.181.BC2	18914
CoV|T2B9U0.182.BC1	26039
CoV|T2B9U0.182.BC2	12930
CoV|T2B9U0.183.BC1	4741
CoV|T2B9U0.183.BC2	7155
CoV|T2B9U0.184.BC1	13940
CoV|T2B9U0.184.BC2	16170
CoV|T2B9U0.185.BC1	39676
CoV|T2B9U0.185.BC2	33317
CoV|T2B9U0.186.BC1	6471
CoV|T2B9U0.186.BC2	5475
CoV|T2B9U0.187.BC1	5043
CoV|T2B9U0.187.BC2	8393
CoV|T2B9U0.188.BC1	27821
CoV|T2B9U0.188.BC2	20754
CoV|T2B9U0.189.BC1	19092
CoV|T2B9U0.189.BC2	10557
CoV|T2B9U0.190.BC1	24005
CoV|T2B9U0.190.BC2	28395
CoV|T2B9U0.191.BC1	64728
CoV|T2B9U0.191.BC2	38483
CoV|T2B9U0.192.BC1	32730
CoV|T2B9U0.192.BC2	25790
CoV|T2B9U0.193.BC1	34633
CoV|T2B9U0.193.BC2	33582
CoV|T2B9U0.194.BC1	22321
CoV|T2B9U0.194.BC2	13282
CoV|T2B9U0.195.BC1	6418
CoV|T2B9U0.195.BC2	10201
CoV|T2B9U0.196.BC1	7559
CoV|T2B9U0.196.BC2	10041
CoV|T2B9U0.197.BC1	12719
CoV|T2B9U0.197.BC2	6182
CoV|T2B9U0.198.BC1	28780
CoV|T2B9U0.198.BC2	21107
CoV|T2B9U0.199.BC1	13833
CoV|T2B9U0.199.BC2	18589
CoV|T2B9U0.200.BC1	15579
CoV|T2B9U0.200.BC2	12233
CoV|T2B9U0.201.BC1	28744
CoV|T2B9U0.201.BC2	27789
CoV|T2B9U0.202.BC1	34023
CoV|T2B9U0.202.BC2	1069
CoV|T2B9U0.203.BC1	48037
CoV|T2B9U0.203.BC2	38190
CoV|T2B9U0.204.BC1	9909
CoV|T2B9U0.204.BC2	16231
CoV|T2B9U0.205.BC1	17445
CoV|T2B9U0.205.BC2	5974
CoV|T2B9U0.206.BC1	14487
CoV|T2B9U0.206.BC2	50981
CoV|T2B9U0.207.BC1	21242
CoV|T2B9U0.207.BC2	28121
CoV|T2B9U0.208.BC1	33119
CoV|T2B9U0.208.BC2	37228
CoV|T2B9U0.209.BC1	18640
CoV|T2B9U0.209.BC2	4814
CoV|T2B9U0.210.BC1	18944
CoV|T2B9U0.210.BC2	16272
CoV|T2B9U0.211.BC1	66866
CoV|T2B9U0.211.BC2	50192
CoV|T2B9U0.212.BC1	41013
CoV|T2B9U0.212.BC2	34183
CoV|T2B9U0.213.BC1	33771
CoV|T2B9U0.213.BC2	11339
CoV|T2B9U0.214.BC1	30960
CoV|T2B9U0.214.BC2	30317
CoV|T2B9U0.215.BC1	56039
CoV|T2B9U0.215.BC2	26486
CoV|T2B9U0.216.BC1	11238
CoV|T2B9U0.216.BC2	18611
CoV|T2B9U0.217.BC1	11639
CoV|T2B9U0.217.BC2	10714
CoV|T2B9U0.218.BC1	16218
CoV|T2B9U0.218.BC2	15510
CoV|T2B9U0.219.BC1	36638
CoV|T2B9U0.219.BC2	57061
CoV|T2B9U0.220.BC1	41503
CoV|T2B9U0.220.BC2	17949
CoV|T2B9U0.221.BC1	15098
CoV|T2B9U0.221.BC2	15911
CoV|T2B9U0.222.BC1	24278
CoV|T2B9U0.222.BC2	32867
CoV|T2B9U0.223.BC1	23752
CoV|T2B9U0.223.BC2	18553
CoV|T2B9U0.224.BC1	45536
CoV|T2B9U0.224.BC2	27407
CoV|T2B9U0.225.BC1	40361
CoV|T2B9U0.225.BC2	51433
CoV|T2B9U0.226.BC1	21813
CoV|T2B9U0.226.BC2	37629
CoV|T2B9U0.227.BC1	38275
CoV|T2B9U0.227.BC2	37318
CoV|T2B9U0.228.BC1	10446
CoV|T2B9U0.228.BC2	17107
CoV|T2B9U0.229.BC1	8960
CoV|T2B9U0.229.BC2	7455
CoV|T2B9U0.230.BC1	24337
CoV|T2B9U0.230.BC2	30619
CoV|T2B9U0.231.BC1	1205
CoV|T2B9U0.231.BC2	3769
CoV|T2B9U0.232.BC1	111
CoV|T2B9U0.232.BC2	395
CoV|T2B9U0.233.BC1	1142
CoV|T2B9U0.233.BC2	1203
CoV|T2B9U0.234.BC1	39188
CoV|T2B9U0.234.BC2	12750
CoV|T2B9U0.235.BC1	27242
CoV|T2B9U0.235.BC2	37163
CoV|T2B9U0.236.BC1	30018
CoV|T2B9U0.236.BC2	13634
CoV|T2B9U0.237.BC1	19469
CoV|T2B9U0.237.BC2	7298
CoV|T2B9U0.238.BC1	17088
CoV|T2B9U0.238.BC2	10982
CoV|T2B9U0.239.BC1	14983
CoV|T2B9U0.239.BC2	13868
CoV|T2B9U0.240.BC1	11512
CoV|T2B9U0.240.BC2	5675
CoV|T2B9U0.241.BC1	15403
CoV|T2B9U0.241.BC2	14720
CoV|T2B9U0.242.BC1	35521
CoV|T2B9U0.242.BC2	20332
CoV|T2B9U0.243.BC1	30513
CoV|T2B9U0.243.BC2	38242
CoV|T2B9U0.244.BC1	14971
CoV|T2B9U0.244.BC2	31195
CoV|T2B9U0.245.BC1	23499
CoV|T2B9U0.245.BC2	24452
CoV|T2B9U0.246.BC1	4789
CoV|T2B9U0.246.BC2	9279
CoV|T2B9U0.247.BC1	11501
CoV|T2B9U0.247.BC2	16602
CoV|T2B9U0.248.BC1	6967
CoV|T2B9U0.248.BC2	4160
CoV|T2B9U0.249.BC1	14129
CoV|T2B9U0.249.BC2	15904
CoV|T2B9U0.250.BC1	15341
CoV|T2B9U0.250.BC2	3782
CoV|T2B9U0.251.BC1	21320
CoV|T2B9U0.251.BC2	18873
CoV|T2B9U9.0.BC1	17323
CoV|T2B9U9.0.BC2	26296
CoV|T2B9U9.1.BC1	16561
CoV|T2B9U9.1.BC2	18298
CoV|T2B9U9.2.BC1	22668
CoV|T2B9U9.2.BC2	12885
CoV|T2B9U9.3.BC1	22741
CoV|T2B9U9.3.BC2	23923
CoV|T2BBK0.0.BC1	31217
CoV|T2BBK0.0.BC2	7314
CoV|T2BBK0.1.BC1	19435
CoV|T2BBK0.1.BC2	38676
CoV|T2BBK0.10.BC1	28102
CoV|T2BBK0.10.BC2	11196
CoV|T2BBK0.11.BC1	16263
CoV|T2BBK0.11.BC2	11543
CoV|T2BBK0.12.BC1	8772
CoV|T2BBK0.12.BC2	10911
CoV|T2BBK0.13.BC1	27341
CoV|T2BBK0.13.BC2	75995
CoV|T2BBK0.2.BC1	16466
CoV|T2BBK0.2.BC2	31193
CoV|T2BBK0.3.BC1	38096
CoV|T2BBK0.3.BC2	40600
CoV|T2BBK0.4.BC1	9722
CoV|T2BBK0.4.BC2	25680
CoV|T2BBK0.5.BC1	6235
CoV|T2BBK0.5.BC2	37446
CoV|T2BBK0.6.BC1	28769
CoV|T2BBK0.6.BC2	22808
CoV|T2BBK0.7.BC1	14266
CoV|T2BBK0.7.BC2	8507
CoV|T2BBK0.8.BC1	22262
CoV|T2BBK0.8.BC2	11736
CoV|T2BBK0.9.BC1	12319
CoV|T2BBK0.9.BC2	41195
CoV|YP_009725297.5.BC1	16998
CoV|YP_009725297.5.BC2	10571
CoV|YP_009725298.21.BC1	17610
CoV|YP_009725298.21.BC2	8818
CoV|YP_009725299.68.BC1	9961
CoV|YP_009725299.68.BC2	20233
CoV|YP_009725300.16.BC1	19653
CoV|YP_009725300.16.BC2	29256
CoV|YP_009725301.9.BC1	42677
CoV|YP_009725301.9.BC2	43458
CoV|YP_009725302.9.BC1	23785
CoV|YP_009725302.9.BC2	7278
CoV|YP_009725303.1.BC1	10075
CoV|YP_009725303.1.BC2	14251
CoV|YP_009725304.6.BC1	7434
CoV|YP_009725304.6.BC2	22684
CoV|YP_009725305.3.BC1	29034
CoV|YP_009725305.3.BC2	25788
CoV|YP_009725306.3.BC1	10747
CoV|YP_009725306.3.BC2	48569
CoV|YP_009725307.32.BC1	13665
CoV|YP_009725307.32.BC2	14898
CoV|YP_009725308.20.BC1	24417
CoV|YP_009725308.20.BC2	40139
CoV|YP_009725309.17.BC1	12388
CoV|YP_009725309.17.BC2	20657
CoV|YP_009725310.11.BC1	7200
CoV|YP_009725310.11.BC2	12545
CoV|YP_009725311.9.BC1	10889
CoV|YP_009725311.9.BC2	30355
CoV|YP_009725312.0.BC1	583
CoV|YP_009725312.0.BC2	20022
Vir3|10033	1
Vir3|10085	1
Vir3|10156	1
Vir3|10437	1
Vir3|10476	2
Vir3|10493	1
Vir3|10494	1
Vir3|10516	1
Vir3|10558	1
Vir3|10830	27
Vir3|10831	37
Vir3|108635	2
Vir3|108665	1
Vir3|108670	1
Vir3|108700	15
Vir3|108733	1
Vir3|108757	1
Vir3|108778	2
Vir3|108840	2
Vir3|108890	1
Vir3|108926	1
Vir3|108946	1
Vir3|108950	1
Vir3|108964	1
Vir3|108982	1
Vir3|109023	1
Vir3|109099	1
Vir3|109106	1
Vir3|10912	1
Vir3|10914	1
Vir3|109213	1
Vir3|109265	1
Vir3|109276	1
Vir3|109279	1
Vir3|109299	1
Vir3|109330	1
Vir3|109350	1
Vir3|109357	1
Vir3|109360	1
Vir3|109366	4
Vir3|109395	1
Vir3|10943	1
Vir3|109458	1
Vir3|109462	1
Vir3|109498	1
Vir3|109503	1
Vir3|109537	54
Vir3|109564	1
Vir3|109593	2
Vir3|109618	1
Vir3|109633	1
Vir3|109634	1
Vir3|109644	1
Vir3|109699	1
Vir3|109700	1
Vir3|109720	3
Vir3|109734	1
Vir3|109785	1
Vir3|109809	1
Vir3|109824	1
Vir3|109847	1
Vir3|109858	2
Vir3|109866	1
Vir3|109875	5
Vir3|109895	1
Vir3|109931	1
Vir3|109946	1
Vir3|109947	7
Vir3|109969	1
Vir3|109982	1
Vir3|109986	1
Vir3|109990	1
Vir3|109991	1
Vir3|110000	1
Vir3|110001	1
Vir3|110029	1
Vir3|110041	1
Vir3|110064	2
Vir3|110086	37
Vir3|110093	1
Vir3|110109	1
Vir3|110112	1
Vir3|110113	1
Vir3|110118	2
Vir3|110131	1
Vir3|110172	1
Vir3|110272	1
Vir3|110357	59
Vir3|110359	3
Vir3|110428	1
Vir3|110444	2
Vir3|110496	1
Vir3|110553	1
Vir3|110572	1
Vir3|110579	1
Vir3|110589	1
Vir3|110590	1
Vir3|110721	1
Vir3|110768	1
Vir3|110839	1
Vir3|110900	1
Vir3|11091	1
Vir3|110917	1
Vir3|110929	1
Vir3|110942	1
Vir3|110958	1
Vir3|110964	1
Vir3|110990	1
Vir3|111043	1
Vir3|111051	1
Vir3|111080	1
Vir3|111087	1
Vir3|111088	1
Vir3|11110	1
Vir3|111173	1
Vir3|111205	1
Vir3|111235	1
Vir3|111245	1
Vir3|111250	1
Vir3|111270	1
Vir3|111303	1
Vir3|111347	1
Vir3|111439	1
Vir3|111488	2
Vir3|111551	1
Vir3|11167	2
Vir3|111717	1
Vir3|111813	1
Vir3|111952	1
Vir3|112040	1
Vir3|112120	1
Vir3|112133	1
Vir3|112146	1
Vir3|112257	1
Vir3|112288	1
Vir3|112387	1
Vir3|112393	1
Vir3|112394	1
Vir3|112403	1
Vir3|112428	1
Vir3|112433	2
Vir3|112442	1
Vir3|112607	16
Vir3|112614	2
Vir3|112714	1
Vir3|112746	2
Vir3|112812	1
Vir3|112920	1
Vir3|112957	2
Vir3|112970	1
Vir3|112982	1
Vir3|112994	1
Vir3|113005	1
Vir3|113141	1
Vir3|113148	1
Vir3|113189	1
Vir3|113305	51
Vir3|11337	1
Vir3|113387	1
Vir3|113401	1
Vir3|113427	1
Vir3|113429	1
Vir3|113442	1
Vir3|113451	1
Vir3|113453	1
Vir3|113476	1
Vir3|11352	1
Vir3|113553	1
Vir3|113554	2
Vir3|11359	1
Vir3|113598	1
Vir3|113630	1
Vir3|113640	1
Vir3|113659	1
Vir3|113678	2
Vir3|113688	1
Vir3|113734	1
Vir3|113783	1
Vir3|113791	1
Vir3|113795	1
Vir3|11381	1
Vir3|113848	1
Vir3|113877	1
Vir3|113904	1
Vir3|113907	1
Vir3|114009	1
Vir3|114042	1
Vir3|114119	1
Vir3|114169	1
Vir3|114190	1
Vir3|114288	1
Vir3|114369	1
Vir3|114389	1
Vir3|114527	1
Vir3|114557	1
Vir3|114600	1
Vir3|114613	1
Vir3|114670	2
Vir3|114683	1
Vir3|114690	2
Vir3|114707	1
Vir3|114769	1
Vir3|114772	1
Vir3|114774	1
Vir3|114787	1
Vir3|114790	1
Vir3|114824	1
Vir3|114839	1
Vir3|114840	1
Vir3|114897	1
Vir3|114995	1
Vir3|115003	100
Vir3|115009	1
Vir3|115011	1
Vir3|115056	1
Vir3|11507	1
Vir3|11510	1
Vir3|11511	1
Vir3|11512	1
Vir3|115186	192
Vir3|115196	2
Vir3|115214	1
Vir3|115235	1
Vir3|115254	1
Vir3|115286	1
Vir3|115331	1
Vir3|115332	1
Vir3|115351	1
Vir3|115375	1
Vir3|11539	1
Vir3|115429	1
Vir3|115435	1
Vir3|11545	1
Vir3|11546	63
Vir3|11547	64
Vir3|115480	1
Vir3|115531	1
Vir3|115672	1
Vir3|11586	1
Vir3|11587	2
Vir3|115877	1
Vir3|115887	1
Vir3|115956	1
Vir3|116142	1
Vir3|11616	1
Vir3|116178	1
Vir3|116249	1
Vir3|11639	1
Vir3|116422	1
Vir3|116557	1
Vir3|116566	1
Vir3|116587	1
Vir3|116613	1
Vir3|116624	1
Vir3|116629	1
Vir3|116636	1
Vir3|116735	1
Vir3|116810	1
Vir3|116815	1
Vir3|116867	1
Vir3|117007	1
Vir3|117018	1
Vir3|117048	1
Vir3|117061	1
Vir3|117074	1
Vir3|117121	1
Vir3|117176	1
Vir3|117179	1
Vir3|117187	1
Vir3|117254	2
Vir3|117298	1
Vir3|117325	1
Vir3|117355	1
Vir3|117398	1
Vir3|117416	2
Vir3|117421	1
Vir3|117581	1
Vir3|117583	1
Vir3|117616	1
Vir3|117619	1
Vir3|11763	1
Vir3|117676	120
Vir3|117677	1
Vir3|117766	1
Vir3|117805	2
Vir3|117812	1
Vir3|117833	1
Vir3|117930	1
Vir3|117946	1
Vir3|118002	1
Vir3|118052	1
Vir3|118067	1
Vir3|118082	1
Vir3|118093	1
Vir3|118146	1
Vir3|118258	1
Vir3|118271	1
Vir3|118322	1
Vir3|118324	1
Vir3|118380	1
Vir3|118383	1
Vir3|1184	1
Vir3|118429	1
Vir3|118435	1
Vir3|118532	1
Vir3|118557	1
Vir3|118558	1
Vir3|118623	1
Vir3|118625	8
Vir3|118626	1
Vir3|118694	1
Vir3|118696	1
Vir3|118766	1
Vir3|118769	1
Vir3|118940	1
Vir3|119017	1
Vir3|119082	1
Vir3|119137	2
Vir3|119140	1
Vir3|119148	1
Vir3|119181	1
Vir3|11928	1
Vir3|119345	1
Vir3|119380	1
Vir3|119520	1
Vir3|119591	1
Vir3|119615	1
Vir3|11965	1
Vir3|119653	1
Vir3|11966	1
Vir3|119689	1
Vir3|119711	1
Vir3|119729	1
Vir3|119741	1
Vir3|119757	1
Vir3|119789	1
Vir3|1198	1
Vir3|119831	1
Vir3|119871	1
Vir3|119900	1
Vir3|119907	1
Vir3|119937	1
Vir3|119953	1
Vir3|119968	1
Vir3|120070	1
Vir3|120123	1
Vir3|120193	1
Vir3|120230	1
Vir3|120231	1
Vir3|120596	1
Vir3|120627	1
Vir3|12063	17
Vir3|12064	12
Vir3|120699	90
Vir3|120745	1
Vir3|120750	1
Vir3|120755	1
Vir3|120796	1
Vir3|12082	1
Vir3|120856	1
Vir3|121195	2
Vir3|121291	1
Vir3|121296	1
Vir3|121364	1
Vir3|121430	1
Vir3|121432	1
Vir3|121478	1
Vir3|121527	1
Vir3|121563	1
Vir3|121575	1
Vir3|121627	1
Vir3|121713	1
Vir3|121754	1
Vir3|121825	1
Vir3|121836	1
Vir3|121846	1
Vir3|121853	2
Vir3|121866	1
Vir3|121870	44
Vir3|121979	1
Vir3|122000	1
Vir3|122001	1
Vir3|122010	1
Vir3|122057	1
Vir3|122076	1
Vir3|122091	1
Vir3|122103	1
Vir3|122165	1
Vir3|122197	1
Vir3|122302	1
Vir3|122305	1
Vir3|12235	1
Vir3|122368	1
Vir3|12243	1
Vir3|122453	1
Vir3|122463	1
Vir3|122513	1
Vir3|122530	101
Vir3|122550	1
Vir3|122559	1
Vir3|122601	1
Vir3|12261	1
Vir3|122728	1
Vir3|122775	1
Vir3|12279	1
Vir3|122804	1
Vir3|12282	1
Vir3|122851	1
Vir3|122882	1
Vir3|12295	1
Vir3|122952	41
Vir3|122969	1
Vir3|122976	1
Vir3|122984	1
Vir3|123024	1
Vir3|123048	1
Vir3|123089	1
Vir3|123121	1
Vir3|123125	1
Vir3|123136	1
Vir3|123158	1
Vir3|123237	1
Vir3|123292	1
Vir3|123349	1
Vir3|123385	1
Vir3|123402	2
Vir3|123421	1
Vir3|123427	1
Vir3|12348	1
Vir3|123517	116
Vir3|123600	1
Vir3|123604	1
Vir3|123634	1
Vir3|12370	1
Vir3|123802	1
Vir3|123826	1
Vir3|123865	1
Vir3|124005	1
Vir3|12401	1
Vir3|124038	1
Vir3|124079	1
Vir3|124118	119
Vir3|124197	1
Vir3|124227	1
Vir3|124260	1
Vir3|124264	1
Vir3|124334	1
Vir3|124431	1
Vir3|124494	1
Vir3|124545	1
Vir3|124556	1
Vir3|124563	1
Vir3|124568	1
Vir3|124581	1
Vir3|124584	1
Vir3|124649	1
Vir3|124682	1
Vir3|124710	1
Vir3|124756	1
Vir3|124807	1
Vir3|124808	2
Vir3|124840	1
Vir3|124859	1
Vir3|124922	1
Vir3|124930	1
Vir3|124944	1
Vir3|124973	1
Vir3|124992	1
Vir3|125064	1
Vir3|125101	1
Vir3|125105	2
Vir3|125126	1
Vir3|125199	1
Vir3|125345	2
Vir3|125368	1
Vir3|125411	1
Vir3|125414	1
Vir3|125415	1
Vir3|125421	1
Vir3|12550	1
Vir3|125555	1
Vir3|125583	1
Vir3|125584	1
Vir3|125696	1
Vir3|125741	1
Vir3|125770	1
Vir3|125865	1
Vir3|125913	1
Vir3|125997	1
Vir3|126012	1
Vir3|126122	1
Vir3|126249	1
Vir3|12627	1
Vir3|126278	1
Vir3|126280	1
Vir3|126283	2
Vir3|126303	1
Vir3|126323	1
Vir3|126377	1
Vir3|126430	1
Vir3|12646	1
Vir3|126466	1
Vir3|126505	1
Vir3|126519	1
Vir3|126537	1
Vir3|126551	63
Vir3|126572	2
Vir3|126616	3
Vir3|126657	1
Vir3|126664	1
Vir3|126675	1
Vir3|126697	1
Vir3|126710	1
Vir3|126746	1
Vir3|12678	1
Vir3|126782	1
Vir3|126804	1
Vir3|126854	1
Vir3|126887	1
Vir3|126996	2
Vir3|12704	1
Vir3|127044	1
Vir3|127055	1
Vir3|127061	1
Vir3|127166	1
Vir3|127190	1
Vir3|1272	1
Vir3|127208	1
Vir3|127221	1
Vir3|127265	1
Vir3|127282	1
Vir3|127287	1
Vir3|127319	1
Vir3|127321	1
Vir3|127338	1
Vir3|127387	1
Vir3|127388	1
Vir3|127394	1
Vir3|127410	1
Vir3|127438	1
Vir3|127534	1
Vir3|127585	1
Vir3|127591	1
Vir3|127618	1
Vir3|127622	1
Vir3|127749	1
Vir3|127772	1
Vir3|127780	1
Vir3|127789	1
Vir3|12782	1
Vir3|127853	1
Vir3|12786	1
Vir3|127907	201
Vir3|127914	1
Vir3|127944	1
Vir3|127954	1
Vir3|127961	1
Vir3|128018	1
Vir3|128068	1
Vir3|128095	1
Vir3|128101	1
Vir3|128106	1
Vir3|128135	1
Vir3|12814	1
Vir3|128143	1
Vir3|128198	1
Vir3|12857	1
Vir3|12872	1
Vir3|13065	1
Vir3|13068	71
Vir3|13108	1
Vir3|1313	1
Vir3|13187	15
Vir3|13188	19
Vir3|13191	1
Vir3|13216	1
Vir3|1323	1
Vir3|13251	1
Vir3|13343	1
Vir3|13371	1
Vir3|1341	1
Vir3|13434	1
Vir3|13667	1
Vir3|13692	1
Vir3|13757	1
Vir3|13794	1
Vir3|13795	1
Vir3|13807	1
Vir3|1384	1
Vir3|14094	1
Vir3|14155	3
Vir3|14180	1
Vir3|14200	1
Vir3|14273	1
Vir3|14288	1
Vir3|14464	1
Vir3|14496	1
Vir3|14503	1
Vir3|14518	1
Vir3|14530	1
Vir3|14534	1
Vir3|14620	1
Vir3|14665	1
Vir3|1468	1
Vir3|1469	1
Vir3|14806	1
Vir3|1481	1
Vir3|14843	1
Vir3|14847	1
Vir3|15060	1
Vir3|15124	1
Vir3|1517	1
Vir3|15171	1
Vir3|15180	1
Vir3|15202	1
Vir3|15238	1
Vir3|15252	1
Vir3|15322	1
Vir3|15326	1
Vir3|15376	1
Vir3|15490	1
Vir3|15544	1
Vir3|1570	1
Vir3|15739	1
Vir3|15783	1
Vir3|15797	1
Vir3|15803	1
Vir3|15833	1
Vir3|15835	1
Vir3|15848	1
Vir3|15934	2
Vir3|15981	1
Vir3|16020	1
Vir3|16058	1
Vir3|16132	1
Vir3|16142	1
Vir3|16174	1
Vir3|16186	1
Vir3|16224	1
Vir3|16231	1
Vir3|16236	1
Vir3|16244	1
Vir3|16263	1
Vir3|16324	1
Vir3|16325	1
Vir3|16332	1
Vir3|16422	1
Vir3|16453	41
Vir3|16501	1
Vir3|16550	1
Vir3|16643	1
Vir3|1665	1
Vir3|16689	1
Vir3|16766	1
Vir3|16814	1
Vir3|16978	1
Vir3|16989	1
Vir3|17008	1
Vir3|17133	1
Vir3|17184	1
Vir3|17226	1
Vir3|17251	1
Vir3|17284	1
Vir3|17296	1
Vir3|17475	1
Vir3|17479	1
Vir3|17483	1
Vir3|17502	1
Vir3|17584	1
Vir3|17685	1
Vir3|17708	2
Vir3|17719	1
Vir3|1778	1
Vir3|17909	1
Vir3|17957	1
Vir3|17990	1
Vir3|18134	1
Vir3|18165	1
Vir3|18167	1
Vir3|18203	2
Vir3|18215	1
Vir3|18450	1
Vir3|1846	1
Vir3|18465	1
Vir3|18517	1
Vir3|18561	1
Vir3|18642	1
Vir3|18673	1
Vir3|18702	1
Vir3|18703	1
Vir3|18719	1
Vir3|18779	1
Vir3|1898	1
Vir3|19094	1
Vir3|1911	2
Vir3|19155	1
Vir3|19239	1
Vir3|19260	1
Vir3|19281	1
Vir3|19323	1
Vir3|19340	1
Vir3|19381	1
Vir3|19409	1
Vir3|19411	1
Vir3|19413	1
Vir3|19426	72
Vir3|19427	75
Vir3|19452	1
Vir3|19488	1
Vir3|19503	1
Vir3|19506	1
Vir3|19572	1
Vir3|19573	1
Vir3|19650	1
Vir3|19660	1
Vir3|19721	1
Vir3|1974	1
Vir3|19811	1
Vir3|19814	10
Vir3|19815	6
Vir3|19840	1
Vir3|19877	1
Vir3|19887	1
Vir3|20088	1
Vir3|20129	1
Vir3|20153	2
Vir3|20267	1
Vir3|20277	1
Vir3|20295	1
Vir3|203	1
Vir3|20319	1
Vir3|20347	1
Vir3|20379	1
Vir3|20387	1
Vir3|20487	55
Vir3|20488	47
Vir3|20512	1
Vir3|20522	2
Vir3|20622	1
Vir3|20742	1
Vir3|20747	1
Vir3|20763	1
Vir3|20844	1
Vir3|20851	1
Vir3|20880	1
Vir3|20883	1
Vir3|20927	1
Vir3|20936	1
Vir3|2095	1
Vir3|21090	1
Vir3|21099	1
Vir3|21105	1
Vir3|21364	1
Vir3|21401	1
Vir3|21467	1
Vir3|21681	2
Vir3|21691	6
Vir3|21692	9
Vir3|21744	1
Vir3|21800	1
Vir3|21810	1
Vir3|21949	1
Vir3|22000	1
Vir3|22038	1
Vir3|22050	1
Vir3|22079	1
Vir3|22080	1
Vir3|22133	1
Vir3|22158	1
Vir3|22216	1
Vir3|22383	1
Vir3|22385	1
Vir3|22428	1
Vir3|22443	1
Vir3|22539	1
Vir3|22565	1
Vir3|226	2
Vir3|22613	1
Vir3|22614	2
Vir3|227	3
Vir3|22782	1
Vir3|229	1
Vir3|22913	1
Vir3|22914	1
Vir3|22932	1
Vir3|23110	1
Vir3|23131	1
Vir3|23199	1
Vir3|23231	1
Vir3|2324	1
Vir3|23303	1
Vir3|23338	1
Vir3|23362	1
Vir3|23363	1
Vir3|23403	1
Vir3|23461	1
Vir3|23468	1
Vir3|23520	1
Vir3|23561	1
Vir3|23580	1
Vir3|23603	1
Vir3|23637	1
Vir3|23705	1
Vir3|23817	1
Vir3|23875	1
Vir3|2405	1
Vir3|24079	1
Vir3|24120	1
Vir3|24143	1
Vir3|24187	52
Vir3|24188	51
Vir3|24326	1
Vir3|24330	1
Vir3|24393	3
Vir3|24422	1
Vir3|24438	1
Vir3|24457	1
Vir3|24505	1
Vir3|24551	1
Vir3|2456	1
Vir3|24604	1
Vir3|24634	1
Vir3|2470	1
Vir3|24725	1
Vir3|24774	1
Vir3|2478	1
Vir3|24820	1
Vir3|24842	1
Vir3|24856	1
Vir3|24872	1
Vir3|24903	1
Vir3|24938	1
Vir3|2494	1
Vir3|24966	1
Vir3|24973	1
Vir3|24974	1
Vir3|25073	1
Vir3|25074	1
Vir3|25163	1
Vir3|25190	1
Vir3|2521	1
Vir3|25210	1
Vir3|25219	1
Vir3|25258	1
Vir3|25292	1
Vir3|25293	1
Vir3|2530	1
Vir3|25317	1
Vir3|2534	1
Vir3|25349	1
Vir3|25363	1
Vir3|25379	1
Vir3|25389	1
Vir3|25451	1
Vir3|25463	1
Vir3|25464	1
Vir3|2552	1
Vir3|25523	1
Vir3|2553	1
Vir3|25576	1
Vir3|25723	1
Vir3|2583	1
Vir3|25836	1
Vir3|25980	1
Vir3|260	1
Vir3|26029	1
Vir3|26089	1
Vir3|26117	1
Vir3|26167	1
Vir3|26205	1
Vir3|26265	1
Vir3|26320	8
Vir3|26321	9
Vir3|26633	1
Vir3|2665	1
Vir3|26712	1
Vir3|26811	1
Vir3|26818	1
Vir3|26821	1
Vir3|26874	1
Vir3|26893	1
Vir3|2694	1
Vir3|27072	1
Vir3|2708	1
Vir3|27125	1
Vir3|27131	1
Vir3|2721	1
Vir3|27346	1
Vir3|27364	1
Vir3|2738	1
Vir3|27440	1
Vir3|27467	3
Vir3|27494	1
Vir3|2750	1
Vir3|27505	1
Vir3|27546	1
Vir3|27569	1
Vir3|27574	1
Vir3|27613	1
Vir3|27625	1
Vir3|27671	1
Vir3|27723	1
Vir3|27796	1
Vir3|27798	1
Vir3|2788	1
Vir3|27916	1
Vir3|2798	1
Vir3|27996	1
Vir3|28002	1
Vir3|28008	2
Vir3|28010	1
Vir3|28011	2
Vir3|28018	1
Vir3|28038	3
Vir3|28049	1
Vir3|28054	1
Vir3|28056	1
Vir3|28086	2
Vir3|28095	1
Vir3|28096	1
Vir3|28097	1
Vir3|28105	2
Vir3|28113	1
Vir3|28116	1
Vir3|28117	2
Vir3|28119	2
Vir3|28122	1
Vir3|28124	2
Vir3|28128	1
Vir3|28143	1
Vir3|28151	2
Vir3|28162	3
Vir3|28168	4
Vir3|28178	1
Vir3|28179	1
Vir3|28184	2
Vir3|28189	1
Vir3|28202	2
Vir3|28204	1
Vir3|28207	1
Vir3|28215	2
Vir3|28217	2
Vir3|28224	1
Vir3|28233	2
Vir3|28234	1
Vir3|28237	1
Vir3|28241	2
Vir3|28242	1
Vir3|28243	2
Vir3|28244	1
Vir3|28247	1
Vir3|28257	1
Vir3|28267	1
Vir3|28279	1
Vir3|28282	2
Vir3|28283	1
Vir3|28284	1
Vir3|28307	1
Vir3|28359	1
Vir3|28372	1
Vir3|28373	2
Vir3|2839	1
Vir3|28396	2
Vir3|28397	2
Vir3|28415	1
Vir3|28417	1
Vir3|2842	2
Vir3|28461	2
Vir3|28466	1
Vir3|28528	1
Vir3|28529	4
Vir3|28530	4
Vir3|28537	1
Vir3|28564	1
Vir3|28574	8
Vir3|28575	17
Vir3|28611	3
Vir3|28618	3
Vir3|28619	4
Vir3|28638	1
Vir3|28673	2
Vir3|28674	1
Vir3|28677	1
Vir3|28701	1
Vir3|28723	1
Vir3|28770	5
Vir3|28771	3
Vir3|28783	1
Vir3|28785	1
Vir3|28829	1
Vir3|28864	1
Vir3|28866	1
Vir3|2887	1
Vir3|28893	1
Vir3|28897	1
Vir3|28898	2
Vir3|28899	1
Vir3|28911	3
Vir3|28912	1
Vir3|28917	1
Vir3|28918	1
Vir3|28924	1
Vir3|28927	1
Vir3|28945	3
Vir3|29002	1
Vir3|29005	1
Vir3|29012	1
Vir3|29018	1
Vir3|29051	2
Vir3|29073	2
Vir3|29085	1
Vir3|29089	2
Vir3|29092	1
Vir3|29101	6
Vir3|29102	6
Vir3|29106	2
Vir3|29107	4
Vir3|29116	2
Vir3|29117	3
Vir3|29124	1
Vir3|2914	1
Vir3|29147	1
Vir3|29148	1
Vir3|29163	403
Vir3|29164	334
Vir3|29168	1
Vir3|29183	1
Vir3|29209	1
Vir3|29216	1
Vir3|29225	1
Vir3|29231	2
Vir3|29232	2
Vir3|29295	1
Vir3|29336	1
Vir3|29355	1
Vir3|29358	1
Vir3|29433	1
Vir3|29437	1
Vir3|29444	1
Vir3|29447	2
Vir3|29448	4
Vir3|29450	1
Vir3|29461	2
Vir3|29464	1
Vir3|29490	2
Vir3|29500	3
Vir3|29501	2
Vir3|29524	1
Vir3|29525	1
Vir3|29526	4
Vir3|2954	1
Vir3|29550	1
Vir3|29554	1
Vir3|29580	2
Vir3|29593	1
Vir3|29611	1
Vir3|29612	2
Vir3|29651	2
Vir3|29676	3
Vir3|29701	4
Vir3|29702	1
Vir3|29714	7
Vir3|29715	2
Vir3|29787	2
Vir3|2982	1
Vir3|29863	1
Vir3|29912	1
Vir3|29927	1
Vir3|29933	1
Vir3|29975	1
Vir3|29986	1
Vir3|30004	10
Vir3|30005	18
Vir3|30013	1
Vir3|30027	1
Vir3|30170	1
Vir3|30241	2
Vir3|30385	1
Vir3|30392	1
Vir3|30441	2
Vir3|30556	1
Vir3|30606	1
Vir3|30654	1
Vir3|30662	1
Vir3|30741	1
Vir3|30746	1
Vir3|30816	1
Vir3|30946	1
Vir3|30978	1
Vir3|30996	73
Vir3|31070	1
Vir3|31191	1
Vir3|31211	1
Vir3|3128	1
Vir3|31284	1
Vir3|31286	1
Vir3|31294	1
Vir3|31309	1
Vir3|31365	1
Vir3|31370	1
Vir3|31372	1
Vir3|3138	1
Vir3|31395	1
Vir3|31506	1
Vir3|31523	1
Vir3|31573	1
Vir3|31602	1
Vir3|31658	21
Vir3|31659	18
Vir3|31670	1
Vir3|31680	1
Vir3|31699	1
Vir3|31786	1
Vir3|31842	44
Vir3|31843	45
Vir3|31934	1
Vir3|32028	1
Vir3|32068	1
Vir3|32084	1
Vir3|32173	1
Vir3|32257	1
Vir3|32259	1
Vir3|32355	1
Vir3|32371	1
Vir3|32435	1
Vir3|32578	1
Vir3|32588	1
Vir3|32597	1
Vir3|32615	1
Vir3|32623	1
Vir3|32628	1
Vir3|32673	1
Vir3|32675	1
Vir3|32762	1
Vir3|3277	2
Vir3|32804	1
Vir3|3282	1
Vir3|33000	1
Vir3|3307	1
Vir3|33092	1
Vir3|33098	1
Vir3|33126	1
Vir3|33152	1
Vir3|33154	1
Vir3|3320	1
Vir3|33229	1
Vir3|33256	1
Vir3|33288	1
Vir3|33322	1
Vir3|33338	1
Vir3|33366	11
Vir3|33412	2
Vir3|33413	1
Vir3|33437	1
Vir3|3349	1
Vir3|33652	1
Vir3|33683	1
Vir3|33761	1
Vir3|33763	1
Vir3|33784	1
Vir3|3386	1
Vir3|33932	1
Vir3|33981	1
Vir3|33982	2
Vir3|33988	1
Vir3|33991	1
Vir3|34029	1
Vir3|34046	1
Vir3|34081	1
Vir3|34110	1
Vir3|34147	1
Vir3|34212	1
Vir3|34298	1
Vir3|3431	1
Vir3|34375	1
Vir3|34416	1
Vir3|34417	1
Vir3|34430	1
Vir3|34579	1
Vir3|34611	1
Vir3|34638	1
Vir3|347	1
Vir3|34740	1
Vir3|34811	1
Vir3|35010	1
Vir3|35135	1
Vir3|35210	1
Vir3|35230	1
Vir3|35241	1
Vir3|35321	1
Vir3|35329	1
Vir3|35361	1
Vir3|35401	1
Vir3|35474	1
Vir3|35499	1
Vir3|35500	1
Vir3|35518	1
Vir3|35539	1
Vir3|3557	1
Vir3|35598	1
Vir3|35614	1
Vir3|35629	1
Vir3|35653	1
Vir3|35726	1
Vir3|35781	37
Vir3|35782	37
Vir3|35865	14
Vir3|35866	13
Vir3|35885	1
Vir3|3591	1
Vir3|35972	1
Vir3|36205	1
Vir3|36208	1
Vir3|36369	1
Vir3|36398	1
Vir3|36399	1
Vir3|36422	1
Vir3|36520	1
Vir3|36579	1
Vir3|36580	1
Vir3|36692	1
Vir3|36778	2
Vir3|36782	1
Vir3|3681	1
Vir3|3685	1
Vir3|36857	1
Vir3|36890	1
Vir3|36932	1
Vir3|36944	1
Vir3|37017	2
Vir3|37410	1
Vir3|37430	1
Vir3|37481	1
Vir3|37484	2
Vir3|37557	1
Vir3|37607	1
Vir3|3761	1
Vir3|37643	1
Vir3|37709	1
Vir3|37758	1
Vir3|37796	1
Vir3|37819	1
Vir3|37877	1
Vir3|37886	1
Vir3|37887	1
Vir3|37940	1
Vir3|37973	1
Vir3|37974	1
Vir3|37975	1
Vir3|37997	1
Vir3|38022	1
Vir3|38055	1
Vir3|38065	1
Vir3|3815	1
Vir3|38174	1
Vir3|38218	1
Vir3|38279	1
Vir3|38333	1
Vir3|38388	2
Vir3|38397	1
Vir3|38401	1
Vir3|38515	1
Vir3|38526	1
Vir3|388	1
Vir3|38965	1
Vir3|39013	1
Vir3|39023	1
Vir3|3904	2
Vir3|39048	1
Vir3|39057	1
Vir3|39081	1
Vir3|39149	1
Vir3|39153	1
Vir3|39208	1
Vir3|39246	1
Vir3|3927	3
Vir3|39271	1
Vir3|39281	1
Vir3|39287	1
Vir3|39331	2
Vir3|39385	1
Vir3|3942	2
Vir3|39489	1
Vir3|39632	10
Vir3|39633	3
Vir3|3964	54
Vir3|3965	49
Vir3|39695	1
Vir3|39759	3
Vir3|39824	1
Vir3|40048	1
Vir3|40057	1
Vir3|40073	20
Vir3|40074	13
Vir3|40082	1
Vir3|40119	1
Vir3|40285	2
Vir3|40286	1
Vir3|40307	1
Vir3|40338	1
Vir3|40407	1
Vir3|40482	1
Vir3|40492	1
Vir3|40524	1
Vir3|40534	1
Vir3|40599	1
Vir3|40660	2
Vir3|40683	1
Vir3|40808	1
Vir3|40892	1
Vir3|4095	1
Vir3|40954	1
Vir3|4096	1
Vir3|40987	1
Vir3|41069	1
Vir3|41089	1
Vir3|41133	1
Vir3|41194	1
Vir3|4126	1
Vir3|41310	1
Vir3|41369	1
Vir3|41393	1
Vir3|41447	1
Vir3|41452	1
Vir3|41482	1
Vir3|41512	3
Vir3|41513	2
Vir3|41566	1
Vir3|41587	1
Vir3|41617	1
Vir3|41634	1
Vir3|41723	1
Vir3|41783	1
Vir3|41790	1
Vir3|41854	2
Vir3|41898	1
Vir3|41920	1
Vir3|41928	1
Vir3|41983	1
Vir3|42000	1
Vir3|42010	1
Vir3|42018	1
Vir3|42045	1
Vir3|42176	1
Vir3|42179	1
Vir3|42312	1
Vir3|42351	1
Vir3|42390	1
Vir3|42436	1
Vir3|42453	1
Vir3|42515	1
Vir3|42559	1
Vir3|42704	1
Vir3|42770	1
Vir3|42851	1
Vir3|42862	1
Vir3|42874	1
Vir3|42946	1
Vir3|4304	2
Vir3|4305	6
Vir3|43077	1
Vir3|43168	1
Vir3|43169	1
Vir3|43198	1
Vir3|43308	1
Vir3|43330	1
Vir3|43384	1
Vir3|43438	1
Vir3|43485	1
Vir3|43617	1
Vir3|4364	1
Vir3|43690	1
Vir3|43734	1
Vir3|43757	1
Vir3|43767	1
Vir3|43777	1
Vir3|43802	1
Vir3|43843	1
Vir3|43847	1
Vir3|43896	1
Vir3|43939	1
Vir3|43955	1
Vir3|44003	1
Vir3|44032	1
Vir3|44080	1
Vir3|4409	1
Vir3|44155	1
Vir3|44165	1
Vir3|44189	1
Vir3|44546	1
Vir3|44626	1
Vir3|44718	1
Vir3|44785	1
Vir3|44803	1
Vir3|44813	1
Vir3|44868	47
Vir3|44869	46
Vir3|44892	1
Vir3|44991	1
Vir3|45076	1
Vir3|45171	1
Vir3|45178	1
Vir3|45205	1
Vir3|45277	1
Vir3|45389	1
Vir3|45432	1
Vir3|45434	1
Vir3|4549	1
Vir3|45491	1
Vir3|4555	1
Vir3|4557	1
Vir3|45570	1
Vir3|45621	1
Vir3|45627	1
Vir3|45646	1
Vir3|45663	1
Vir3|45677	1
Vir3|45712	1
Vir3|45735	1
Vir3|45789	1
Vir3|45800	1
Vir3|45822	1
Vir3|4594	1
Vir3|45958	1
Vir3|45959	1
Vir3|45984	1
Vir3|46085	1
Vir3|46091	2
Vir3|46103	1
Vir3|46104	1
Vir3|46105	1
Vir3|46134	1
Vir3|46139	1
Vir3|46450	1
Vir3|46735	1
Vir3|46787	1
Vir3|469	1
Vir3|46934	1
Vir3|46935	1
Vir3|47034	1
Vir3|47040	2
Vir3|47198	1
Vir3|47324	1
Vir3|47444	1
Vir3|47478	1
Vir3|47481	2
Vir3|47482	1
Vir3|47483	1
Vir3|47485	2
Vir3|47486	1
Vir3|47488	1
Vir3|47489	1
Vir3|47490	1
Vir3|47504	3
Vir3|47508	1
Vir3|47510	1
Vir3|47511	1
Vir3|47558	1
Vir3|47563	1
Vir3|47665	1
Vir3|47676	1
Vir3|47690	1
Vir3|4776	1
Vir3|47963	1
Vir3|48002	1
Vir3|48003	1
Vir3|48053	1
Vir3|48089	1
Vir3|48159	1
Vir3|48188	1
Vir3|48210	2
Vir3|48259	1
Vir3|48262	1
Vir3|48277	1
Vir3|48325	1
Vir3|48380	1
Vir3|48435	1
Vir3|48493	1
Vir3|48516	1
Vir3|48553	1
Vir3|48569	1
Vir3|48591	1
Vir3|48661	1
Vir3|48717	1
Vir3|4872	1
Vir3|48748	1
Vir3|48815	1
Vir3|48933	83
Vir3|4905	1
Vir3|49108	1
Vir3|49145	1
Vir3|49164	1
Vir3|49198	1
Vir3|49213	1
Vir3|49430	1
Vir3|49471	1
Vir3|49476	1
Vir3|49603	1
Vir3|49792	1
Vir3|49803	1
Vir3|49939	1
Vir3|49950	1
Vir3|50021	1
Vir3|50128	1
Vir3|50237	1
Vir3|5029	1
Vir3|50312	1
Vir3|50329	1
Vir3|50393	3
Vir3|50456	1
Vir3|505	1
Vir3|50524	1
Vir3|50835	1
Vir3|50848	1
Vir3|50871	1
Vir3|50872	1
Vir3|50902	1
Vir3|50915	1
Vir3|50916	1
Vir3|50960	1
Vir3|51081	1
Vir3|51082	1
Vir3|51110	1
Vir3|51116	3
Vir3|51236	1
Vir3|51416	1
Vir3|515	1
Vir3|51556	1
Vir3|51699	1
Vir3|51735	1
Vir3|51779	1
Vir3|51784	1
Vir3|51826	1
Vir3|51847	1
Vir3|51889	1
Vir3|51930	1
Vir3|52033	1
Vir3|52034	1
Vir3|52035	1
Vir3|52078	1
Vir3|52086	1
Vir3|52110	3
Vir3|52114	1
Vir3|52128	18
Vir3|52137	2
Vir3|52176	1
Vir3|52200	1
Vir3|5223	1
Vir3|52265	1
Vir3|52267	1
Vir3|52292	3
Vir3|52293	1
Vir3|52299	1
Vir3|52313	1
Vir3|52331	9
Vir3|52332	4
Vir3|52334	1
Vir3|52369	1
Vir3|52370	1
Vir3|52379	1
Vir3|52402	1
Vir3|52431	1
Vir3|52451	34
Vir3|52452	19
Vir3|52482	2
Vir3|52505	1
Vir3|52540	1
Vir3|52544	1
Vir3|52547	1
Vir3|52624	1
Vir3|52626	1
Vir3|52771	1
Vir3|52809	1
Vir3|52824	1
Vir3|5302	1
Vir3|53036	1
Vir3|5308	1
Vir3|53080	1
Vir3|53094	1
Vir3|53113	1
Vir3|53206	1
Vir3|53255	1
Vir3|53292	18
Vir3|53294	2
Vir3|53318	1
Vir3|53320	1
Vir3|53387	1
Vir3|53485	1
Vir3|5355	47
Vir3|5356	55
Vir3|53598	1
Vir3|5364	1
Vir3|53693	1
Vir3|5379	1
Vir3|53908	1
Vir3|53929	1
Vir3|53993	1
Vir3|54008	1
Vir3|54043	1
Vir3|54050	1
Vir3|54100	1
Vir3|54134	1
Vir3|54154	1
Vir3|5416	1
Vir3|54182	1
Vir3|54192	1
Vir3|54224	1
Vir3|54277	2
Vir3|545	1
Vir3|54501	1
Vir3|54570	1
Vir3|54576	1
Vir3|54604	1
Vir3|54605	1
Vir3|54721	1
Vir3|54746	13
Vir3|54747	10
Vir3|54762	1
Vir3|54803	1
Vir3|54835	1
Vir3|54847	1
Vir3|54851	1
Vir3|54915	1
Vir3|5501	1
Vir3|55093	1
Vir3|55182	1
Vir3|5525	1
Vir3|55292	1
Vir3|55305	1
Vir3|55330	1
Vir3|55519	1
Vir3|55541	1
Vir3|55586	1
Vir3|55607	1
Vir3|55631	1
Vir3|5573	1
Vir3|55732	1
Vir3|55875	1
Vir3|55884	1
Vir3|55934	1
Vir3|55938	1
Vir3|55949	1
Vir3|56007	1
Vir3|56088	1
Vir3|56221	1
Vir3|56302	1
Vir3|56360	1
Vir3|56547	1
Vir3|5655	1
Vir3|56557	1
Vir3|56562	1
Vir3|56604	1
Vir3|56692	1
Vir3|56715	1
Vir3|56863	1
Vir3|56869	1
Vir3|56976	1
Vir3|57024	1
Vir3|57123	1
Vir3|57134	1
Vir3|57156	1
Vir3|57202	1
Vir3|57205	1
Vir3|57276	1
Vir3|57298	1
Vir3|57333	1
Vir3|57395	1
Vir3|57455	1
Vir3|57479	1
Vir3|57520	1
Vir3|57526	1
Vir3|57541	1
Vir3|57579	1
Vir3|5758	2
Vir3|57683	1
Vir3|57684	2
Vir3|57704	2
Vir3|57705	1
Vir3|57768	1
Vir3|57797	1
Vir3|57801	1
Vir3|57871	2
Vir3|57970	1
Vir3|580	1
Vir3|58013	1
Vir3|5802	3
Vir3|58038	1
Vir3|58064	1
Vir3|58134	1
Vir3|58185	14
Vir3|58186	14
Vir3|58198	1
Vir3|58291	1
Vir3|58322	1
Vir3|58327	1
Vir3|58345	1
Vir3|58363	1
Vir3|58449	1
Vir3|58456	1
Vir3|58517	1
Vir3|58518	1
Vir3|58563	1
Vir3|58662	1
Vir3|587	1
Vir3|58710	1
Vir3|58734	1
Vir3|58742	1
Vir3|58935	1
Vir3|5905	1
Vir3|59068	1
Vir3|59117	1
Vir3|59191	1
Vir3|592	1
Vir3|59222	1
Vir3|59232	1
Vir3|59328	1
Vir3|59343	1
Vir3|59349	1
Vir3|59391	1
Vir3|59477	1
Vir3|59602	1
Vir3|59646	1
Vir3|59829	1
Vir3|59906	1
Vir3|59972	1
Vir3|59981	1
Vir3|59986	1
Vir3|60007	1
Vir3|60096	1
Vir3|60098	1
Vir3|60103	1
Vir3|60113	1
Vir3|60123	1
Vir3|60125	1
Vir3|602	1
Vir3|60234	1
Vir3|60236	1
Vir3|60268	1
Vir3|60484	1
Vir3|60534	1
Vir3|6054	1
Vir3|60622	1
Vir3|60644	1
Vir3|60861	1
Vir3|60896	1
Vir3|60931	1
Vir3|61	1
Vir3|61022	1
Vir3|61042	1
Vir3|61057	1
Vir3|61130	1
Vir3|6124	1
Vir3|61277	1
Vir3|61340	1
Vir3|61366	1
Vir3|61367	1
Vir3|61368	1
Vir3|61447	1
Vir3|61463	1
Vir3|61510	1
Vir3|61546	1
Vir3|61554	1
Vir3|61565	1
Vir3|61620	1
Vir3|61628	1
Vir3|61742	1
Vir3|61781	1
Vir3|61790	1
Vir3|6183	1
Vir3|61881	1
Vir3|61888	1
Vir3|61936	1
Vir3|61953	1
Vir3|62008	1
Vir3|6202	1
Vir3|62026	1
Vir3|62039	1
Vir3|62113	1
Vir3|62115	1
Vir3|62215	1
Vir3|62253	1
Vir3|62569	63
Vir3|62711	1
Vir3|62922	1
Vir3|63	1
Vir3|63009	1
Vir3|63156	1
Vir3|63183	1
Vir3|63303	1
Vir3|6335	1
Vir3|63456	1
Vir3|63458	1
Vir3|63513	1
Vir3|6374	1
Vir3|63790	1
Vir3|63839	1
Vir3|6387	1
Vir3|63913	1
Vir3|63920	1
Vir3|64000	1
Vir3|64008	1
Vir3|64019	1
Vir3|64036	1
Vir3|64057	1
Vir3|64062	1
Vir3|64077	1
Vir3|64136	1
Vir3|64155	1
Vir3|64181	1
Vir3|64213	1
Vir3|64236	1
Vir3|64249	1
Vir3|64309	1
Vir3|64346	1
Vir3|64362	1
Vir3|64395	1
Vir3|64454	1
Vir3|64532	1
Vir3|64607	1
Vir3|64667	1
Vir3|64694	1
Vir3|6471	1
Vir3|64739	1
Vir3|64773	1
Vir3|64793	1
Vir3|64812	1
Vir3|64886	1
Vir3|64887	1
Vir3|649	1
Vir3|64911	19
Vir3|64925	1
Vir3|65000	2
Vir3|65049	1
Vir3|65053	1
Vir3|65118	1
Vir3|65176	1
Vir3|65207	1
Vir3|65248	1
Vir3|6525	2
Vir3|65288	1
Vir3|65314	1
Vir3|65380	1
Vir3|65384	1
Vir3|65418	1
Vir3|6555	1
Vir3|6560	1
Vir3|65602	1
Vir3|65633	1
Vir3|65651	1
Vir3|65655	1
Vir3|65690	1
Vir3|6571	1
Vir3|65711	1
Vir3|65733	1
Vir3|65744	1
Vir3|65791	1
Vir3|65816	1
Vir3|65832	1
Vir3|65853	1
Vir3|65857	1
Vir3|65875	1
Vir3|65927	1
Vir3|65931	1
Vir3|66085	1
Vir3|66090	1
Vir3|66094	1
Vir3|66153	1
Vir3|6618	1
Vir3|66208	1
Vir3|66217	1
Vir3|66361	1
Vir3|66382	1
Vir3|66487	1
Vir3|66624	1
Vir3|66638	1
Vir3|66717	1
Vir3|66856	2
Vir3|66857	1
Vir3|6690	1
Vir3|6691	1
Vir3|66911	1
Vir3|66921	1
Vir3|66960	1
Vir3|66967	1
Vir3|67073	1
Vir3|67083	38
Vir3|67084	49
Vir3|67130	18
Vir3|67131	25
Vir3|67142	1
Vir3|67204	1
Vir3|67210	1
Vir3|67236	1
Vir3|67267	1
Vir3|67292	1
Vir3|67347	1
Vir3|6737	1
Vir3|67395	1
Vir3|67437	1
Vir3|67443	1
Vir3|67487	1
Vir3|67679	1
Vir3|67739	2
Vir3|67784	1
Vir3|67820	1
Vir3|67927	1
Vir3|6800	1
Vir3|68045	1
Vir3|68085	1
Vir3|68100	1
Vir3|68144	1
Vir3|68266	1
Vir3|68269	1
Vir3|68288	1
Vir3|68309	1
Vir3|68310	1
Vir3|6832	1
Vir3|6833	2
Vir3|68346	1
Vir3|68461	1
Vir3|68479	1
Vir3|68637	1
Vir3|68655	1
Vir3|68683	1
Vir3|6875	1
Vir3|68828	1
Vir3|68845	1
Vir3|68889	1
Vir3|68926	1
Vir3|68948	1
Vir3|68951	1
Vir3|68971	1
Vir3|68984	1
Vir3|68997	1
Vir3|69040	1
Vir3|69051	1
Vir3|69100	1
Vir3|69181	1
Vir3|69182	1
Vir3|69186	1
Vir3|69226	1
Vir3|69232	1
Vir3|69241	1
Vir3|69309	1
Vir3|69315	1
Vir3|69356	1
Vir3|69363	1
Vir3|69384	1
Vir3|69402	1
Vir3|69530	1
Vir3|69565	1
Vir3|69603	1
Vir3|69629	1
Vir3|69634	1
Vir3|69640	1
Vir3|6967	1
Vir3|69774	1
Vir3|69827	1
Vir3|69845	1
Vir3|69869	1
Vir3|6994	1
Vir3|70067	1
Vir3|70073	1
Vir3|70109	1
Vir3|70153	1
Vir3|70199	1
Vir3|70225	1
Vir3|70296	1
Vir3|70321	1
Vir3|70402	1
Vir3|70408	1
Vir3|70578	1
Vir3|70628	1
Vir3|7066	1
Vir3|70718	1
Vir3|70792	1
Vir3|70899	2
Vir3|70912	1
Vir3|70915	1
Vir3|70927	1
Vir3|70955	1
Vir3|70980	1
Vir3|71056	1
Vir3|71091	1
Vir3|71184	1
Vir3|71232	1
Vir3|71303	1
Vir3|71340	1
Vir3|71425	1
Vir3|71452	1
Vir3|71909	1
Vir3|71948	1
Vir3|72072	1
Vir3|72096	1
Vir3|7210	1
Vir3|72132	1
Vir3|72138	1
Vir3|72146	1
Vir3|7218	1
Vir3|722	1
Vir3|72218	1
Vir3|72220	1
Vir3|72276	1
Vir3|72450	1
Vir3|72481	1
Vir3|72493	1
Vir3|72517	1
Vir3|72591	1
Vir3|72619	1
Vir3|72731	1
Vir3|7280	1
Vir3|72857	1
Vir3|72869	1
Vir3|72893	1
Vir3|73041	1
Vir3|73080	1
Vir3|73157	2
Vir3|73184	1
Vir3|73197	67
Vir3|73198	70
Vir3|73255	2
Vir3|73258	1
Vir3|7328	1
Vir3|73329	1
Vir3|73357	1
Vir3|73399	1
Vir3|73423	1
Vir3|7363	2
Vir3|73631	1
Vir3|7371	1
Vir3|73749	1
Vir3|7375	1
Vir3|73868	1
Vir3|73896	1
Vir3|73912	1
Vir3|7393	1
Vir3|73932	1
Vir3|73951	1
Vir3|73974	1
Vir3|74013	1
Vir3|74039	1
Vir3|74090	1
Vir3|74183	1
Vir3|74242	1
Vir3|74399	1
Vir3|74412	1
Vir3|74435	1
Vir3|74503	2
Vir3|74510	1
Vir3|74608	1
Vir3|74625	1
Vir3|74636	1
Vir3|74642	1
Vir3|74644	1
Vir3|74680	1
Vir3|74697	1
Vir3|74699	1
Vir3|74730	1
Vir3|74737	1
Vir3|74896	1
Vir3|74920	1
Vir3|75033	1
Vir3|75131	1
Vir3|75244	1
Vir3|75431	1
Vir3|75483	1
Vir3|75491	1
Vir3|75495	1
Vir3|7550	1
Vir3|75538	1
Vir3|7566	1
Vir3|75740	1
Vir3|75769	1
Vir3|75787	1
Vir3|75790	1
Vir3|7584	1
Vir3|75857	1
Vir3|75928	1
Vir3|76042	1
Vir3|76045	1
Vir3|76106	1
Vir3|76133	1
Vir3|76246	1
Vir3|76299	2
Vir3|7631	1
Vir3|76387	1
Vir3|76434	1
Vir3|7657	1
Vir3|76591	1
Vir3|76615	1
Vir3|76736	1
Vir3|76757	1
Vir3|76889	1
Vir3|76895	1
Vir3|769	1
Vir3|77011	1
Vir3|77045	1
Vir3|77057	1
Vir3|77069	1
Vir3|77177	1
Vir3|77233	2
Vir3|77264	1
Vir3|7729	1
Vir3|77347	1
Vir3|77491	1
Vir3|77519	1
Vir3|77520	1
Vir3|77538	1
Vir3|77688	1
Vir3|777	1
Vir3|77850	1
Vir3|77851	1
Vir3|78034	1
Vir3|78055	1
Vir3|7806	1
Vir3|78098	1
Vir3|78235	1
Vir3|78264	1
Vir3|78326	1
Vir3|78351	1
Vir3|78442	1
Vir3|78481	1
Vir3|78523	1
Vir3|78579	1
Vir3|78586	1
Vir3|78659	1
Vir3|78754	1
Vir3|78760	1
Vir3|78803	1
Vir3|78838	1
Vir3|78840	1
Vir3|78863	1
Vir3|78873	2
Vir3|78880	1
Vir3|78885	1
Vir3|7893	1
Vir3|78940	2
Vir3|79160	1
Vir3|79287	1
Vir3|79420	1
Vir3|79436	1
Vir3|7946	1
Vir3|7947	1
Vir3|79497	1
Vir3|7951	1
Vir3|79662	1
Vir3|79793	1
Vir3|79823	2
Vir3|79891	1
Vir3|79893	1
Vir3|79993	1
Vir3|80059	1
Vir3|80170	1
Vir3|8035	1
Vir3|8039	1
Vir3|80396	1
Vir3|80419	1
Vir3|80487	1
Vir3|80536	1
Vir3|80618	1
Vir3|80635	39
Vir3|80678	1
Vir3|80685	1
Vir3|80686	1
Vir3|80697	1
Vir3|80713	1
Vir3|80732	1
Vir3|80865	1
Vir3|80936	1
Vir3|80946	1
Vir3|81118	1
Vir3|81124	69
Vir3|81128	1
Vir3|81136	1
Vir3|81188	6
Vir3|81203	1
Vir3|81206	1
Vir3|81212	2
Vir3|81279	1
Vir3|81385	1
Vir3|81409	1
Vir3|81432	124
Vir3|81440	1
Vir3|81595	1
Vir3|81631	1
Vir3|81633	1
Vir3|81650	1
Vir3|81684	1
Vir3|81701	1
Vir3|81746	2
Vir3|81794	1
Vir3|81828	1
Vir3|81896	1
Vir3|81922	1
Vir3|81933	1
Vir3|81970	1
Vir3|82014	1
Vir3|82024	1
Vir3|82050	1
Vir3|82058	1
Vir3|82332	1
Vir3|82407	1
Vir3|8263	1
Vir3|82631	1
Vir3|8266	38
Vir3|8267	14
Vir3|82809	1
Vir3|82837	1
Vir3|82875	1
Vir3|82900	1
Vir3|82995	1
Vir3|83028	61
Vir3|83057	1
Vir3|83060	1
Vir3|83073	1
Vir3|83187	1
Vir3|83190	1
Vir3|83210	1
Vir3|83235	1
Vir3|83237	1
Vir3|83271	1
Vir3|83328	1
Vir3|8335	1
Vir3|83386	65
Vir3|83399	1
Vir3|83429	1
Vir3|83453	1
Vir3|83499	1
Vir3|83502	1
Vir3|83523	1
Vir3|83525	1
Vir3|83699	1
Vir3|8380	1
Vir3|83868	1
Vir3|83927	1
Vir3|84006	1
Vir3|84024	1
Vir3|84031	1
Vir3|84074	1
Vir3|84148	1
Vir3|84173	1
Vir3|84207	1
Vir3|84249	1
Vir3|84270	1
Vir3|84384	1
Vir3|84435	1
Vir3|84456	1
Vir3|84459	1
Vir3|84484	1
Vir3|84522	55
Vir3|84599	1
Vir3|84607	1
Vir3|84613	1
Vir3|84626	134
Vir3|84740	1
Vir3|84754	122
Vir3|84787	1
Vir3|84799	1
Vir3|84829	1
Vir3|84878	1
Vir3|85014	1
Vir3|8506	1
Vir3|85062	1
Vir3|85251	1
Vir3|85300	1
Vir3|85424	1
Vir3|85454	1
Vir3|85615	1
Vir3|85659	1
Vir3|85687	1
Vir3|85811	1
Vir3|85841	1
Vir3|85898	1
Vir3|85925	1
Vir3|85989	1
Vir3|86065	1
Vir3|86078	1
Vir3|86147	1
Vir3|86204	1
Vir3|86285	1
Vir3|8630	1
Vir3|86367	2
Vir3|86369	1
Vir3|86373	1
Vir3|86382	1
Vir3|86434	1
Vir3|86528	1
Vir3|86541	1
Vir3|86555	1
Vir3|86588	1
Vir3|86687	28
Vir3|86935	1
Vir3|86974	1
Vir3|86989	1
Vir3|87007	65
Vir3|87011	1
Vir3|87049	1
Vir3|87131	1
Vir3|87239	1
Vir3|87322	1
Vir3|87324	1
Vir3|87386	1
Vir3|87398	1
Vir3|87453	1
Vir3|87458	1
Vir3|87459	1
Vir3|87560	1
Vir3|87582	1
Vir3|87583	1
Vir3|87587	1
Vir3|87632	1
Vir3|87725	1
Vir3|87793	1
Vir3|87798	1
Vir3|8787	1
Vir3|87906	1
Vir3|87926	1
Vir3|87938	1
Vir3|88041	1
Vir3|88057	1
Vir3|88112	1
Vir3|88160	1
Vir3|88170	1
Vir3|88191	1
Vir3|88346	1
Vir3|88403	1
Vir3|88410	1
Vir3|88449	2
Vir3|88464	1
Vir3|88482	1
Vir3|88536	2
Vir3|88546	1
Vir3|88585	1
Vir3|88651	1
Vir3|88738	1
Vir3|88761	1
Vir3|88794	63
Vir3|88855	1
Vir3|88884	1
Vir3|8891	1
Vir3|88956	1
Vir3|89004	1
Vir3|89025	1
Vir3|89072	1
Vir3|89074	1
Vir3|89088	1
Vir3|89133	1
Vir3|8918	1
Vir3|89298	1
Vir3|89337	1
Vir3|89390	1
Vir3|89426	1
Vir3|89438	1
Vir3|89488	1
Vir3|89492	1
Vir3|8961	1
Vir3|89624	1
Vir3|89635	1
Vir3|89667	1
Vir3|89748	1
Vir3|89765	1
Vir3|89853	1
Vir3|89863	1
Vir3|89937	1
Vir3|9000	1
Vir3|90040	1
Vir3|90048	1
Vir3|90058	1
Vir3|90069	1
Vir3|90074	1
Vir3|90093	1
Vir3|90108	1
Vir3|90112	1
Vir3|90147	1
Vir3|90177	2
Vir3|90211	1
Vir3|90236	1
Vir3|90298	1
Vir3|90324	1
Vir3|90333	1
Vir3|90396	1
Vir3|90402	1
Vir3|90406	1
Vir3|90498	1
Vir3|90627	2
Vir3|90658	1
Vir3|90675	1
Vir3|90712	1
Vir3|90725	1
Vir3|9074	1
Vir3|90899	1
Vir3|90929	1
Vir3|90942	1
Vir3|91086	1
Vir3|91108	1
Vir3|91178	1
Vir3|91180	1
Vir3|91182	1
Vir3|91280	1
Vir3|91338	1
Vir3|91646	1
Vir3|91678	1
Vir3|91684	1
Vir3|91689	1
Vir3|91690	1
Vir3|91739	1
Vir3|91790	1
Vir3|91799	1
Vir3|91809	1
Vir3|91838	1
Vir3|91869	1
Vir3|91944	1
Vir3|91998	1
Vir3|92020	1
Vir3|92075	81
Vir3|92173	1
Vir3|92180	1
Vir3|92192	1
Vir3|92307	1
Vir3|92482	1
Vir3|92554	1
Vir3|92628	1
Vir3|92692	1
Vir3|92801	1
Vir3|92817	1
Vir3|92841	1
Vir3|92867	1
Vir3|929	1
Vir3|92947	1
Vir3|92959	1
Vir3|93010	1
Vir3|93059	1
Vir3|93108	1
Vir3|93175	1
Vir3|93228	1
Vir3|93245	1
Vir3|93335	1
Vir3|93344	1
Vir3|93350	1
Vir3|93357	1
Vir3|93368	1
Vir3|9338	1
Vir3|93389	1
Vir3|93463	1
Vir3|93577	1
Vir3|93588	1
Vir3|93620	1
Vir3|93726	1
Vir3|93748	1
Vir3|9381	1
Vir3|93846	1
Vir3|93862	1
Vir3|93935	1
Vir3|9396	1
Vir3|93970	1
Vir3|93997	1
Vir3|94048	1
Vir3|94065	1
Vir3|94105	1
Vir3|94225	1
Vir3|94266	1
Vir3|94551	1
Vir3|94592	1
Vir3|94652	1
Vir3|94662	1
Vir3|94682	1
Vir3|94763	1
Vir3|94766	1
Vir3|9484	1
Vir3|94903	1
Vir3|94912	1
Vir3|94974	1
Vir3|94984	1
Vir3|95084	1
Vir3|95272	1
Vir3|95294	1
Vir3|95330	1
Vir3|95365	1
Vir3|95373	1
Vir3|95378	1
Vir3|95422	1
Vir3|95435	1
Vir3|95475	1
Vir3|95505	1
Vir3|95508	1
Vir3|95529	1
Vir3|95650	1
Vir3|95695	2
Vir3|95878	1
Vir3|95953	1
Vir3|96003	1
Vir3|96074	1
Vir3|9616	1
Vir3|9627	1
Vir3|9708	1
Vir3|9741	1
Vir3|9850	1
Vir3|9857	1
Vir3|9930	1
Vir3|9958	1
