CoV|BCA25643.133.BC1	28058
CoV|BCA25643.133.BC2	29620
CoV|BCA25643.134.BC1	34513
CoV|BCA25643.134.BC2	30604
CoV|BCA25651.11.BC1	3461
CoV|BCA25651.11.BC2	4043
CoV|BCA25651.12.BC1	14380
CoV|BCA25651.12.BC2	29137
CoV|BCA25653.40.BC1	13252
CoV|BCA25653.40.BC2	9216
CoV|BCA25653.41.BC1	2132
CoV|BCA25653.41.BC2	4796
CoV|H9EJ24.0.BC1	11566
CoV|H9EJ24.0.BC2	19910
CoV|H9EJ24.1.BC1	64655
CoV|H9EJ24.1.BC2	42111
CoV|H9EJ24.2.BC1	33433
CoV|H9EJ24.2.BC2	33690
CoV|H9EJ24.3.BC1	26088
CoV|H9EJ24.3.BC2	23252
CoV|H9EJ24.4.BC1	15495
CoV|H9EJ24.4.BC2	9203
CoV|H9EJ24.5.BC1	8390
CoV|H9EJ24.5.BC2	10505
CoV|H9EJ24.6.BC1	18642
CoV|H9EJ24.6.BC2	16880
CoV|H9EJ24.7.BC1	9870
CoV|H9EJ24.7.BC2	12763
CoV|H9EJ42.0.BC1	20193
CoV|H9EJ42.0.BC2	16505
CoV|H9EJ42.1.BC1	19284
CoV|H9EJ42.1.BC2	16278
CoV|H9EJ42.10.BC1	26193
CoV|H9EJ42.10.BC2	12335
CoV|H9EJ42.100.BC1	8709
CoV|H9EJ42.100.BC2	15599
CoV|H9EJ42.101.BC1	8982
CoV|H9EJ42.101.BC2	6156
CoV|H9EJ42.102.BC1	29844
CoV|H9EJ42.102.BC2	33835
CoV|H9EJ42.103.BC1	21653
CoV|H9EJ42.103.BC2	38098
CoV|H9EJ42.104.BC1	24248
CoV|H9EJ42.104.BC2	37285
CoV|H9EJ42.105.BC1	22255
CoV|H9EJ42.105.BC2	31496
CoV|H9EJ42.106.BC1	16207
CoV|H9EJ42.106.BC2	18032
CoV|H9EJ42.107.BC1	5342
CoV|H9EJ42.107.BC2	7179
CoV|H9EJ42.108.BC1	15138
CoV|H9EJ42.108.BC2	16592
CoV|H9EJ42.109.BC1	7156
CoV|H9EJ42.109.BC2	17831
CoV|H9EJ42.11.BC1	15043
CoV|H9EJ42.11.BC2	13685
CoV|H9EJ42.110.BC1	23702
CoV|H9EJ42.110.BC2	21202
CoV|H9EJ42.111.BC1	14043
CoV|H9EJ42.111.BC2	23599
CoV|H9EJ42.112.BC1	28227
CoV|H9EJ42.112.BC2	23295
CoV|H9EJ42.113.BC1	16451
CoV|H9EJ42.113.BC2	19542
CoV|H9EJ42.114.BC1	9399
CoV|H9EJ42.114.BC2	11273
CoV|H9EJ42.115.BC1	11178
CoV|H9EJ42.115.BC2	18388
CoV|H9EJ42.116.BC1	17901
CoV|H9EJ42.116.BC2	13354
CoV|H9EJ42.117.BC1	29294
CoV|H9EJ42.117.BC2	3122
CoV|H9EJ42.118.BC1	59349
CoV|H9EJ42.118.BC2	49407
CoV|H9EJ42.119.BC1	50133
CoV|H9EJ42.119.BC2	41661
CoV|H9EJ42.12.BC1	32105
CoV|H9EJ42.12.BC2	13582
CoV|H9EJ42.120.BC1	18716
CoV|H9EJ42.120.BC2	26104
CoV|H9EJ42.121.BC1	19956
CoV|H9EJ42.121.BC2	22917
CoV|H9EJ42.122.BC1	25768
CoV|H9EJ42.122.BC2	10387
CoV|H9EJ42.123.BC1	23172
CoV|H9EJ42.123.BC2	22053
CoV|H9EJ42.124.BC1	13786
CoV|H9EJ42.124.BC2	11668
CoV|H9EJ42.125.BC1	23673
CoV|H9EJ42.125.BC2	13354
CoV|H9EJ42.126.BC1	25977
CoV|H9EJ42.126.BC2	8220
CoV|H9EJ42.127.BC1	25937
CoV|H9EJ42.127.BC2	10386
CoV|H9EJ42.128.BC1	35974
CoV|H9EJ42.128.BC2	21212
CoV|H9EJ42.129.BC1	51394
CoV|H9EJ42.129.BC2	34413
CoV|H9EJ42.13.BC1	12867
CoV|H9EJ42.13.BC2	29048
CoV|H9EJ42.130.BC1	26357
CoV|H9EJ42.130.BC2	25138
CoV|H9EJ42.131.BC1	24238
CoV|H9EJ42.131.BC2	27189
CoV|H9EJ42.132.BC1	46404
CoV|H9EJ42.132.BC2	46463
CoV|H9EJ42.133.BC1	20356
CoV|H9EJ42.133.BC2	5966
CoV|H9EJ42.134.BC1	42914
CoV|H9EJ42.134.BC2	62859
CoV|H9EJ42.135.BC1	18404
CoV|H9EJ42.135.BC2	21234
CoV|H9EJ42.136.BC1	15760
CoV|H9EJ42.136.BC2	24535
CoV|H9EJ42.137.BC1	11711
CoV|H9EJ42.137.BC2	8358
CoV|H9EJ42.138.BC1	15806
CoV|H9EJ42.138.BC2	11037
CoV|H9EJ42.139.BC1	14239
CoV|H9EJ42.139.BC2	13564
CoV|H9EJ42.14.BC1	38806
CoV|H9EJ42.14.BC2	48644
CoV|H9EJ42.140.BC1	23023
CoV|H9EJ42.140.BC2	27430
CoV|H9EJ42.141.BC1	16459
CoV|H9EJ42.141.BC2	16822
CoV|H9EJ42.142.BC1	9816
CoV|H9EJ42.142.BC2	14024
CoV|H9EJ42.143.BC1	36039
CoV|H9EJ42.143.BC2	32045
CoV|H9EJ42.144.BC1	37067
CoV|H9EJ42.144.BC2	24991
CoV|H9EJ42.145.BC1	12281
CoV|H9EJ42.145.BC2	15232
CoV|H9EJ42.146.BC1	22259
CoV|H9EJ42.146.BC2	23280
CoV|H9EJ42.147.BC1	30388
CoV|H9EJ42.147.BC2	12563
CoV|H9EJ42.148.BC1	21122
CoV|H9EJ42.148.BC2	9970
CoV|H9EJ42.149.BC1	6404
CoV|H9EJ42.149.BC2	24658
CoV|H9EJ42.15.BC1	53675
CoV|H9EJ42.15.BC2	24039
CoV|H9EJ42.150.BC1	10383
CoV|H9EJ42.150.BC2	6964
CoV|H9EJ42.151.BC1	15565
CoV|H9EJ42.151.BC2	13191
CoV|H9EJ42.152.BC1	12736
CoV|H9EJ42.152.BC2	20719
CoV|H9EJ42.153.BC1	7540
CoV|H9EJ42.153.BC2	21327
CoV|H9EJ42.154.BC1	33565
CoV|H9EJ42.154.BC2	18591
CoV|H9EJ42.155.BC1	13431
CoV|H9EJ42.155.BC2	14631
CoV|H9EJ42.156.BC1	10709
CoV|H9EJ42.156.BC2	13444
CoV|H9EJ42.157.BC1	13190
CoV|H9EJ42.157.BC2	26785
CoV|H9EJ42.158.BC1	897
CoV|H9EJ42.158.BC2	4829
CoV|H9EJ42.159.BC1	10436
CoV|H9EJ42.159.BC2	18079
CoV|H9EJ42.16.BC1	16078
CoV|H9EJ42.16.BC2	18171
CoV|H9EJ42.160.BC1	11306
CoV|H9EJ42.160.BC2	5252
CoV|H9EJ42.161.BC1	6791
CoV|H9EJ42.161.BC2	6062
CoV|H9EJ42.162.BC1	31734
CoV|H9EJ42.162.BC2	25335
CoV|H9EJ42.163.BC1	27989
CoV|H9EJ42.163.BC2	11638
CoV|H9EJ42.164.BC1	16046
CoV|H9EJ42.164.BC2	8868
CoV|H9EJ42.165.BC1	16612
CoV|H9EJ42.165.BC2	7650
CoV|H9EJ42.166.BC1	15176
CoV|H9EJ42.166.BC2	10277
CoV|H9EJ42.167.BC1	12531
CoV|H9EJ42.167.BC2	14596
CoV|H9EJ42.168.BC1	30113
CoV|H9EJ42.168.BC2	33853
CoV|H9EJ42.169.BC1	25925
CoV|H9EJ42.169.BC2	21215
CoV|H9EJ42.17.BC1	15853
CoV|H9EJ42.17.BC2	12406
CoV|H9EJ42.170.BC1	20855
CoV|H9EJ42.170.BC2	26802
CoV|H9EJ42.171.BC1	11264
CoV|H9EJ42.171.BC2	13649
CoV|H9EJ42.172.BC1	13080
CoV|H9EJ42.172.BC2	14242
CoV|H9EJ42.173.BC1	17995
CoV|H9EJ42.173.BC2	18785
CoV|H9EJ42.174.BC1	11982
CoV|H9EJ42.174.BC2	11174
CoV|H9EJ42.175.BC1	6862
CoV|H9EJ42.175.BC2	9009
CoV|H9EJ42.176.BC1	12842
CoV|H9EJ42.176.BC2	18264
CoV|H9EJ42.177.BC1	24405
CoV|H9EJ42.177.BC2	13388
CoV|H9EJ42.178.BC1	26753
CoV|H9EJ42.178.BC2	27216
CoV|H9EJ42.179.BC1	27711
CoV|H9EJ42.179.BC2	40825
CoV|H9EJ42.18.BC1	8620
CoV|H9EJ42.18.BC2	12160
CoV|H9EJ42.180.BC1	21370
CoV|H9EJ42.180.BC2	26063
CoV|H9EJ42.181.BC1	24614
CoV|H9EJ42.181.BC2	31225
CoV|H9EJ42.182.BC1	39021
CoV|H9EJ42.182.BC2	30498
CoV|H9EJ42.183.BC1	15084
CoV|H9EJ42.183.BC2	9422
CoV|H9EJ42.184.BC1	17485
CoV|H9EJ42.184.BC2	34036
CoV|H9EJ42.185.BC1	5490
CoV|H9EJ42.185.BC2	34673
CoV|H9EJ42.186.BC1	19890
CoV|H9EJ42.186.BC2	20440
CoV|H9EJ42.187.BC1	14892
CoV|H9EJ42.187.BC2	17588
CoV|H9EJ42.188.BC1	18042
CoV|H9EJ42.188.BC2	19223
CoV|H9EJ42.189.BC1	75306
CoV|H9EJ42.189.BC2	29413
CoV|H9EJ42.19.BC1	8817
CoV|H9EJ42.19.BC2	8326
CoV|H9EJ42.190.BC1	19362
CoV|H9EJ42.190.BC2	2503
CoV|H9EJ42.191.BC1	40250
CoV|H9EJ42.191.BC2	30347
CoV|H9EJ42.192.BC1	11493
CoV|H9EJ42.192.BC2	13725
CoV|H9EJ42.193.BC1	9019
CoV|H9EJ42.193.BC2	23235
CoV|H9EJ42.194.BC1	32801
CoV|H9EJ42.194.BC2	7254
CoV|H9EJ42.195.BC1	12910
CoV|H9EJ42.195.BC2	24778
CoV|H9EJ42.196.BC1	14260
CoV|H9EJ42.196.BC2	24751
CoV|H9EJ42.197.BC1	31437
CoV|H9EJ42.197.BC2	40442
CoV|H9EJ42.198.BC1	5640
CoV|H9EJ42.198.BC2	39331
CoV|H9EJ42.199.BC1	34636
CoV|H9EJ42.199.BC2	16241
CoV|H9EJ42.2.BC1	14154
CoV|H9EJ42.2.BC2	19922
CoV|H9EJ42.20.BC1	7051
CoV|H9EJ42.20.BC2	6702
CoV|H9EJ42.200.BC1	27311
CoV|H9EJ42.200.BC2	15543
CoV|H9EJ42.201.BC1	23377
CoV|H9EJ42.201.BC2	14070
CoV|H9EJ42.202.BC1	32038
CoV|H9EJ42.202.BC2	37321
CoV|H9EJ42.203.BC1	27930
CoV|H9EJ42.203.BC2	35290
CoV|H9EJ42.204.BC1	13141
CoV|H9EJ42.204.BC2	20175
CoV|H9EJ42.205.BC1	9261
CoV|H9EJ42.205.BC2	21007
CoV|H9EJ42.206.BC1	17103
CoV|H9EJ42.206.BC2	32157
CoV|H9EJ42.207.BC1	72219
CoV|H9EJ42.207.BC2	53583
CoV|H9EJ42.208.BC1	19482
CoV|H9EJ42.208.BC2	20202
CoV|H9EJ42.209.BC1	38489
CoV|H9EJ42.209.BC2	17277
CoV|H9EJ42.21.BC1	14194
CoV|H9EJ42.21.BC2	8396
CoV|H9EJ42.210.BC1	31651
CoV|H9EJ42.210.BC2	18314
CoV|H9EJ42.211.BC1	25070
CoV|H9EJ42.211.BC2	22540
CoV|H9EJ42.212.BC1	13531
CoV|H9EJ42.212.BC2	10579
CoV|H9EJ42.213.BC1	39892
CoV|H9EJ42.213.BC2	58581
CoV|H9EJ42.214.BC1	36578
CoV|H9EJ42.214.BC2	32587
CoV|H9EJ42.215.BC1	25199
CoV|H9EJ42.215.BC2	18369
CoV|H9EJ42.216.BC1	12042
CoV|H9EJ42.216.BC2	10035
CoV|H9EJ42.217.BC1	37338
CoV|H9EJ42.217.BC2	19083
CoV|H9EJ42.218.BC1	30350
CoV|H9EJ42.218.BC2	17256
CoV|H9EJ42.219.BC1	13886
CoV|H9EJ42.219.BC2	16202
CoV|H9EJ42.22.BC1	29771
CoV|H9EJ42.22.BC2	24030
CoV|H9EJ42.220.BC1	2449
CoV|H9EJ42.220.BC2	12114
CoV|H9EJ42.221.BC1	9904
CoV|H9EJ42.221.BC2	23372
CoV|H9EJ42.222.BC1	16604
CoV|H9EJ42.222.BC2	11182
CoV|H9EJ42.223.BC1	29608
CoV|H9EJ42.223.BC2	17816
CoV|H9EJ42.224.BC1	15440
CoV|H9EJ42.224.BC2	34231
CoV|H9EJ42.225.BC1	19056
CoV|H9EJ42.225.BC2	7622
CoV|H9EJ42.226.BC1	14255
CoV|H9EJ42.226.BC2	9089
CoV|H9EJ42.227.BC1	7292
CoV|H9EJ42.227.BC2	9757
CoV|H9EJ42.228.BC1	21331
CoV|H9EJ42.228.BC2	15080
CoV|H9EJ42.229.BC1	21367
CoV|H9EJ42.229.BC2	12927
CoV|H9EJ42.23.BC1	21015
CoV|H9EJ42.23.BC2	19680
CoV|H9EJ42.230.BC1	10177
CoV|H9EJ42.230.BC2	24517
CoV|H9EJ42.231.BC1	2714
CoV|H9EJ42.231.BC2	18927
CoV|H9EJ42.232.BC1	20499
CoV|H9EJ42.232.BC2	16270
CoV|H9EJ42.233.BC1	15380
CoV|H9EJ42.233.BC2	14548
CoV|H9EJ42.234.BC1	5118
CoV|H9EJ42.234.BC2	3141
CoV|H9EJ42.235.BC1	11509
CoV|H9EJ42.235.BC2	6515
CoV|H9EJ42.236.BC1	7460
CoV|H9EJ42.236.BC2	9595
CoV|H9EJ42.237.BC1	14594
CoV|H9EJ42.237.BC2	10095
CoV|H9EJ42.238.BC1	12562
CoV|H9EJ42.238.BC2	21429
CoV|H9EJ42.239.BC1	7519
CoV|H9EJ42.239.BC2	20174
CoV|H9EJ42.24.BC1	28757
CoV|H9EJ42.24.BC2	23204
CoV|H9EJ42.25.BC1	14184
CoV|H9EJ42.25.BC2	21702
CoV|H9EJ42.26.BC1	16512
CoV|H9EJ42.26.BC2	32012
CoV|H9EJ42.27.BC1	48023
CoV|H9EJ42.27.BC2	12740
CoV|H9EJ42.28.BC1	33312
CoV|H9EJ42.28.BC2	28072
CoV|H9EJ42.29.BC1	3465
CoV|H9EJ42.29.BC2	19257
CoV|H9EJ42.3.BC1	19996
CoV|H9EJ42.3.BC2	16092
CoV|H9EJ42.30.BC1	18327
CoV|H9EJ42.30.BC2	12547
CoV|H9EJ42.31.BC1	6818
CoV|H9EJ42.31.BC2	6004
CoV|H9EJ42.32.BC1	17599
CoV|H9EJ42.32.BC2	8204
CoV|H9EJ42.33.BC1	15603
CoV|H9EJ42.33.BC2	10686
CoV|H9EJ42.34.BC1	34953
CoV|H9EJ42.34.BC2	33514
CoV|H9EJ42.35.BC1	55127
CoV|H9EJ42.35.BC2	41868
CoV|H9EJ42.36.BC1	44000
CoV|H9EJ42.36.BC2	35722
CoV|H9EJ42.37.BC1	3804
CoV|H9EJ42.37.BC2	5345
CoV|H9EJ42.38.BC1	8241
CoV|H9EJ42.38.BC2	18696
CoV|H9EJ42.39.BC1	7232
CoV|H9EJ42.39.BC2	4179
CoV|H9EJ42.4.BC1	35375
CoV|H9EJ42.4.BC2	25826
CoV|H9EJ42.40.BC1	9218
CoV|H9EJ42.40.BC2	4195
CoV|H9EJ42.41.BC1	35780
CoV|H9EJ42.41.BC2	2059
CoV|H9EJ42.42.BC1	13569
CoV|H9EJ42.42.BC2	32006
CoV|H9EJ42.43.BC1	26332
CoV|H9EJ42.43.BC2	1249
CoV|H9EJ42.44.BC1	13084
CoV|H9EJ42.44.BC2	29570
CoV|H9EJ42.45.BC1	31671
CoV|H9EJ42.45.BC2	13918
CoV|H9EJ42.46.BC1	21806
CoV|H9EJ42.46.BC2	44621
CoV|H9EJ42.47.BC1	17157
CoV|H9EJ42.47.BC2	35129
CoV|H9EJ42.48.BC1	7328
CoV|H9EJ42.48.BC2	15431
CoV|H9EJ42.49.BC1	10207
CoV|H9EJ42.49.BC2	12682
CoV|H9EJ42.5.BC1	23563
CoV|H9EJ42.5.BC2	31060
CoV|H9EJ42.50.BC1	25582
CoV|H9EJ42.50.BC2	21327
CoV|H9EJ42.51.BC1	18775
CoV|H9EJ42.51.BC2	25858
CoV|H9EJ42.52.BC1	5826
CoV|H9EJ42.52.BC2	7437
CoV|H9EJ42.53.BC1	17607
CoV|H9EJ42.53.BC2	5446
CoV|H9EJ42.54.BC1	13063
CoV|H9EJ42.54.BC2	17014
CoV|H9EJ42.55.BC1	9242
CoV|H9EJ42.55.BC2	6802
CoV|H9EJ42.56.BC1	32843
CoV|H9EJ42.56.BC2	70347
CoV|H9EJ42.57.BC1	13954
CoV|H9EJ42.57.BC2	29676
CoV|H9EJ42.58.BC1	14402
CoV|H9EJ42.58.BC2	5729
CoV|H9EJ42.59.BC1	12454
CoV|H9EJ42.59.BC2	10888
CoV|H9EJ42.6.BC1	20645
CoV|H9EJ42.6.BC2	31340
CoV|H9EJ42.60.BC1	4025
CoV|H9EJ42.60.BC2	12544
CoV|H9EJ42.61.BC1	9641
CoV|H9EJ42.61.BC2	4219
CoV|H9EJ42.62.BC1	23274
CoV|H9EJ42.62.BC2	17933
CoV|H9EJ42.63.BC1	35361
CoV|H9EJ42.63.BC2	21297
CoV|H9EJ42.64.BC1	18806
CoV|H9EJ42.64.BC2	23653
CoV|H9EJ42.65.BC1	25726
CoV|H9EJ42.65.BC2	24261
CoV|H9EJ42.66.BC1	2555
CoV|H9EJ42.66.BC2	7400
CoV|H9EJ42.67.BC1	25346
CoV|H9EJ42.67.BC2	38822
CoV|H9EJ42.68.BC1	11322
CoV|H9EJ42.68.BC2	29492
CoV|H9EJ42.69.BC1	17096
CoV|H9EJ42.69.BC2	63409
CoV|H9EJ42.7.BC1	15527
CoV|H9EJ42.7.BC2	10139
CoV|H9EJ42.70.BC1	29381
CoV|H9EJ42.70.BC2	31523
CoV|H9EJ42.71.BC1	23795
CoV|H9EJ42.71.BC2	17231
CoV|H9EJ42.72.BC1	17640
CoV|H9EJ42.72.BC2	19804
CoV|H9EJ42.73.BC1	1369
CoV|H9EJ42.73.BC2	3031
CoV|H9EJ42.74.BC1	22075
CoV|H9EJ42.74.BC2	39084
CoV|H9EJ42.75.BC1	26808
CoV|H9EJ42.75.BC2	22122
CoV|H9EJ42.76.BC1	26448
CoV|H9EJ42.76.BC2	42704
CoV|H9EJ42.77.BC1	29129
CoV|H9EJ42.77.BC2	39481
CoV|H9EJ42.78.BC1	43519
CoV|H9EJ42.78.BC2	27982
CoV|H9EJ42.79.BC1	15933
CoV|H9EJ42.79.BC2	12565
CoV|H9EJ42.8.BC1	30042
CoV|H9EJ42.8.BC2	20599
CoV|H9EJ42.80.BC1	11663
CoV|H9EJ42.80.BC2	6596
CoV|H9EJ42.81.BC1	9525
CoV|H9EJ42.81.BC2	14289
CoV|H9EJ42.82.BC1	33480
CoV|H9EJ42.82.BC2	26317
CoV|H9EJ42.83.BC1	50041
CoV|H9EJ42.83.BC2	35093
CoV|H9EJ42.84.BC1	3201
CoV|H9EJ42.84.BC2	19850
CoV|H9EJ42.85.BC1	29358
CoV|H9EJ42.85.BC2	15420
CoV|H9EJ42.86.BC1	21562
CoV|H9EJ42.86.BC2	30427
CoV|H9EJ42.87.BC1	28523
CoV|H9EJ42.87.BC2	38051
CoV|H9EJ42.88.BC1	34217
CoV|H9EJ42.88.BC2	23105
CoV|H9EJ42.89.BC1	27642
CoV|H9EJ42.89.BC2	17745
CoV|H9EJ42.9.BC1	23425
CoV|H9EJ42.9.BC2	16243
CoV|H9EJ42.90.BC1	10526
CoV|H9EJ42.90.BC2	13536
CoV|H9EJ42.91.BC1	9409
CoV|H9EJ42.91.BC2	7570
CoV|H9EJ42.92.BC1	27143
CoV|H9EJ42.92.BC2	14036
CoV|H9EJ42.93.BC1	33758
CoV|H9EJ42.93.BC2	19007
CoV|H9EJ42.94.BC1	14324
CoV|H9EJ42.94.BC2	22269
CoV|H9EJ42.95.BC1	14019
CoV|H9EJ42.95.BC2	20351
CoV|H9EJ42.96.BC1	12487
CoV|H9EJ42.96.BC2	30097
CoV|H9EJ42.97.BC1	19553
CoV|H9EJ42.97.BC2	27584
CoV|H9EJ42.98.BC1	17510
CoV|H9EJ42.98.BC2	24545
CoV|H9EJ42.99.BC1	23202
CoV|H9EJ42.99.BC2	48835
CoV|H9EJ43.143.BC1	42922
CoV|H9EJ43.143.BC2	13446
CoV|H9EJ43.144.BC1	35563
CoV|H9EJ43.144.BC2	53593
CoV|H9EJ44.0.BC1	22470
CoV|H9EJ44.0.BC2	28547
CoV|H9EJ44.1.BC1	14193
CoV|H9EJ44.1.BC2	14198
CoV|H9EJ44.10.BC1	16300
CoV|H9EJ44.10.BC2	23951
CoV|H9EJ44.11.BC1	7437
CoV|H9EJ44.11.BC2	10952
CoV|H9EJ44.12.BC1	8881
CoV|H9EJ44.12.BC2	26296
CoV|H9EJ44.13.BC1	6740
CoV|H9EJ44.13.BC2	5163
CoV|H9EJ44.14.BC1	1657
CoV|H9EJ44.14.BC2	1449
CoV|H9EJ44.15.BC1	37809
CoV|H9EJ44.15.BC2	18856
CoV|H9EJ44.16.BC1	25675
CoV|H9EJ44.16.BC2	8554
CoV|H9EJ44.17.BC1	22221
CoV|H9EJ44.17.BC2	13839
CoV|H9EJ44.18.BC1	3347
CoV|H9EJ44.18.BC2	18469
CoV|H9EJ44.19.BC1	15187
CoV|H9EJ44.19.BC2	21953
CoV|H9EJ44.2.BC1	2149
CoV|H9EJ44.2.BC2	13895
CoV|H9EJ44.20.BC1	7123
CoV|H9EJ44.20.BC2	345
CoV|H9EJ44.21.BC1	21451
CoV|H9EJ44.21.BC2	7076
CoV|H9EJ44.22.BC1	11707
CoV|H9EJ44.22.BC2	21714
CoV|H9EJ44.23.BC1	21440
CoV|H9EJ44.23.BC2	17482
CoV|H9EJ44.24.BC1	8955
CoV|H9EJ44.24.BC2	23547
CoV|H9EJ44.25.BC1	41018
CoV|H9EJ44.25.BC2	13851
CoV|H9EJ44.26.BC1	12351
CoV|H9EJ44.26.BC2	1853
CoV|H9EJ44.27.BC1	13124
CoV|H9EJ44.27.BC2	7715
CoV|H9EJ44.28.BC1	34991
CoV|H9EJ44.28.BC2	38748
CoV|H9EJ44.29.BC1	57356
CoV|H9EJ44.29.BC2	55294
CoV|H9EJ44.3.BC1	5465
CoV|H9EJ44.3.BC2	11433
CoV|H9EJ44.30.BC1	36192
CoV|H9EJ44.30.BC2	24000
CoV|H9EJ44.31.BC1	31360
CoV|H9EJ44.31.BC2	49085
CoV|H9EJ44.32.BC1	29183
CoV|H9EJ44.32.BC2	45885
CoV|H9EJ44.33.BC1	10591
CoV|H9EJ44.33.BC2	15379
CoV|H9EJ44.34.BC1	23675
CoV|H9EJ44.34.BC2	16455
CoV|H9EJ44.35.BC1	5073
CoV|H9EJ44.35.BC2	9412
CoV|H9EJ44.36.BC1	20984
CoV|H9EJ44.36.BC2	29181
CoV|H9EJ44.37.BC1	22960
CoV|H9EJ44.37.BC2	13670
CoV|H9EJ44.38.BC1	28604
CoV|H9EJ44.38.BC2	20453
CoV|H9EJ44.39.BC1	13763
CoV|H9EJ44.39.BC2	5410
CoV|H9EJ44.4.BC1	11111
CoV|H9EJ44.4.BC2	13975
CoV|H9EJ44.40.BC1	7095
CoV|H9EJ44.40.BC2	22962
CoV|H9EJ44.41.BC1	13341
CoV|H9EJ44.41.BC2	29019
CoV|H9EJ44.42.BC1	10480
CoV|H9EJ44.42.BC2	5407
CoV|H9EJ44.43.BC1	30166
CoV|H9EJ44.43.BC2	30472
CoV|H9EJ44.44.BC1	7516
CoV|H9EJ44.44.BC2	5793
CoV|H9EJ44.45.BC1	17520
CoV|H9EJ44.45.BC2	22025
CoV|H9EJ44.46.BC1	24974
CoV|H9EJ44.46.BC2	28964
CoV|H9EJ44.47.BC1	35433
CoV|H9EJ44.47.BC2	19170
CoV|H9EJ44.5.BC1	21078
CoV|H9EJ44.5.BC2	5272
CoV|H9EJ44.6.BC1	9813
CoV|H9EJ44.6.BC2	1667
CoV|H9EJ44.7.BC1	34398
CoV|H9EJ44.7.BC2	36706
CoV|H9EJ44.8.BC1	37745
CoV|H9EJ44.8.BC2	25449
CoV|H9EJ44.9.BC1	20087
CoV|H9EJ44.9.BC2	10135
CoV|H9EJ69.0.BC1	29546
CoV|H9EJ69.0.BC2	24121
CoV|H9EJ69.1.BC1	19645
CoV|H9EJ69.1.BC2	24731
CoV|H9EJ69.10.BC1	10390
CoV|H9EJ69.10.BC2	4339
CoV|H9EJ69.11.BC1	51919
CoV|H9EJ69.11.BC2	34213
CoV|H9EJ69.12.BC1	85266
CoV|H9EJ69.12.BC2	24229
CoV|H9EJ69.2.BC1	22629
CoV|H9EJ69.2.BC2	11747
CoV|H9EJ69.3.BC1	17647
CoV|H9EJ69.3.BC2	23454
CoV|H9EJ69.4.BC1	46593
CoV|H9EJ69.4.BC2	22150
CoV|H9EJ69.5.BC1	33901
CoV|H9EJ69.5.BC2	38932
CoV|H9EJ69.6.BC1	14455
CoV|H9EJ69.6.BC2	26745
CoV|H9EJ69.7.BC1	37289
CoV|H9EJ69.7.BC2	17942
CoV|H9EJ69.8.BC1	64739
CoV|H9EJ69.8.BC2	44472
CoV|H9EJ69.9.BC1	43650
CoV|H9EJ69.9.BC2	31355
CoV|H9EJA2.0.BC1	47023
CoV|H9EJA2.0.BC2	29086
CoV|H9EJA2.1.BC1	47022
CoV|H9EJA2.1.BC2	30414
CoV|P0C5A6.0.BC1	14534
CoV|P0C5A6.0.BC2	29454
CoV|P0C5A6.1.BC1	15534
CoV|P0C5A6.1.BC2	10330
CoV|P0C5A6.2.BC1	35067
CoV|P0C5A6.2.BC2	27139
CoV|P0C5A9.0.BC1	35025
CoV|P0C5A9.0.BC2	25772
CoV|P0C5B5.0.BC1	11120
CoV|P0C5B5.0.BC2	24831
CoV|P0C5B5.1.BC1	9282
CoV|P0C5B5.1.BC2	9636
CoV|P0C5B5.2.BC1	8772
CoV|P0C5B5.2.BC2	2680
CoV|P0C5B5.3.BC1	15813
CoV|P0C5B5.3.BC2	30039
CoV|P0C5B5.4.BC1	23899
CoV|P0C5B5.4.BC2	16339
CoV|P0C5B5.5.BC1	23961
CoV|P0C5B5.5.BC2	27804
CoV|P0C5B5.6.BC1	19622
CoV|P0C5B5.6.BC2	25435
CoV|P0C6F5.0.BC1	27068
CoV|P0C6F5.0.BC2	25956
CoV|P0C6F5.1.BC1	19870
CoV|P0C6F5.1.BC2	36780
CoV|P0C6F5.100.BC1	18914
CoV|P0C6F5.100.BC2	10469
CoV|P0C6F5.101.BC1	339
CoV|P0C6F5.101.BC2	5139
CoV|P0C6F5.102.BC1	33236
CoV|P0C6F5.102.BC2	13205
CoV|P0C6F5.103.BC1	39638
CoV|P0C6F5.103.BC2	27381
CoV|P0C6F5.104.BC1	20557
CoV|P0C6F5.104.BC2	14516
CoV|P0C6F5.105.BC1	23106
CoV|P0C6F5.105.BC2	20061
CoV|P0C6F5.106.BC1	19019
CoV|P0C6F5.106.BC2	41801
CoV|P0C6F5.107.BC1	20147
CoV|P0C6F5.107.BC2	12165
CoV|P0C6F5.108.BC1	45897
CoV|P0C6F5.108.BC2	43347
CoV|P0C6F5.109.BC1	35099
CoV|P0C6F5.109.BC2	27240
CoV|P0C6F5.11.BC1	35445
CoV|P0C6F5.11.BC2	42954
CoV|P0C6F5.110.BC1	59114
CoV|P0C6F5.110.BC2	32019
CoV|P0C6F5.111.BC1	28999
CoV|P0C6F5.111.BC2	37080
CoV|P0C6F5.112.BC1	13913
CoV|P0C6F5.112.BC2	15890
CoV|P0C6F5.113.BC1	20311
CoV|P0C6F5.113.BC2	11369
CoV|P0C6F5.114.BC1	18060
CoV|P0C6F5.114.BC2	16111
CoV|P0C6F5.115.BC1	36830
CoV|P0C6F5.115.BC2	31433
CoV|P0C6F5.116.BC1	29427
CoV|P0C6F5.116.BC2	26850
CoV|P0C6F5.117.BC1	36977
CoV|P0C6F5.117.BC2	30463
CoV|P0C6F5.118.BC1	24828
CoV|P0C6F5.118.BC2	27122
CoV|P0C6F5.119.BC1	26178
CoV|P0C6F5.119.BC2	29672
CoV|P0C6F5.12.BC1	27548
CoV|P0C6F5.12.BC2	31036
CoV|P0C6F5.120.BC1	20699
CoV|P0C6F5.120.BC2	14450
CoV|P0C6F5.121.BC1	24938
CoV|P0C6F5.121.BC2	19984
CoV|P0C6F5.122.BC1	12657
CoV|P0C6F5.122.BC2	29023
CoV|P0C6F5.123.BC1	14509
CoV|P0C6F5.123.BC2	8295
CoV|P0C6F5.124.BC1	22417
CoV|P0C6F5.124.BC2	21491
CoV|P0C6F5.125.BC1	27782
CoV|P0C6F5.125.BC2	24227
CoV|P0C6F5.126.BC1	10590
CoV|P0C6F5.126.BC2	23209
CoV|P0C6F5.127.BC1	21346
CoV|P0C6F5.127.BC2	41347
CoV|P0C6F5.128.BC1	22352
CoV|P0C6F5.128.BC2	34557
CoV|P0C6F5.129.BC1	23878
CoV|P0C6F5.129.BC2	29225
CoV|P0C6F5.13.BC1	19165
CoV|P0C6F5.13.BC2	15885
CoV|P0C6F5.130.BC1	54440
CoV|P0C6F5.130.BC2	48465
CoV|P0C6F5.131.BC1	41471
CoV|P0C6F5.131.BC2	32653
CoV|P0C6F5.132.BC1	32170
CoV|P0C6F5.132.BC2	23846
CoV|P0C6F5.133.BC1	52915
CoV|P0C6F5.133.BC2	56475
CoV|P0C6F5.134.BC1	32622
CoV|P0C6F5.134.BC2	35552
CoV|P0C6F5.135.BC1	21439
CoV|P0C6F5.135.BC2	6414
CoV|P0C6F5.136.BC1	15739
CoV|P0C6F5.136.BC2	27740
CoV|P0C6F5.137.BC1	10613
CoV|P0C6F5.137.BC2	10598
CoV|P0C6F5.138.BC1	8776
CoV|P0C6F5.138.BC2	9001
CoV|P0C6F5.139.BC1	18251
CoV|P0C6F5.139.BC2	22490
CoV|P0C6F5.14.BC1	22770
CoV|P0C6F5.14.BC2	11246
CoV|P0C6F5.140.BC1	30160
CoV|P0C6F5.140.BC2	19406
CoV|P0C6F5.141.BC1	37082
CoV|P0C6F5.141.BC2	38696
CoV|P0C6F5.142.BC1	10835
CoV|P0C6F5.142.BC2	54889
CoV|P0C6F5.143.BC1	21717
CoV|P0C6F5.143.BC2	26212
CoV|P0C6F5.144.BC1	24182
CoV|P0C6F5.144.BC2	19552
CoV|P0C6F5.145.BC1	32215
CoV|P0C6F5.145.BC2	19910
CoV|P0C6F5.146.BC1	15622
CoV|P0C6F5.146.BC2	33489
CoV|P0C6F5.147.BC1	28594
CoV|P0C6F5.147.BC2	54564
CoV|P0C6F5.148.BC1	11107
CoV|P0C6F5.148.BC2	32097
CoV|P0C6F5.149.BC1	25467
CoV|P0C6F5.149.BC2	24835
CoV|P0C6F5.15.BC1	18464
CoV|P0C6F5.15.BC2	30355
CoV|P0C6F5.150.BC1	26077
CoV|P0C6F5.150.BC2	28327
CoV|P0C6F5.151.BC1	27069
CoV|P0C6F5.151.BC2	15795
CoV|P0C6F5.152.BC1	25764
CoV|P0C6F5.152.BC2	17960
CoV|P0C6F5.153.BC1	25951
CoV|P0C6F5.153.BC2	15437
CoV|P0C6F5.154.BC1	53140
CoV|P0C6F5.154.BC2	39473
CoV|P0C6F5.155.BC1	40106
CoV|P0C6F5.155.BC2	42701
CoV|P0C6F5.16.BC1	5202
CoV|P0C6F5.16.BC2	7503
CoV|P0C6F5.17.BC1	44068
CoV|P0C6F5.17.BC2	26540
CoV|P0C6F5.18.BC1	20434
CoV|P0C6F5.18.BC2	25040
CoV|P0C6F5.19.BC1	22444
CoV|P0C6F5.19.BC2	26055
CoV|P0C6F5.2.BC1	15760
CoV|P0C6F5.2.BC2	19284
CoV|P0C6F5.20.BC1	22826
CoV|P0C6F5.20.BC2	24108
CoV|P0C6F5.21.BC1	20322
CoV|P0C6F5.21.BC2	8447
CoV|P0C6F5.22.BC1	9739
CoV|P0C6F5.22.BC2	9491
CoV|P0C6F5.23.BC1	3620
CoV|P0C6F5.23.BC2	17073
CoV|P0C6F5.24.BC1	6969
CoV|P0C6F5.24.BC2	13561
CoV|P0C6F5.25.BC1	31128
CoV|P0C6F5.25.BC2	11467
CoV|P0C6F5.26.BC1	21531
CoV|P0C6F5.26.BC2	32495
CoV|P0C6F5.27.BC1	26161
CoV|P0C6F5.27.BC2	37112
CoV|P0C6F5.28.BC1	28378
CoV|P0C6F5.28.BC2	36395
CoV|P0C6F5.29.BC1	19691
CoV|P0C6F5.29.BC2	17671
CoV|P0C6F5.3.BC1	32206
CoV|P0C6F5.3.BC2	31514
CoV|P0C6F5.30.BC1	18733
CoV|P0C6F5.30.BC2	22148
CoV|P0C6F5.31.BC1	12667
CoV|P0C6F5.31.BC2	18857
CoV|P0C6F5.32.BC1	24746
CoV|P0C6F5.32.BC2	20146
CoV|P0C6F5.33.BC1	8564
CoV|P0C6F5.33.BC2	16409
CoV|P0C6F5.34.BC1	14904
CoV|P0C6F5.34.BC2	13423
CoV|P0C6F5.35.BC1	18636
CoV|P0C6F5.35.BC2	32695
CoV|P0C6F5.36.BC1	28250
CoV|P0C6F5.36.BC2	32714
CoV|P0C6F5.37.BC1	38707
CoV|P0C6F5.37.BC2	30577
CoV|P0C6F5.38.BC1	38386
CoV|P0C6F5.38.BC2	25277
CoV|P0C6F5.39.BC1	28384
CoV|P0C6F5.39.BC2	29667
CoV|P0C6F5.4.BC1	11670
CoV|P0C6F5.4.BC2	17016
CoV|P0C6F5.40.BC1	18554
CoV|P0C6F5.40.BC2	13164
CoV|P0C6F5.41.BC1	12710
CoV|P0C6F5.41.BC2	41576
CoV|P0C6F5.42.BC1	15100
CoV|P0C6F5.42.BC2	12699
CoV|P0C6F5.43.BC1	17417
CoV|P0C6F5.43.BC2	18168
CoV|P0C6F5.44.BC1	14919
CoV|P0C6F5.44.BC2	12649
CoV|P0C6F5.45.BC1	24222
CoV|P0C6F5.45.BC2	20538
CoV|P0C6F5.46.BC1	35724
CoV|P0C6F5.46.BC2	26897
CoV|P0C6F5.47.BC1	16220
CoV|P0C6F5.47.BC2	21768
CoV|P0C6F5.48.BC1	18205
CoV|P0C6F5.48.BC2	12373
CoV|P0C6F5.49.BC1	6611
CoV|P0C6F5.49.BC2	9364
CoV|P0C6F5.5.BC1	19049
CoV|P0C6F5.5.BC2	11626
CoV|P0C6F5.50.BC1	19973
CoV|P0C6F5.50.BC2	34936
CoV|P0C6F5.51.BC1	35228
CoV|P0C6F5.51.BC2	31002
CoV|P0C6F5.52.BC1	43169
CoV|P0C6F5.52.BC2	22377
CoV|P0C6F5.53.BC1	38427
CoV|P0C6F5.53.BC2	23867
CoV|P0C6F5.54.BC1	11341
CoV|P0C6F5.54.BC2	8074
CoV|P0C6F5.55.BC1	14932
CoV|P0C6F5.55.BC2	9125
CoV|P0C6F5.56.BC1	29455
CoV|P0C6F5.56.BC2	40504
CoV|P0C6F5.57.BC1	19024
CoV|P0C6F5.57.BC2	25371
CoV|P0C6F5.58.BC1	22343
CoV|P0C6F5.58.BC2	24903
CoV|P0C6F5.59.BC1	10665
CoV|P0C6F5.59.BC2	11535
CoV|P0C6F5.6.BC1	25450
CoV|P0C6F5.6.BC2	23149
CoV|P0C6F5.60.BC1	13111
CoV|P0C6F5.60.BC2	5543
CoV|P0C6F5.61.BC1	26626
CoV|P0C6F5.61.BC2	31968
CoV|P0C6F5.62.BC1	20026
CoV|P0C6F5.62.BC2	31367
CoV|P0C6F5.63.BC1	19570
CoV|P0C6F5.63.BC2	34776
CoV|P0C6F5.64.BC1	15899
CoV|P0C6F5.64.BC2	18410
CoV|P0C6F5.65.BC1	10014
CoV|P0C6F5.65.BC2	5014
CoV|P0C6F5.66.BC1	14607
CoV|P0C6F5.66.BC2	39248
CoV|P0C6F5.67.BC1	32358
CoV|P0C6F5.67.BC2	42170
CoV|P0C6F5.68.BC1	21856
CoV|P0C6F5.68.BC2	25879
CoV|P0C6F5.69.BC1	19478
CoV|P0C6F5.69.BC2	18331
CoV|P0C6F5.7.BC1	11801
CoV|P0C6F5.7.BC2	8822
CoV|P0C6F5.70.BC1	11911
CoV|P0C6F5.70.BC2	21202
CoV|P0C6F5.71.BC1	17931
CoV|P0C6F5.71.BC2	23062
CoV|P0C6F5.72.BC1	42480
CoV|P0C6F5.72.BC2	26933
CoV|P0C6F5.73.BC1	39684
CoV|P0C6F5.73.BC2	25614
CoV|P0C6F5.74.BC1	28642
CoV|P0C6F5.74.BC2	15330
CoV|P0C6F5.75.BC1	22680
CoV|P0C6F5.75.BC2	36505
CoV|P0C6F5.76.BC1	30540
CoV|P0C6F5.76.BC2	24335
CoV|P0C6F5.77.BC1	17678
CoV|P0C6F5.77.BC2	9297
CoV|P0C6F5.78.BC1	22204
CoV|P0C6F5.78.BC2	36257
CoV|P0C6F5.79.BC1	25798
CoV|P0C6F5.79.BC2	18556
CoV|P0C6F5.8.BC1	5350
CoV|P0C6F5.8.BC2	27972
CoV|P0C6F5.80.BC1	23569
CoV|P0C6F5.80.BC2	15993
CoV|P0C6F5.81.BC1	30586
CoV|P0C6F5.81.BC2	15271
CoV|P0C6F5.82.BC1	22801
CoV|P0C6F5.82.BC2	19383
CoV|P0C6F5.83.BC1	26657
CoV|P0C6F5.83.BC2	55245
CoV|P0C6F5.84.BC1	10802
CoV|P0C6F5.84.BC2	23867
CoV|P0C6F5.85.BC1	34467
CoV|P0C6F5.85.BC2	21095
CoV|P0C6F5.86.BC1	17825
CoV|P0C6F5.86.BC2	31185
CoV|P0C6F5.87.BC1	26534
CoV|P0C6F5.87.BC2	14633
CoV|P0C6F5.88.BC1	38922
CoV|P0C6F5.88.BC2	36470
CoV|P0C6F5.89.BC1	24823
CoV|P0C6F5.89.BC2	11
CoV|P0C6F5.90.BC1	25490
CoV|P0C6F5.90.BC2	34910
CoV|P0C6F5.91.BC1	16951
CoV|P0C6F5.91.BC2	33677
CoV|P0C6F5.92.BC1	10372
CoV|P0C6F5.92.BC2	16850
CoV|P0C6F5.93.BC1	27569
CoV|P0C6F5.93.BC2	32280
CoV|P0C6F5.94.BC1	25445
CoV|P0C6F5.94.BC2	30704
CoV|P0C6F5.95.BC1	30914
CoV|P0C6F5.95.BC2	25408
CoV|P0C6F5.96.BC1	18712
CoV|P0C6F5.96.BC2	30825
CoV|P0C6F5.97.BC1	31604
CoV|P0C6F5.97.BC2	23630
CoV|P0C6F5.98.BC1	19047
CoV|P0C6F5.98.BC2	20013
CoV|P0C6F5.99.BC1	34882
CoV|P0C6F5.99.BC2	36921
CoV|P0C6T7.0.BC1	32298
CoV|P0C6T7.0.BC2	9931
CoV|P0C6T7.1.BC1	33307
CoV|P0C6T7.1.BC2	32472
CoV|P0C6T7.10.BC1	32877
CoV|P0C6T7.10.BC2	24851
CoV|P0C6T7.100.BC1	12039
CoV|P0C6T7.100.BC2	17786
CoV|P0C6T7.101.BC1	18255
CoV|P0C6T7.101.BC2	15202
CoV|P0C6T7.102.BC1	16892
CoV|P0C6T7.102.BC2	1779
CoV|P0C6T7.103.BC1	53645
CoV|P0C6T7.103.BC2	18609
CoV|P0C6T7.104.BC1	33655
CoV|P0C6T7.104.BC2	37249
CoV|P0C6T7.105.BC1	21271
CoV|P0C6T7.105.BC2	41020
CoV|P0C6T7.106.BC1	36022
CoV|P0C6T7.106.BC2	15931
CoV|P0C6T7.107.BC1	27803
CoV|P0C6T7.107.BC2	18543
CoV|P0C6T7.108.BC1	12995
CoV|P0C6T7.108.BC2	18081
CoV|P0C6T7.109.BC1	36023
CoV|P0C6T7.109.BC2	33068
CoV|P0C6T7.11.BC1	22566
CoV|P0C6T7.11.BC2	36076
CoV|P0C6T7.110.BC1	47192
CoV|P0C6T7.110.BC2	26285
CoV|P0C6T7.111.BC1	12468
CoV|P0C6T7.111.BC2	11158
CoV|P0C6T7.112.BC1	13344
CoV|P0C6T7.112.BC2	5658
CoV|P0C6T7.113.BC1	20774
CoV|P0C6T7.113.BC2	14239
CoV|P0C6T7.114.BC1	10502
CoV|P0C6T7.114.BC2	19074
CoV|P0C6T7.115.BC1	10483
CoV|P0C6T7.115.BC2	9324
CoV|P0C6T7.116.BC1	1019
CoV|P0C6T7.116.BC2	5391
CoV|P0C6T7.117.BC1	13854
CoV|P0C6T7.117.BC2	32274
CoV|P0C6T7.118.BC1	14000
CoV|P0C6T7.118.BC2	38562
CoV|P0C6T7.119.BC1	22142
CoV|P0C6T7.119.BC2	21594
CoV|P0C6T7.12.BC1	19623
CoV|P0C6T7.12.BC2	39089
CoV|P0C6T7.120.BC1	33048
CoV|P0C6T7.120.BC2	20641
CoV|P0C6T7.121.BC1	27568
CoV|P0C6T7.121.BC2	31425
CoV|P0C6T7.122.BC1	17761
CoV|P0C6T7.122.BC2	19380
CoV|P0C6T7.123.BC1	14811
CoV|P0C6T7.123.BC2	17738
CoV|P0C6T7.124.BC1	26339
CoV|P0C6T7.124.BC2	28689
CoV|P0C6T7.125.BC1	28875
CoV|P0C6T7.125.BC2	9059
CoV|P0C6T7.126.BC1	19082
CoV|P0C6T7.126.BC2	17271
CoV|P0C6T7.127.BC1	16656
CoV|P0C6T7.127.BC2	11242
CoV|P0C6T7.128.BC1	13194
CoV|P0C6T7.128.BC2	42705
CoV|P0C6T7.129.BC1	17255
CoV|P0C6T7.129.BC2	14300
CoV|P0C6T7.13.BC1	17343
CoV|P0C6T7.13.BC2	9791
CoV|P0C6T7.130.BC1	45266
CoV|P0C6T7.130.BC2	24185
CoV|P0C6T7.131.BC1	18623
CoV|P0C6T7.131.BC2	15843
CoV|P0C6T7.132.BC1	28942
CoV|P0C6T7.132.BC2	43980
CoV|P0C6T7.133.BC1	52217
CoV|P0C6T7.133.BC2	48370
CoV|P0C6T7.134.BC1	3928
CoV|P0C6T7.134.BC2	22145
CoV|P0C6T7.135.BC1	18367
CoV|P0C6T7.135.BC2	17742
CoV|P0C6T7.136.BC1	49694
CoV|P0C6T7.136.BC2	5972
CoV|P0C6T7.137.BC1	11248
CoV|P0C6T7.137.BC2	18292
CoV|P0C6T7.138.BC1	7706
CoV|P0C6T7.138.BC2	26905
CoV|P0C6T7.139.BC1	41704
CoV|P0C6T7.139.BC2	53943
CoV|P0C6T7.140.BC1	9492
CoV|P0C6T7.140.BC2	45747
CoV|P0C6T7.141.BC1	38703
CoV|P0C6T7.141.BC2	8295
CoV|P0C6T7.142.BC1	33220
CoV|P0C6T7.142.BC2	15661
CoV|P0C6T7.143.BC1	31424
CoV|P0C6T7.143.BC2	9740
CoV|P0C6T7.144.BC1	20178
CoV|P0C6T7.144.BC2	13706
CoV|P0C6T7.145.BC1	22033
CoV|P0C6T7.145.BC2	21012
CoV|P0C6T7.146.BC1	49191
CoV|P0C6T7.146.BC2	36695
CoV|P0C6T7.147.BC1	52766
CoV|P0C6T7.147.BC2	57735
CoV|P0C6T7.148.BC1	52547
CoV|P0C6T7.148.BC2	27478
CoV|P0C6T7.149.BC1	33594
CoV|P0C6T7.149.BC2	22968
CoV|P0C6T7.15.BC1	6037
CoV|P0C6T7.15.BC2	9116
CoV|P0C6T7.150.BC1	4113
CoV|P0C6T7.150.BC2	17966
CoV|P0C6T7.151.BC1	16265
CoV|P0C6T7.151.BC2	9109
CoV|P0C6T7.152.BC1	21427
CoV|P0C6T7.152.BC2	22133
CoV|P0C6T7.153.BC1	29083
CoV|P0C6T7.153.BC2	10645
CoV|P0C6T7.154.BC1	49456
CoV|P0C6T7.154.BC2	20224
CoV|P0C6T7.155.BC1	44922
CoV|P0C6T7.155.BC2	33355
CoV|P0C6T7.16.BC1	5470
CoV|P0C6T7.16.BC2	10256
CoV|P0C6T7.17.BC1	41045
CoV|P0C6T7.17.BC2	23868
CoV|P0C6T7.18.BC1	28258
CoV|P0C6T7.18.BC2	23522
CoV|P0C6T7.19.BC1	19531
CoV|P0C6T7.19.BC2	23092
CoV|P0C6T7.2.BC1	32773
CoV|P0C6T7.2.BC2	38648
CoV|P0C6T7.20.BC1	8992
CoV|P0C6T7.20.BC2	24399
CoV|P0C6T7.21.BC1	13616
CoV|P0C6T7.21.BC2	30984
CoV|P0C6T7.22.BC1	6781
CoV|P0C6T7.22.BC2	5834
CoV|P0C6T7.23.BC1	7249
CoV|P0C6T7.23.BC2	7040
CoV|P0C6T7.24.BC1	7285
CoV|P0C6T7.24.BC2	8892
CoV|P0C6T7.26.BC1	48765
CoV|P0C6T7.26.BC2	29106
CoV|P0C6T7.27.BC1	31386
CoV|P0C6T7.27.BC2	36103
CoV|P0C6T7.28.BC1	21371
CoV|P0C6T7.28.BC2	23398
CoV|P0C6T7.29.BC1	21416
CoV|P0C6T7.29.BC2	21305
CoV|P0C6T7.3.BC1	30599
CoV|P0C6T7.3.BC2	29926
CoV|P0C6T7.31.BC1	7062
CoV|P0C6T7.31.BC2	12792
CoV|P0C6T7.32.BC1	15095
CoV|P0C6T7.32.BC2	12145
CoV|P0C6T7.33.BC1	23645
CoV|P0C6T7.33.BC2	15881
CoV|P0C6T7.34.BC1	38213
CoV|P0C6T7.34.BC2	15878
CoV|P0C6T7.35.BC1	32182
CoV|P0C6T7.35.BC2	43970
CoV|P0C6T7.36.BC1	38215
CoV|P0C6T7.36.BC2	15272
CoV|P0C6T7.37.BC1	25140
CoV|P0C6T7.37.BC2	35593
CoV|P0C6T7.38.BC1	24286
CoV|P0C6T7.38.BC2	30968
CoV|P0C6T7.39.BC1	12957
CoV|P0C6T7.39.BC2	36734
CoV|P0C6T7.40.BC1	8563
CoV|P0C6T7.40.BC2	13964
CoV|P0C6T7.41.BC1	18749
CoV|P0C6T7.41.BC2	41950
CoV|P0C6T7.42.BC1	13560
CoV|P0C6T7.42.BC2	34064
CoV|P0C6T7.43.BC1	15105
CoV|P0C6T7.43.BC2	11948
CoV|P0C6T7.44.BC1	28096
CoV|P0C6T7.44.BC2	18726
CoV|P0C6T7.45.BC1	29005
CoV|P0C6T7.45.BC2	29958
CoV|P0C6T7.46.BC1	23237
CoV|P0C6T7.46.BC2	24494
CoV|P0C6T7.47.BC1	31489
CoV|P0C6T7.47.BC2	40279
CoV|P0C6T7.48.BC1	4508
CoV|P0C6T7.48.BC2	11707
CoV|P0C6T7.49.BC1	17537
CoV|P0C6T7.49.BC2	21479
CoV|P0C6T7.5.BC1	48139
CoV|P0C6T7.5.BC2	17265
CoV|P0C6T7.50.BC1	40557
CoV|P0C6T7.50.BC2	49371
CoV|P0C6T7.51.BC1	25096
CoV|P0C6T7.51.BC2	26845
CoV|P0C6T7.52.BC1	29679
CoV|P0C6T7.52.BC2	16006
CoV|P0C6T7.53.BC1	23799
CoV|P0C6T7.53.BC2	13931
CoV|P0C6T7.54.BC1	18094
CoV|P0C6T7.54.BC2	34771
CoV|P0C6T7.55.BC1	22768
CoV|P0C6T7.55.BC2	46669
CoV|P0C6T7.56.BC1	42181
CoV|P0C6T7.56.BC2	51988
CoV|P0C6T7.57.BC1	11941
CoV|P0C6T7.57.BC2	24567
CoV|P0C6T7.58.BC1	21708
CoV|P0C6T7.58.BC2	20645
CoV|P0C6T7.59.BC1	12109
CoV|P0C6T7.59.BC2	5965
CoV|P0C6T7.6.BC1	24777
CoV|P0C6T7.6.BC2	7285
CoV|P0C6T7.60.BC1	23206
CoV|P0C6T7.60.BC2	12810
CoV|P0C6T7.61.BC1	18701
CoV|P0C6T7.61.BC2	13629
CoV|P0C6T7.62.BC1	25220
CoV|P0C6T7.62.BC2	13458
CoV|P0C6T7.63.BC1	6822
CoV|P0C6T7.63.BC2	19429
CoV|P0C6T7.64.BC1	24603
CoV|P0C6T7.64.BC2	14807
CoV|P0C6T7.65.BC1	35403
CoV|P0C6T7.65.BC2	26977
CoV|P0C6T7.66.BC1	11957
CoV|P0C6T7.66.BC2	11941
CoV|P0C6T7.67.BC1	43449
CoV|P0C6T7.67.BC2	25073
CoV|P0C6T7.68.BC1	26785
CoV|P0C6T7.68.BC2	30872
CoV|P0C6T7.69.BC1	24902
CoV|P0C6T7.69.BC2	24786
CoV|P0C6T7.7.BC1	3586
CoV|P0C6T7.7.BC2	18818
CoV|P0C6T7.70.BC1	25328
CoV|P0C6T7.70.BC2	49756
CoV|P0C6T7.71.BC1	31195
CoV|P0C6T7.71.BC2	26954
CoV|P0C6T7.72.BC1	32113
CoV|P0C6T7.72.BC2	28129
CoV|P0C6T7.73.BC1	25986
CoV|P0C6T7.73.BC2	35295
CoV|P0C6T7.74.BC1	25432
CoV|P0C6T7.74.BC2	24334
CoV|P0C6T7.75.BC1	41705
CoV|P0C6T7.75.BC2	27280
CoV|P0C6T7.76.BC1	20757
CoV|P0C6T7.76.BC2	23464
CoV|P0C6T7.77.BC1	4954
CoV|P0C6T7.77.BC2	12950
CoV|P0C6T7.78.BC1	24698
CoV|P0C6T7.78.BC2	9487
CoV|P0C6T7.79.BC1	7937
CoV|P0C6T7.79.BC2	16923
CoV|P0C6T7.8.BC1	20239
CoV|P0C6T7.8.BC2	9739
CoV|P0C6T7.80.BC1	11540
CoV|P0C6T7.80.BC2	11162
CoV|P0C6T7.81.BC1	14722
CoV|P0C6T7.81.BC2	21291
CoV|P0C6T7.82.BC1	22358
CoV|P0C6T7.82.BC2	29814
CoV|P0C6T7.83.BC1	11014
CoV|P0C6T7.83.BC2	28061
CoV|P0C6T7.84.BC1	18366
CoV|P0C6T7.84.BC2	10715
CoV|P0C6T7.85.BC1	21383
CoV|P0C6T7.85.BC2	33763
CoV|P0C6T7.86.BC1	35904
CoV|P0C6T7.86.BC2	22052
CoV|P0C6T7.87.BC1	40848
CoV|P0C6T7.87.BC2	41318
CoV|P0C6T7.88.BC1	25826
CoV|P0C6T7.88.BC2	19330
CoV|P0C6T7.89.BC1	15433
CoV|P0C6T7.89.BC2	59703
CoV|P0C6T7.90.BC1	7960
CoV|P0C6T7.90.BC2	42626
CoV|P0C6T7.91.BC1	21492
CoV|P0C6T7.91.BC2	8162
CoV|P0C6T7.92.BC1	16521
CoV|P0C6T7.92.BC2	20612
CoV|P0C6T7.93.BC1	35708
CoV|P0C6T7.93.BC2	30287
CoV|P0C6T7.94.BC1	60667
CoV|P0C6T7.94.BC2	62969
CoV|P0C6T7.95.BC1	18927
CoV|P0C6T7.95.BC2	20762
CoV|P0C6T7.96.BC1	17228
CoV|P0C6T7.96.BC2	12232
CoV|P0C6T7.97.BC1	39203
CoV|P0C6T7.97.BC2	51818
CoV|P0C6T7.98.BC1	24638
CoV|P0C6T7.98.BC2	20326
CoV|P0C6T7.99.BC1	30114
CoV|P0C6T7.99.BC2	27338
CoV|P0C6U2.0.BC1	43238
CoV|P0C6U2.0.BC2	38762
CoV|P0C6U2.1.BC1	27836
CoV|P0C6U2.1.BC2	14592
CoV|P0C6U2.10.BC1	10611
CoV|P0C6U2.10.BC2	19540
CoV|P0C6U2.100.BC1	34552
CoV|P0C6U2.100.BC2	45524
CoV|P0C6U2.101.BC1	23072
CoV|P0C6U2.101.BC2	19893
CoV|P0C6U2.102.BC1	20813
CoV|P0C6U2.102.BC2	20508
CoV|P0C6U2.103.BC1	21944
CoV|P0C6U2.103.BC2	13768
CoV|P0C6U2.104.BC1	20766
CoV|P0C6U2.104.BC2	10430
CoV|P0C6U2.105.BC1	25952
CoV|P0C6U2.105.BC2	10296
CoV|P0C6U2.106.BC1	14641
CoV|P0C6U2.106.BC2	9604
CoV|P0C6U2.107.BC1	21070
CoV|P0C6U2.107.BC2	27054
CoV|P0C6U2.108.BC1	22727
CoV|P0C6U2.108.BC2	28389
CoV|P0C6U2.109.BC1	26941
CoV|P0C6U2.109.BC2	28084
CoV|P0C6U2.11.BC1	24862
CoV|P0C6U2.11.BC2	22488
CoV|P0C6U2.110.BC1	7498
CoV|P0C6U2.110.BC2	11931
CoV|P0C6U2.111.BC1	27805
CoV|P0C6U2.111.BC2	13781
CoV|P0C6U2.112.BC1	6886
CoV|P0C6U2.112.BC2	9754
CoV|P0C6U2.113.BC1	9491
CoV|P0C6U2.113.BC2	10607
CoV|P0C6U2.114.BC1	5247
CoV|P0C6U2.114.BC2	12708
CoV|P0C6U2.115.BC1	10581
CoV|P0C6U2.115.BC2	12756
CoV|P0C6U2.116.BC1	14909
CoV|P0C6U2.116.BC2	13973
CoV|P0C6U2.117.BC1	1517
CoV|P0C6U2.117.BC2	12781
CoV|P0C6U2.118.BC1	17764
CoV|P0C6U2.118.BC2	18978
CoV|P0C6U2.119.BC1	31750
CoV|P0C6U2.119.BC2	21152
CoV|P0C6U2.12.BC1	51967
CoV|P0C6U2.12.BC2	31719
CoV|P0C6U2.120.BC1	23887
CoV|P0C6U2.120.BC2	29778
CoV|P0C6U2.121.BC1	57029
CoV|P0C6U2.121.BC2	45786
CoV|P0C6U2.122.BC1	27293
CoV|P0C6U2.122.BC2	59232
CoV|P0C6U2.123.BC1	29183
CoV|P0C6U2.123.BC2	37220
CoV|P0C6U2.124.BC1	13170
CoV|P0C6U2.124.BC2	13282
CoV|P0C6U2.125.BC1	15183
CoV|P0C6U2.125.BC2	19882
CoV|P0C6U2.126.BC1	11822
CoV|P0C6U2.126.BC2	14772
CoV|P0C6U2.127.BC1	15468
CoV|P0C6U2.127.BC2	8738
CoV|P0C6U2.128.BC1	10825
CoV|P0C6U2.128.BC2	16033
CoV|P0C6U2.129.BC1	1835
CoV|P0C6U2.129.BC2	41920
CoV|P0C6U2.13.BC1	37608
CoV|P0C6U2.13.BC2	27347
CoV|P0C6U2.130.BC1	21253
CoV|P0C6U2.130.BC2	16638
CoV|P0C6U2.131.BC1	18416
CoV|P0C6U2.131.BC2	29695
CoV|P0C6U2.132.BC1	36707
CoV|P0C6U2.132.BC2	17928
CoV|P0C6U2.133.BC1	29707
CoV|P0C6U2.133.BC2	21036
CoV|P0C6U2.134.BC1	10390
CoV|P0C6U2.134.BC2	2190
CoV|P0C6U2.135.BC1	8007
CoV|P0C6U2.135.BC2	16545
CoV|P0C6U2.136.BC1	29731
CoV|P0C6U2.136.BC2	30097
CoV|P0C6U2.137.BC1	39398
CoV|P0C6U2.137.BC2	20885
CoV|P0C6U2.138.BC1	12113
CoV|P0C6U2.138.BC2	17881
CoV|P0C6U2.139.BC1	16314
CoV|P0C6U2.139.BC2	13066
CoV|P0C6U2.14.BC1	21923
CoV|P0C6U2.14.BC2	30613
CoV|P0C6U2.140.BC1	35742
CoV|P0C6U2.140.BC2	33100
CoV|P0C6U2.141.BC1	29886
CoV|P0C6U2.141.BC2	30037
CoV|P0C6U2.142.BC1	10530
CoV|P0C6U2.142.BC2	9657
CoV|P0C6U2.143.BC1	23001
CoV|P0C6U2.143.BC2	13750
CoV|P0C6U2.144.BC1	46131
CoV|P0C6U2.144.BC2	26519
CoV|P0C6U2.15.BC1	24368
CoV|P0C6U2.15.BC2	12975
CoV|P0C6U2.16.BC1	35276
CoV|P0C6U2.16.BC2	20557
CoV|P0C6U2.17.BC1	14925
CoV|P0C6U2.17.BC2	18030
CoV|P0C6U2.18.BC1	10713
CoV|P0C6U2.18.BC2	33771
CoV|P0C6U2.19.BC1	18686
CoV|P0C6U2.19.BC2	16126
CoV|P0C6U2.2.BC1	9315
CoV|P0C6U2.2.BC2	4572
CoV|P0C6U2.20.BC1	17740
CoV|P0C6U2.20.BC2	21696
CoV|P0C6U2.21.BC1	17963
CoV|P0C6U2.21.BC2	6243
CoV|P0C6U2.22.BC1	12667
CoV|P0C6U2.22.BC2	22425
CoV|P0C6U2.23.BC1	28157
CoV|P0C6U2.23.BC2	31833
CoV|P0C6U2.24.BC1	20779
CoV|P0C6U2.24.BC2	40280
CoV|P0C6U2.25.BC1	18515
CoV|P0C6U2.25.BC2	34244
CoV|P0C6U2.26.BC1	14608
CoV|P0C6U2.26.BC2	8338
CoV|P0C6U2.27.BC1	15823
CoV|P0C6U2.27.BC2	16121
CoV|P0C6U2.28.BC1	9217
CoV|P0C6U2.28.BC2	19908
CoV|P0C6U2.29.BC1	35212
CoV|P0C6U2.29.BC2	40711
CoV|P0C6U2.3.BC1	28018
CoV|P0C6U2.3.BC2	10816
CoV|P0C6U2.30.BC1	29166
CoV|P0C6U2.30.BC2	25462
CoV|P0C6U2.31.BC1	18110
CoV|P0C6U2.31.BC2	33447
CoV|P0C6U2.32.BC1	15682
CoV|P0C6U2.32.BC2	19613
CoV|P0C6U2.33.BC1	13222
CoV|P0C6U2.33.BC2	25375
CoV|P0C6U2.34.BC1	34044
CoV|P0C6U2.34.BC2	29978
CoV|P0C6U2.35.BC1	53521
CoV|P0C6U2.35.BC2	40569
CoV|P0C6U2.36.BC1	18772
CoV|P0C6U2.36.BC2	27535
CoV|P0C6U2.37.BC1	3508
CoV|P0C6U2.37.BC2	5961
CoV|P0C6U2.38.BC1	17841
CoV|P0C6U2.38.BC2	17601
CoV|P0C6U2.39.BC1	11708
CoV|P0C6U2.39.BC2	7331
CoV|P0C6U2.4.BC1	22224
CoV|P0C6U2.4.BC2	19629
CoV|P0C6U2.40.BC1	11357
CoV|P0C6U2.40.BC2	8892
CoV|P0C6U2.41.BC1	26394
CoV|P0C6U2.41.BC2	34451
CoV|P0C6U2.42.BC1	20718
CoV|P0C6U2.42.BC2	34821
CoV|P0C6U2.43.BC1	22016
CoV|P0C6U2.43.BC2	19954
CoV|P0C6U2.44.BC1	34898
CoV|P0C6U2.44.BC2	15486
CoV|P0C6U2.45.BC1	33215
CoV|P0C6U2.45.BC2	52815
CoV|P0C6U2.46.BC1	40981
CoV|P0C6U2.46.BC2	9730
CoV|P0C6U2.47.BC1	40141
CoV|P0C6U2.47.BC2	22494
CoV|P0C6U2.48.BC1	29828
CoV|P0C6U2.48.BC2	41688
CoV|P0C6U2.49.BC1	1860
CoV|P0C6U2.49.BC2	5292
CoV|P0C6U2.5.BC1	35367
CoV|P0C6U2.5.BC2	29320
CoV|P0C6U2.50.BC1	12366
CoV|P0C6U2.50.BC2	9415
CoV|P0C6U2.51.BC1	40185
CoV|P0C6U2.51.BC2	19998
CoV|P0C6U2.52.BC1	29167
CoV|P0C6U2.52.BC2	32641
CoV|P0C6U2.53.BC1	11882
CoV|P0C6U2.53.BC2	11226
CoV|P0C6U2.54.BC1	11502
CoV|P0C6U2.54.BC2	7367
CoV|P0C6U2.55.BC1	23029
CoV|P0C6U2.55.BC2	23334
CoV|P0C6U2.56.BC1	7812
CoV|P0C6U2.56.BC2	7090
CoV|P0C6U2.57.BC1	40375
CoV|P0C6U2.57.BC2	50830
CoV|P0C6U2.58.BC1	34289
CoV|P0C6U2.58.BC2	27052
CoV|P0C6U2.59.BC1	28437
CoV|P0C6U2.59.BC2	18949
CoV|P0C6U2.6.BC1	36385
CoV|P0C6U2.6.BC2	12902
CoV|P0C6U2.60.BC1	16914
CoV|P0C6U2.60.BC2	9858
CoV|P0C6U2.61.BC1	11602
CoV|P0C6U2.61.BC2	7335
CoV|P0C6U2.62.BC1	9226
CoV|P0C6U2.62.BC2	8285
CoV|P0C6U2.63.BC1	23932
CoV|P0C6U2.63.BC2	18679
CoV|P0C6U2.64.BC1	12370
CoV|P0C6U2.64.BC2	29526
CoV|P0C6U2.65.BC1	15900
CoV|P0C6U2.65.BC2	5572
CoV|P0C6U2.66.BC1	17846
CoV|P0C6U2.66.BC2	21746
CoV|P0C6U2.67.BC1	5895
CoV|P0C6U2.67.BC2	12771
CoV|P0C6U2.68.BC1	27897
CoV|P0C6U2.68.BC2	19188
CoV|P0C6U2.69.BC1	9972
CoV|P0C6U2.69.BC2	17253
CoV|P0C6U2.7.BC1	6650
CoV|P0C6U2.7.BC2	15327
CoV|P0C6U2.70.BC1	23594
CoV|P0C6U2.70.BC2	46995
CoV|P0C6U2.71.BC1	8856
CoV|P0C6U2.71.BC2	14269
CoV|P0C6U2.72.BC1	11877
CoV|P0C6U2.72.BC2	8970
CoV|P0C6U2.73.BC1	9313
CoV|P0C6U2.73.BC2	13207
CoV|P0C6U2.74.BC1	19966
CoV|P0C6U2.74.BC2	6508
CoV|P0C6U2.75.BC1	35828
CoV|P0C6U2.75.BC2	23147
CoV|P0C6U2.76.BC1	13928
CoV|P0C6U2.76.BC2	23291
CoV|P0C6U2.77.BC1	39437
CoV|P0C6U2.77.BC2	11236
CoV|P0C6U2.78.BC1	17925
CoV|P0C6U2.78.BC2	25109
CoV|P0C6U2.79.BC1	16330
CoV|P0C6U2.79.BC2	10862
CoV|P0C6U2.8.BC1	32738
CoV|P0C6U2.8.BC2	21693
CoV|P0C6U2.80.BC1	7750
CoV|P0C6U2.80.BC2	3974
CoV|P0C6U2.81.BC1	20970
CoV|P0C6U2.81.BC2	30750
CoV|P0C6U2.82.BC1	30375
CoV|P0C6U2.82.BC2	29110
CoV|P0C6U2.83.BC1	44332
CoV|P0C6U2.83.BC2	34621
CoV|P0C6U2.84.BC1	61797
CoV|P0C6U2.84.BC2	28228
CoV|P0C6U2.85.BC1	27311
CoV|P0C6U2.85.BC2	45976
CoV|P0C6U2.86.BC1	19980
CoV|P0C6U2.86.BC2	25909
CoV|P0C6U2.87.BC1	32947
CoV|P0C6U2.87.BC2	30194
CoV|P0C6U2.88.BC1	62258
CoV|P0C6U2.88.BC2	29347
CoV|P0C6U2.89.BC1	20212
CoV|P0C6U2.89.BC2	17582
CoV|P0C6U2.9.BC1	22964
CoV|P0C6U2.9.BC2	14771
CoV|P0C6U2.90.BC1	32172
CoV|P0C6U2.90.BC2	21123
CoV|P0C6U2.91.BC1	6007
CoV|P0C6U2.91.BC2	6850
CoV|P0C6U2.92.BC1	5527
CoV|P0C6U2.92.BC2	6631
CoV|P0C6U2.93.BC1	18084
CoV|P0C6U2.93.BC2	19974
CoV|P0C6U2.94.BC1	43548
CoV|P0C6U2.94.BC2	19507
CoV|P0C6U2.95.BC1	14737
CoV|P0C6U2.95.BC2	22177
CoV|P0C6U2.96.BC1	10849
CoV|P0C6U2.96.BC2	10348
CoV|P0C6U2.97.BC1	62719
CoV|P0C6U2.97.BC2	21129
CoV|P0C6U2.98.BC1	26937
CoV|P0C6U2.98.BC2	24912
CoV|P0C6U2.99.BC1	47763
CoV|P0C6U2.99.BC2	41552
CoV|P0C6U4.157.BC1	36376
CoV|P0C6U4.157.BC2	32661
CoV|P0C6U7.0.BC1	27814
CoV|P0C6U7.0.BC2	37791
CoV|P0C6U7.1.BC1	39864
CoV|P0C6U7.1.BC2	13052
CoV|P0C6U7.10.BC1	15168
CoV|P0C6U7.10.BC2	17574
CoV|P0C6U7.100.BC1	31272
CoV|P0C6U7.100.BC2	21495
CoV|P0C6U7.101.BC1	4278
CoV|P0C6U7.101.BC2	16825
CoV|P0C6U7.102.BC1	8693
CoV|P0C6U7.102.BC2	15012
CoV|P0C6U7.103.BC1	55870
CoV|P0C6U7.103.BC2	33076
CoV|P0C6U7.104.BC1	47118
CoV|P0C6U7.104.BC2	37442
CoV|P0C6U7.105.BC1	18350
CoV|P0C6U7.105.BC2	5207
CoV|P0C6U7.106.BC1	17346
CoV|P0C6U7.106.BC2	5073
CoV|P0C6U7.107.BC1	34844
CoV|P0C6U7.107.BC2	38565
CoV|P0C6U7.108.BC1	31049
CoV|P0C6U7.108.BC2	30613
CoV|P0C6U7.109.BC1	38919
CoV|P0C6U7.109.BC2	59376
CoV|P0C6U7.11.BC1	29027
CoV|P0C6U7.11.BC2	17039
CoV|P0C6U7.110.BC1	40225
CoV|P0C6U7.110.BC2	549
CoV|P0C6U7.111.BC1	32371
CoV|P0C6U7.111.BC2	38222
CoV|P0C6U7.112.BC1	14085
CoV|P0C6U7.112.BC2	9109
CoV|P0C6U7.113.BC1	27293
CoV|P0C6U7.113.BC2	50906
CoV|P0C6U7.114.BC1	23678
CoV|P0C6U7.114.BC2	26723
CoV|P0C6U7.115.BC1	21337
CoV|P0C6U7.115.BC2	18029
CoV|P0C6U7.116.BC1	28344
CoV|P0C6U7.116.BC2	19681
CoV|P0C6U7.117.BC1	24262
CoV|P0C6U7.117.BC2	7720
CoV|P0C6U7.118.BC1	11561
CoV|P0C6U7.118.BC2	20000
CoV|P0C6U7.119.BC1	15520
CoV|P0C6U7.119.BC2	14380
CoV|P0C6U7.12.BC1	23565
CoV|P0C6U7.12.BC2	26369
CoV|P0C6U7.120.BC1	9122
CoV|P0C6U7.120.BC2	6014
CoV|P0C6U7.121.BC1	7437
CoV|P0C6U7.121.BC2	12606
CoV|P0C6U7.122.BC1	6226
CoV|P0C6U7.122.BC2	10803
CoV|P0C6U7.123.BC1	11305
CoV|P0C6U7.123.BC2	7530
CoV|P0C6U7.124.BC1	12551
CoV|P0C6U7.124.BC2	10263
CoV|P0C6U7.125.BC1	23352
CoV|P0C6U7.125.BC2	26665
CoV|P0C6U7.126.BC1	29374
CoV|P0C6U7.126.BC2	27817
CoV|P0C6U7.127.BC1	36963
CoV|P0C6U7.127.BC2	66618
CoV|P0C6U7.128.BC1	27773
CoV|P0C6U7.128.BC2	56638
CoV|P0C6U7.129.BC1	29202
CoV|P0C6U7.129.BC2	28560
CoV|P0C6U7.13.BC1	19987
CoV|P0C6U7.13.BC2	32590
CoV|P0C6U7.130.BC1	20900
CoV|P0C6U7.130.BC2	24254
CoV|P0C6U7.131.BC1	5372
CoV|P0C6U7.131.BC2	18399
CoV|P0C6U7.132.BC1	13601
CoV|P0C6U7.132.BC2	13872
CoV|P0C6U7.133.BC1	13295
CoV|P0C6U7.133.BC2	3127
CoV|P0C6U7.134.BC1	18260
CoV|P0C6U7.134.BC2	23052
CoV|P0C6U7.135.BC1	14513
CoV|P0C6U7.135.BC2	19935
CoV|P0C6U7.136.BC1	4520
CoV|P0C6U7.136.BC2	8284
CoV|P0C6U7.137.BC1	10993
CoV|P0C6U7.137.BC2	16107
CoV|P0C6U7.138.BC1	14655
CoV|P0C6U7.138.BC2	11197
CoV|P0C6U7.139.BC1	21185
CoV|P0C6U7.139.BC2	25233
CoV|P0C6U7.14.BC1	31279
CoV|P0C6U7.14.BC2	35505
CoV|P0C6U7.140.BC1	30034
CoV|P0C6U7.140.BC2	9430
CoV|P0C6U7.141.BC1	51621
CoV|P0C6U7.141.BC2	54074
CoV|P0C6U7.142.BC1	19329
CoV|P0C6U7.142.BC2	37949
CoV|P0C6U7.143.BC1	11286
CoV|P0C6U7.143.BC2	42761
CoV|P0C6U7.144.BC1	30708
CoV|P0C6U7.144.BC2	22366
CoV|P0C6U7.145.BC1	16151
CoV|P0C6U7.145.BC2	3606
CoV|P0C6U7.146.BC1	12252
CoV|P0C6U7.146.BC2	10696
CoV|P0C6U7.147.BC1	18372
CoV|P0C6U7.147.BC2	22896
CoV|P0C6U7.148.BC1	14143
CoV|P0C6U7.148.BC2	35396
CoV|P0C6U7.149.BC1	16362
CoV|P0C6U7.149.BC2	11113
CoV|P0C6U7.15.BC1	15036
CoV|P0C6U7.15.BC2	10703
CoV|P0C6U7.150.BC1	18737
CoV|P0C6U7.150.BC2	16091
CoV|P0C6U7.151.BC1	19906
CoV|P0C6U7.151.BC2	52587
CoV|P0C6U7.152.BC1	16972
CoV|P0C6U7.152.BC2	40997
CoV|P0C6U7.153.BC1	14970
CoV|P0C6U7.153.BC2	14317
CoV|P0C6U7.154.BC1	36741
CoV|P0C6U7.154.BC2	31789
CoV|P0C6U7.155.BC1	42096
CoV|P0C6U7.155.BC2	23979
CoV|P0C6U7.16.BC1	7150
CoV|P0C6U7.16.BC2	6944
CoV|P0C6U7.17.BC1	14667
CoV|P0C6U7.17.BC2	20567
CoV|P0C6U7.18.BC1	17352
CoV|P0C6U7.18.BC2	13281
CoV|P0C6U7.19.BC1	12993
CoV|P0C6U7.19.BC2	12440
CoV|P0C6U7.2.BC1	19785
CoV|P0C6U7.2.BC2	32490
CoV|P0C6U7.20.BC1	12935
CoV|P0C6U7.20.BC2	22102
CoV|P0C6U7.21.BC1	14862
CoV|P0C6U7.21.BC2	15502
CoV|P0C6U7.22.BC1	10655
CoV|P0C6U7.22.BC2	19046
CoV|P0C6U7.23.BC1	26273
CoV|P0C6U7.23.BC2	36873
CoV|P0C6U7.24.BC1	20415
CoV|P0C6U7.24.BC2	27094
CoV|P0C6U7.25.BC1	166
CoV|P0C6U7.25.BC2	23610
CoV|P0C6U7.26.BC1	22425
CoV|P0C6U7.26.BC2	22637
CoV|P0C6U7.27.BC1	33467
CoV|P0C6U7.27.BC2	58879
CoV|P0C6U7.28.BC1	8644
CoV|P0C6U7.28.BC2	58355
CoV|P0C6U7.29.BC1	17916
CoV|P0C6U7.29.BC2	27245
CoV|P0C6U7.3.BC1	9287
CoV|P0C6U7.3.BC2	16165
CoV|P0C6U7.30.BC1	13076
CoV|P0C6U7.30.BC2	20302
CoV|P0C6U7.31.BC1	10713
CoV|P0C6U7.31.BC2	20462
CoV|P0C6U7.32.BC1	14578
CoV|P0C6U7.32.BC2	19950
CoV|P0C6U7.33.BC1	15304
CoV|P0C6U7.33.BC2	36881
CoV|P0C6U7.34.BC1	38198
CoV|P0C6U7.34.BC2	17158
CoV|P0C6U7.35.BC1	81583
CoV|P0C6U7.35.BC2	17273
CoV|P0C6U7.36.BC1	16849
CoV|P0C6U7.36.BC2	27848
CoV|P0C6U7.37.BC1	12624
CoV|P0C6U7.37.BC2	6169
CoV|P0C6U7.38.BC1	8597
CoV|P0C6U7.38.BC2	9263
CoV|P0C6U7.39.BC1	6898
CoV|P0C6U7.39.BC2	18816
CoV|P0C6U7.4.BC1	23543
CoV|P0C6U7.4.BC2	17061
CoV|P0C6U7.40.BC1	9931
CoV|P0C6U7.40.BC2	9989
CoV|P0C6U7.41.BC1	16421
CoV|P0C6U7.41.BC2	21091
CoV|P0C6U7.42.BC1	22642
CoV|P0C6U7.42.BC2	5295
CoV|P0C6U7.43.BC1	18826
CoV|P0C6U7.43.BC2	12892
CoV|P0C6U7.44.BC1	12572
CoV|P0C6U7.44.BC2	9433
CoV|P0C6U7.45.BC1	15693
CoV|P0C6U7.45.BC2	23796
CoV|P0C6U7.46.BC1	21109
CoV|P0C6U7.46.BC2	27127
CoV|P0C6U7.47.BC1	40487
CoV|P0C6U7.47.BC2	23745
CoV|P0C6U7.48.BC1	10737
CoV|P0C6U7.48.BC2	15387
CoV|P0C6U7.49.BC1	12609
CoV|P0C6U7.49.BC2	16825
CoV|P0C6U7.5.BC1	3490
CoV|P0C6U7.5.BC2	18226
CoV|P0C6U7.50.BC1	15309
CoV|P0C6U7.50.BC2	45452
CoV|P0C6U7.51.BC1	21910
CoV|P0C6U7.51.BC2	36702
CoV|P0C6U7.52.BC1	46961
CoV|P0C6U7.52.BC2	37950
CoV|P0C6U7.53.BC1	6242
CoV|P0C6U7.53.BC2	20584
CoV|P0C6U7.54.BC1	9839
CoV|P0C6U7.54.BC2	3142
CoV|P0C6U7.55.BC1	10870
CoV|P0C6U7.55.BC2	15517
CoV|P0C6U7.56.BC1	17859
CoV|P0C6U7.56.BC2	14969
CoV|P0C6U7.57.BC1	13638
CoV|P0C6U7.57.BC2	12878
CoV|P0C6U7.58.BC1	13675
CoV|P0C6U7.58.BC2	17481
CoV|P0C6U7.59.BC1	21482
CoV|P0C6U7.59.BC2	25226
CoV|P0C6U7.6.BC1	19730
CoV|P0C6U7.6.BC2	18261
CoV|P0C6U7.60.BC1	8326
CoV|P0C6U7.60.BC2	7383
CoV|P0C6U7.61.BC1	10876
CoV|P0C6U7.61.BC2	16946
CoV|P0C6U7.62.BC1	21939
CoV|P0C6U7.62.BC2	11756
CoV|P0C6U7.63.BC1	17308
CoV|P0C6U7.63.BC2	20762
CoV|P0C6U7.64.BC1	15514
CoV|P0C6U7.64.BC2	20564
CoV|P0C6U7.65.BC1	21575
CoV|P0C6U7.65.BC2	29093
CoV|P0C6U7.66.BC1	22382
CoV|P0C6U7.66.BC2	25739
CoV|P0C6U7.67.BC1	14081
CoV|P0C6U7.67.BC2	12483
CoV|P0C6U7.68.BC1	31514
CoV|P0C6U7.68.BC2	23060
CoV|P0C6U7.69.BC1	28062
CoV|P0C6U7.69.BC2	27357
CoV|P0C6U7.7.BC1	34277
CoV|P0C6U7.7.BC2	44676
CoV|P0C6U7.70.BC1	31665
CoV|P0C6U7.70.BC2	23471
CoV|P0C6U7.71.BC1	19865
CoV|P0C6U7.71.BC2	29818
CoV|P0C6U7.72.BC1	41360
CoV|P0C6U7.72.BC2	23439
CoV|P0C6U7.73.BC1	22372
CoV|P0C6U7.73.BC2	36048
CoV|P0C6U7.74.BC1	18133
CoV|P0C6U7.74.BC2	16298
CoV|P0C6U7.75.BC1	19390
CoV|P0C6U7.75.BC2	11001
CoV|P0C6U7.76.BC1	21639
CoV|P0C6U7.76.BC2	14060
CoV|P0C6U7.77.BC1	10072
CoV|P0C6U7.77.BC2	22855
CoV|P0C6U7.78.BC1	9682
CoV|P0C6U7.78.BC2	21953
CoV|P0C6U7.79.BC1	12258
CoV|P0C6U7.79.BC2	9725
CoV|P0C6U7.8.BC1	37396
CoV|P0C6U7.8.BC2	26338
CoV|P0C6U7.80.BC1	25385
CoV|P0C6U7.80.BC2	14866
CoV|P0C6U7.81.BC1	23807
CoV|P0C6U7.81.BC2	17764
CoV|P0C6U7.82.BC1	17336
CoV|P0C6U7.82.BC2	23831
CoV|P0C6U7.83.BC1	12449
CoV|P0C6U7.83.BC2	14555
CoV|P0C6U7.84.BC1	32253
CoV|P0C6U7.84.BC2	30159
CoV|P0C6U7.85.BC1	16186
CoV|P0C6U7.85.BC2	49027
CoV|P0C6U7.86.BC1	16264
CoV|P0C6U7.86.BC2	25474
CoV|P0C6U7.87.BC1	30315
CoV|P0C6U7.87.BC2	29045
CoV|P0C6U7.88.BC1	40875
CoV|P0C6U7.88.BC2	35723
CoV|P0C6U7.89.BC1	33077
CoV|P0C6U7.89.BC2	34840
CoV|P0C6U7.9.BC1	19740
CoV|P0C6U7.9.BC2	14695
CoV|P0C6U7.90.BC1	26078
CoV|P0C6U7.90.BC2	29471
CoV|P0C6U7.91.BC1	24318
CoV|P0C6U7.91.BC2	38681
CoV|P0C6U7.92.BC1	13644
CoV|P0C6U7.92.BC2	11479
CoV|P0C6U7.93.BC1	21377
CoV|P0C6U7.93.BC2	37460
CoV|P0C6U7.94.BC1	48104
CoV|P0C6U7.94.BC2	32791
CoV|P0C6U7.95.BC1	12052
CoV|P0C6U7.95.BC2	6662
CoV|P0C6U7.96.BC1	21478
CoV|P0C6U7.96.BC2	40451
CoV|P0C6U7.97.BC1	34367
CoV|P0C6U7.97.BC2	61973
CoV|P0C6U7.98.BC1	26866
CoV|P0C6U7.98.BC2	36688
CoV|P0C6U7.99.BC1	41661
CoV|P0C6U7.99.BC2	13791
CoV|P0C6U8.0.BC1	39867
CoV|P0C6U8.0.BC2	14890
CoV|P0C6U8.1.BC1	21385
CoV|P0C6U8.1.BC2	12399
CoV|P0C6U8.10.BC1	33038
CoV|P0C6U8.10.BC2	48328
CoV|P0C6U8.100.BC1	21564
CoV|P0C6U8.100.BC2	25960
CoV|P0C6U8.101.BC1	9573
CoV|P0C6U8.101.BC2	9552
CoV|P0C6U8.102.BC1	21699
CoV|P0C6U8.102.BC2	31648
CoV|P0C6U8.103.BC1	47868
CoV|P0C6U8.103.BC2	18496
CoV|P0C6U8.104.BC1	10478
CoV|P0C6U8.104.BC2	21447
CoV|P0C6U8.105.BC1	9564
CoV|P0C6U8.105.BC2	9312
CoV|P0C6U8.106.BC1	24504
CoV|P0C6U8.106.BC2	19572
CoV|P0C6U8.107.BC1	6441
CoV|P0C6U8.107.BC2	23776
CoV|P0C6U8.108.BC1	38248
CoV|P0C6U8.108.BC2	20123
CoV|P0C6U8.109.BC1	47810
CoV|P0C6U8.109.BC2	15862
CoV|P0C6U8.11.BC1	41525
CoV|P0C6U8.11.BC2	47642
CoV|P0C6U8.110.BC1	40480
CoV|P0C6U8.110.BC2	10377
CoV|P0C6U8.111.BC1	3084
CoV|P0C6U8.111.BC2	34473
CoV|P0C6U8.112.BC1	12827
CoV|P0C6U8.112.BC2	6720
CoV|P0C6U8.113.BC1	27426
CoV|P0C6U8.113.BC2	17258
CoV|P0C6U8.114.BC1	19469
CoV|P0C6U8.114.BC2	9616
CoV|P0C6U8.115.BC1	16706
CoV|P0C6U8.115.BC2	28088
CoV|P0C6U8.116.BC1	29375
CoV|P0C6U8.116.BC2	25260
CoV|P0C6U8.117.BC1	36375
CoV|P0C6U8.117.BC2	21310
CoV|P0C6U8.118.BC1	22911
CoV|P0C6U8.118.BC2	17294
CoV|P0C6U8.119.BC1	22751
CoV|P0C6U8.119.BC2	9836
CoV|P0C6U8.12.BC1	48574
CoV|P0C6U8.12.BC2	29228
CoV|P0C6U8.120.BC1	13481
CoV|P0C6U8.120.BC2	27001
CoV|P0C6U8.121.BC1	16100
CoV|P0C6U8.121.BC2	10716
CoV|P0C6U8.122.BC1	13092
CoV|P0C6U8.122.BC2	15201
CoV|P0C6U8.123.BC1	14585
CoV|P0C6U8.123.BC2	25420
CoV|P0C6U8.124.BC1	21349
CoV|P0C6U8.124.BC2	32283
CoV|P0C6U8.125.BC1	17539
CoV|P0C6U8.125.BC2	12106
CoV|P0C6U8.126.BC1	18556
CoV|P0C6U8.126.BC2	16053
CoV|P0C6U8.127.BC1	53493
CoV|P0C6U8.127.BC2	32749
CoV|P0C6U8.128.BC1	38999
CoV|P0C6U8.128.BC2	67476
CoV|P0C6U8.129.BC1	55901
CoV|P0C6U8.129.BC2	22554
CoV|P0C6U8.13.BC1	14858
CoV|P0C6U8.13.BC2	19904
CoV|P0C6U8.130.BC1	51359
CoV|P0C6U8.130.BC2	50774
CoV|P0C6U8.131.BC1	27483
CoV|P0C6U8.131.BC2	20088
CoV|P0C6U8.132.BC1	31336
CoV|P0C6U8.132.BC2	35777
CoV|P0C6U8.133.BC1	48173
CoV|P0C6U8.133.BC2	52176
CoV|P0C6U8.134.BC1	5874
CoV|P0C6U8.134.BC2	28465
CoV|P0C6U8.135.BC1	9090
CoV|P0C6U8.135.BC2	7026
CoV|P0C6U8.136.BC1	20571
CoV|P0C6U8.136.BC2	15646
CoV|P0C6U8.137.BC1	5824
CoV|P0C6U8.137.BC2	12223
CoV|P0C6U8.138.BC1	18551
CoV|P0C6U8.138.BC2	16933
CoV|P0C6U8.139.BC1	29676
CoV|P0C6U8.139.BC2	31270
CoV|P0C6U8.14.BC1	15549
CoV|P0C6U8.14.BC2	14303
CoV|P0C6U8.140.BC1	25315
CoV|P0C6U8.140.BC2	47353
CoV|P0C6U8.141.BC1	75889
CoV|P0C6U8.141.BC2	27403
CoV|P0C6U8.142.BC1	38670
CoV|P0C6U8.142.BC2	22183
CoV|P0C6U8.143.BC1	37762
CoV|P0C6U8.143.BC2	24043
CoV|P0C6U8.144.BC1	9950
CoV|P0C6U8.144.BC2	9428
CoV|P0C6U8.145.BC1	23689
CoV|P0C6U8.145.BC2	10445
CoV|P0C6U8.146.BC1	53231
CoV|P0C6U8.146.BC2	37597
CoV|P0C6U8.147.BC1	47530
CoV|P0C6U8.147.BC2	22593
CoV|P0C6U8.148.BC1	24306
CoV|P0C6U8.148.BC2	22578
CoV|P0C6U8.149.BC1	13364
CoV|P0C6U8.149.BC2	17478
CoV|P0C6U8.15.BC1	12433
CoV|P0C6U8.15.BC2	9246
CoV|P0C6U8.150.BC1	17505
CoV|P0C6U8.150.BC2	26716
CoV|P0C6U8.151.BC1	14905
CoV|P0C6U8.151.BC2	20074
CoV|P0C6U8.152.BC1	20157
CoV|P0C6U8.152.BC2	12369
CoV|P0C6U8.153.BC1	16181
CoV|P0C6U8.153.BC2	13325
CoV|P0C6U8.154.BC1	20757
CoV|P0C6U8.154.BC2	39897
CoV|P0C6U8.155.BC1	41274
CoV|P0C6U8.155.BC2	49601
CoV|P0C6U8.16.BC1	10654
CoV|P0C6U8.16.BC2	6841
CoV|P0C6U8.17.BC1	32672
CoV|P0C6U8.17.BC2	32384
CoV|P0C6U8.18.BC1	52646
CoV|P0C6U8.18.BC2	39488
CoV|P0C6U8.19.BC1	25263
CoV|P0C6U8.19.BC2	14347
CoV|P0C6U8.2.BC1	38851
CoV|P0C6U8.2.BC2	25228
CoV|P0C6U8.20.BC1	6184
CoV|P0C6U8.20.BC2	21629
CoV|P0C6U8.21.BC1	25306
CoV|P0C6U8.21.BC2	11581
CoV|P0C6U8.22.BC1	4975
CoV|P0C6U8.22.BC2	7043
CoV|P0C6U8.23.BC1	4996
CoV|P0C6U8.23.BC2	5225
CoV|P0C6U8.24.BC1	17643
CoV|P0C6U8.24.BC2	10519
CoV|P0C6U8.25.BC1	24125
CoV|P0C6U8.25.BC2	25697
CoV|P0C6U8.26.BC1	23736
CoV|P0C6U8.26.BC2	28942
CoV|P0C6U8.27.BC1	31225
CoV|P0C6U8.27.BC2	39961
CoV|P0C6U8.28.BC1	35915
CoV|P0C6U8.28.BC2	12469
CoV|P0C6U8.29.BC1	12957
CoV|P0C6U8.29.BC2	33901
CoV|P0C6U8.3.BC1	13790
CoV|P0C6U8.3.BC2	29648
CoV|P0C6U8.30.BC1	29353
CoV|P0C6U8.30.BC2	19688
CoV|P0C6U8.31.BC1	13741
CoV|P0C6U8.31.BC2	7118
CoV|P0C6U8.32.BC1	27061
CoV|P0C6U8.32.BC2	3207
CoV|P0C6U8.33.BC1	22956
CoV|P0C6U8.33.BC2	29960
CoV|P0C6U8.34.BC1	33006
CoV|P0C6U8.34.BC2	16670
CoV|P0C6U8.35.BC1	31153
CoV|P0C6U8.35.BC2	36790
CoV|P0C6U8.36.BC1	17777
CoV|P0C6U8.36.BC2	44337
CoV|P0C6U8.37.BC1	41447
CoV|P0C6U8.37.BC2	13188
CoV|P0C6U8.38.BC1	20022
CoV|P0C6U8.38.BC2	11293
CoV|P0C6U8.39.BC1	12096
CoV|P0C6U8.39.BC2	16784
CoV|P0C6U8.4.BC1	11642
CoV|P0C6U8.4.BC2	57336
CoV|P0C6U8.40.BC1	11792
CoV|P0C6U8.40.BC2	6473
CoV|P0C6U8.41.BC1	5645
CoV|P0C6U8.41.BC2	34975
CoV|P0C6U8.42.BC1	10320
CoV|P0C6U8.42.BC2	14317
CoV|P0C6U8.43.BC1	38821
CoV|P0C6U8.43.BC2	12195
CoV|P0C6U8.44.BC1	32020
CoV|P0C6U8.44.BC2	26390
CoV|P0C6U8.45.BC1	24630
CoV|P0C6U8.45.BC2	17662
CoV|P0C6U8.46.BC1	22742
CoV|P0C6U8.46.BC2	16560
CoV|P0C6U8.47.BC1	28460
CoV|P0C6U8.47.BC2	42332
CoV|P0C6U8.48.BC1	8569
CoV|P0C6U8.48.BC2	768
CoV|P0C6U8.49.BC1	16810
CoV|P0C6U8.49.BC2	8308
CoV|P0C6U8.5.BC1	23239
CoV|P0C6U8.5.BC2	32141
CoV|P0C6U8.50.BC1	37803
CoV|P0C6U8.50.BC2	41023
CoV|P0C6U8.51.BC1	52468
CoV|P0C6U8.51.BC2	36022
CoV|P0C6U8.52.BC1	15478
CoV|P0C6U8.52.BC2	30302
CoV|P0C6U8.53.BC1	32120
CoV|P0C6U8.53.BC2	20953
CoV|P0C6U8.54.BC1	12414
CoV|P0C6U8.54.BC2	20974
CoV|P0C6U8.55.BC1	35343
CoV|P0C6U8.55.BC2	10392
CoV|P0C6U8.56.BC1	33428
CoV|P0C6U8.56.BC2	26947
CoV|P0C6U8.57.BC1	8959
CoV|P0C6U8.57.BC2	22788
CoV|P0C6U8.58.BC1	15076
CoV|P0C6U8.58.BC2	12823
CoV|P0C6U8.59.BC1	5408
CoV|P0C6U8.59.BC2	13015
CoV|P0C6U8.6.BC1	23188
CoV|P0C6U8.6.BC2	14658
CoV|P0C6U8.60.BC1	20126
CoV|P0C6U8.60.BC2	15739
CoV|P0C6U8.61.BC1	42685
CoV|P0C6U8.61.BC2	19176
CoV|P0C6U8.62.BC1	26799
CoV|P0C6U8.62.BC2	32928
CoV|P0C6U8.63.BC1	22172
CoV|P0C6U8.63.BC2	28282
CoV|P0C6U8.64.BC1	19461
CoV|P0C6U8.64.BC2	23648
CoV|P0C6U8.65.BC1	21222
CoV|P0C6U8.65.BC2	37577
CoV|P0C6U8.66.BC1	19324
CoV|P0C6U8.66.BC2	49290
CoV|P0C6U8.67.BC1	19457
CoV|P0C6U8.67.BC2	47347
CoV|P0C6U8.68.BC1	25324
CoV|P0C6U8.68.BC2	19991
CoV|P0C6U8.69.BC1	40195
CoV|P0C6U8.69.BC2	24390
CoV|P0C6U8.7.BC1	6454
CoV|P0C6U8.7.BC2	10315
CoV|P0C6U8.70.BC1	20738
CoV|P0C6U8.70.BC2	42280
CoV|P0C6U8.71.BC1	25408
CoV|P0C6U8.71.BC2	15630
CoV|P0C6U8.72.BC1	21814
CoV|P0C6U8.72.BC2	47588
CoV|P0C6U8.73.BC1	38924
CoV|P0C6U8.73.BC2	24353
CoV|P0C6U8.74.BC1	11830
CoV|P0C6U8.74.BC2	34553
CoV|P0C6U8.75.BC1	22472
CoV|P0C6U8.75.BC2	40343
CoV|P0C6U8.76.BC1	14040
CoV|P0C6U8.76.BC2	24612
CoV|P0C6U8.77.BC1	4857
CoV|P0C6U8.77.BC2	12874
CoV|P0C6U8.78.BC1	32916
CoV|P0C6U8.78.BC2	29978
CoV|P0C6U8.79.BC1	16041
CoV|P0C6U8.79.BC2	5204
CoV|P0C6U8.8.BC1	22835
CoV|P0C6U8.8.BC2	27898
CoV|P0C6U8.80.BC1	15136
CoV|P0C6U8.80.BC2	14857
CoV|P0C6U8.81.BC1	23588
CoV|P0C6U8.81.BC2	29989
CoV|P0C6U8.82.BC1	22708
CoV|P0C6U8.82.BC2	39116
CoV|P0C6U8.83.BC1	20228
CoV|P0C6U8.83.BC2	31027
CoV|P0C6U8.84.BC1	17368
CoV|P0C6U8.84.BC2	9349
CoV|P0C6U8.85.BC1	39065
CoV|P0C6U8.85.BC2	17350
CoV|P0C6U8.86.BC1	19146
CoV|P0C6U8.86.BC2	53380
CoV|P0C6U8.87.BC1	18172
CoV|P0C6U8.87.BC2	31645
CoV|P0C6U8.88.BC1	13507
CoV|P0C6U8.88.BC2	13206
CoV|P0C6U8.89.BC1	3651
CoV|P0C6U8.89.BC2	17096
CoV|P0C6U8.9.BC1	16072
CoV|P0C6U8.9.BC2	17037
CoV|P0C6U8.90.BC1	33012
CoV|P0C6U8.90.BC2	18110
CoV|P0C6U8.91.BC1	15823
CoV|P0C6U8.91.BC2	29563
CoV|P0C6U8.92.BC1	14725
CoV|P0C6U8.92.BC2	12541
CoV|P0C6U8.93.BC1	22786
CoV|P0C6U8.93.BC2	15191
CoV|P0C6U8.94.BC1	51947
CoV|P0C6U8.94.BC2	47053
CoV|P0C6U8.95.BC1	13612
CoV|P0C6U8.95.BC2	30013
CoV|P0C6U8.96.BC1	13777
CoV|P0C6U8.96.BC2	14476
CoV|P0C6U8.97.BC1	51157
CoV|P0C6U8.97.BC2	50440
CoV|P0C6U8.98.BC1	23663
CoV|P0C6U8.98.BC2	40699
CoV|P0C6U8.99.BC1	28380
CoV|P0C6U8.99.BC2	22945
CoV|P0C6V9.155.BC1	68441
CoV|P0C6V9.155.BC2	58419
CoV|P0C6V9.156.BC1	36340
CoV|P0C6V9.156.BC2	31167
CoV|P0C6V9.157.BC1	13900
CoV|P0C6V9.157.BC2	17044
CoV|P0C6V9.158.BC1	10461
CoV|P0C6V9.158.BC2	21175
CoV|P0C6V9.159.BC1	30644
CoV|P0C6V9.159.BC2	36451
CoV|P0C6V9.160.BC1	26151
CoV|P0C6V9.160.BC2	17015
CoV|P0C6V9.161.BC1	16376
CoV|P0C6V9.161.BC2	15336
CoV|P0C6V9.162.BC1	18434
CoV|P0C6V9.162.BC2	9145
CoV|P0C6V9.163.BC1	38391
CoV|P0C6V9.163.BC2	29462
CoV|P0C6V9.164.BC1	18413
CoV|P0C6V9.164.BC2	28076
CoV|P0C6V9.165.BC1	20568
CoV|P0C6V9.165.BC2	20100
CoV|P0C6V9.166.BC1	4600
CoV|P0C6V9.166.BC2	29609
CoV|P0C6V9.167.BC1	18408
CoV|P0C6V9.167.BC2	9917
CoV|P0C6V9.168.BC1	12394
CoV|P0C6V9.168.BC2	35628
CoV|P0C6V9.169.BC1	37058
CoV|P0C6V9.169.BC2	37126
CoV|P0C6V9.170.BC1	17085
CoV|P0C6V9.170.BC2	30723
CoV|P0C6V9.171.BC1	10761
CoV|P0C6V9.171.BC2	17199
CoV|P0C6V9.172.BC1	9629
CoV|P0C6V9.172.BC2	6678
CoV|P0C6V9.173.BC1	23567
CoV|P0C6V9.173.BC2	13662
CoV|P0C6V9.174.BC1	15917
CoV|P0C6V9.174.BC2	13814
CoV|P0C6V9.175.BC1	20140
CoV|P0C6V9.175.BC2	4511
CoV|P0C6V9.176.BC1	4318
CoV|P0C6V9.176.BC2	2384
CoV|P0C6V9.177.BC1	31072
CoV|P0C6V9.177.BC2	38664
CoV|P0C6V9.178.BC1	10002
CoV|P0C6V9.178.BC2	16492
CoV|P0C6V9.179.BC1	25586
CoV|P0C6V9.179.BC2	11385
CoV|P0C6V9.180.BC1	16405
CoV|P0C6V9.180.BC2	7811
CoV|P0C6V9.181.BC1	17257
CoV|P0C6V9.181.BC2	10679
CoV|P0C6V9.182.BC1	16996
CoV|P0C6V9.182.BC2	24995
CoV|P0C6V9.183.BC1	19916
CoV|P0C6V9.183.BC2	12470
CoV|P0C6V9.184.BC1	30888
CoV|P0C6V9.184.BC2	25603
CoV|P0C6V9.185.BC1	15748
CoV|P0C6V9.185.BC2	40200
CoV|P0C6V9.186.BC1	11047
CoV|P0C6V9.186.BC2	9633
CoV|P0C6V9.187.BC1	14269
CoV|P0C6V9.187.BC2	7229
CoV|P0C6V9.188.BC1	36796
CoV|P0C6V9.188.BC2	41481
CoV|P0C6V9.189.BC1	22083
CoV|P0C6V9.189.BC2	30274
CoV|P0C6V9.190.BC1	12115
CoV|P0C6V9.190.BC2	34024
CoV|P0C6V9.191.BC1	22004
CoV|P0C6V9.191.BC2	17915
CoV|P0C6V9.192.BC1	37767
CoV|P0C6V9.192.BC2	39808
CoV|P0C6V9.193.BC1	39610
CoV|P0C6V9.193.BC2	25849
CoV|P0C6V9.194.BC1	36251
CoV|P0C6V9.194.BC2	16189
CoV|P0C6V9.195.BC1	9143
CoV|P0C6V9.195.BC2	30897
CoV|P0C6V9.196.BC1	12285
CoV|P0C6V9.196.BC2	11721
CoV|P0C6V9.197.BC1	21420
CoV|P0C6V9.197.BC2	17290
CoV|P0C6V9.198.BC1	20130
CoV|P0C6V9.198.BC2	31390
CoV|P0C6V9.199.BC1	38943
CoV|P0C6V9.199.BC2	42829
CoV|P0C6V9.200.BC1	18557
CoV|P0C6V9.200.BC2	26206
CoV|P0C6V9.201.BC1	28648
CoV|P0C6V9.201.BC2	40556
CoV|P0C6V9.202.BC1	27529
CoV|P0C6V9.202.BC2	18471
CoV|P0C6V9.203.BC1	25814
CoV|P0C6V9.203.BC2	51212
CoV|P0C6V9.204.BC1	40374
CoV|P0C6V9.204.BC2	23758
CoV|P0C6V9.205.BC1	15884
CoV|P0C6V9.205.BC2	19194
CoV|P0C6V9.206.BC1	52948
CoV|P0C6V9.206.BC2	45777
CoV|P0C6V9.207.BC1	32646
CoV|P0C6V9.207.BC2	22395
CoV|P0C6V9.208.BC1	19775
CoV|P0C6V9.208.BC2	12875
CoV|P0C6V9.209.BC1	22990
CoV|P0C6V9.209.BC2	27033
CoV|P0C6V9.210.BC1	46001
CoV|P0C6V9.210.BC2	47891
CoV|P0C6V9.211.BC1	50777
CoV|P0C6V9.211.BC2	2764
CoV|P0C6V9.212.BC1	20947
CoV|P0C6V9.212.BC2	8561
CoV|P0C6V9.213.BC1	39337
CoV|P0C6V9.213.BC2	37132
CoV|P0C6V9.214.BC1	26396
CoV|P0C6V9.214.BC2	25462
CoV|P0C6V9.215.BC1	7114
CoV|P0C6V9.215.BC2	16312
CoV|P0C6V9.216.BC1	11732
CoV|P0C6V9.216.BC2	15480
CoV|P0C6V9.217.BC1	16175
CoV|P0C6V9.217.BC2	7688
CoV|P0C6V9.218.BC1	8988
CoV|P0C6V9.218.BC2	7794
CoV|P0C6V9.219.BC1	26292
CoV|P0C6V9.219.BC2	28097
CoV|P0C6V9.220.BC1	24528
CoV|P0C6V9.220.BC2	41624
CoV|P0C6V9.221.BC1	29780
CoV|P0C6V9.221.BC2	28786
CoV|P0C6V9.222.BC1	32549
CoV|P0C6V9.222.BC2	29328
CoV|P0C6V9.223.BC1	16634
CoV|P0C6V9.223.BC2	11646
CoV|P0C6V9.224.BC1	17880
CoV|P0C6V9.224.BC2	11089
CoV|P0C6V9.225.BC1	32792
CoV|P0C6V9.225.BC2	51357
CoV|P0C6V9.226.BC1	42401
CoV|P0C6V9.226.BC2	27340
CoV|P0C6V9.227.BC1	62326
CoV|P0C6V9.227.BC2	41267
CoV|P0C6V9.228.BC1	17213
CoV|P0C6V9.228.BC2	13649
CoV|P0C6V9.229.BC1	10659
CoV|P0C6V9.229.BC2	16633
CoV|P0C6V9.230.BC1	40452
CoV|P0C6V9.230.BC2	31355
CoV|P0C6V9.231.BC1	26376
CoV|P0C6V9.231.BC2	16203
CoV|P0C6V9.232.BC1	18147
CoV|P0C6V9.232.BC2	28621
CoV|P0C6V9.233.BC1	73972
CoV|P0C6V9.233.BC2	70705
CoV|P0C6V9.234.BC1	29763
CoV|P0C6V9.234.BC2	31361
CoV|P0C6V9.235.BC1	19971
CoV|P0C6V9.235.BC2	27267
CoV|P0C6V9.236.BC1	14418
CoV|P0C6V9.236.BC2	20337
CoV|P0C6V9.237.BC1	13884
CoV|P0C6V9.237.BC2	11960
CoV|P0C6V9.238.BC1	16904
CoV|P0C6V9.238.BC2	22764
CoV|P0C6V9.239.BC1	20788
CoV|P0C6V9.239.BC2	12599
CoV|P0C6V9.240.BC1	4290
CoV|P0C6V9.240.BC2	13863
CoV|P0C6V9.241.BC1	13276
CoV|P0C6V9.241.BC2	6321
CoV|P0C6V9.242.BC1	22666
CoV|P0C6V9.242.BC2	13905
CoV|P0C6V9.243.BC1	34436
CoV|P0C6V9.243.BC2	22140
CoV|P0C6V9.244.BC1	55335
CoV|P0C6V9.244.BC2	46979
CoV|P0C6V9.245.BC1	22542
CoV|P0C6V9.245.BC2	27855
CoV|P0C6V9.246.BC1	12633
CoV|P0C6V9.246.BC2	13344
CoV|P0C6V9.247.BC1	12188
CoV|P0C6V9.247.BC2	19226
CoV|P0C6V9.248.BC1	10193
CoV|P0C6V9.248.BC2	3504
CoV|P0C6V9.249.BC1	11645
CoV|P0C6V9.249.BC2	6866
CoV|P0C6V9.250.BC1	34198
CoV|P0C6V9.250.BC2	16893
CoV|P0C6V9.251.BC1	23054
CoV|P0C6V9.251.BC2	19003
CoV|P0C6W2.10.BC1	19057
CoV|P0C6W2.10.BC2	25022
CoV|P0C6W2.100.BC1	7666
CoV|P0C6W2.100.BC2	20043
CoV|P0C6W2.101.BC1	15148
CoV|P0C6W2.101.BC2	18439
CoV|P0C6W2.102.BC1	4000
CoV|P0C6W2.102.BC2	21747
CoV|P0C6W2.103.BC1	41505
CoV|P0C6W2.103.BC2	34142
CoV|P0C6W2.104.BC1	24785
CoV|P0C6W2.104.BC2	26590
CoV|P0C6W2.105.BC1	22810
CoV|P0C6W2.105.BC2	36518
CoV|P0C6W2.106.BC1	15435
CoV|P0C6W2.106.BC2	14594
CoV|P0C6W2.107.BC1	13707
CoV|P0C6W2.107.BC2	30633
CoV|P0C6W2.108.BC1	34656
CoV|P0C6W2.108.BC2	43286
CoV|P0C6W2.109.BC1	48507
CoV|P0C6W2.109.BC2	44414
CoV|P0C6W2.11.BC1	48731
CoV|P0C6W2.11.BC2	59452
CoV|P0C6W2.110.BC1	22718
CoV|P0C6W2.110.BC2	22100
CoV|P0C6W2.111.BC1	2622
CoV|P0C6W2.111.BC2	8825
CoV|P0C6W2.112.BC1	16671
CoV|P0C6W2.112.BC2	14351
CoV|P0C6W2.113.BC1	18112
CoV|P0C6W2.113.BC2	13470
CoV|P0C6W2.114.BC1	39531
CoV|P0C6W2.114.BC2	26300
CoV|P0C6W2.115.BC1	50699
CoV|P0C6W2.115.BC2	14880
CoV|P0C6W2.116.BC1	12589
CoV|P0C6W2.116.BC2	39065
CoV|P0C6W2.117.BC1	12605
CoV|P0C6W2.117.BC2	18111
CoV|P0C6W2.118.BC1	14033
CoV|P0C6W2.118.BC2	16585
CoV|P0C6W2.119.BC1	14171
CoV|P0C6W2.119.BC2	29207
CoV|P0C6W2.12.BC1	21249
CoV|P0C6W2.12.BC2	14142
CoV|P0C6W2.120.BC1	17988
CoV|P0C6W2.120.BC2	24122
CoV|P0C6W2.121.BC1	14970
CoV|P0C6W2.121.BC2	9982
CoV|P0C6W2.122.BC1	6945
CoV|P0C6W2.122.BC2	12895
CoV|P0C6W2.123.BC1	26636
CoV|P0C6W2.123.BC2	33381
CoV|P0C6W2.124.BC1	20265
CoV|P0C6W2.124.BC2	17208
CoV|P0C6W2.125.BC1	19905
CoV|P0C6W2.125.BC2	18972
CoV|P0C6W2.126.BC1	21331
CoV|P0C6W2.126.BC2	4001
CoV|P0C6W2.127.BC1	26447
CoV|P0C6W2.127.BC2	14089
CoV|P0C6W2.128.BC1	44041
CoV|P0C6W2.128.BC2	57960
CoV|P0C6W2.129.BC1	26599
CoV|P0C6W2.129.BC2	35983
CoV|P0C6W2.13.BC1	14954
CoV|P0C6W2.13.BC2	19543
CoV|P0C6W2.130.BC1	27923
CoV|P0C6W2.130.BC2	27151
CoV|P0C6W2.131.BC1	18759
CoV|P0C6W2.131.BC2	24317
CoV|P0C6W2.132.BC1	38563
CoV|P0C6W2.132.BC2	39647
CoV|P0C6W2.133.BC1	87631
CoV|P0C6W2.133.BC2	72680
CoV|P0C6W2.134.BC1	14735
CoV|P0C6W2.134.BC2	8773
CoV|P0C6W2.135.BC1	23879
CoV|P0C6W2.135.BC2	24853
CoV|P0C6W2.136.BC1	18340
CoV|P0C6W2.136.BC2	12118
CoV|P0C6W2.137.BC1	9312
CoV|P0C6W2.137.BC2	11875
CoV|P0C6W2.138.BC1	9742
CoV|P0C6W2.138.BC2	10981
CoV|P0C6W2.139.BC1	28476
CoV|P0C6W2.139.BC2	48368
CoV|P0C6W2.14.BC1	12486
CoV|P0C6W2.14.BC2	15597
CoV|P0C6W2.140.BC1	32342
CoV|P0C6W2.140.BC2	41017
CoV|P0C6W2.141.BC1	40866
CoV|P0C6W2.141.BC2	43151
CoV|P0C6W2.142.BC1	38899
CoV|P0C6W2.142.BC2	40290
CoV|P0C6W2.143.BC1	14723
CoV|P0C6W2.143.BC2	18932
CoV|P0C6W2.144.BC1	30744
CoV|P0C6W2.144.BC2	14171
CoV|P0C6W2.145.BC1	34599
CoV|P0C6W2.145.BC2	29416
CoV|P0C6W2.146.BC1	65319
CoV|P0C6W2.146.BC2	31661
CoV|P0C6W2.147.BC1	33302
CoV|P0C6W2.147.BC2	43155
CoV|P0C6W2.148.BC1	23922
CoV|P0C6W2.148.BC2	17918
CoV|P0C6W2.149.BC1	32022
CoV|P0C6W2.149.BC2	17640
CoV|P0C6W2.15.BC1	12223
CoV|P0C6W2.15.BC2	13043
CoV|P0C6W2.150.BC1	18582
CoV|P0C6W2.150.BC2	5225
CoV|P0C6W2.151.BC1	20204
CoV|P0C6W2.151.BC2	21919
CoV|P0C6W2.152.BC1	17666
CoV|P0C6W2.152.BC2	19062
CoV|P0C6W2.153.BC1	16304
CoV|P0C6W2.153.BC2	14264
CoV|P0C6W2.154.BC1	27027
CoV|P0C6W2.154.BC2	30009
CoV|P0C6W2.155.BC1	55069
CoV|P0C6W2.155.BC2	34707
CoV|P0C6W2.156.BC1	17137
CoV|P0C6W2.156.BC2	30807
CoV|P0C6W2.157.BC1	7196
CoV|P0C6W2.157.BC2	8775
CoV|P0C6W2.158.BC1	28343
CoV|P0C6W2.158.BC2	12713
CoV|P0C6W2.159.BC1	11831
CoV|P0C6W2.159.BC2	38821
CoV|P0C6W2.16.BC1	3111
CoV|P0C6W2.16.BC2	6286
CoV|P0C6W2.160.BC1	21324
CoV|P0C6W2.160.BC2	15847
CoV|P0C6W2.161.BC1	5496
CoV|P0C6W2.161.BC2	25145
CoV|P0C6W2.162.BC1	14573
CoV|P0C6W2.162.BC2	27744
CoV|P0C6W2.163.BC1	17992
CoV|P0C6W2.163.BC2	10577
CoV|P0C6W2.164.BC1	20475
CoV|P0C6W2.164.BC2	14806
CoV|P0C6W2.165.BC1	6943
CoV|P0C6W2.165.BC2	11260
CoV|P0C6W2.166.BC1	18086
CoV|P0C6W2.166.BC2	9320
CoV|P0C6W2.167.BC1	25912
CoV|P0C6W2.167.BC2	15332
CoV|P0C6W2.168.BC1	20637
CoV|P0C6W2.168.BC2	40141
CoV|P0C6W2.169.BC1	19745
CoV|P0C6W2.169.BC2	46549
CoV|P0C6W2.17.BC1	33146
CoV|P0C6W2.17.BC2	38850
CoV|P0C6W2.170.BC1	35253
CoV|P0C6W2.170.BC2	24848
CoV|P0C6W2.171.BC1	8611
CoV|P0C6W2.171.BC2	14176
CoV|P0C6W2.172.BC1	6394
CoV|P0C6W2.172.BC2	3965
CoV|P0C6W2.173.BC1	37100
CoV|P0C6W2.173.BC2	34315
CoV|P0C6W2.174.BC1	38964
CoV|P0C6W2.174.BC2	24593
CoV|P0C6W2.175.BC1	29604
CoV|P0C6W2.175.BC2	18870
CoV|P0C6W2.176.BC1	37031
CoV|P0C6W2.176.BC2	23415
CoV|P0C6W2.177.BC1	36397
CoV|P0C6W2.177.BC2	16530
CoV|P0C6W2.178.BC1	5341
CoV|P0C6W2.178.BC2	11708
CoV|P0C6W2.179.BC1	23465
CoV|P0C6W2.179.BC2	38875
CoV|P0C6W2.18.BC1	881
CoV|P0C6W2.18.BC2	48326
CoV|P0C6W2.180.BC1	54094
CoV|P0C6W2.180.BC2	27614
CoV|P0C6W2.181.BC1	10618
CoV|P0C6W2.181.BC2	27454
CoV|P0C6W2.182.BC1	9467
CoV|P0C6W2.182.BC2	25587
CoV|P0C6W2.183.BC1	16863
CoV|P0C6W2.183.BC2	10210
CoV|P0C6W2.184.BC1	39997
CoV|P0C6W2.184.BC2	48448
CoV|P0C6W2.185.BC1	14787
CoV|P0C6W2.185.BC2	31719
CoV|P0C6W2.186.BC1	8648
CoV|P0C6W2.186.BC2	9579
CoV|P0C6W2.187.BC1	29610
CoV|P0C6W2.187.BC2	15143
CoV|P0C6W2.188.BC1	7415
CoV|P0C6W2.188.BC2	49451
CoV|P0C6W2.189.BC1	37445
CoV|P0C6W2.189.BC2	18953
CoV|P0C6W2.19.BC1	24085
CoV|P0C6W2.19.BC2	30771
CoV|P0C6W2.190.BC1	2944
CoV|P0C6W2.190.BC2	1575
CoV|P0C6W2.191.BC1	28426
CoV|P0C6W2.191.BC2	41609
CoV|P0C6W2.192.BC1	46965
CoV|P0C6W2.192.BC2	37273
CoV|P0C6W2.193.BC1	19256
CoV|P0C6W2.193.BC2	16109
CoV|P0C6W2.194.BC1	5582
CoV|P0C6W2.194.BC2	21254
CoV|P0C6W2.195.BC1	16418
CoV|P0C6W2.195.BC2	12991
CoV|P0C6W2.196.BC1	20306
CoV|P0C6W2.196.BC2	24582
CoV|P0C6W2.197.BC1	13860
CoV|P0C6W2.197.BC2	20981
CoV|P0C6W2.198.BC1	21434
CoV|P0C6W2.198.BC2	11155
CoV|P0C6W2.199.BC1	12292
CoV|P0C6W2.199.BC2	11532
CoV|P0C6W2.2.BC1	20123
CoV|P0C6W2.2.BC2	23528
CoV|P0C6W2.20.BC1	12047
CoV|P0C6W2.20.BC2	16724
CoV|P0C6W2.200.BC1	38249
CoV|P0C6W2.200.BC2	54699
CoV|P0C6W2.201.BC1	22143
CoV|P0C6W2.201.BC2	28295
CoV|P0C6W2.202.BC1	32067
CoV|P0C6W2.202.BC2	24136
CoV|P0C6W2.203.BC1	36209
CoV|P0C6W2.203.BC2	30228
CoV|P0C6W2.204.BC1	23633
CoV|P0C6W2.204.BC2	25410
CoV|P0C6W2.205.BC1	27105
CoV|P0C6W2.205.BC2	21051
CoV|P0C6W2.206.BC1	39454
CoV|P0C6W2.206.BC2	28758
CoV|P0C6W2.207.BC1	27388
CoV|P0C6W2.207.BC2	26303
CoV|P0C6W2.208.BC1	2372
CoV|P0C6W2.208.BC2	16038
CoV|P0C6W2.209.BC1	25501
CoV|P0C6W2.209.BC2	34173
CoV|P0C6W2.21.BC1	7971
CoV|P0C6W2.21.BC2	41416
CoV|P0C6W2.210.BC1	24788
CoV|P0C6W2.210.BC2	32691
CoV|P0C6W2.211.BC1	18102
CoV|P0C6W2.211.BC2	17643
CoV|P0C6W2.212.BC1	21388
CoV|P0C6W2.212.BC2	36939
CoV|P0C6W2.213.BC1	26443
CoV|P0C6W2.213.BC2	34279
CoV|P0C6W2.214.BC1	22617
CoV|P0C6W2.214.BC2	27609
CoV|P0C6W2.215.BC1	4543
CoV|P0C6W2.215.BC2	29252
CoV|P0C6W2.216.BC1	8620
CoV|P0C6W2.216.BC2	14833
CoV|P0C6W2.217.BC1	11362
CoV|P0C6W2.217.BC2	16426
CoV|P0C6W2.218.BC1	9292
CoV|P0C6W2.218.BC2	7447
CoV|P0C6W2.219.BC1	36603
CoV|P0C6W2.219.BC2	32641
CoV|P0C6W2.22.BC1	5089
CoV|P0C6W2.22.BC2	12995
CoV|P0C6W2.220.BC1	40557
CoV|P0C6W2.220.BC2	21007
CoV|P0C6W2.221.BC1	28644
CoV|P0C6W2.221.BC2	9196
CoV|P0C6W2.222.BC1	37558
CoV|P0C6W2.222.BC2	20415
CoV|P0C6W2.223.BC1	19156
CoV|P0C6W2.223.BC2	16179
CoV|P0C6W2.224.BC1	22402
CoV|P0C6W2.224.BC2	35256
CoV|P0C6W2.225.BC1	42931
CoV|P0C6W2.225.BC2	33504
CoV|P0C6W2.226.BC1	59750
CoV|P0C6W2.226.BC2	49310
CoV|P0C6W2.227.BC1	17239
CoV|P0C6W2.227.BC2	14574
CoV|P0C6W2.228.BC1	15204
CoV|P0C6W2.228.BC2	15452
CoV|P0C6W2.229.BC1	13730
CoV|P0C6W2.229.BC2	23820
CoV|P0C6W2.23.BC1	8148
CoV|P0C6W2.23.BC2	6934
CoV|P0C6W2.230.BC1	17894
CoV|P0C6W2.230.BC2	21917
CoV|P0C6W2.231.BC1	38987
CoV|P0C6W2.231.BC2	33230
CoV|P0C6W2.232.BC1	16004
CoV|P0C6W2.232.BC2	29786
CoV|P0C6W2.233.BC1	26417
CoV|P0C6W2.233.BC2	26879
CoV|P0C6W2.234.BC1	18817
CoV|P0C6W2.234.BC2	19362
CoV|P0C6W2.235.BC1	20892
CoV|P0C6W2.235.BC2	21833
CoV|P0C6W2.236.BC1	11545
CoV|P0C6W2.236.BC2	3691
CoV|P0C6W2.237.BC1	10476
CoV|P0C6W2.237.BC2	8505
CoV|P0C6W2.238.BC1	25554
CoV|P0C6W2.238.BC2	13300
CoV|P0C6W2.239.BC1	13244
CoV|P0C6W2.239.BC2	16186
CoV|P0C6W2.24.BC1	16561
CoV|P0C6W2.24.BC2	6985
CoV|P0C6W2.240.BC1	17000
CoV|P0C6W2.240.BC2	10730
CoV|P0C6W2.241.BC1	30035
CoV|P0C6W2.241.BC2	15263
CoV|P0C6W2.242.BC1	19622
CoV|P0C6W2.242.BC2	48562
CoV|P0C6W2.243.BC1	31010
CoV|P0C6W2.243.BC2	31354
CoV|P0C6W2.244.BC1	37401
CoV|P0C6W2.244.BC2	41065
CoV|P0C6W2.245.BC1	30478
CoV|P0C6W2.245.BC2	22889
CoV|P0C6W2.246.BC1	9461
CoV|P0C6W2.246.BC2	9347
CoV|P0C6W2.247.BC1	7615
CoV|P0C6W2.247.BC2	8338
CoV|P0C6W2.248.BC1	8563
CoV|P0C6W2.248.BC2	11652
CoV|P0C6W2.249.BC1	4804
CoV|P0C6W2.249.BC2	25611
CoV|P0C6W2.25.BC1	17486
CoV|P0C6W2.25.BC2	7437
CoV|P0C6W2.250.BC1	33213
CoV|P0C6W2.250.BC2	18691
CoV|P0C6W2.251.BC1	41815
CoV|P0C6W2.251.BC2	33409
CoV|P0C6W2.26.BC1	25517
CoV|P0C6W2.26.BC2	29555
CoV|P0C6W2.27.BC1	44113
CoV|P0C6W2.27.BC2	30322
CoV|P0C6W2.28.BC1	17614
CoV|P0C6W2.28.BC2	32579
CoV|P0C6W2.29.BC1	23219
CoV|P0C6W2.29.BC2	11452
CoV|P0C6W2.3.BC1	15880
CoV|P0C6W2.3.BC2	19257
CoV|P0C6W2.30.BC1	9504
CoV|P0C6W2.30.BC2	13076
CoV|P0C6W2.31.BC1	7200
CoV|P0C6W2.31.BC2	1929
CoV|P0C6W2.32.BC1	21331
CoV|P0C6W2.32.BC2	22291
CoV|P0C6W2.33.BC1	19116
CoV|P0C6W2.33.BC2	19749
CoV|P0C6W2.34.BC1	32409
CoV|P0C6W2.34.BC2	22293
CoV|P0C6W2.35.BC1	19685
CoV|P0C6W2.35.BC2	16111
CoV|P0C6W2.36.BC1	29648
CoV|P0C6W2.36.BC2	32257
CoV|P0C6W2.37.BC1	48611
CoV|P0C6W2.37.BC2	37281
CoV|P0C6W2.38.BC1	36374
CoV|P0C6W2.38.BC2	36962
CoV|P0C6W2.39.BC1	4453
CoV|P0C6W2.39.BC2	7775
CoV|P0C6W2.4.BC1	30424
CoV|P0C6W2.4.BC2	19568
CoV|P0C6W2.40.BC1	14699
CoV|P0C6W2.40.BC2	11366
CoV|P0C6W2.41.BC1	11992
CoV|P0C6W2.41.BC2	24317
CoV|P0C6W2.42.BC1	6986
CoV|P0C6W2.42.BC2	14919
CoV|P0C6W2.43.BC1	30686
CoV|P0C6W2.43.BC2	28028
CoV|P0C6W2.44.BC1	27543
CoV|P0C6W2.44.BC2	36160
CoV|P0C6W2.45.BC1	29282
CoV|P0C6W2.45.BC2	42712
CoV|P0C6W2.46.BC1	25256
CoV|P0C6W2.46.BC2	16570
CoV|P0C6W2.47.BC1	12459
CoV|P0C6W2.47.BC2	12109
CoV|P0C6W2.48.BC1	18572
CoV|P0C6W2.48.BC2	6511
CoV|P0C6W2.49.BC1	23969
CoV|P0C6W2.49.BC2	20001
CoV|P0C6W2.5.BC1	20206
CoV|P0C6W2.5.BC2	61874
CoV|P0C6W2.50.BC1	40182
CoV|P0C6W2.50.BC2	40706
CoV|P0C6W2.51.BC1	23472
CoV|P0C6W2.51.BC2	39035
CoV|P0C6W2.52.BC1	38323
CoV|P0C6W2.52.BC2	29793
CoV|P0C6W2.53.BC1	27325
CoV|P0C6W2.53.BC2	23144
CoV|P0C6W2.54.BC1	13912
CoV|P0C6W2.54.BC2	20578
CoV|P0C6W2.55.BC1	41019
CoV|P0C6W2.55.BC2	29822
CoV|P0C6W2.56.BC1	39828
CoV|P0C6W2.56.BC2	28971
CoV|P0C6W2.57.BC1	12538
CoV|P0C6W2.57.BC2	17893
CoV|P0C6W2.58.BC1	23549
CoV|P0C6W2.58.BC2	11415
CoV|P0C6W2.59.BC1	4760
CoV|P0C6W2.59.BC2	17367
CoV|P0C6W2.6.BC1	9473
CoV|P0C6W2.6.BC2	11692
CoV|P0C6W2.60.BC1	10152
CoV|P0C6W2.60.BC2	16279
CoV|P0C6W2.61.BC1	29635
CoV|P0C6W2.61.BC2	31364
CoV|P0C6W2.62.BC1	28014
CoV|P0C6W2.62.BC2	8198
CoV|P0C6W2.63.BC1	22924
CoV|P0C6W2.63.BC2	13790
CoV|P0C6W2.64.BC1	11636
CoV|P0C6W2.64.BC2	14395
CoV|P0C6W2.65.BC1	29693
CoV|P0C6W2.65.BC2	19067
CoV|P0C6W2.66.BC1	31820
CoV|P0C6W2.66.BC2	18055
CoV|P0C6W2.67.BC1	46355
CoV|P0C6W2.67.BC2	63523
CoV|P0C6W2.68.BC1	14400
CoV|P0C6W2.68.BC2	7942
CoV|P0C6W2.69.BC1	20616
CoV|P0C6W2.69.BC2	12501
CoV|P0C6W2.7.BC1	9490
CoV|P0C6W2.7.BC2	5207
CoV|P0C6W2.70.BC1	19211
CoV|P0C6W2.70.BC2	25395
CoV|P0C6W2.71.BC1	11323
CoV|P0C6W2.71.BC2	22068
CoV|P0C6W2.72.BC1	32752
CoV|P0C6W2.72.BC2	33263
CoV|P0C6W2.73.BC1	38350
CoV|P0C6W2.73.BC2	27717
CoV|P0C6W2.74.BC1	11017
CoV|P0C6W2.74.BC2	19811
CoV|P0C6W2.75.BC1	20750
CoV|P0C6W2.75.BC2	25447
CoV|P0C6W2.76.BC1	11265
CoV|P0C6W2.76.BC2	2736
CoV|P0C6W2.77.BC1	17287
CoV|P0C6W2.77.BC2	10609
CoV|P0C6W2.78.BC1	32024
CoV|P0C6W2.78.BC2	40278
CoV|P0C6W2.79.BC1	20656
CoV|P0C6W2.79.BC2	24521
CoV|P0C6W2.8.BC1	11897
CoV|P0C6W2.8.BC2	35732
CoV|P0C6W2.80.BC1	6563
CoV|P0C6W2.80.BC2	10326
CoV|P0C6W2.81.BC1	14181
CoV|P0C6W2.81.BC2	32914
CoV|P0C6W2.82.BC1	13473
CoV|P0C6W2.82.BC2	12110
CoV|P0C6W2.83.BC1	16335
CoV|P0C6W2.83.BC2	39454
CoV|P0C6W2.84.BC1	22755
CoV|P0C6W2.84.BC2	8036
CoV|P0C6W2.85.BC1	36226
CoV|P0C6W2.85.BC2	12098
CoV|P0C6W2.86.BC1	38086
CoV|P0C6W2.86.BC2	8464
CoV|P0C6W2.87.BC1	16295
CoV|P0C6W2.87.BC2	23450
CoV|P0C6W2.88.BC1	25652
CoV|P0C6W2.88.BC2	32542
CoV|P0C6W2.89.BC1	25115
CoV|P0C6W2.89.BC2	28797
CoV|P0C6W2.9.BC1	21535
CoV|P0C6W2.9.BC2	19388
CoV|P0C6W2.90.BC1	26743
CoV|P0C6W2.90.BC2	22865
CoV|P0C6W2.91.BC1	6598
CoV|P0C6W2.91.BC2	9624
CoV|P0C6W2.92.BC1	32880
CoV|P0C6W2.92.BC2	37265
CoV|P0C6W2.93.BC1	17182
CoV|P0C6W2.93.BC2	36733
CoV|P0C6W2.94.BC1	21646
CoV|P0C6W2.94.BC2	33602
CoV|P0C6W2.95.BC1	17645
CoV|P0C6W2.95.BC2	38590
CoV|P0C6W2.96.BC1	10220
CoV|P0C6W2.96.BC2	6434
CoV|P0C6W2.97.BC1	25121
CoV|P0C6W2.97.BC2	24954
CoV|P0C6W2.98.BC1	31332
CoV|P0C6W2.98.BC2	35948
CoV|P0C6W2.99.BC1	27189
CoV|P0C6W2.99.BC2	42895
CoV|P0C6W6.155.BC1	54994
CoV|P0C6W6.155.BC2	34395
CoV|P0C6W6.156.BC1	15021
CoV|P0C6W6.156.BC2	17586
CoV|P0C6W6.157.BC1	25845
CoV|P0C6W6.157.BC2	22700
CoV|P0C6W6.158.BC1	26919
CoV|P0C6W6.158.BC2	12655
CoV|P0C6W6.159.BC1	22484
CoV|P0C6W6.159.BC2	25585
CoV|P0C6W6.160.BC1	4541
CoV|P0C6W6.160.BC2	16807
CoV|P0C6W6.161.BC1	12130
CoV|P0C6W6.161.BC2	21960
CoV|P0C6W6.162.BC1	25354
CoV|P0C6W6.162.BC2	11758
CoV|P0C6W6.163.BC1	22638
CoV|P0C6W6.163.BC2	16763
CoV|P0C6W6.164.BC1	17254
CoV|P0C6W6.164.BC2	13121
CoV|P0C6W6.165.BC1	26967
CoV|P0C6W6.165.BC2	12183
CoV|P0C6W6.166.BC1	17245
CoV|P0C6W6.166.BC2	14357
CoV|P0C6W6.167.BC1	14888
CoV|P0C6W6.167.BC2	25976
CoV|P0C6W6.168.BC1	26465
CoV|P0C6W6.168.BC2	26724
CoV|P0C6W6.169.BC1	12612
CoV|P0C6W6.169.BC2	37302
CoV|P0C6W6.170.BC1	13795
CoV|P0C6W6.170.BC2	11905
CoV|P0C6W6.171.BC1	18392
CoV|P0C6W6.171.BC2	15636
CoV|P0C6W6.172.BC1	4606
CoV|P0C6W6.172.BC2	10854
CoV|P0C6W6.173.BC1	33664
CoV|P0C6W6.173.BC2	30351
CoV|P0C6W6.174.BC1	18075
CoV|P0C6W6.174.BC2	35644
CoV|P0C6W6.175.BC1	12700
CoV|P0C6W6.175.BC2	16980
CoV|P0C6W6.176.BC1	18599
CoV|P0C6W6.176.BC2	19216
CoV|P0C6W6.177.BC1	42528
CoV|P0C6W6.177.BC2	26650
CoV|P0C6W6.178.BC1	7990
CoV|P0C6W6.178.BC2	22617
CoV|P0C6W6.179.BC1	13646
CoV|P0C6W6.179.BC2	17390
CoV|P0C6W6.180.BC1	87806
CoV|P0C6W6.180.BC2	34905
CoV|P0C6W6.181.BC1	18021
CoV|P0C6W6.181.BC2	26441
CoV|P0C6W6.182.BC1	11902
CoV|P0C6W6.182.BC2	13056
CoV|P0C6W6.183.BC1	16970
CoV|P0C6W6.183.BC2	7972
CoV|P0C6W6.184.BC1	25661
CoV|P0C6W6.184.BC2	24546
CoV|P0C6W6.185.BC1	49089
CoV|P0C6W6.185.BC2	41759
CoV|P0C6W6.186.BC1	12201
CoV|P0C6W6.186.BC2	7686
CoV|P0C6W6.187.BC1	8390
CoV|P0C6W6.187.BC2	7171
CoV|P0C6W6.188.BC1	25041
CoV|P0C6W6.188.BC2	11341
CoV|P0C6W6.189.BC1	25343
CoV|P0C6W6.189.BC2	21476
CoV|P0C6W6.190.BC1	23047
CoV|P0C6W6.190.BC2	32162
CoV|P0C6W6.191.BC1	30854
CoV|P0C6W6.191.BC2	36872
CoV|P0C6W6.192.BC1	19631
CoV|P0C6W6.192.BC2	23386
CoV|P0C6W6.193.BC1	19591
CoV|P0C6W6.193.BC2	25827
CoV|P0C6W6.194.BC1	27767
CoV|P0C6W6.194.BC2	26406
CoV|P0C6W6.195.BC1	10334
CoV|P0C6W6.195.BC2	10976
CoV|P0C6W6.196.BC1	23275
CoV|P0C6W6.196.BC2	13943
CoV|P0C6W6.197.BC1	11647
CoV|P0C6W6.197.BC2	11788
CoV|P0C6W6.198.BC1	18890
CoV|P0C6W6.198.BC2	38268
CoV|P0C6W6.199.BC1	16928
CoV|P0C6W6.199.BC2	8998
CoV|P0C6W6.200.BC1	40272
CoV|P0C6W6.200.BC2	38772
CoV|P0C6W6.201.BC1	23125
CoV|P0C6W6.201.BC2	25051
CoV|P0C6W6.202.BC1	31638
CoV|P0C6W6.202.BC2	51358
CoV|P0C6W6.203.BC1	48447
CoV|P0C6W6.203.BC2	22876
CoV|P0C6W6.204.BC1	32279
CoV|P0C6W6.204.BC2	17493
CoV|P0C6W6.205.BC1	28019
CoV|P0C6W6.205.BC2	29161
CoV|P0C6W6.206.BC1	22915
CoV|P0C6W6.206.BC2	37493
CoV|P0C6W6.207.BC1	33131
CoV|P0C6W6.207.BC2	18082
CoV|P0C6W6.208.BC1	12017
CoV|P0C6W6.208.BC2	14630
CoV|P0C6W6.209.BC1	24581
CoV|P0C6W6.209.BC2	24812
CoV|P0C6W6.210.BC1	22318
CoV|P0C6W6.210.BC2	23078
CoV|P0C6W6.211.BC1	16794
CoV|P0C6W6.211.BC2	14719
CoV|P0C6W6.212.BC1	14721
CoV|P0C6W6.212.BC2	37773
CoV|P0C6W6.213.BC1	10693
CoV|P0C6W6.213.BC2	19814
CoV|P0C6W6.214.BC1	24533
CoV|P0C6W6.214.BC2	14100
CoV|P0C6W6.215.BC1	25154
CoV|P0C6W6.215.BC2	7207
CoV|P0C6W6.216.BC1	10005
CoV|P0C6W6.216.BC2	10667
CoV|P0C6W6.217.BC1	11700
CoV|P0C6W6.217.BC2	20235
CoV|P0C6W6.218.BC1	33369
CoV|P0C6W6.218.BC2	14130
CoV|P0C6W6.219.BC1	32293
CoV|P0C6W6.219.BC2	25518
CoV|P0C6W6.220.BC1	19221
CoV|P0C6W6.220.BC2	33257
CoV|P0C6W6.221.BC1	32590
CoV|P0C6W6.221.BC2	16891
CoV|P0C6W6.222.BC1	25472
CoV|P0C6W6.222.BC2	23851
CoV|P0C6W6.223.BC1	16952
CoV|P0C6W6.223.BC2	21640
CoV|P0C6W6.224.BC1	37710
CoV|P0C6W6.224.BC2	22885
CoV|P0C6W6.225.BC1	22799
CoV|P0C6W6.225.BC2	32278
CoV|P0C6W6.226.BC1	44102
CoV|P0C6W6.226.BC2	27301
CoV|P0C6W6.227.BC1	13051
CoV|P0C6W6.227.BC2	4936
CoV|P0C6W6.228.BC1	5194
CoV|P0C6W6.228.BC2	9131
CoV|P0C6W6.229.BC1	24463
CoV|P0C6W6.229.BC2	25500
CoV|P0C6W6.230.BC1	33546
CoV|P0C6W6.230.BC2	37952
CoV|P0C6W6.231.BC1	35591
CoV|P0C6W6.231.BC2	53951
CoV|P0C6W6.232.BC1	25928
CoV|P0C6W6.232.BC2	35308
CoV|P0C6W6.233.BC1	49183
CoV|P0C6W6.233.BC2	34048
CoV|P0C6W6.234.BC1	12757
CoV|P0C6W6.234.BC2	27948
CoV|P0C6W6.235.BC1	34722
CoV|P0C6W6.235.BC2	5305
CoV|P0C6W6.236.BC1	4101
CoV|P0C6W6.236.BC2	13832
CoV|P0C6W6.237.BC1	4067
CoV|P0C6W6.237.BC2	9540
CoV|P0C6W6.238.BC1	24637
CoV|P0C6W6.238.BC2	14609
CoV|P0C6W6.239.BC1	8485
CoV|P0C6W6.239.BC2	12028
CoV|P0C6W6.240.BC1	6543
CoV|P0C6W6.240.BC2	10956
CoV|P0C6W6.241.BC1	13089
CoV|P0C6W6.241.BC2	15642
CoV|P0C6W6.242.BC1	8831
CoV|P0C6W6.242.BC2	6901
CoV|P0C6W6.243.BC1	15314
CoV|P0C6W6.243.BC2	39732
CoV|P0C6W6.244.BC1	49920
CoV|P0C6W6.244.BC2	40400
CoV|P0C6W6.245.BC1	24517
CoV|P0C6W6.245.BC2	28469
CoV|P0C6W6.246.BC1	15018
CoV|P0C6W6.246.BC2	4072
CoV|P0C6W6.247.BC1	11873
CoV|P0C6W6.247.BC2	12105
CoV|P0C6W6.248.BC1	9568
CoV|P0C6W6.248.BC2	9967
CoV|P0C6W6.249.BC1	25234
CoV|P0C6W6.249.BC2	19299
CoV|P0C6W6.250.BC1	22540
CoV|P0C6W6.250.BC2	12240
CoV|P0C6X1.144.BC1	31684
CoV|P0C6X1.144.BC2	50966
CoV|P0C6X1.145.BC1	11769
CoV|P0C6X1.145.BC2	20824
CoV|P0C6X1.146.BC1	19723
CoV|P0C6X1.146.BC2	3367
CoV|P0C6X1.147.BC1	11195
CoV|P0C6X1.147.BC2	2978
CoV|P0C6X1.148.BC1	26893
CoV|P0C6X1.148.BC2	29350
CoV|P0C6X1.149.BC1	8280
CoV|P0C6X1.149.BC2	10816
CoV|P0C6X1.150.BC1	8693
CoV|P0C6X1.150.BC2	8061
CoV|P0C6X1.151.BC1	7596
CoV|P0C6X1.151.BC2	17486
CoV|P0C6X1.152.BC1	17827
CoV|P0C6X1.152.BC2	24575
CoV|P0C6X1.153.BC1	21241
CoV|P0C6X1.153.BC2	25345
CoV|P0C6X1.154.BC1	19277
CoV|P0C6X1.154.BC2	18607
CoV|P0C6X1.155.BC1	32852
CoV|P0C6X1.155.BC2	36358
CoV|P0C6X1.156.BC1	10784
CoV|P0C6X1.156.BC2	11134
CoV|P0C6X1.157.BC1	10087
CoV|P0C6X1.157.BC2	10014
CoV|P0C6X1.158.BC1	29241
CoV|P0C6X1.158.BC2	17443
CoV|P0C6X1.159.BC1	15992
CoV|P0C6X1.159.BC2	12781
CoV|P0C6X1.160.BC1	34609
CoV|P0C6X1.160.BC2	17772
CoV|P0C6X1.161.BC1	22894
CoV|P0C6X1.161.BC2	16835
CoV|P0C6X1.162.BC1	13649
CoV|P0C6X1.162.BC2	29706
CoV|P0C6X1.163.BC1	30162
CoV|P0C6X1.163.BC2	26997
CoV|P0C6X1.164.BC1	44450
CoV|P0C6X1.164.BC2	37729
CoV|P0C6X1.165.BC1	17994
CoV|P0C6X1.165.BC2	22272
CoV|P0C6X1.166.BC1	32265
CoV|P0C6X1.166.BC2	25023
CoV|P0C6X1.167.BC1	32093
CoV|P0C6X1.167.BC2	16367
CoV|P0C6X1.168.BC1	7239
CoV|P0C6X1.168.BC2	16820
CoV|P0C6X1.169.BC1	12614
CoV|P0C6X1.169.BC2	15627
CoV|P0C6X1.170.BC1	8516
CoV|P0C6X1.170.BC2	15919
CoV|P0C6X1.171.BC1	15467
CoV|P0C6X1.171.BC2	34371
CoV|P0C6X1.172.BC1	24397
CoV|P0C6X1.172.BC2	18954
CoV|P0C6X1.173.BC1	13737
CoV|P0C6X1.173.BC2	10434
CoV|P0C6X1.174.BC1	16661
CoV|P0C6X1.174.BC2	19666
CoV|P0C6X1.175.BC1	7992
CoV|P0C6X1.175.BC2	15411
CoV|P0C6X1.176.BC1	10610
CoV|P0C6X1.176.BC2	5578
CoV|P0C6X1.177.BC1	8517
CoV|P0C6X1.177.BC2	10114
CoV|P0C6X1.178.BC1	12474
CoV|P0C6X1.178.BC2	10998
CoV|P0C6X1.179.BC1	12079
CoV|P0C6X1.179.BC2	28430
CoV|P0C6X1.180.BC1	44654
CoV|P0C6X1.180.BC2	48632
CoV|P0C6X1.181.BC1	42900
CoV|P0C6X1.181.BC2	29820
CoV|P0C6X1.182.BC1	28052
CoV|P0C6X1.182.BC2	23416
CoV|P0C6X1.183.BC1	18336
CoV|P0C6X1.183.BC2	22877
CoV|P0C6X1.184.BC1	18714
CoV|P0C6X1.184.BC2	17978
CoV|P0C6X1.185.BC1	13655
CoV|P0C6X1.185.BC2	20265
CoV|P0C6X1.186.BC1	17872
CoV|P0C6X1.186.BC2	2308
CoV|P0C6X1.187.BC1	30389
CoV|P0C6X1.187.BC2	28686
CoV|P0C6X1.188.BC1	33833
CoV|P0C6X1.188.BC2	22256
CoV|P0C6X1.189.BC1	30663
CoV|P0C6X1.189.BC2	22280
CoV|P0C6X1.190.BC1	55729
CoV|P0C6X1.190.BC2	28056
CoV|P0C6X1.191.BC1	25997
CoV|P0C6X1.191.BC2	17516
CoV|P0C6X1.192.BC1	28030
CoV|P0C6X1.192.BC2	51507
CoV|P0C6X1.193.BC1	22586
CoV|P0C6X1.193.BC2	26822
CoV|P0C6X1.194.BC1	14307
CoV|P0C6X1.194.BC2	25816
CoV|P0C6X1.195.BC1	26251
CoV|P0C6X1.195.BC2	19062
CoV|P0C6X1.196.BC1	29574
CoV|P0C6X1.196.BC2	29235
CoV|P0C6X1.197.BC1	15120
CoV|P0C6X1.197.BC2	34642
CoV|P0C6X1.198.BC1	21802
CoV|P0C6X1.198.BC2	34146
CoV|P0C6X1.199.BC1	33804
CoV|P0C6X1.199.BC2	51305
CoV|P0C6X1.200.BC1	23946
CoV|P0C6X1.200.BC2	34298
CoV|P0C6X1.201.BC1	59582
CoV|P0C6X1.201.BC2	31729
CoV|P0C6X1.202.BC1	40571
CoV|P0C6X1.202.BC2	20573
CoV|P0C6X1.203.BC1	32579
CoV|P0C6X1.203.BC2	33699
CoV|P0C6X1.204.BC1	42136
CoV|P0C6X1.204.BC2	6242
CoV|P0C6X1.205.BC1	14446
CoV|P0C6X1.205.BC2	21244
CoV|P0C6X1.206.BC1	10717
CoV|P0C6X1.206.BC2	20457
CoV|P0C6X1.207.BC1	31739
CoV|P0C6X1.207.BC2	35795
CoV|P0C6X1.208.BC1	24243
CoV|P0C6X1.208.BC2	19078
CoV|P0C6X1.209.BC1	34954
CoV|P0C6X1.209.BC2	13732
CoV|P0C6X1.210.BC1	60444
CoV|P0C6X1.210.BC2	18382
CoV|P0C6X1.211.BC1	29797
CoV|P0C6X1.211.BC2	19153
CoV|P0C6X1.212.BC1	33868
CoV|P0C6X1.212.BC2	24372
CoV|P0C6X1.213.BC1	13956
CoV|P0C6X1.213.BC2	24199
CoV|P0C6X1.214.BC1	46853
CoV|P0C6X1.214.BC2	71730
CoV|P0C6X1.215.BC1	35154
CoV|P0C6X1.215.BC2	30766
CoV|P0C6X1.216.BC1	8956
CoV|P0C6X1.216.BC2	17814
CoV|P0C6X1.217.BC1	9175
CoV|P0C6X1.217.BC2	11030
CoV|P0C6X1.218.BC1	35598
CoV|P0C6X1.218.BC2	35975
CoV|P0C6X1.219.BC1	24549
CoV|P0C6X1.219.BC2	25402
CoV|P0C6X1.220.BC1	21844
CoV|P0C6X1.220.BC2	20643
CoV|P0C6X1.221.BC1	26600
CoV|P0C6X1.221.BC2	31311
CoV|P0C6X1.222.BC1	25000
CoV|P0C6X1.222.BC2	28426
CoV|P0C6X1.223.BC1	22962
CoV|P0C6X1.223.BC2	40586
CoV|P0C6X1.224.BC1	36049
CoV|P0C6X1.224.BC2	32731
CoV|P0C6X1.225.BC1	20572
CoV|P0C6X1.225.BC2	19648
CoV|P0C6X1.226.BC1	11279
CoV|P0C6X1.226.BC2	16719
CoV|P0C6X1.227.BC1	5878
CoV|P0C6X1.227.BC2	7616
CoV|P0C6X1.228.BC1	8389
CoV|P0C6X1.228.BC2	4296
CoV|P0C6X1.229.BC1	13842
CoV|P0C6X1.229.BC2	8490
CoV|P0C6X1.230.BC1	9324
CoV|P0C6X1.230.BC2	21055
CoV|P0C6X1.231.BC1	21037
CoV|P0C6X1.231.BC2	34855
CoV|P0C6X1.232.BC1	47275
CoV|P0C6X1.232.BC2	37300
CoV|P0C6X1.233.BC1	28840
CoV|P0C6X1.233.BC2	21712
CoV|P0C6X1.234.BC1	42325
CoV|P0C6X1.234.BC2	40960
CoV|P0C6X1.235.BC1	1594
CoV|P0C6X1.235.BC2	3966
CoV|P0C6X1.236.BC1	100
CoV|P0C6X1.236.BC2	5644
CoV|P0C6X1.237.BC1	15212
CoV|P0C6X1.237.BC2	14451
CoV|P0C6X1.238.BC1	6141
CoV|P0C6X1.238.BC2	19560
CoV|P0C6X1.239.BC1	25612
CoV|P0C6X1.239.BC2	11100
CoV|P0C6X1.240.BC1	15018
CoV|P0C6X1.240.BC2	29135
CoV|P0C6X3.0.BC1	43387
CoV|P0C6X3.0.BC2	34258
CoV|P0C6X3.1.BC1	24835
CoV|P0C6X3.1.BC2	33411
CoV|P0C6X3.10.BC1	11274
CoV|P0C6X3.10.BC2	13186
CoV|P0C6X3.100.BC1	194
CoV|P0C6X3.100.BC2	11985
CoV|P0C6X3.101.BC1	26276
CoV|P0C6X3.101.BC2	7357
CoV|P0C6X3.102.BC1	11687
CoV|P0C6X3.102.BC2	19861
CoV|P0C6X3.103.BC1	4101
CoV|P0C6X3.103.BC2	20527
CoV|P0C6X3.104.BC1	21869
CoV|P0C6X3.104.BC2	16652
CoV|P0C6X3.105.BC1	31249
CoV|P0C6X3.105.BC2	31241
CoV|P0C6X3.106.BC1	25485
CoV|P0C6X3.106.BC2	56414
CoV|P0C6X3.107.BC1	26837
CoV|P0C6X3.107.BC2	1078
CoV|P0C6X3.108.BC1	4351
CoV|P0C6X3.108.BC2	674
CoV|P0C6X3.109.BC1	1566
CoV|P0C6X3.109.BC2	2526
CoV|P0C6X3.11.BC1	17733
CoV|P0C6X3.11.BC2	14502
CoV|P0C6X3.110.BC1	33807
CoV|P0C6X3.110.BC2	21004
CoV|P0C6X3.111.BC1	24668
CoV|P0C6X3.111.BC2	23691
CoV|P0C6X3.112.BC1	30171
CoV|P0C6X3.112.BC2	35250
CoV|P0C6X3.113.BC1	24150
CoV|P0C6X3.113.BC2	20967
CoV|P0C6X3.114.BC1	17556
CoV|P0C6X3.114.BC2	8718
CoV|P0C6X3.115.BC1	31315
CoV|P0C6X3.115.BC2	27625
CoV|P0C6X3.116.BC1	32153
CoV|P0C6X3.116.BC2	15783
CoV|P0C6X3.117.BC1	48968
CoV|P0C6X3.117.BC2	25102
CoV|P0C6X3.118.BC1	39881
CoV|P0C6X3.118.BC2	8752
CoV|P0C6X3.119.BC1	15454
CoV|P0C6X3.119.BC2	12986
CoV|P0C6X3.12.BC1	28307
CoV|P0C6X3.12.BC2	22870
CoV|P0C6X3.120.BC1	7454
CoV|P0C6X3.120.BC2	17745
CoV|P0C6X3.121.BC1	7523
CoV|P0C6X3.121.BC2	1290
CoV|P0C6X3.122.BC1	17115
CoV|P0C6X3.122.BC2	8411
CoV|P0C6X3.123.BC1	26634
CoV|P0C6X3.123.BC2	23909
CoV|P0C6X3.124.BC1	19984
CoV|P0C6X3.124.BC2	24650
CoV|P0C6X3.125.BC1	15680
CoV|P0C6X3.125.BC2	18381
CoV|P0C6X3.126.BC1	7231
CoV|P0C6X3.126.BC2	6132
CoV|P0C6X3.127.BC1	4161
CoV|P0C6X3.127.BC2	10299
CoV|P0C6X3.128.BC1	24291
CoV|P0C6X3.128.BC2	21959
CoV|P0C6X3.129.BC1	37845
CoV|P0C6X3.129.BC2	44558
CoV|P0C6X3.13.BC1	16621
CoV|P0C6X3.13.BC2	13123
CoV|P0C6X3.130.BC1	32742
CoV|P0C6X3.130.BC2	7935
CoV|P0C6X3.131.BC1	45137
CoV|P0C6X3.131.BC2	28872
CoV|P0C6X3.132.BC1	17893
CoV|P0C6X3.132.BC2	36809
CoV|P0C6X3.133.BC1	41685
CoV|P0C6X3.133.BC2	23935
CoV|P0C6X3.134.BC1	33678
CoV|P0C6X3.134.BC2	10070
CoV|P0C6X3.135.BC1	16415
CoV|P0C6X3.135.BC2	18435
CoV|P0C6X3.136.BC1	255
CoV|P0C6X3.136.BC2	19995
CoV|P0C6X3.137.BC1	15313
CoV|P0C6X3.137.BC2	16475
CoV|P0C6X3.138.BC1	8098
CoV|P0C6X3.138.BC2	16763
CoV|P0C6X3.139.BC1	28295
CoV|P0C6X3.139.BC2	5005
CoV|P0C6X3.14.BC1	24291
CoV|P0C6X3.14.BC2	19198
CoV|P0C6X3.140.BC1	6042
CoV|P0C6X3.140.BC2	21660
CoV|P0C6X3.141.BC1	6998
CoV|P0C6X3.141.BC2	18211
CoV|P0C6X3.142.BC1	19658
CoV|P0C6X3.142.BC2	29404
CoV|P0C6X3.143.BC1	51112
CoV|P0C6X3.143.BC2	29855
CoV|P0C6X3.144.BC1	16760
CoV|P0C6X3.144.BC2	14463
CoV|P0C6X3.145.BC1	11958
CoV|P0C6X3.145.BC2	11300
CoV|P0C6X3.146.BC1	6202
CoV|P0C6X3.146.BC2	23008
CoV|P0C6X3.147.BC1	7505
CoV|P0C6X3.147.BC2	13368
CoV|P0C6X3.148.BC1	22079
CoV|P0C6X3.148.BC2	20812
CoV|P0C6X3.149.BC1	42587
CoV|P0C6X3.149.BC2	33101
CoV|P0C6X3.15.BC1	22447
CoV|P0C6X3.15.BC2	14463
CoV|P0C6X3.150.BC1	10537
CoV|P0C6X3.150.BC2	27821
CoV|P0C6X3.151.BC1	8789
CoV|P0C6X3.151.BC2	15338
CoV|P0C6X3.152.BC1	13049
CoV|P0C6X3.152.BC2	16756
CoV|P0C6X3.153.BC1	16004
CoV|P0C6X3.153.BC2	17054
CoV|P0C6X3.154.BC1	13841
CoV|P0C6X3.154.BC2	12641
CoV|P0C6X3.155.BC1	14451
CoV|P0C6X3.155.BC2	14785
CoV|P0C6X3.156.BC1	20416
CoV|P0C6X3.156.BC2	25239
CoV|P0C6X3.157.BC1	47835
CoV|P0C6X3.157.BC2	28204
CoV|P0C6X3.158.BC1	29461
CoV|P0C6X3.158.BC2	29226
CoV|P0C6X3.159.BC1	11805
CoV|P0C6X3.159.BC2	11959
CoV|P0C6X3.16.BC1	17737
CoV|P0C6X3.16.BC2	28046
CoV|P0C6X3.160.BC1	31611
CoV|P0C6X3.160.BC2	29603
CoV|P0C6X3.161.BC1	37490
CoV|P0C6X3.161.BC2	22576
CoV|P0C6X3.162.BC1	22625
CoV|P0C6X3.162.BC2	14632
CoV|P0C6X3.163.BC1	30002
CoV|P0C6X3.163.BC2	16150
CoV|P0C6X3.164.BC1	10387
CoV|P0C6X3.164.BC2	10888
CoV|P0C6X3.165.BC1	18219
CoV|P0C6X3.165.BC2	5046
CoV|P0C6X3.166.BC1	15418
CoV|P0C6X3.166.BC2	3812
CoV|P0C6X3.167.BC1	21468
CoV|P0C6X3.167.BC2	11386
CoV|P0C6X3.168.BC1	12801
CoV|P0C6X3.168.BC2	19815
CoV|P0C6X3.169.BC1	23323
CoV|P0C6X3.169.BC2	6990
CoV|P0C6X3.17.BC1	5204
CoV|P0C6X3.17.BC2	17541
CoV|P0C6X3.170.BC1	24123
CoV|P0C6X3.170.BC2	19950
CoV|P0C6X3.171.BC1	3979
CoV|P0C6X3.171.BC2	12243
CoV|P0C6X3.172.BC1	11110
CoV|P0C6X3.172.BC2	21723
CoV|P0C6X3.173.BC1	5690
CoV|P0C6X3.173.BC2	4825
CoV|P0C6X3.174.BC1	16256
CoV|P0C6X3.174.BC2	6525
CoV|P0C6X3.175.BC1	15801
CoV|P0C6X3.175.BC2	29118
CoV|P0C6X3.176.BC1	34919
CoV|P0C6X3.176.BC2	30322
CoV|P0C6X3.177.BC1	30785
CoV|P0C6X3.177.BC2	27527
CoV|P0C6X3.178.BC1	19665
CoV|P0C6X3.178.BC2	22835
CoV|P0C6X3.179.BC1	23349
CoV|P0C6X3.179.BC2	38594
CoV|P0C6X3.18.BC1	22684
CoV|P0C6X3.18.BC2	27338
CoV|P0C6X3.180.BC1	13905
CoV|P0C6X3.180.BC2	10539
CoV|P0C6X3.181.BC1	17329
CoV|P0C6X3.181.BC2	12887
CoV|P0C6X3.182.BC1	23032
CoV|P0C6X3.182.BC2	18301
CoV|P0C6X3.183.BC1	5099
CoV|P0C6X3.183.BC2	7027
CoV|P0C6X3.184.BC1	22507
CoV|P0C6X3.184.BC2	10087
CoV|P0C6X3.185.BC1	5996
CoV|P0C6X3.185.BC2	7747
CoV|P0C6X3.186.BC1	18837
CoV|P0C6X3.186.BC2	10115
CoV|P0C6X3.187.BC1	28442
CoV|P0C6X3.187.BC2	21379
CoV|P0C6X3.188.BC1	1203
CoV|P0C6X3.188.BC2	4869
CoV|P0C6X3.189.BC1	7476
CoV|P0C6X3.189.BC2	13657
CoV|P0C6X3.19.BC1	14975
CoV|P0C6X3.19.BC2	12900
CoV|P0C6X3.190.BC1	23296
CoV|P0C6X3.190.BC2	41512
CoV|P0C6X3.191.BC1	15599
CoV|P0C6X3.191.BC2	28017
CoV|P0C6X3.192.BC1	29965
CoV|P0C6X3.192.BC2	22381
CoV|P0C6X3.193.BC1	14219
CoV|P0C6X3.193.BC2	7646
CoV|P0C6X3.194.BC1	10524
CoV|P0C6X3.194.BC2	8276
CoV|P0C6X3.195.BC1	25686
CoV|P0C6X3.195.BC2	31118
CoV|P0C6X3.196.BC1	31054
CoV|P0C6X3.196.BC2	12180
CoV|P0C6X3.197.BC1	11941
CoV|P0C6X3.197.BC2	8582
CoV|P0C6X3.198.BC1	5743
CoV|P0C6X3.198.BC2	15575
CoV|P0C6X3.199.BC1	15909
CoV|P0C6X3.199.BC2	19071
CoV|P0C6X3.2.BC1	10389
CoV|P0C6X3.2.BC2	16716
CoV|P0C6X3.20.BC1	33441
CoV|P0C6X3.20.BC2	21791
CoV|P0C6X3.200.BC1	11174
CoV|P0C6X3.200.BC2	10437
CoV|P0C6X3.201.BC1	11575
CoV|P0C6X3.201.BC2	12920
CoV|P0C6X3.202.BC1	44303
CoV|P0C6X3.202.BC2	35574
CoV|P0C6X3.203.BC1	11206
CoV|P0C6X3.203.BC2	9455
CoV|P0C6X3.204.BC1	32914
CoV|P0C6X3.204.BC2	17726
CoV|P0C6X3.205.BC1	27949
CoV|P0C6X3.205.BC2	36704
CoV|P0C6X3.206.BC1	11589
CoV|P0C6X3.206.BC2	20022
CoV|P0C6X3.207.BC1	17613
CoV|P0C6X3.207.BC2	9008
CoV|P0C6X3.208.BC1	9771
CoV|P0C6X3.208.BC2	10508
CoV|P0C6X3.209.BC1	23527
CoV|P0C6X3.209.BC2	12637
CoV|P0C6X3.21.BC1	22288
CoV|P0C6X3.21.BC2	35228
CoV|P0C6X3.210.BC1	5935
CoV|P0C6X3.210.BC2	14237
CoV|P0C6X3.211.BC1	27007
CoV|P0C6X3.211.BC2	1564
CoV|P0C6X3.212.BC1	18169
CoV|P0C6X3.212.BC2	18799
CoV|P0C6X3.213.BC1	23840
CoV|P0C6X3.213.BC2	25190
CoV|P0C6X3.214.BC1	27886
CoV|P0C6X3.214.BC2	24974
CoV|P0C6X3.215.BC1	13188
CoV|P0C6X3.215.BC2	19899
CoV|P0C6X3.216.BC1	18395
CoV|P0C6X3.216.BC2	17979
CoV|P0C6X3.217.BC1	25089
CoV|P0C6X3.217.BC2	18074
CoV|P0C6X3.218.BC1	8230
CoV|P0C6X3.218.BC2	18153
CoV|P0C6X3.219.BC1	8798
CoV|P0C6X3.219.BC2	14423
CoV|P0C6X3.22.BC1	33096
CoV|P0C6X3.22.BC2	24194
CoV|P0C6X3.220.BC1	31705
CoV|P0C6X3.220.BC2	23069
CoV|P0C6X3.221.BC1	32191
CoV|P0C6X3.221.BC2	39359
CoV|P0C6X3.222.BC1	901
CoV|P0C6X3.222.BC2	12305
CoV|P0C6X3.223.BC1	51571
CoV|P0C6X3.223.BC2	15406
CoV|P0C6X3.224.BC1	33008
CoV|P0C6X3.224.BC2	66458
CoV|P0C6X3.225.BC1	17332
CoV|P0C6X3.225.BC2	17703
CoV|P0C6X3.226.BC1	45826
CoV|P0C6X3.226.BC2	16152
CoV|P0C6X3.227.BC1	43869
CoV|P0C6X3.227.BC2	71084
CoV|P0C6X3.228.BC1	57628
CoV|P0C6X3.228.BC2	59929
CoV|P0C6X3.229.BC1	10622
CoV|P0C6X3.229.BC2	8357
CoV|P0C6X3.23.BC1	9574
CoV|P0C6X3.23.BC2	31846
CoV|P0C6X3.230.BC1	10728
CoV|P0C6X3.230.BC2	4348
CoV|P0C6X3.231.BC1	6999
CoV|P0C6X3.231.BC2	6678
CoV|P0C6X3.232.BC1	11809
CoV|P0C6X3.232.BC2	16036
CoV|P0C6X3.233.BC1	4482
CoV|P0C6X3.233.BC2	8175
CoV|P0C6X3.234.BC1	16305
CoV|P0C6X3.234.BC2	9920
CoV|P0C6X3.235.BC1	34866
CoV|P0C6X3.235.BC2	34377
CoV|P0C6X3.236.BC1	27728
CoV|P0C6X3.236.BC2	23263
CoV|P0C6X3.237.BC1	28128
CoV|P0C6X3.237.BC2	11687
CoV|P0C6X3.238.BC1	29234
CoV|P0C6X3.238.BC2	27439
CoV|P0C6X3.239.BC1	6513
CoV|P0C6X3.239.BC2	14729
CoV|P0C6X3.24.BC1	15416
CoV|P0C6X3.24.BC2	12739
CoV|P0C6X3.240.BC1	12478
CoV|P0C6X3.240.BC2	3432
CoV|P0C6X3.241.BC1	7566
CoV|P0C6X3.241.BC2	6394
CoV|P0C6X3.242.BC1	11361
CoV|P0C6X3.242.BC2	11701
CoV|P0C6X3.243.BC1	7763
CoV|P0C6X3.243.BC2	15086
CoV|P0C6X3.244.BC1	18016
CoV|P0C6X3.244.BC2	25768
CoV|P0C6X3.245.BC1	9539
CoV|P0C6X3.245.BC2	17771
CoV|P0C6X3.246.BC1	26379
CoV|P0C6X3.246.BC2	28679
CoV|P0C6X3.247.BC1	55568
CoV|P0C6X3.247.BC2	54838
CoV|P0C6X3.248.BC1	22022
CoV|P0C6X3.248.BC2	25766
CoV|P0C6X3.249.BC1	462
CoV|P0C6X3.249.BC2	10670
CoV|P0C6X3.25.BC1	26687
CoV|P0C6X3.25.BC2	32380
CoV|P0C6X3.250.BC1	612
CoV|P0C6X3.250.BC2	764
CoV|P0C6X3.251.BC1	16974
CoV|P0C6X3.251.BC2	17062
CoV|P0C6X3.252.BC1	21308
CoV|P0C6X3.252.BC2	14290
CoV|P0C6X3.253.BC1	18911
CoV|P0C6X3.253.BC2	23536
CoV|P0C6X3.254.BC1	17668
CoV|P0C6X3.254.BC2	28206
CoV|P0C6X3.26.BC1	29864
CoV|P0C6X3.26.BC2	15987
CoV|P0C6X3.27.BC1	31702
CoV|P0C6X3.27.BC2	13640
CoV|P0C6X3.28.BC1	18729
CoV|P0C6X3.28.BC2	15186
CoV|P0C6X3.29.BC1	21593
CoV|P0C6X3.29.BC2	11240
CoV|P0C6X3.3.BC1	15383
CoV|P0C6X3.3.BC2	18697
CoV|P0C6X3.30.BC1	5607
CoV|P0C6X3.30.BC2	7364
CoV|P0C6X3.31.BC1	21691
CoV|P0C6X3.31.BC2	2998
CoV|P0C6X3.32.BC1	44447
CoV|P0C6X3.32.BC2	21264
CoV|P0C6X3.33.BC1	74006
CoV|P0C6X3.33.BC2	45046
CoV|P0C6X3.34.BC1	50672
CoV|P0C6X3.34.BC2	51075
CoV|P0C6X3.35.BC1	45258
CoV|P0C6X3.35.BC2	55731
CoV|P0C6X3.36.BC1	20969
CoV|P0C6X3.36.BC2	49170
CoV|P0C6X3.37.BC1	40216
CoV|P0C6X3.37.BC2	38030
CoV|P0C6X3.38.BC1	9951
CoV|P0C6X3.38.BC2	14863
CoV|P0C6X3.39.BC1	6789
CoV|P0C6X3.39.BC2	11942
CoV|P0C6X3.4.BC1	6562
CoV|P0C6X3.4.BC2	16373
CoV|P0C6X3.40.BC1	13619
CoV|P0C6X3.40.BC2	9423
CoV|P0C6X3.41.BC1	18665
CoV|P0C6X3.41.BC2	11486
CoV|P0C6X3.42.BC1	14489
CoV|P0C6X3.42.BC2	15338
CoV|P0C6X3.43.BC1	25397
CoV|P0C6X3.43.BC2	38779
CoV|P0C6X3.44.BC1	23187
CoV|P0C6X3.44.BC2	24007
CoV|P0C6X3.45.BC1	11971
CoV|P0C6X3.45.BC2	5153
CoV|P0C6X3.46.BC1	6701
CoV|P0C6X3.46.BC2	11829
CoV|P0C6X3.47.BC1	5037
CoV|P0C6X3.47.BC2	25030
CoV|P0C6X3.48.BC1	41749
CoV|P0C6X3.48.BC2	25691
CoV|P0C6X3.49.BC1	30813
CoV|P0C6X3.49.BC2	21106
CoV|P0C6X3.5.BC1	9176
CoV|P0C6X3.5.BC2	4539
CoV|P0C6X3.50.BC1	15844
CoV|P0C6X3.50.BC2	6936
CoV|P0C6X3.51.BC1	17311
CoV|P0C6X3.51.BC2	12391
CoV|P0C6X3.52.BC1	2968
CoV|P0C6X3.52.BC2	4795
CoV|P0C6X3.53.BC1	14552
CoV|P0C6X3.53.BC2	3428
CoV|P0C6X3.54.BC1	15645
CoV|P0C6X3.54.BC2	3259
CoV|P0C6X3.55.BC1	21703
CoV|P0C6X3.56.BC1	13576
CoV|P0C6X3.56.BC2	11453
CoV|P0C6X3.57.BC1	324
CoV|P0C6X3.57.BC2	13931
CoV|P0C6X3.58.BC1	13914
CoV|P0C6X3.58.BC2	17111
CoV|P0C6X3.59.BC1	11855
CoV|P0C6X3.59.BC2	9705
CoV|P0C6X3.6.BC1	7495
CoV|P0C6X3.6.BC2	25866
CoV|P0C6X3.60.BC1	25308
CoV|P0C6X3.60.BC2	17127
CoV|P0C6X3.61.BC1	12837
CoV|P0C6X3.61.BC2	19462
CoV|P0C6X3.62.BC1	8203
CoV|P0C6X3.62.BC2	9527
CoV|P0C6X3.63.BC1	14451
CoV|P0C6X3.63.BC2	10708
CoV|P0C6X3.64.BC1	7081
CoV|P0C6X3.64.BC2	27886
CoV|P0C6X3.65.BC1	20976
CoV|P0C6X3.65.BC2	23579
CoV|P0C6X3.66.BC1	31635
CoV|P0C6X3.66.BC2	30360
CoV|P0C6X3.67.BC1	19805
CoV|P0C6X3.67.BC2	6077
CoV|P0C6X3.68.BC1	15664
CoV|P0C6X3.68.BC2	10441
CoV|P0C6X3.69.BC1	17930
CoV|P0C6X3.69.BC2	40207
CoV|P0C6X3.7.BC1	20334
CoV|P0C6X3.7.BC2	30511
CoV|P0C6X3.70.BC1	22206
CoV|P0C6X3.70.BC2	25054
CoV|P0C6X3.71.BC1	15090
CoV|P0C6X3.71.BC2	25243
CoV|P0C6X3.72.BC1	34980
CoV|P0C6X3.72.BC2	13354
CoV|P0C6X3.73.BC1	38688
CoV|P0C6X3.73.BC2	43874
CoV|P0C6X3.74.BC1	26360
CoV|P0C6X3.74.BC2	41786
CoV|P0C6X3.75.BC1	22839
CoV|P0C6X3.75.BC2	5373
CoV|P0C6X3.76.BC1	21621
CoV|P0C6X3.76.BC2	10160
CoV|P0C6X3.77.BC1	7492
CoV|P0C6X3.77.BC2	11888
CoV|P0C6X3.78.BC1	11990
CoV|P0C6X3.78.BC2	1483
CoV|P0C6X3.79.BC1	28414
CoV|P0C6X3.79.BC2	756
CoV|P0C6X3.8.BC1	19444
CoV|P0C6X3.8.BC2	23971
CoV|P0C6X3.80.BC1	35092
CoV|P0C6X3.80.BC2	35084
CoV|P0C6X3.81.BC1	42263
CoV|P0C6X3.81.BC2	11834
CoV|P0C6X3.82.BC1	11166
CoV|P0C6X3.82.BC2	24284
CoV|P0C6X3.83.BC1	34468
CoV|P0C6X3.83.BC2	22730
CoV|P0C6X3.84.BC1	34751
CoV|P0C6X3.84.BC2	25157
CoV|P0C6X3.85.BC1	38311
CoV|P0C6X3.85.BC2	7688
CoV|P0C6X3.86.BC1	38159
CoV|P0C6X3.86.BC2	48539
CoV|P0C6X3.87.BC1	9073
CoV|P0C6X3.87.BC2	19628
CoV|P0C6X3.88.BC1	10970
CoV|P0C6X3.88.BC2	13842
CoV|P0C6X3.89.BC1	16121
CoV|P0C6X3.89.BC2	12204
CoV|P0C6X3.9.BC1	17613
CoV|P0C6X3.9.BC2	5222
CoV|P0C6X3.90.BC1	33412
CoV|P0C6X3.90.BC2	42401
CoV|P0C6X3.91.BC1	21866
CoV|P0C6X3.91.BC2	14126
CoV|P0C6X3.92.BC1	12896
CoV|P0C6X3.92.BC2	9356
CoV|P0C6X3.93.BC1	25006
CoV|P0C6X3.93.BC2	9886
CoV|P0C6X3.94.BC1	3871
CoV|P0C6X3.94.BC2	20660
CoV|P0C6X3.95.BC1	34570
CoV|P0C6X3.95.BC2	16309
CoV|P0C6X3.96.BC1	47468
CoV|P0C6X3.96.BC2	36975
CoV|P0C6X3.97.BC1	34980
CoV|P0C6X3.97.BC2	34805
CoV|P0C6X3.98.BC1	29712
CoV|P0C6X3.98.BC2	16851
CoV|P0C6X3.99.BC1	723
CoV|P0C6X3.99.BC2	29926
CoV|P0C6X6.155.BC1	45332
CoV|P0C6X6.155.BC2	42934
CoV|P0C6X6.156.BC1	10326
CoV|P0C6X6.156.BC2	13653
CoV|P0C6X6.157.BC1	8594
CoV|P0C6X6.157.BC2	11447
CoV|P0C6X6.158.BC1	22879
CoV|P0C6X6.158.BC2	11857
CoV|P0C6X6.159.BC1	65623
CoV|P0C6X6.159.BC2	41477
CoV|P0C6X6.160.BC1	20274
CoV|P0C6X6.160.BC2	20189
CoV|P0C6X6.161.BC1	17522
CoV|P0C6X6.161.BC2	17626
CoV|P0C6X6.162.BC1	14108
CoV|P0C6X6.162.BC2	12970
CoV|P0C6X6.163.BC1	18408
CoV|P0C6X6.163.BC2	24753
CoV|P0C6X6.164.BC1	9345
CoV|P0C6X6.164.BC2	20014
CoV|P0C6X6.165.BC1	21332
CoV|P0C6X6.165.BC2	26802
CoV|P0C6X6.166.BC1	27343
CoV|P0C6X6.166.BC2	24736
CoV|P0C6X6.167.BC1	2670
CoV|P0C6X6.167.BC2	11842
CoV|P0C6X6.168.BC1	9813
CoV|P0C6X6.168.BC2	16655
CoV|P0C6X6.169.BC1	18923
CoV|P0C6X6.169.BC2	4828
CoV|P0C6X6.170.BC1	18132
CoV|P0C6X6.170.BC2	26447
CoV|P0C6X6.171.BC1	13362
CoV|P0C6X6.171.BC2	12546
CoV|P0C6X6.172.BC1	6022
CoV|P0C6X6.172.BC2	10729
CoV|P0C6X6.173.BC1	34406
CoV|P0C6X6.173.BC2	27237
CoV|P0C6X6.174.BC1	21246
CoV|P0C6X6.174.BC2	30298
CoV|P0C6X6.175.BC1	42977
CoV|P0C6X6.175.BC2	30001
CoV|P0C6X6.176.BC1	20799
CoV|P0C6X6.176.BC2	14928
CoV|P0C6X6.177.BC1	21526
CoV|P0C6X6.177.BC2	36446
CoV|P0C6X6.178.BC1	15284
CoV|P0C6X6.178.BC2	18714
CoV|P0C6X6.179.BC1	18871
CoV|P0C6X6.179.BC2	27280
CoV|P0C6X6.180.BC1	22681
CoV|P0C6X6.180.BC2	23232
CoV|P0C6X6.181.BC1	20834
CoV|P0C6X6.181.BC2	18255
CoV|P0C6X6.182.BC1	7784
CoV|P0C6X6.182.BC2	4110
CoV|P0C6X6.183.BC1	22885
CoV|P0C6X6.183.BC2	9243
CoV|P0C6X6.184.BC1	56726
CoV|P0C6X6.184.BC2	51777
CoV|P0C6X6.185.BC1	21343
CoV|P0C6X6.185.BC2	12912
CoV|P0C6X6.186.BC1	9205
CoV|P0C6X6.186.BC2	14088
CoV|P0C6X6.187.BC1	19439
CoV|P0C6X6.187.BC2	1822
CoV|P0C6X6.188.BC1	23293
CoV|P0C6X6.188.BC2	31235
CoV|P0C6X6.189.BC1	26571
CoV|P0C6X6.189.BC2	36005
CoV|P0C6X6.190.BC1	40961
CoV|P0C6X6.190.BC2	16355
CoV|P0C6X6.191.BC1	17323
CoV|P0C6X6.191.BC2	18037
CoV|P0C6X6.192.BC1	9592
CoV|P0C6X6.192.BC2	13189
CoV|P0C6X6.193.BC1	33348
CoV|P0C6X6.193.BC2	42842
CoV|P0C6X6.194.BC1	12902
CoV|P0C6X6.194.BC2	13570
CoV|P0C6X6.195.BC1	17035
CoV|P0C6X6.195.BC2	16214
CoV|P0C6X6.196.BC1	12297
CoV|P0C6X6.196.BC2	8392
CoV|P0C6X6.197.BC1	20997
CoV|P0C6X6.197.BC2	20571
CoV|P0C6X6.198.BC1	12459
CoV|P0C6X6.198.BC2	14374
CoV|P0C6X6.199.BC1	19303
CoV|P0C6X6.199.BC2	4492
CoV|P0C6X6.200.BC1	36142
CoV|P0C6X6.200.BC2	28887
CoV|P0C6X6.201.BC1	20814
CoV|P0C6X6.201.BC2	21919
CoV|P0C6X6.202.BC1	33685
CoV|P0C6X6.202.BC2	12096
CoV|P0C6X6.203.BC1	35365
CoV|P0C6X6.203.BC2	39819
CoV|P0C6X6.204.BC1	19726
CoV|P0C6X6.204.BC2	5836
CoV|P0C6X6.205.BC1	1241
CoV|P0C6X6.205.BC2	4994
CoV|P0C6X6.206.BC1	34782
CoV|P0C6X6.206.BC2	14620
CoV|P0C6X6.207.BC1	37742
CoV|P0C6X6.207.BC2	36053
CoV|P0C6X6.208.BC1	34551
CoV|P0C6X6.208.BC2	14247
CoV|P0C6X6.209.BC1	2769
CoV|P0C6X6.209.BC2	13920
CoV|P0C6X6.210.BC1	52175
CoV|P0C6X6.210.BC2	24383
CoV|P0C6X6.211.BC1	27748
CoV|P0C6X6.211.BC2	34310
CoV|P0C6X6.212.BC1	10924
CoV|P0C6X6.212.BC2	14138
CoV|P0C6X6.213.BC1	10949
CoV|P0C6X6.213.BC2	16132
CoV|P0C6X6.214.BC1	8970
CoV|P0C6X6.214.BC2	19468
CoV|P0C6X6.215.BC1	18899
CoV|P0C6X6.215.BC2	34058
CoV|P0C6X6.216.BC1	16069
CoV|P0C6X6.216.BC2	11404
CoV|P0C6X6.217.BC1	15130
CoV|P0C6X6.217.BC2	14639
CoV|P0C6X6.218.BC1	19071
CoV|P0C6X6.218.BC2	7375
CoV|P0C6X6.219.BC1	20227
CoV|P0C6X6.219.BC2	21964
CoV|P0C6X6.220.BC1	18837
CoV|P0C6X6.220.BC2	19562
CoV|P0C6X6.221.BC1	15053
CoV|P0C6X6.221.BC2	12333
CoV|P0C6X6.222.BC1	113
CoV|P0C6X6.222.BC2	36753
CoV|P0C6X6.223.BC1	32157
CoV|P0C6X6.223.BC2	24479
CoV|P0C6X6.224.BC1	25866
CoV|P0C6X6.224.BC2	55882
CoV|P0C6X6.225.BC1	33353
CoV|P0C6X6.225.BC2	20980
CoV|P0C6X6.226.BC1	36995
CoV|P0C6X6.226.BC2	37154
CoV|P0C6X6.227.BC1	6825
CoV|P0C6X6.227.BC2	13092
CoV|P0C6X6.228.BC1	8301
CoV|P0C6X6.228.BC2	7796
CoV|P0C6X6.229.BC1	11588
CoV|P0C6X6.229.BC2	11864
CoV|P0C6X6.230.BC1	22165
CoV|P0C6X6.230.BC2	34146
CoV|P0C6X6.231.BC1	24786
CoV|P0C6X6.231.BC2	21496
CoV|P0C6X6.232.BC1	11504
CoV|P0C6X6.232.BC2	18956
CoV|P0C6X6.233.BC1	19769
CoV|P0C6X6.233.BC2	12989
CoV|P0C6X6.234.BC1	38665
CoV|P0C6X6.234.BC2	46444
CoV|P0C6X6.235.BC1	26907
CoV|P0C6X6.235.BC2	31175
CoV|P0C6X6.236.BC1	32242
CoV|P0C6X6.236.BC2	32504
CoV|P0C6X6.237.BC1	4558
CoV|P0C6X6.237.BC2	8583
CoV|P0C6X6.238.BC1	18682
CoV|P0C6X6.238.BC2	7338
CoV|P0C6X6.239.BC1	7857
CoV|P0C6X6.239.BC2	8166
CoV|P0C6X6.240.BC1	11271
CoV|P0C6X6.240.BC2	4971
CoV|P0C6X6.241.BC1	19766
CoV|P0C6X6.241.BC2	16167
CoV|P0C6X6.242.BC1	19616
CoV|P0C6X6.242.BC2	16992
CoV|P0C6X6.243.BC1	30568
CoV|P0C6X6.243.BC2	18603
CoV|P0C6X6.244.BC1	34698
CoV|P0C6X6.244.BC2	39115
CoV|P0C6X6.245.BC1	32327
CoV|P0C6X6.245.BC2	29590
CoV|P0C6X6.246.BC1	26614
CoV|P0C6X6.246.BC2	25903
CoV|P0C6X6.247.BC1	4667
CoV|P0C6X6.247.BC2	7945
CoV|P0C6X6.248.BC1	8833
CoV|P0C6X6.248.BC2	13251
CoV|P0C6X6.249.BC1	15529
CoV|P0C6X6.249.BC2	14078
CoV|P0C6X6.250.BC1	1535
CoV|P0C6X6.250.BC2	15370
CoV|P0C6X6.251.BC1	19282
CoV|P0C6X6.251.BC2	13180
CoV|P0C6X6.252.BC1	16912
CoV|P0C6X6.252.BC2	13463
CoV|P0C6X7.155.BC1	76424
CoV|P0C6X7.155.BC2	48207
CoV|P0C6X7.156.BC1	23333
CoV|P0C6X7.156.BC2	32279
CoV|P0C6X7.157.BC1	22746
CoV|P0C6X7.157.BC2	26026
CoV|P0C6X7.158.BC1	10773
CoV|P0C6X7.158.BC2	20052
CoV|P0C6X7.159.BC1	27488
CoV|P0C6X7.159.BC2	40825
CoV|P0C6X7.160.BC1	17952
CoV|P0C6X7.160.BC2	15046
CoV|P0C6X7.161.BC1	28969
CoV|P0C6X7.161.BC2	39688
CoV|P0C6X7.162.BC1	35737
CoV|P0C6X7.162.BC2	29762
CoV|P0C6X7.163.BC1	32073
CoV|P0C6X7.163.BC2	32275
CoV|P0C6X7.164.BC1	16209
CoV|P0C6X7.164.BC2	17917
CoV|P0C6X7.165.BC1	31038
CoV|P0C6X7.165.BC2	19474
CoV|P0C6X7.166.BC1	15965
CoV|P0C6X7.166.BC2	25300
CoV|P0C6X7.167.BC1	11461
CoV|P0C6X7.167.BC2	18415
CoV|P0C6X7.168.BC1	35489
CoV|P0C6X7.168.BC2	42905
CoV|P0C6X7.169.BC1	21410
CoV|P0C6X7.169.BC2	13322
CoV|P0C6X7.170.BC1	25129
CoV|P0C6X7.170.BC2	19744
CoV|P0C6X7.171.BC1	10573
CoV|P0C6X7.171.BC2	11081
CoV|P0C6X7.172.BC1	9533
CoV|P0C6X7.172.BC2	5891
CoV|P0C6X7.173.BC1	20426
CoV|P0C6X7.173.BC2	29198
CoV|P0C6X7.174.BC1	31845
CoV|P0C6X7.174.BC2	28526
CoV|P0C6X7.175.BC1	20737
CoV|P0C6X7.175.BC2	14872
CoV|P0C6X7.176.BC1	17751
CoV|P0C6X7.176.BC2	21668
CoV|P0C6X7.177.BC1	22345
CoV|P0C6X7.177.BC2	33364
CoV|P0C6X7.178.BC1	4803
CoV|P0C6X7.178.BC2	9149
CoV|P0C6X7.179.BC1	18049
CoV|P0C6X7.179.BC2	14066
CoV|P0C6X7.180.BC1	27781
CoV|P0C6X7.180.BC2	48144
CoV|P0C6X7.181.BC1	32234
CoV|P0C6X7.181.BC2	6131
CoV|P0C6X7.182.BC1	19727
CoV|P0C6X7.182.BC2	14409
CoV|P0C6X7.183.BC1	13047
CoV|P0C6X7.183.BC2	14666
CoV|P0C6X7.184.BC1	18343
CoV|P0C6X7.184.BC2	32225
CoV|P0C6X7.185.BC1	13974
CoV|P0C6X7.185.BC2	19538
CoV|P0C6X7.186.BC1	4329
CoV|P0C6X7.186.BC2	8557
CoV|P0C6X7.187.BC1	27835
CoV|P0C6X7.187.BC2	11640
CoV|P0C6X7.188.BC1	29543
CoV|P0C6X7.188.BC2	35377
CoV|P0C6X7.189.BC1	21834
CoV|P0C6X7.189.BC2	45768
CoV|P0C6X7.190.BC1	18962
CoV|P0C6X7.190.BC2	20389
CoV|P0C6X7.191.BC1	25532
CoV|P0C6X7.191.BC2	21158
CoV|P0C6X7.192.BC1	48253
CoV|P0C6X7.192.BC2	49179
CoV|P0C6X7.193.BC1	8345
CoV|P0C6X7.193.BC2	8288
CoV|P0C6X7.194.BC1	24065
CoV|P0C6X7.194.BC2	19483
CoV|P0C6X7.195.BC1	20278
CoV|P0C6X7.195.BC2	16468
CoV|P0C6X7.196.BC1	33599
CoV|P0C6X7.196.BC2	18623
CoV|P0C6X7.197.BC1	20594
CoV|P0C6X7.197.BC2	13686
CoV|P0C6X7.198.BC1	18032
CoV|P0C6X7.198.BC2	12115
CoV|P0C6X7.199.BC1	10198
CoV|P0C6X7.199.BC2	12438
CoV|P0C6X7.200.BC1	21533
CoV|P0C6X7.200.BC2	26594
CoV|P0C6X7.201.BC1	29474
CoV|P0C6X7.201.BC2	21335
CoV|P0C6X7.202.BC1	36518
CoV|P0C6X7.202.BC2	25417
CoV|P0C6X7.203.BC1	25369
CoV|P0C6X7.203.BC2	26018
CoV|P0C6X7.204.BC1	18740
CoV|P0C6X7.204.BC2	28752
CoV|P0C6X7.205.BC1	36804
CoV|P0C6X7.205.BC2	30424
CoV|P0C6X7.206.BC1	52543
CoV|P0C6X7.206.BC2	40087
CoV|P0C6X7.207.BC1	24153
CoV|P0C6X7.207.BC2	19806
CoV|P0C6X7.208.BC1	3124
CoV|P0C6X7.208.BC2	12322
CoV|P0C6X7.209.BC1	34201
CoV|P0C6X7.209.BC2	11956
CoV|P0C6X7.210.BC1	19531
CoV|P0C6X7.210.BC2	44008
CoV|P0C6X7.211.BC1	24903
CoV|P0C6X7.211.BC2	18464
CoV|P0C6X7.212.BC1	30615
CoV|P0C6X7.212.BC2	37978
CoV|P0C6X7.213.BC1	8582
CoV|P0C6X7.213.BC2	29624
CoV|P0C6X7.214.BC1	16022
CoV|P0C6X7.214.BC2	28165
CoV|P0C6X7.215.BC1	22156
CoV|P0C6X7.215.BC2	10415
CoV|P0C6X7.216.BC1	18966
CoV|P0C6X7.216.BC2	10270
CoV|P0C6X7.217.BC1	8309
CoV|P0C6X7.217.BC2	8090
CoV|P0C6X7.218.BC1	12547
CoV|P0C6X7.218.BC2	21637
CoV|P0C6X7.219.BC1	19239
CoV|P0C6X7.219.BC2	9483
CoV|P0C6X7.220.BC1	49501
CoV|P0C6X7.220.BC2	43794
CoV|P0C6X7.221.BC1	30504
CoV|P0C6X7.221.BC2	32550
CoV|P0C6X7.222.BC1	15277
CoV|P0C6X7.222.BC2	15219
CoV|P0C6X7.223.BC1	14146
CoV|P0C6X7.223.BC2	16644
CoV|P0C6X7.224.BC1	25967
CoV|P0C6X7.224.BC2	32274
CoV|P0C6X7.225.BC1	47994
CoV|P0C6X7.225.BC2	44148
CoV|P0C6X7.226.BC1	66453
CoV|P0C6X7.226.BC2	39908
CoV|P0C6X7.227.BC1	19283
CoV|P0C6X7.227.BC2	7967
CoV|P0C6X7.228.BC1	29769
CoV|P0C6X7.228.BC2	7672
CoV|P0C6X7.229.BC1	21005
CoV|P0C6X7.229.BC2	41971
CoV|P0C6X7.230.BC1	29595
CoV|P0C6X7.230.BC2	39251
CoV|P0C6X7.231.BC1	7610
CoV|P0C6X7.231.BC2	15987
CoV|P0C6X7.232.BC1	22842
CoV|P0C6X7.232.BC2	9106
CoV|P0C6X7.233.BC1	36968
CoV|P0C6X7.233.BC2	28095
CoV|P0C6X7.234.BC1	21715
CoV|P0C6X7.234.BC2	30305
CoV|P0C6X7.235.BC1	35648
CoV|P0C6X7.235.BC2	51404
CoV|P0C6X7.236.BC1	16063
CoV|P0C6X7.236.BC2	20290
CoV|P0C6X7.237.BC1	15195
CoV|P0C6X7.237.BC2	8445
CoV|P0C6X7.238.BC1	13383
CoV|P0C6X7.238.BC2	22068
CoV|P0C6X7.239.BC1	8484
CoV|P0C6X7.239.BC2	8814
CoV|P0C6X7.240.BC1	16719
CoV|P0C6X7.240.BC2	10368
CoV|P0C6X7.241.BC1	13236
CoV|P0C6X7.241.BC2	10822
CoV|P0C6X7.242.BC1	42953
CoV|P0C6X7.242.BC2	27153
CoV|P0C6X7.243.BC1	23048
CoV|P0C6X7.243.BC2	36332
CoV|P0C6X7.244.BC1	23492
CoV|P0C6X7.244.BC2	41008
CoV|P0C6X7.245.BC1	24871
CoV|P0C6X7.245.BC2	47867
CoV|P0C6X7.246.BC1	15045
CoV|P0C6X7.246.BC2	5879
CoV|P0C6X7.247.BC1	10842
CoV|P0C6X7.247.BC2	14576
CoV|P0C6X7.248.BC1	10727
CoV|P0C6X7.248.BC2	13402
CoV|P0C6X7.249.BC1	5274
CoV|P0C6X7.249.BC2	4594
CoV|P0C6X7.250.BC1	48779
CoV|P0C6X7.250.BC2	15091
CoV|P0DTD2.0.BC1	13702
CoV|P0DTD2.0.BC2	28653
CoV|P0DTD2.1.BC1	16212
CoV|P0DTD2.1.BC2	17040
CoV|P0DTD2.2.BC1	29497
CoV|P0DTD2.2.BC2	28257
CoV|P0DTD3.0.BC1	24166
CoV|P0DTD3.0.BC2	36172
CoV|P0DTD3.1.BC1	40551
CoV|P0DTD3.1.BC2	33590
CoV|P15130.0.BC1	29339
CoV|P15130.0.BC2	20687
CoV|P15130.1.BC1	16008
CoV|P15130.1.BC2	15455
CoV|P15130.10.BC1	17009
CoV|P15130.10.BC2	18642
CoV|P15130.11.BC1	9280
CoV|P15130.11.BC2	6356
CoV|P15130.12.BC1	16616
CoV|P15130.12.BC2	4629
CoV|P15130.2.BC1	20053
CoV|P15130.2.BC2	17253
CoV|P15130.3.BC1	16127
CoV|P15130.3.BC2	18746
CoV|P15130.4.BC1	26699
CoV|P15130.4.BC2	21172
CoV|P15130.5.BC1	25434
CoV|P15130.5.BC2	14274
CoV|P15130.6.BC1	28490
CoV|P15130.6.BC2	22957
CoV|P15130.7.BC1	42612
CoV|P15130.7.BC2	28140
CoV|P15130.8.BC1	49893
CoV|P15130.8.BC2	52927
CoV|P15130.9.BC1	51413
CoV|P15130.9.BC2	46179
CoV|P15422.0.BC1	29523
CoV|P15422.0.BC2	38170
CoV|P15422.1.BC1	23912
CoV|P15422.1.BC2	13883
CoV|P15422.2.BC1	40236
CoV|P15422.2.BC2	50895
CoV|P15422.3.BC1	21467
CoV|P15422.3.BC2	11740
CoV|P15422.4.BC1	8896
CoV|P15422.4.BC2	7203
CoV|P15422.5.BC1	10493
CoV|P15422.5.BC2	16790
CoV|P15422.6.BC1	12545
CoV|P15422.6.BC2	26327
CoV|P15422.7.BC1	10722
CoV|P15422.7.BC2	17546
CoV|P15423.0.BC1	11031
CoV|P15423.0.BC2	9653
CoV|P15423.1.BC1	20469
CoV|P15423.1.BC2	12722
CoV|P15423.10.BC1	4865
CoV|P15423.10.BC2	6692
CoV|P15423.11.BC1	12000
CoV|P15423.11.BC2	12704
CoV|P15423.12.BC1	13502
CoV|P15423.12.BC2	16586
CoV|P15423.13.BC1	15602
CoV|P15423.13.BC2	10813
CoV|P15423.14.BC1	24776
CoV|P15423.14.BC2	11499
CoV|P15423.15.BC1	19621
CoV|P15423.15.BC2	33242
CoV|P15423.16.BC1	29560
CoV|P15423.16.BC2	39980
CoV|P15423.17.BC1	11654
CoV|P15423.17.BC2	19767
CoV|P15423.18.BC1	24812
CoV|P15423.18.BC2	18197
CoV|P15423.19.BC1	18975
CoV|P15423.19.BC2	20417
CoV|P15423.2.BC1	29475
CoV|P15423.2.BC2	16731
CoV|P15423.20.BC1	6471
CoV|P15423.20.BC2	12391
CoV|P15423.21.BC1	13562
CoV|P15423.21.BC2	17346
CoV|P15423.22.BC1	46265
CoV|P15423.22.BC2	13623
CoV|P15423.23.BC1	37646
CoV|P15423.23.BC2	33378
CoV|P15423.24.BC1	46126
CoV|P15423.24.BC2	36989
CoV|P15423.25.BC1	38528
CoV|P15423.25.BC2	32635
CoV|P15423.26.BC1	19272
CoV|P15423.26.BC2	17856
CoV|P15423.27.BC1	6905
CoV|P15423.27.BC2	26265
CoV|P15423.28.BC1	9105
CoV|P15423.28.BC2	9386
CoV|P15423.29.BC1	11992
CoV|P15423.29.BC2	7014
CoV|P15423.3.BC1	16331
CoV|P15423.3.BC2	12432
CoV|P15423.30.BC1	12924
CoV|P15423.30.BC2	15525
CoV|P15423.31.BC1	17357
CoV|P15423.31.BC2	26620
CoV|P15423.32.BC1	15298
CoV|P15423.32.BC2	15017
CoV|P15423.33.BC1	14384
CoV|P15423.33.BC2	7925
CoV|P15423.34.BC1	47430
CoV|P15423.34.BC2	21900
CoV|P15423.35.BC1	20154
CoV|P15423.35.BC2	24812
CoV|P15423.36.BC1	14773
CoV|P15423.36.BC2	27359
CoV|P15423.37.BC1	14201
CoV|P15423.37.BC2	14725
CoV|P15423.38.BC1	10802
CoV|P15423.38.BC2	4946
CoV|P15423.39.BC1	38189
CoV|P15423.39.BC2	35726
CoV|P15423.4.BC1	10020
CoV|P15423.4.BC2	16959
CoV|P15423.40.BC1	17586
CoV|P15423.40.BC2	37278
CoV|P15423.5.BC1	7580
CoV|P15423.5.BC2	9220
CoV|P15423.6.BC1	17604
CoV|P15423.6.BC2	5267
CoV|P15423.7.BC1	16955
CoV|P15423.7.BC2	8634
CoV|P15423.8.BC1	19445
CoV|P15423.8.BC2	14110
CoV|P15423.9.BC1	19529
CoV|P15423.9.BC2	15352
CoV|P19739.0.BC1	23142
CoV|P19739.0.BC2	29518
CoV|P19739.1.BC1	42443
CoV|P19739.1.BC2	62914
CoV|P19739.2.BC1	44930
CoV|P19739.2.BC2	64018
CoV|P19739.3.BC1	30364
CoV|P19739.3.BC2	51108
CoV|P19740.0.BC1	16045
CoV|P19740.0.BC2	27113
CoV|P19740.1.BC1	19878
CoV|P19740.1.BC2	27160
CoV|P19740.2.BC1	20343
CoV|P19740.2.BC2	8659
CoV|P19741.0.BC1	33496
CoV|P19741.0.BC2	27849
CoV|P19741.1.BC1	21427
CoV|P19741.1.BC2	31381
CoV|P30215.0.BC1	25573
CoV|P30215.0.BC2	8342
CoV|P30215.1.BC1	22177
CoV|P30215.1.BC2	18779
CoV|P30215.10.BC1	12745
CoV|P30215.10.BC2	46798
CoV|P30215.11.BC1	35549
CoV|P30215.11.BC2	21863
CoV|P30215.12.BC1	18972
CoV|P30215.12.BC2	29650
CoV|P30215.13.BC1	47863
CoV|P30215.13.BC2	31903
CoV|P30215.14.BC1	67528
CoV|P30215.14.BC2	32112
CoV|P30215.2.BC1	14737
CoV|P30215.2.BC2	14008
CoV|P30215.3.BC1	11113
CoV|P30215.3.BC2	10692
CoV|P30215.4.BC1	850
CoV|P30215.4.BC2	14315
CoV|P30215.5.BC1	36902
CoV|P30215.5.BC2	32194
CoV|P30215.6.BC1	10952
CoV|P30215.6.BC2	19818
CoV|P30215.7.BC1	20035
CoV|P30215.7.BC2	6664
CoV|P30215.8.BC1	5937
CoV|P30215.8.BC2	8279
CoV|P30215.9.BC1	27664
CoV|P30215.9.BC2	2031
CoV|P33469.0.BC1	58878
CoV|P33469.0.BC2	28593
CoV|P33469.1.BC1	19760
CoV|P33469.1.BC2	28149
CoV|P33469.10.BC1	15466
CoV|P33469.10.BC2	11963
CoV|P33469.11.BC1	14041
CoV|P33469.11.BC2	12697
CoV|P33469.12.BC1	20091
CoV|P33469.12.BC2	24313
CoV|P33469.13.BC1	39767
CoV|P33469.13.BC2	46234
CoV|P33469.14.BC1	38673
CoV|P33469.14.BC2	53387
CoV|P33469.15.BC1	27170
CoV|P33469.15.BC2	40502
CoV|P33469.2.BC1	18823
CoV|P33469.2.BC2	17748
CoV|P33469.3.BC1	25607
CoV|P33469.3.BC2	18469
CoV|P33469.4.BC1	13913
CoV|P33469.4.BC2	28858
CoV|P33469.5.BC1	13947
CoV|P33469.5.BC2	31676
CoV|P33469.6.BC1	6375
CoV|P33469.6.BC2	47438
CoV|P33469.7.BC1	38216
CoV|P33469.7.BC2	38065
CoV|P33469.8.BC1	19169
CoV|P33469.8.BC2	15056
CoV|P33469.9.BC1	28614
CoV|P33469.9.BC2	18543
CoV|P36334.0.BC1	15957
CoV|P36334.0.BC2	22487
CoV|P36334.1.BC1	22484
CoV|P36334.1.BC2	11515
CoV|P36334.10.BC1	41366
CoV|P36334.10.BC2	23936
CoV|P36334.11.BC1	22095
CoV|P36334.11.BC2	17703
CoV|P36334.12.BC1	14407
CoV|P36334.12.BC2	23886
CoV|P36334.13.BC1	11042
CoV|P36334.13.BC2	14374
CoV|P36334.14.BC1	19721
CoV|P36334.14.BC2	21167
CoV|P36334.15.BC1	49273
CoV|P36334.15.BC2	42721
CoV|P36334.16.BC1	16877
CoV|P36334.16.BC2	39522
CoV|P36334.17.BC1	21874
CoV|P36334.17.BC2	17523
CoV|P36334.18.BC1	16912
CoV|P36334.18.BC2	37366
CoV|P36334.19.BC1	25141
CoV|P36334.19.BC2	17575
CoV|P36334.2.BC1	9918
CoV|P36334.2.BC2	2579
CoV|P36334.20.BC1	15839
CoV|P36334.20.BC2	25682
CoV|P36334.21.BC1	19945
CoV|P36334.21.BC2	14105
CoV|P36334.22.BC1	18725
CoV|P36334.22.BC2	12539
CoV|P36334.23.BC1	10334
CoV|P36334.23.BC2	12309
CoV|P36334.24.BC1	19212
CoV|P36334.24.BC2	44495
CoV|P36334.25.BC1	20318
CoV|P36334.25.BC2	24624
CoV|P36334.26.BC1	35042
CoV|P36334.26.BC2	27415
CoV|P36334.27.BC1	5077
CoV|P36334.27.BC2	9009
CoV|P36334.28.BC1	24835
CoV|P36334.28.BC2	21501
CoV|P36334.29.BC1	25801
CoV|P36334.29.BC2	21453
CoV|P36334.3.BC1	12072
CoV|P36334.3.BC2	8135
CoV|P36334.30.BC1	22555
CoV|P36334.30.BC2	36415
CoV|P36334.31.BC1	33950
CoV|P36334.31.BC2	16836
CoV|P36334.32.BC1	28751
CoV|P36334.32.BC2	21895
CoV|P36334.33.BC1	32088
CoV|P36334.33.BC2	21068
CoV|P36334.34.BC1	7143
CoV|P36334.34.BC2	14085
CoV|P36334.35.BC1	6167
CoV|P36334.35.BC2	17877
CoV|P36334.36.BC1	8158
CoV|P36334.36.BC2	2995
CoV|P36334.37.BC1	8762
CoV|P36334.37.BC2	10340
CoV|P36334.38.BC1	28807
CoV|P36334.38.BC2	30342
CoV|P36334.39.BC1	19989
CoV|P36334.39.BC2	21483
CoV|P36334.4.BC1	5117
CoV|P36334.4.BC2	13625
CoV|P36334.40.BC1	6730
CoV|P36334.40.BC2	18290
CoV|P36334.41.BC1	15259
CoV|P36334.41.BC2	24712
CoV|P36334.42.BC1	13115
CoV|P36334.42.BC2	15248
CoV|P36334.43.BC1	9315
CoV|P36334.43.BC2	7722
CoV|P36334.44.BC1	4839
CoV|P36334.44.BC2	7946
CoV|P36334.45.BC1	32583
CoV|P36334.45.BC2	23859
CoV|P36334.46.BC1	14334
CoV|P36334.46.BC2	23867
CoV|P36334.47.BC1	12802
CoV|P36334.47.BC2	2170
CoV|P36334.5.BC1	45719
CoV|P36334.5.BC2	40677
CoV|P36334.6.BC1	6611
CoV|P36334.6.BC2	25591
CoV|P36334.7.BC1	15009
CoV|P36334.7.BC2	24650
CoV|P36334.8.BC1	14301
CoV|P36334.8.BC2	4297
CoV|P36334.9.BC1	10260
CoV|P36334.9.BC2	9823
CoV|P59594.0.BC1	22322
CoV|P59594.0.BC2	7860
CoV|P59594.1.BC1	4629
CoV|P59594.1.BC2	38370
CoV|P59594.10.BC1	42227
CoV|P59594.10.BC2	22609
CoV|P59594.11.BC1	14894
CoV|P59594.11.BC2	11230
CoV|P59594.12.BC1	11423
CoV|P59594.12.BC2	19335
CoV|P59594.13.BC1	47185
CoV|P59594.13.BC2	44017
CoV|P59594.14.BC1	25644
CoV|P59594.14.BC2	22264
CoV|P59594.15.BC1	23501
CoV|P59594.15.BC2	47558
CoV|P59594.16.BC1	16198
CoV|P59594.16.BC2	15253
CoV|P59594.17.BC1	6029
CoV|P59594.17.BC2	8836
CoV|P59594.18.BC1	28207
CoV|P59594.18.BC2	38784
CoV|P59594.19.BC1	34905
CoV|P59594.19.BC2	22290
CoV|P59594.2.BC1	15878
CoV|P59594.2.BC2	22114
CoV|P59594.20.BC1	24535
CoV|P59594.20.BC2	44352
CoV|P59594.21.BC1	51234
CoV|P59594.21.BC2	33829
CoV|P59594.22.BC1	35094
CoV|P59594.22.BC2	30531
CoV|P59594.23.BC1	14861
CoV|P59594.23.BC2	9205
CoV|P59594.24.BC1	20153
CoV|P59594.24.BC2	10402
CoV|P59594.25.BC1	27769
CoV|P59594.25.BC2	19997
CoV|P59594.26.BC1	10006
CoV|P59594.26.BC2	28409
CoV|P59594.27.BC1	21973
CoV|P59594.27.BC2	17268
CoV|P59594.28.BC1	16490
CoV|P59594.28.BC2	25531
CoV|P59594.29.BC1	36228
CoV|P59594.29.BC2	38326
CoV|P59594.3.BC1	14645
CoV|P59594.3.BC2	19120
CoV|P59594.30.BC1	20124
CoV|P59594.30.BC2	17875
CoV|P59594.31.BC1	10427
CoV|P59594.31.BC2	21112
CoV|P59594.32.BC1	5795
CoV|P59594.32.BC2	2416
CoV|P59594.33.BC1	11081
CoV|P59594.33.BC2	7835
CoV|P59594.34.BC1	8562
CoV|P59594.34.BC2	8067
CoV|P59594.35.BC1	42640
CoV|P59594.35.BC2	21554
CoV|P59594.36.BC1	19960
CoV|P59594.36.BC2	23514
CoV|P59594.37.BC1	7926
CoV|P59594.37.BC2	608
CoV|P59594.38.BC1	4860
CoV|P59594.38.BC2	9715
CoV|P59594.39.BC1	5764
CoV|P59594.39.BC2	19054
CoV|P59594.4.BC1	8941
CoV|P59594.4.BC2	14164
CoV|P59594.40.BC1	17739
CoV|P59594.40.BC2	14603
CoV|P59594.41.BC1	10578
CoV|P59594.41.BC2	13293
CoV|P59594.42.BC1	39410
CoV|P59594.42.BC2	30948
CoV|P59594.5.BC1	11229
CoV|P59594.5.BC2	11726
CoV|P59594.6.BC1	14081
CoV|P59594.6.BC2	14761
CoV|P59594.7.BC1	16116
CoV|P59594.7.BC2	22686
CoV|P59594.8.BC1	17966
CoV|P59594.8.BC2	11917
CoV|P59594.9.BC1	15650
CoV|P59594.9.BC2	18283
CoV|P59595.0.BC1	48896
CoV|P59595.0.BC2	36458
CoV|P59595.1.BC1	28389
CoV|P59595.1.BC2	26871
CoV|P59595.10.BC1	18058
CoV|P59595.10.BC2	17220
CoV|P59595.11.BC1	12878
CoV|P59595.11.BC2	308
CoV|P59595.12.BC1	6798
CoV|P59595.12.BC2	25086
CoV|P59595.13.BC1	37405
CoV|P59595.13.BC2	52285
CoV|P59595.14.BC1	36209
CoV|P59595.14.BC2	26797
CoV|P59595.2.BC1	12738
CoV|P59595.2.BC2	19234
CoV|P59595.3.BC1	19353
CoV|P59595.3.BC2	16105
CoV|P59595.4.BC1	32179
CoV|P59595.4.BC2	22205
CoV|P59595.5.BC1	33290
CoV|P59595.5.BC2	50007
CoV|P59595.6.BC1	58925
CoV|P59595.6.BC2	37998
CoV|P59595.7.BC1	28065
CoV|P59595.7.BC2	27169
CoV|P59595.8.BC1	54770
CoV|P59595.8.BC2	38075
CoV|P59595.9.BC1	41901
CoV|P59595.9.BC2	28424
CoV|P59596.0.BC1	32066
CoV|P59596.0.BC2	19060
CoV|P59596.3.BC1	15642
CoV|P59596.3.BC2	9965
CoV|P59596.4.BC1	8754
CoV|P59596.4.BC2	8068
CoV|P59596.6.BC1	38994
CoV|P59596.6.BC2	44107
CoV|P59632.0.BC1	30224
CoV|P59632.0.BC2	19784
CoV|P59632.1.BC1	46240
CoV|P59632.1.BC2	16112
CoV|P59632.2.BC1	3950
CoV|P59632.2.BC2	38243
CoV|P59632.3.BC1	561
CoV|P59632.3.BC2	23201
CoV|P59632.4.BC1	13070
CoV|P59632.4.BC2	24665
CoV|P59632.5.BC1	33805
CoV|P59632.5.BC2	23508
CoV|P59632.6.BC1	3514
CoV|P59632.6.BC2	7296
CoV|P59632.7.BC1	1607
CoV|P59632.7.BC2	3212
CoV|P59632.8.BC1	32961
CoV|P59632.8.BC2	40613
CoV|P59633.0.BC1	10888
CoV|P59633.0.BC2	10804
CoV|P59633.1.BC1	15462
CoV|P59633.1.BC2	12297
CoV|P59633.2.BC1	24026
CoV|P59633.2.BC2	10891
CoV|P59633.3.BC1	19441
CoV|P59633.3.BC2	15979
CoV|P59633.4.BC1	15816
CoV|P59633.4.BC2	16835
CoV|P59634.0.BC1	4508
CoV|P59634.0.BC2	14364
CoV|P59634.1.BC1	15197
CoV|P59634.1.BC2	21316
CoV|P59635.0.BC1	16958
CoV|P59635.0.BC2	40739
CoV|P59635.2.BC1	29437
CoV|P59635.2.BC2	41885
CoV|P59635.3.BC1	22065
CoV|P59635.3.BC2	23197
CoV|P59636.0.BC1	17391
CoV|P59636.0.BC2	14105
CoV|P59636.1.BC1	13430
CoV|P59636.1.BC2	19563
CoV|P59636.2.BC1	14094
CoV|P59636.2.BC2	17005
CoV|Q01455.0.BC1	20884
CoV|Q01455.0.BC2	15650
CoV|Q01455.1.BC1	35054
CoV|Q01455.1.BC2	25496
CoV|Q01455.2.BC1	53030
CoV|Q01455.2.BC2	64019
CoV|Q01455.3.BC1	11859
CoV|Q01455.3.BC2	15944
CoV|Q01455.4.BC1	14135
CoV|Q01455.4.BC2	11991
CoV|Q01455.5.BC1	7276
CoV|Q01455.5.BC2	5400
CoV|Q01455.6.BC1	30223
CoV|Q01455.6.BC2	19783
CoV|Q01455.7.BC1	29366
CoV|Q01455.7.BC2	29016
CoV|Q04853.0.BC1	21493
CoV|Q04853.0.BC2	20249
CoV|Q04853.1.BC1	10263
CoV|Q04853.1.BC2	13675
CoV|Q04853.2.BC1	33552
CoV|Q04853.2.BC2	10527
CoV|Q04854.0.BC1	4508
CoV|Q04854.0.BC2	63142
CoV|Q04854.1.BC1	22805
CoV|Q04854.1.BC2	15446
CoV|Q04854.2.BC1	23601
CoV|Q04854.2.BC2	25073
CoV|Q0Q468.0.BC1	33729
CoV|Q0Q468.0.BC2	27096
CoV|Q0Q468.1.BC1	40197
CoV|Q0Q468.1.BC2	56567
CoV|Q0Q468.10.BC1	31265
CoV|Q0Q468.10.BC2	15244
CoV|Q0Q468.11.BC1	21922
CoV|Q0Q468.11.BC2	6657
CoV|Q0Q468.12.BC1	14941
CoV|Q0Q468.12.BC2	24511
CoV|Q0Q468.13.BC1	49727
CoV|Q0Q468.13.BC2	34858
CoV|Q0Q468.14.BC1	49861
CoV|Q0Q468.14.BC2	40638
CoV|Q0Q468.2.BC1	9983
CoV|Q0Q468.2.BC2	12516
CoV|Q0Q468.3.BC1	12806
CoV|Q0Q468.3.BC2	11486
CoV|Q0Q468.4.BC1	19341
CoV|Q0Q468.4.BC2	28515
CoV|Q0Q468.5.BC1	35596
CoV|Q0Q468.5.BC2	24218
CoV|Q0Q468.6.BC1	34109
CoV|Q0Q468.6.BC2	51322
CoV|Q0Q468.7.BC1	20740
CoV|Q0Q468.7.BC2	24743
CoV|Q0Q468.8.BC1	35705
CoV|Q0Q468.8.BC2	29535
CoV|Q0Q468.9.BC1	53204
CoV|Q0Q468.9.BC2	29164
CoV|Q0Q469.0.BC1	8172
CoV|Q0Q469.0.BC2	7732
CoV|Q0Q469.1.BC1	7429
CoV|Q0Q469.1.BC2	4762
CoV|Q0Q469.2.BC1	18400
CoV|Q0Q469.2.BC2	13105
CoV|Q0Q469.3.BC1	21421
CoV|Q0Q469.3.BC2	19404
CoV|Q0Q470.0.BC1	13910
CoV|Q0Q470.0.BC2	11788
CoV|Q0Q470.1.BC1	41268
CoV|Q0Q470.1.BC2	48275
CoV|Q0Q470.2.BC1	4828
CoV|Q0Q470.2.BC2	23186
CoV|Q0Q470.3.BC1	31862
CoV|Q0Q470.3.BC2	22620
CoV|Q0Q472.0.BC1	21773
CoV|Q0Q472.0.BC2	13430
CoV|Q0Q472.3.BC1	16330
CoV|Q0Q472.3.BC2	13020
CoV|Q0Q472.4.BC1	9954
CoV|Q0Q472.4.BC2	14545
CoV|Q0Q472.5.BC1	15361
CoV|Q0Q472.5.BC2	27136
CoV|Q0Q472.6.BC1	26744
CoV|Q0Q472.6.BC2	35729
CoV|Q0Q473.0.BC1	44496
CoV|Q0Q473.0.BC2	51383
CoV|Q0Q473.1.BC1	10128
CoV|Q0Q473.1.BC2	38489
CoV|Q0Q474.0.BC1	8523
CoV|Q0Q474.0.BC2	12273
CoV|Q0Q474.1.BC1	13730
CoV|Q0Q474.1.BC2	37670
CoV|Q0Q474.2.BC1	17811
CoV|Q0Q474.2.BC2	47124
CoV|Q0Q474.3.BC1	23077
CoV|Q0Q474.3.BC2	21804
CoV|Q0Q474.4.BC1	27965
CoV|Q0Q474.4.BC2	15241
CoV|Q0Q474.5.BC1	13232
CoV|Q0Q474.5.BC2	14319
CoV|Q0Q474.6.BC1	7413
CoV|Q0Q474.6.BC2	7289
CoV|Q0Q474.7.BC1	7971
CoV|Q0Q474.7.BC2	9845
CoV|Q0Q474.8.BC1	37480
CoV|Q0Q474.8.BC2	18652
CoV|Q0Q475.0.BC1	14433
CoV|Q0Q475.0.BC2	30346
CoV|Q0Q475.1.BC1	20462
CoV|Q0Q475.1.BC2	24465
CoV|Q0Q475.10.BC1	26379
CoV|Q0Q475.10.BC2	35623
CoV|Q0Q475.11.BC1	13538
CoV|Q0Q475.11.BC2	26191
CoV|Q0Q475.14.BC1	25343
CoV|Q0Q475.14.BC2	28977
CoV|Q0Q475.15.BC1	54254
CoV|Q0Q475.15.BC2	53450
CoV|Q0Q475.16.BC1	9316
CoV|Q0Q475.16.BC2	8348
CoV|Q0Q475.17.BC1	12064
CoV|Q0Q475.17.BC2	6039
CoV|Q0Q475.18.BC1	17878
CoV|Q0Q475.18.BC2	12424
CoV|Q0Q475.2.BC1	17949
CoV|Q0Q475.2.BC2	13142
CoV|Q0Q475.20.BC1	25438
CoV|Q0Q475.20.BC2	35880
CoV|Q0Q475.21.BC1	75274
CoV|Q0Q475.21.BC2	35928
CoV|Q0Q475.22.BC1	42545
CoV|Q0Q475.22.BC2	51263
CoV|Q0Q475.23.BC1	28363
CoV|Q0Q475.23.BC2	16194
CoV|Q0Q475.24.BC1	12284
CoV|Q0Q475.24.BC2	13833
CoV|Q0Q475.25.BC1	24832
CoV|Q0Q475.25.BC2	12706
CoV|Q0Q475.26.BC1	16496
CoV|Q0Q475.26.BC2	33832
CoV|Q0Q475.3.BC1	6519
CoV|Q0Q475.3.BC2	5221
CoV|Q0Q475.31.BC1	25463
CoV|Q0Q475.31.BC2	19530
CoV|Q0Q475.32.BC1	12822
CoV|Q0Q475.32.BC2	14102
CoV|Q0Q475.38.BC1	11724
CoV|Q0Q475.38.BC2	25619
CoV|Q0Q475.39.BC1	25013
CoV|Q0Q475.39.BC2	34703
CoV|Q0Q475.4.BC1	5078
CoV|Q0Q475.4.BC2	18173
CoV|Q0Q475.5.BC1	21766
CoV|Q0Q475.5.BC2	25429
CoV|Q0Q475.6.BC1	28167
CoV|Q0Q475.6.BC2	18380
CoV|Q0Q475.7.BC1	20471
CoV|Q0Q475.7.BC2	14857
CoV|Q0Q475.8.BC1	8191
CoV|Q0Q475.8.BC2	4483
CoV|Q0Q475.9.BC1	8009
CoV|Q0Q475.9.BC2	9710
CoV|Q14EA6.0.BC1	9647
CoV|Q14EA6.0.BC2	25137
CoV|Q14EA6.1.BC1	12274
CoV|Q14EA6.1.BC2	10912
CoV|Q14EA6.10.BC1	19610
CoV|Q14EA6.10.BC2	8866
CoV|Q14EA6.11.BC1	20433
CoV|Q14EA6.11.BC2	5681
CoV|Q14EA6.12.BC1	3914
CoV|Q14EA6.12.BC2	4220
CoV|Q14EA6.13.BC1	11753
CoV|Q14EA6.13.BC2	33130
CoV|Q14EA6.14.BC1	67435
CoV|Q14EA6.14.BC2	25069
CoV|Q14EA6.2.BC1	9229
CoV|Q14EA6.2.BC2	20993
CoV|Q14EA6.3.BC1	10824
CoV|Q14EA6.3.BC2	22611
CoV|Q14EA6.4.BC1	18177
CoV|Q14EA6.4.BC2	16443
CoV|Q14EA6.5.BC1	22332
CoV|Q14EA6.5.BC2	26360
CoV|Q14EA6.6.BC1	28684
CoV|Q14EA6.6.BC2	23114
CoV|Q14EA6.7.BC1	39863
CoV|Q14EA6.7.BC2	21197
CoV|Q14EA6.8.BC1	30110
CoV|Q14EA6.8.BC2	13705
CoV|Q14EA6.9.BC1	26132
CoV|Q14EA6.9.BC2	7037
CoV|Q14EA7.0.BC1	13676
CoV|Q14EA7.0.BC2	22448
CoV|Q14EA7.1.BC1	39746
CoV|Q14EA7.1.BC2	43270
CoV|Q14EA7.2.BC1	41562
CoV|Q14EA7.2.BC2	40686
CoV|Q14EA7.3.BC1	21238
CoV|Q14EA7.3.BC2	17427
CoV|Q14EA7.4.BC1	9097
CoV|Q14EA7.4.BC2	11337
CoV|Q14EA7.5.BC1	21468
CoV|Q14EA7.5.BC2	12428
CoV|Q14EA7.6.BC1	13301
CoV|Q14EA7.6.BC2	23482
CoV|Q14EA8.0.BC1	40959
CoV|Q14EA8.0.BC2	49749
CoV|Q14EA8.1.BC1	21448
CoV|Q14EA8.1.BC2	18416
CoV|Q14EA9.0.BC1	42607
CoV|Q14EA9.0.BC2	7639
CoV|Q14EA9.1.BC1	9237
CoV|Q14EA9.1.BC2	19822
CoV|Q14EA9.2.BC1	17505
CoV|Q14EA9.2.BC2	22963
CoV|Q14EB0.0.BC1	40517
CoV|Q14EB0.0.BC2	35017
CoV|Q14EB0.1.BC1	4974
CoV|Q14EB0.1.BC2	13556
CoV|Q14EB0.10.BC1	26668
CoV|Q14EB0.10.BC2	23591
CoV|Q14EB0.11.BC1	25677
CoV|Q14EB0.11.BC2	17542
CoV|Q14EB0.12.BC1	10403
CoV|Q14EB0.12.BC2	9604
CoV|Q14EB0.13.BC1	18510
CoV|Q14EB0.13.BC2	9582
CoV|Q14EB0.14.BC1	9151
CoV|Q14EB0.14.BC2	4715
CoV|Q14EB0.15.BC1	20328
CoV|Q14EB0.15.BC2	28772
CoV|Q14EB0.16.BC1	40020
CoV|Q14EB0.16.BC2	37261
CoV|Q14EB0.17.BC1	34887
CoV|Q14EB0.17.BC2	22199
CoV|Q14EB0.18.BC1	6260
CoV|Q14EB0.18.BC2	14719
CoV|Q14EB0.19.BC1	25764
CoV|Q14EB0.19.BC2	25256
CoV|Q14EB0.2.BC1	8418
CoV|Q14EB0.2.BC2	12030
CoV|Q14EB0.20.BC1	14026
CoV|Q14EB0.20.BC2	30516
CoV|Q14EB0.21.BC1	13115
CoV|Q14EB0.21.BC2	12430
CoV|Q14EB0.22.BC1	17706
CoV|Q14EB0.22.BC2	14612
CoV|Q14EB0.23.BC1	21397
CoV|Q14EB0.23.BC2	28144
CoV|Q14EB0.24.BC1	20879
CoV|Q14EB0.24.BC2	13222
CoV|Q14EB0.25.BC1	44779
CoV|Q14EB0.25.BC2	13486
CoV|Q14EB0.26.BC1	31996
CoV|Q14EB0.26.BC2	26995
CoV|Q14EB0.27.BC1	17654
CoV|Q14EB0.27.BC2	8072
CoV|Q14EB0.28.BC1	35606
CoV|Q14EB0.28.BC2	47672
CoV|Q14EB0.29.BC1	14582
CoV|Q14EB0.29.BC2	7404
CoV|Q14EB0.3.BC1	9445
CoV|Q14EB0.3.BC2	8172
CoV|Q14EB0.30.BC1	14536
CoV|Q14EB0.30.BC2	16739
CoV|Q14EB0.31.BC1	38333
CoV|Q14EB0.31.BC2	11765
CoV|Q14EB0.32.BC1	40362
CoV|Q14EB0.32.BC2	31870
CoV|Q14EB0.33.BC1	29149
CoV|Q14EB0.33.BC2	32404
CoV|Q14EB0.34.BC1	12322
CoV|Q14EB0.34.BC2	12974
CoV|Q14EB0.35.BC1	19918
CoV|Q14EB0.35.BC2	18284
CoV|Q14EB0.36.BC1	12758
CoV|Q14EB0.36.BC2	32413
CoV|Q14EB0.37.BC1	9937
CoV|Q14EB0.37.BC2	5964
CoV|Q14EB0.38.BC1	21187
CoV|Q14EB0.38.BC2	41459
CoV|Q14EB0.39.BC1	2203
CoV|Q14EB0.39.BC2	10269
CoV|Q14EB0.4.BC1	11006
CoV|Q14EB0.4.BC2	8422
CoV|Q14EB0.40.BC1	5722
CoV|Q14EB0.40.BC2	9418
CoV|Q14EB0.41.BC1	10376
CoV|Q14EB0.41.BC2	16327
CoV|Q14EB0.42.BC1	14928
CoV|Q14EB0.42.BC2	11481
CoV|Q14EB0.43.BC1	20339
CoV|Q14EB0.43.BC2	23152
CoV|Q14EB0.44.BC1	9937
CoV|Q14EB0.44.BC2	8918
CoV|Q14EB0.45.BC1	16916
CoV|Q14EB0.45.BC2	11596
CoV|Q14EB0.46.BC1	44996
CoV|Q14EB0.46.BC2	23944
CoV|Q14EB0.47.BC1	39226
CoV|Q14EB0.47.BC2	31607
CoV|Q14EB0.5.BC1	34356
CoV|Q14EB0.5.BC2	16105
CoV|Q14EB0.6.BC1	9288
CoV|Q14EB0.6.BC2	4464
CoV|Q14EB0.7.BC1	21587
CoV|Q14EB0.7.BC2	21819
CoV|Q14EB0.8.BC1	11261
CoV|Q14EB0.8.BC2	12081
CoV|Q14EB0.9.BC1	15942
CoV|Q14EB0.9.BC2	27157
CoV|Q14EB1.0.BC1	18259
CoV|Q14EB1.0.BC2	16868
CoV|Q14EB1.1.BC1	20442
CoV|Q14EB1.1.BC2	10989
CoV|Q14EB1.10.BC1	11801
CoV|Q14EB1.10.BC2	13142
CoV|Q14EB1.11.BC1	17265
CoV|Q14EB1.11.BC2	24557
CoV|Q14EB1.12.BC1	24706
CoV|Q14EB1.12.BC2	47174
CoV|Q14EB1.2.BC1	14973
CoV|Q14EB1.2.BC2	11016
CoV|Q14EB1.3.BC1	6259
CoV|Q14EB1.3.BC2	20110
CoV|Q14EB1.4.BC1	7086
CoV|Q14EB1.4.BC2	13286
CoV|Q14EB1.5.BC1	8050
CoV|Q14EB1.5.BC2	5043
CoV|Q14EB1.6.BC1	9463
CoV|Q14EB1.6.BC2	10105
CoV|Q14EB1.7.BC1	10665
CoV|Q14EB1.7.BC2	11961
CoV|Q14EB1.8.BC1	25702
CoV|Q14EB1.8.BC2	25284
CoV|Q14EB1.9.BC1	34267
CoV|Q14EB1.9.BC2	24034
CoV|Q2HZW9.0.BC1	29268
CoV|Q2HZW9.0.BC2	27140
CoV|Q2HZW9.1.BC1	50759
CoV|Q2HZW9.1.BC2	28130
CoV|Q2HZW9.2.BC1	39190
CoV|Q2HZW9.2.BC2	44413
CoV|Q2HZW9.3.BC1	27293
CoV|Q2HZW9.3.BC2	32868
CoV|Q2HZW9.4.BC1	9380
CoV|Q2HZW9.4.BC2	24243
CoV|Q2HZW9.5.BC1	14761
CoV|Q2HZW9.5.BC2	31979
CoV|Q2HZW9.6.BC1	23186
CoV|Q2HZW9.6.BC2	26835
CoV|Q2HZW9.7.BC1	25763
CoV|Q2HZW9.7.BC2	31671
CoV|Q3I5I5.0.BC1	16043
CoV|Q3I5I5.0.BC2	7641
CoV|Q3I5I5.1.BC1	8000
CoV|Q3I5I5.1.BC2	12855
CoV|Q3I5I6.0.BC1	25682
CoV|Q3I5I6.0.BC2	288
CoV|Q3I5I6.1.BC1	18804
CoV|Q3I5I6.1.BC2	14685
CoV|Q3I5I6.2.BC1	11726
CoV|Q3I5I6.2.BC2	4142
CoV|Q3I5I7.0.BC1	41506
CoV|Q3I5I7.0.BC2	37179
CoV|Q3I5I7.10.BC1	14417
CoV|Q3I5I7.10.BC2	10984
CoV|Q3I5I7.11.BC1	6492
CoV|Q3I5I7.11.BC2	9638
CoV|Q3I5I7.12.BC1	26333
CoV|Q3I5I7.12.BC2	22082
CoV|Q3I5I7.13.BC1	49531
CoV|Q3I5I7.13.BC2	9834
CoV|Q3I5I7.6.BC1	47039
CoV|Q3I5I7.6.BC2	23123
CoV|Q3I5I7.7.BC1	17852
CoV|Q3I5I7.7.BC2	20774
CoV|Q3I5I7.8.BC1	33796
CoV|Q3I5I7.8.BC2	33285
CoV|Q3I5I7.9.BC1	26936
CoV|Q3I5I7.9.BC2	48823
CoV|Q3I5I8.1.BC1	15054
CoV|Q3I5I8.1.BC2	12144
CoV|Q3I5I8.2.BC1	15549
CoV|Q3I5I8.2.BC2	13047
CoV|Q3I5I8.3.BC1	23863
CoV|Q3I5I8.3.BC2	32138
CoV|Q3I5J0.0.BC1	21515
CoV|Q3I5J0.0.BC2	23110
CoV|Q3I5J0.1.BC1	32870
CoV|Q3I5J0.1.BC2	27702
CoV|Q3I5J0.2.BC1	19088
CoV|Q3I5J0.2.BC2	18040
CoV|Q3I5J0.3.BC1	17574
CoV|Q3I5J0.3.BC2	14379
CoV|Q3I5J1.0.BC1	7860
CoV|Q3I5J1.0.BC2	6454
CoV|Q3I5J1.1.BC1	11849
CoV|Q3I5J1.1.BC2	14901
CoV|Q3I5J2.0.BC1	17305
CoV|Q3I5J2.0.BC2	24483
CoV|Q3I5J2.1.BC1	40213
CoV|Q3I5J2.1.BC2	22098
CoV|Q3I5J2.2.BC1	45058
CoV|Q3I5J2.2.BC2	46618
CoV|Q3I5J2.3.BC1	25387
CoV|Q3I5J2.3.BC2	21828
CoV|Q3I5J2.4.BC1	11671
CoV|Q3I5J2.4.BC2	8098
CoV|Q3I5J2.5.BC1	15450
CoV|Q3I5J2.5.BC2	24695
CoV|Q3I5J2.6.BC1	34775
CoV|Q3I5J2.6.BC2	45809
CoV|Q3I5J4.0.BC1	9564
CoV|Q3I5J4.0.BC2	11238
CoV|Q3I5J4.1.BC1	14463
CoV|Q3I5J4.1.BC2	25152
CoV|Q3I5J4.2.BC1	20234
CoV|Q3I5J4.2.BC2	2796
CoV|Q3I5J4.6.BC1	5279
CoV|Q3I5J4.6.BC2	8308
CoV|Q3I5J4.7.BC1	6005
CoV|Q3I5J4.7.BC2	4004
CoV|Q3I5J5.0.BC1	20105
CoV|Q3I5J5.0.BC2	26323
CoV|Q3I5J5.1.BC1	20867
CoV|Q3I5J5.1.BC2	24175
CoV|Q3I5J5.10.BC1	27709
CoV|Q3I5J5.10.BC2	17614
CoV|Q3I5J5.11.BC1	31803
CoV|Q3I5J5.11.BC2	20032
CoV|Q3I5J5.12.BC1	18787
CoV|Q3I5J5.12.BC2	1239
CoV|Q3I5J5.13.BC1	32669
CoV|Q3I5J5.13.BC2	30505
CoV|Q3I5J5.14.BC1	19891
CoV|Q3I5J5.14.BC2	23936
CoV|Q3I5J5.15.BC1	69344
CoV|Q3I5J5.15.BC2	75765
CoV|Q3I5J5.16.BC1	27527
CoV|Q3I5J5.16.BC2	9256
CoV|Q3I5J5.17.BC1	8895
CoV|Q3I5J5.17.BC2	12240
CoV|Q3I5J5.18.BC1	20447
CoV|Q3I5J5.18.BC2	22644
CoV|Q3I5J5.19.BC1	31047
CoV|Q3I5J5.19.BC2	20160
CoV|Q3I5J5.2.BC1	22582
CoV|Q3I5J5.2.BC2	16804
CoV|Q3I5J5.20.BC1	19535
CoV|Q3I5J5.20.BC2	57312
CoV|Q3I5J5.21.BC1	49886
CoV|Q3I5J5.21.BC2	35730
CoV|Q3I5J5.22.BC1	20431
CoV|Q3I5J5.22.BC2	28153
CoV|Q3I5J5.23.BC1	16866
CoV|Q3I5J5.23.BC2	18178
CoV|Q3I5J5.24.BC1	2908
CoV|Q3I5J5.24.BC2	25922
CoV|Q3I5J5.25.BC1	18866
CoV|Q3I5J5.25.BC2	18465
CoV|Q3I5J5.26.BC1	19548
CoV|Q3I5J5.26.BC2	16038
CoV|Q3I5J5.27.BC1	26218
CoV|Q3I5J5.27.BC2	22220
CoV|Q3I5J5.28.BC1	35982
CoV|Q3I5J5.28.BC2	65539
CoV|Q3I5J5.29.BC1	20794
CoV|Q3I5J5.29.BC2	22547
CoV|Q3I5J5.3.BC1	14975
CoV|Q3I5J5.3.BC2	9450
CoV|Q3I5J5.30.BC1	15335
CoV|Q3I5J5.30.BC2	26783
CoV|Q3I5J5.31.BC1	14797
CoV|Q3I5J5.31.BC2	40052
CoV|Q3I5J5.32.BC1	20640
CoV|Q3I5J5.32.BC2	9172
CoV|Q3I5J5.33.BC1	11094
CoV|Q3I5J5.33.BC2	8764
CoV|Q3I5J5.34.BC1	23569
CoV|Q3I5J5.34.BC2	27059
CoV|Q3I5J5.35.BC1	12088
CoV|Q3I5J5.35.BC2	11433
CoV|Q3I5J5.36.BC1	25249
CoV|Q3I5J5.36.BC2	10547
CoV|Q3I5J5.37.BC1	13099
CoV|Q3I5J5.37.BC2	18967
CoV|Q3I5J5.38.BC1	15035
CoV|Q3I5J5.38.BC2	15400
CoV|Q3I5J5.39.BC1	2758
CoV|Q3I5J5.39.BC2	25430
CoV|Q3I5J5.4.BC1	11941
CoV|Q3I5J5.4.BC2	8106
CoV|Q3I5J5.40.BC1	16666
CoV|Q3I5J5.40.BC2	6912
CoV|Q3I5J5.41.BC1	30956
CoV|Q3I5J5.41.BC2	39664
CoV|Q3I5J5.42.BC1	12892
CoV|Q3I5J5.42.BC2	26223
CoV|Q3I5J5.43.BC1	13386
CoV|Q3I5J5.43.BC2	21313
CoV|Q3I5J5.5.BC1	21981
CoV|Q3I5J5.5.BC2	21030
CoV|Q3I5J5.6.BC1	20044
CoV|Q3I5J5.6.BC2	27705
CoV|Q3I5J5.7.BC1	7531
CoV|Q3I5J5.7.BC2	11817
CoV|Q3I5J5.8.BC1	5100
CoV|Q3I5J5.8.BC2	6358
CoV|Q3I5J5.9.BC1	16512
CoV|Q3I5J5.9.BC2	11930
CoV|Q3LZW9.0.BC1	48882
CoV|Q3LZW9.0.BC2	54675
CoV|Q3LZX0.0.BC1	14584
CoV|Q3LZX0.0.BC2	5732
CoV|Q3LZX0.1.BC1	23345
CoV|Q3LZX0.1.BC2	18514
CoV|Q3LZX0.2.BC1	3026
CoV|Q3LZX0.2.BC2	21062
CoV|Q3LZX0.3.BC1	27208
CoV|Q3LZX0.3.BC2	25812
CoV|Q3LZX0.4.BC1	24451
CoV|Q3LZX0.4.BC2	25837
CoV|Q3LZX0.5.BC1	21058
CoV|Q3LZX0.5.BC2	8660
CoV|Q3LZX0.6.BC1	1899
CoV|Q3LZX0.6.BC2	5234
CoV|Q3LZX0.7.BC1	15981
CoV|Q3LZX0.7.BC2	2321
CoV|Q3LZX1.0.BC1	12450
CoV|Q3LZX1.0.BC2	21762
CoV|Q3LZX1.1.BC1	19413
CoV|Q3LZX1.1.BC2	19750
CoV|Q3LZX1.10.BC1	34489
CoV|Q3LZX1.10.BC2	20327
CoV|Q3LZX1.14.BC1	15286
CoV|Q3LZX1.14.BC2	19415
CoV|Q3LZX1.15.BC1	33350
CoV|Q3LZX1.15.BC2	33168
CoV|Q3LZX1.16.BC1	15250
CoV|Q3LZX1.16.BC2	10444
CoV|Q3LZX1.17.BC1	2759
CoV|Q3LZX1.17.BC2	7187
CoV|Q3LZX1.18.BC1	23987
CoV|Q3LZX1.18.BC2	30501
CoV|Q3LZX1.19.BC1	23400
CoV|Q3LZX1.19.BC2	22701
CoV|Q3LZX1.2.BC1	8514
CoV|Q3LZX1.2.BC2	10060
CoV|Q3LZX1.20.BC1	25870
CoV|Q3LZX1.20.BC2	33540
CoV|Q3LZX1.21.BC1	40587
CoV|Q3LZX1.21.BC2	37478
CoV|Q3LZX1.22.BC1	32425
CoV|Q3LZX1.22.BC2	16072
CoV|Q3LZX1.23.BC1	22396
CoV|Q3LZX1.23.BC2	12407
CoV|Q3LZX1.24.BC1	7476
CoV|Q3LZX1.24.BC2	2655
CoV|Q3LZX1.25.BC1	35320
CoV|Q3LZX1.25.BC2	21126
CoV|Q3LZX1.26.BC1	7696
CoV|Q3LZX1.26.BC2	4957
CoV|Q3LZX1.27.BC1	15233
CoV|Q3LZX1.27.BC2	35360
CoV|Q3LZX1.28.BC1	29944
CoV|Q3LZX1.28.BC2	38937
CoV|Q3LZX1.29.BC1	27424
CoV|Q3LZX1.29.BC2	47519
CoV|Q3LZX1.3.BC1	7291
CoV|Q3LZX1.3.BC2	5613
CoV|Q3LZX1.30.BC1	10691
CoV|Q3LZX1.30.BC2	13688
CoV|Q3LZX1.31.BC1	16422
CoV|Q3LZX1.31.BC2	22098
CoV|Q3LZX1.32.BC1	5641
CoV|Q3LZX1.32.BC2	9101
CoV|Q3LZX1.33.BC1	8922
CoV|Q3LZX1.33.BC2	5383
CoV|Q3LZX1.34.BC1	3384
CoV|Q3LZX1.34.BC2	13659
CoV|Q3LZX1.35.BC1	15523
CoV|Q3LZX1.35.BC2	19260
CoV|Q3LZX1.36.BC1	10640
CoV|Q3LZX1.36.BC2	12238
CoV|Q3LZX1.37.BC1	20840
CoV|Q3LZX1.37.BC2	15099
CoV|Q3LZX1.38.BC1	20178
CoV|Q3LZX1.38.BC2	15228
CoV|Q3LZX1.39.BC1	19665
CoV|Q3LZX1.39.BC2	21376
CoV|Q3LZX1.4.BC1	3533
CoV|Q3LZX1.4.BC2	6887
CoV|Q3LZX1.40.BC1	13528
CoV|Q3LZX1.40.BC2	7730
CoV|Q3LZX1.41.BC1	22413
CoV|Q3LZX1.41.BC2	27862
CoV|Q3LZX1.42.BC1	21534
CoV|Q3LZX1.42.BC2	17212
CoV|Q3LZX1.5.BC1	12082
CoV|Q3LZX1.5.BC2	26125
CoV|Q3LZX1.6.BC1	22043
CoV|Q3LZX1.6.BC2	16139
CoV|Q3LZX1.7.BC1	14161
CoV|Q3LZX1.7.BC2	11993
CoV|Q3LZX1.8.BC1	9381
CoV|Q3LZX1.8.BC2	10190
CoV|Q3LZX1.9.BC1	15402
CoV|Q3LZX1.9.BC2	23455
CoV|Q3LZX3.0.BC1	16441
CoV|Q3LZX3.0.BC2	14164
CoV|Q3LZX3.1.BC1	11174
CoV|Q3LZX3.1.BC2	19442
CoV|Q3LZX3.2.BC1	28915
CoV|Q3LZX3.2.BC2	34101
CoV|Q3LZX4.0.BC1	41390
CoV|Q3LZX4.0.BC2	43835
CoV|Q3LZX4.10.BC1	24914
CoV|Q3LZX4.10.BC2	19653
CoV|Q3LZX4.11.BC1	637
CoV|Q3LZX4.11.BC2	6631
CoV|Q3LZX4.12.BC1	21676
CoV|Q3LZX4.12.BC2	30461
CoV|Q3LZX4.13.BC1	46926
CoV|Q3LZX4.13.BC2	25717
CoV|Q3LZX4.14.BC1	42301
CoV|Q3LZX4.14.BC2	28256
CoV|Q3LZX4.2.BC1	20228
CoV|Q3LZX4.2.BC2	13254
CoV|Q3LZX4.3.BC1	9846
CoV|Q3LZX4.3.BC2	14469
CoV|Q3LZX4.5.BC1	34365
CoV|Q3LZX4.5.BC2	39555
CoV|Q3LZX4.6.BC1	52928
CoV|Q3LZX4.6.BC2	35918
CoV|Q3LZX4.7.BC1	28581
CoV|Q3LZX4.7.BC2	28835
CoV|Q3LZX4.8.BC1	43428
CoV|Q3LZX4.8.BC2	37293
CoV|Q3LZX4.9.BC1	45936
CoV|Q3LZX4.9.BC2	37490
CoV|Q3LZX5.0.BC1	7642
CoV|Q3LZX5.0.BC2	11352
CoV|Q3LZX5.1.BC1	16070
CoV|Q3LZX5.1.BC2	17728
CoV|Q3LZX5.2.BC1	13389
CoV|Q3LZX5.2.BC2	21495
CoV|Q3LZX5.3.BC1	22374
CoV|Q3LZX5.3.BC2	12163
CoV|Q3LZX6.0.BC1	43356
CoV|Q3LZX6.0.BC2	2802
CoV|Q3LZX7.0.BC1	19937
CoV|Q3LZX7.0.BC2	12932
CoV|Q3LZX7.1.BC1	56670
CoV|Q3LZX7.1.BC2	46501
CoV|Q3LZX7.2.BC1	44938
CoV|Q3LZX7.2.BC2	50032
CoV|Q3LZX7.3.BC1	25307
CoV|Q3LZX7.3.BC2	23456
CoV|Q3LZX8.0.BC1	6161
CoV|Q3LZX8.0.BC2	9297
CoV|Q3LZX8.1.BC1	18279
CoV|Q3LZX8.1.BC2	5199
CoV|Q3LZX9.0.BC1	21940
CoV|Q3LZX9.0.BC2	12379
CoV|Q4VID0.0.BC1	31571
CoV|Q4VID0.0.BC2	26698
CoV|Q4VID0.1.BC1	18453
CoV|Q4VID0.1.BC2	16892
CoV|Q4VID0.2.BC1	38135
CoV|Q4VID0.2.BC2	26574
CoV|Q4VID0.3.BC1	36761
CoV|Q4VID0.3.BC2	60570
CoV|Q4VID0.4.BC1	15274
CoV|Q4VID0.4.BC2	31642
CoV|Q4VID0.5.BC1	12735
CoV|Q4VID0.5.BC2	22392
CoV|Q4VID0.6.BC1	18446
CoV|Q4VID0.6.BC2	14694
CoV|Q7TFA0.0.BC1	15857
CoV|Q7TFA0.0.BC2	13596
CoV|Q7TFA1.0.BC1	26098
CoV|Q7TFA1.0.BC2	14742
CoV|Q7TLC7.0.BC1	10521
CoV|Q7TLC7.0.BC2	5438
CoV|Q7TLC7.1.BC1	14963
CoV|Q7TLC7.1.BC2	9127
CoV|Q80872.0.BC1	4767
CoV|Q80872.0.BC2	14908
CoV|Q80872.1.BC1	24814
CoV|Q80872.1.BC2	27497
CoV|Q80872.2.BC1	13914
CoV|Q80872.2.BC2	31483
CoV|Q80872.3.BC1	18342
CoV|Q80872.3.BC2	22036
CoV|Q80872.4.BC1	22106
CoV|Q80872.4.BC2	30224
CoV|Q80872.5.BC1	2336
CoV|Q80872.5.BC2	9639
CoV|Q80872.6.BC1	10766
CoV|Q80872.6.BC2	13751
CoV|Q80872.7.BC1	9474
CoV|Q80872.7.BC2	23987
CoV|Q80872.8.BC1	19734
CoV|Q80872.8.BC2	16371
CoV|Q80H93.0.BC1	7762
CoV|Q80H93.0.BC2	12478
CoV|Q80H93.1.BC1	12056
CoV|Q80H93.1.BC2	17043
CoV|Q80H93.2.BC1	18470
CoV|Q80H93.2.BC2	15340
CoV|QHN73809.109.BC1	37493
CoV|QHN73809.109.BC2	25678
CoV|QHN73809.110.BC1	28894
CoV|QHN73809.110.BC2	32892
CoV|QHO60600.1.BC1	10111
CoV|QHO60600.1.BC2	11850
CoV|QHO60600.2.BC1	13055
CoV|QHO60600.2.BC2	16128
CoV|QHO60600.3.BC1	8159
CoV|QHO60600.3.BC2	32428
CoV|QHQ71962.14.BC1	35812
CoV|QHQ71962.14.BC2	18156
CoV|QHQ71962.15.BC1	16829
CoV|QHQ71962.15.BC2	9459
CoV|QHQ71969.1.BC1	9520
CoV|QHQ71969.1.BC2	8755
CoV|QHQ71969.2.BC1	22633
CoV|QHQ71969.2.BC2	13187
CoV|QHQ71972.198.BC1	15814
CoV|QHQ71972.198.BC2	18082
CoV|QHQ71972.199.BC1	6392
CoV|QHQ71972.199.BC2	10080
CoV|QHQ82463.0.BC1	20948
CoV|QHQ82463.0.BC2	25308
CoV|QHQ82463.1.BC1	35324
CoV|QHQ82463.1.BC2	23439
CoV|QHQ82463.10.BC1	26193
CoV|QHQ82463.10.BC2	21035
CoV|QHQ82463.100.BC1	36951
CoV|QHQ82463.100.BC2	37929
CoV|QHQ82463.101.BC1	12136
CoV|QHQ82463.101.BC2	9379
CoV|QHQ82463.102.BC1	11155
CoV|QHQ82463.102.BC2	604
CoV|QHQ82463.103.BC1	2528
CoV|QHQ82463.103.BC2	806
CoV|QHQ82463.104.BC1	56938
CoV|QHQ82463.104.BC2	51863
CoV|QHQ82463.105.BC1	10029
CoV|QHQ82463.105.BC2	14435
CoV|QHQ82463.106.BC1	44703
CoV|QHQ82463.106.BC2	78385
CoV|QHQ82463.107.BC1	18629
CoV|QHQ82463.107.BC2	14309
CoV|QHQ82463.108.BC1	3699
CoV|QHQ82463.108.BC2	54580
CoV|QHQ82463.109.BC1	61759
CoV|QHQ82463.109.BC2	69467
CoV|QHQ82463.11.BC1	14396
CoV|QHQ82463.11.BC2	30306
CoV|QHQ82463.110.BC1	10133
CoV|QHQ82463.110.BC2	20451
CoV|QHQ82463.111.BC1	21416
CoV|QHQ82463.111.BC2	32257
CoV|QHQ82463.112.BC1	5631
CoV|QHQ82463.112.BC2	4823
CoV|QHQ82463.113.BC1	18354
CoV|QHQ82463.113.BC2	22103
CoV|QHQ82463.114.BC1	20410
CoV|QHQ82463.114.BC2	1370
CoV|QHQ82463.115.BC1	36772
CoV|QHQ82463.115.BC2	48102
CoV|QHQ82463.116.BC1	17363
CoV|QHQ82463.116.BC2	16156
CoV|QHQ82463.117.BC1	23647
CoV|QHQ82463.117.BC2	39074
CoV|QHQ82463.118.BC1	26614
CoV|QHQ82463.118.BC2	20158
CoV|QHQ82463.119.BC1	36419
CoV|QHQ82463.119.BC2	15327
CoV|QHQ82463.12.BC1	31731
CoV|QHQ82463.12.BC2	24904
CoV|QHQ82463.120.BC1	28935
CoV|QHQ82463.120.BC2	21897
CoV|QHQ82463.121.BC1	13830
CoV|QHQ82463.121.BC2	16054
CoV|QHQ82463.122.BC1	11058
CoV|QHQ82463.122.BC2	6627
CoV|QHQ82463.123.BC1	11021
CoV|QHQ82463.123.BC2	10458
CoV|QHQ82463.124.BC1	17226
CoV|QHQ82463.124.BC2	29423
CoV|QHQ82463.125.BC1	49372
CoV|QHQ82463.125.BC2	27791
CoV|QHQ82463.126.BC1	17176
CoV|QHQ82463.126.BC2	18112
CoV|QHQ82463.127.BC1	26946
CoV|QHQ82463.127.BC2	14681
CoV|QHQ82463.128.BC1	2027
CoV|QHQ82463.128.BC2	9566
CoV|QHQ82463.129.BC1	114958
CoV|QHQ82463.129.BC2	63223
CoV|QHQ82463.13.BC1	20346
CoV|QHQ82463.13.BC2	11858
CoV|QHQ82463.130.BC1	31297
CoV|QHQ82463.130.BC2	18465
CoV|QHQ82463.131.BC1	32505
CoV|QHQ82463.131.BC2	33753
CoV|QHQ82463.132.BC1	19253
CoV|QHQ82463.132.BC2	20768
CoV|QHQ82463.133.BC1	34193
CoV|QHQ82463.133.BC2	47179
CoV|QHQ82463.134.BC1	61641
CoV|QHQ82463.134.BC2	49207
CoV|QHQ82463.135.BC1	25281
CoV|QHQ82463.135.BC2	24101
CoV|QHQ82463.136.BC1	14986
CoV|QHQ82463.136.BC2	22539
CoV|QHQ82463.137.BC1	10171
CoV|QHQ82463.137.BC2	9076
CoV|QHQ82463.138.BC1	7752
CoV|QHQ82463.138.BC2	10489
CoV|QHQ82463.139.BC1	6380
CoV|QHQ82463.139.BC2	9093
CoV|QHQ82463.14.BC1	33894
CoV|QHQ82463.14.BC2	32008
CoV|QHQ82463.140.BC1	34545
CoV|QHQ82463.140.BC2	22522
CoV|QHQ82463.141.BC1	16167
CoV|QHQ82463.141.BC2	30963
CoV|QHQ82463.142.BC1	25518
CoV|QHQ82463.142.BC2	53248
CoV|QHQ82463.143.BC1	25321
CoV|QHQ82463.143.BC2	65844
CoV|QHQ82463.144.BC1	20467
CoV|QHQ82463.144.BC2	14987
CoV|QHQ82463.145.BC1	7119
CoV|QHQ82463.145.BC2	3967
CoV|QHQ82463.146.BC1	24333
CoV|QHQ82463.146.BC2	22415
CoV|QHQ82463.147.BC1	50196
CoV|QHQ82463.147.BC2	48059
CoV|QHQ82463.148.BC1	15917
CoV|QHQ82463.148.BC2	23317
CoV|QHQ82463.149.BC1	23291
CoV|QHQ82463.149.BC2	17614
CoV|QHQ82463.15.BC1	9769
CoV|QHQ82463.15.BC2	7127
CoV|QHQ82463.150.BC1	14850
CoV|QHQ82463.150.BC2	22303
CoV|QHQ82463.151.BC1	19241
CoV|QHQ82463.151.BC2	20047
CoV|QHQ82463.152.BC1	16073
CoV|QHQ82463.152.BC2	14967
CoV|QHQ82463.153.BC1	28917
CoV|QHQ82463.153.BC2	21283
CoV|QHQ82463.154.BC1	15401
CoV|QHQ82463.154.BC2	15275
CoV|QHQ82463.155.BC1	54106
CoV|QHQ82463.155.BC2	33678
CoV|QHQ82463.156.BC1	50334
CoV|QHQ82463.156.BC2	33748
CoV|QHQ82463.157.BC1	24692
CoV|QHQ82463.157.BC2	16019
CoV|QHQ82463.158.BC1	12666
CoV|QHQ82463.158.BC2	19604
CoV|QHQ82463.159.BC1	22739
CoV|QHQ82463.159.BC2	12089
CoV|QHQ82463.16.BC1	5906
CoV|QHQ82463.16.BC2	3164
CoV|QHQ82463.160.BC1	48385
CoV|QHQ82463.160.BC2	45084
CoV|QHQ82463.161.BC1	13036
CoV|QHQ82463.161.BC2	20231
CoV|QHQ82463.162.BC1	33666
CoV|QHQ82463.162.BC2	30565
CoV|QHQ82463.163.BC1	19245
CoV|QHQ82463.163.BC2	12747
CoV|QHQ82463.164.BC1	30231
CoV|QHQ82463.164.BC2	31192
CoV|QHQ82463.165.BC1	26986
CoV|QHQ82463.165.BC2	20866
CoV|QHQ82463.166.BC1	29554
CoV|QHQ82463.166.BC2	46700
CoV|QHQ82463.167.BC1	21000
CoV|QHQ82463.167.BC2	26005
CoV|QHQ82463.168.BC1	20217
CoV|QHQ82463.168.BC2	24786
CoV|QHQ82463.169.BC1	49722
CoV|QHQ82463.169.BC2	29899
CoV|QHQ82463.17.BC1	15225
CoV|QHQ82463.17.BC2	4085
CoV|QHQ82463.170.BC1	29540
CoV|QHQ82463.170.BC2	33315
CoV|QHQ82463.171.BC1	31386
CoV|QHQ82463.171.BC2	17660
CoV|QHQ82463.172.BC1	8014
CoV|QHQ82463.172.BC2	18902
CoV|QHQ82463.173.BC1	12323
CoV|QHQ82463.173.BC2	5996
CoV|QHQ82463.174.BC1	33810
CoV|QHQ82463.174.BC2	20177
CoV|QHQ82463.175.BC1	45911
CoV|QHQ82463.175.BC2	43259
CoV|QHQ82463.176.BC1	15862
CoV|QHQ82463.176.BC2	36191
CoV|QHQ82463.177.BC1	13064
CoV|QHQ82463.177.BC2	7999
CoV|QHQ82463.178.BC1	18363
CoV|QHQ82463.178.BC2	29407
CoV|QHQ82463.179.BC1	13088
CoV|QHQ82463.179.BC2	11199
CoV|QHQ82463.18.BC1	19916
CoV|QHQ82463.18.BC2	17396
CoV|QHQ82463.180.BC1	25910
CoV|QHQ82463.180.BC2	41824
CoV|QHQ82463.181.BC1	15900
CoV|QHQ82463.181.BC2	25117
CoV|QHQ82463.182.BC1	27860
CoV|QHQ82463.182.BC2	35517
CoV|QHQ82463.183.BC1	7774
CoV|QHQ82463.183.BC2	6879
CoV|QHQ82463.184.BC1	15419
CoV|QHQ82463.184.BC2	11591
CoV|QHQ82463.185.BC1	66145
CoV|QHQ82463.185.BC2	89593
CoV|QHQ82463.186.BC1	27422
CoV|QHQ82463.186.BC2	36060
CoV|QHQ82463.187.BC1	8223
CoV|QHQ82463.187.BC2	13923
CoV|QHQ82463.188.BC1	15718
CoV|QHQ82463.188.BC2	12552
CoV|QHQ82463.189.BC1	35992
CoV|QHQ82463.189.BC2	18000
CoV|QHQ82463.19.BC1	19283
CoV|QHQ82463.19.BC2	45308
CoV|QHQ82463.190.BC1	34337
CoV|QHQ82463.190.BC2	18541
CoV|QHQ82463.191.BC1	6126
CoV|QHQ82463.191.BC2	15968
CoV|QHQ82463.192.BC1	50655
CoV|QHQ82463.192.BC2	36081
CoV|QHQ82463.193.BC1	38470
CoV|QHQ82463.193.BC2	39110
CoV|QHQ82463.194.BC1	26802
CoV|QHQ82463.194.BC2	24521
CoV|QHQ82463.195.BC1	18233
CoV|QHQ82463.195.BC2	21010
CoV|QHQ82463.196.BC1	12904
CoV|QHQ82463.196.BC2	26589
CoV|QHQ82463.197.BC1	13476
CoV|QHQ82463.197.BC2	25546
CoV|QHQ82463.198.BC1	17479
CoV|QHQ82463.198.BC2	26396
CoV|QHQ82463.199.BC1	18752
CoV|QHQ82463.199.BC2	29146
CoV|QHQ82463.2.BC1	26514
CoV|QHQ82463.2.BC2	32798
CoV|QHQ82463.20.BC1	13285
CoV|QHQ82463.20.BC2	22569
CoV|QHQ82463.200.BC1	13844
CoV|QHQ82463.200.BC2	13697
CoV|QHQ82463.201.BC1	40371
CoV|QHQ82463.201.BC2	47677
CoV|QHQ82463.202.BC1	15820
CoV|QHQ82463.202.BC2	21625
CoV|QHQ82463.203.BC1	37561
CoV|QHQ82463.203.BC2	63648
CoV|QHQ82463.204.BC1	22052
CoV|QHQ82463.204.BC2	41579
CoV|QHQ82463.205.BC1	14318
CoV|QHQ82463.205.BC2	22331
CoV|QHQ82463.206.BC1	20485
CoV|QHQ82463.206.BC2	17494
CoV|QHQ82463.207.BC1	20787
CoV|QHQ82463.207.BC2	22146
CoV|QHQ82463.208.BC1	13138
CoV|QHQ82463.208.BC2	18574
CoV|QHQ82463.209.BC1	14441
CoV|QHQ82463.209.BC2	11234
CoV|QHQ82463.21.BC1	18301
CoV|QHQ82463.21.BC2	15508
CoV|QHQ82463.210.BC1	20608
CoV|QHQ82463.210.BC2	33788
CoV|QHQ82463.211.BC1	20808
CoV|QHQ82463.211.BC2	18187
CoV|QHQ82463.212.BC1	15592
CoV|QHQ82463.212.BC2	24263
CoV|QHQ82463.213.BC1	17148
CoV|QHQ82463.213.BC2	26290
CoV|QHQ82463.214.BC1	13242
CoV|QHQ82463.214.BC2	40991
CoV|QHQ82463.215.BC1	30755
CoV|QHQ82463.215.BC2	22737
CoV|QHQ82463.216.BC1	18002
CoV|QHQ82463.216.BC2	24016
CoV|QHQ82463.217.BC1	13723
CoV|QHQ82463.217.BC2	13809
CoV|QHQ82463.218.BC1	15063
CoV|QHQ82463.218.BC2	18089
CoV|QHQ82463.219.BC1	12806
CoV|QHQ82463.219.BC2	6454
CoV|QHQ82463.22.BC1	11743
CoV|QHQ82463.22.BC2	16326
CoV|QHQ82463.220.BC1	40827
CoV|QHQ82463.220.BC2	32149
CoV|QHQ82463.221.BC1	19111
CoV|QHQ82463.221.BC2	25996
CoV|QHQ82463.222.BC1	31545
CoV|QHQ82463.222.BC2	19673
CoV|QHQ82463.223.BC1	24943
CoV|QHQ82463.223.BC2	18707
CoV|QHQ82463.224.BC1	20451
CoV|QHQ82463.224.BC2	12858
CoV|QHQ82463.225.BC1	24292
CoV|QHQ82463.225.BC2	32569
CoV|QHQ82463.226.BC1	27270
CoV|QHQ82463.226.BC2	31455
CoV|QHQ82463.227.BC1	17414
CoV|QHQ82463.227.BC2	28611
CoV|QHQ82463.228.BC1	22815
CoV|QHQ82463.228.BC2	20666
CoV|QHQ82463.229.BC1	11671
CoV|QHQ82463.229.BC2	15438
CoV|QHQ82463.23.BC1	4944
CoV|QHQ82463.23.BC2	16242
CoV|QHQ82463.230.BC1	16763
CoV|QHQ82463.230.BC2	30543
CoV|QHQ82463.231.BC1	26403
CoV|QHQ82463.231.BC2	37474
CoV|QHQ82463.232.BC1	51080
CoV|QHQ82463.232.BC2	25440
CoV|QHQ82463.233.BC1	52707
CoV|QHQ82463.233.BC2	20181
CoV|QHQ82463.234.BC1	42001
CoV|QHQ82463.234.BC2	41397
CoV|QHQ82463.235.BC1	13238
CoV|QHQ82463.235.BC2	22341
CoV|QHQ82463.236.BC1	19440
CoV|QHQ82463.236.BC2	53842
CoV|QHQ82463.237.BC1	4741
CoV|QHQ82463.237.BC2	12463
CoV|QHQ82463.238.BC1	4826
CoV|QHQ82463.238.BC2	8480
CoV|QHQ82463.239.BC1	16977
CoV|QHQ82463.239.BC2	7306
CoV|QHQ82463.24.BC1	15091
CoV|QHQ82463.24.BC2	13631
CoV|QHQ82463.240.BC1	2584
CoV|QHQ82463.240.BC2	5266
CoV|QHQ82463.241.BC1	14335
CoV|QHQ82463.241.BC2	8663
CoV|QHQ82463.242.BC1	25898
CoV|QHQ82463.242.BC2	22735
CoV|QHQ82463.243.BC1	32562
CoV|QHQ82463.243.BC2	31492
CoV|QHQ82463.244.BC1	35851
CoV|QHQ82463.244.BC2	21830
CoV|QHQ82463.245.BC1	40182
CoV|QHQ82463.245.BC2	48776
CoV|QHQ82463.246.BC1	28711
CoV|QHQ82463.246.BC2	15323
CoV|QHQ82463.247.BC1	11200
CoV|QHQ82463.247.BC2	18194
CoV|QHQ82463.248.BC1	25913
CoV|QHQ82463.248.BC2	7556
CoV|QHQ82463.249.BC1	12150
CoV|QHQ82463.249.BC2	17889
CoV|QHQ82463.25.BC1	15706
CoV|QHQ82463.25.BC2	18723
CoV|QHQ82463.250.BC1	11479
CoV|QHQ82463.250.BC2	44905
CoV|QHQ82463.251.BC1	15639
CoV|QHQ82463.251.BC2	18246
CoV|QHQ82463.26.BC1	22608
CoV|QHQ82463.26.BC2	18260
CoV|QHQ82463.27.BC1	16797
CoV|QHQ82463.27.BC2	15628
CoV|QHQ82463.28.BC1	19980
CoV|QHQ82463.28.BC2	7114
CoV|QHQ82463.29.BC1	17663
CoV|QHQ82463.29.BC2	10967
CoV|QHQ82463.3.BC1	21408
CoV|QHQ82463.3.BC2	36704
CoV|QHQ82463.30.BC1	43885
CoV|QHQ82463.30.BC2	38456
CoV|QHQ82463.31.BC1	2678
CoV|QHQ82463.31.BC2	10401
CoV|QHQ82463.32.BC1	16668
CoV|QHQ82463.32.BC2	23665
CoV|QHQ82463.33.BC1	27518
CoV|QHQ82463.33.BC2	19261
CoV|QHQ82463.34.BC1	30118
CoV|QHQ82463.34.BC2	25177
CoV|QHQ82463.35.BC1	18616
CoV|QHQ82463.35.BC2	27619
CoV|QHQ82463.36.BC1	11884
CoV|QHQ82463.36.BC2	18859
CoV|QHQ82463.37.BC1	4569
CoV|QHQ82463.37.BC2	38713
CoV|QHQ82463.38.BC1	61719
CoV|QHQ82463.38.BC2	44105
CoV|QHQ82463.39.BC1	37448
CoV|QHQ82463.39.BC2	38220
CoV|QHQ82463.4.BC1	22620
CoV|QHQ82463.4.BC2	8250
CoV|QHQ82463.40.BC1	15878
CoV|QHQ82463.40.BC2	11256
CoV|QHQ82463.41.BC1	9180
CoV|QHQ82463.41.BC2	3769
CoV|QHQ82463.42.BC1	8613
CoV|QHQ82463.42.BC2	11285
CoV|QHQ82463.43.BC1	7548
CoV|QHQ82463.43.BC2	16809
CoV|QHQ82463.44.BC1	14365
CoV|QHQ82463.44.BC2	16859
CoV|QHQ82463.45.BC1	25614
CoV|QHQ82463.45.BC2	19318
CoV|QHQ82463.46.BC1	20860
CoV|QHQ82463.46.BC2	15814
CoV|QHQ82463.47.BC1	21112
CoV|QHQ82463.47.BC2	12996
CoV|QHQ82463.48.BC1	19509
CoV|QHQ82463.48.BC2	33157
CoV|QHQ82463.49.BC1	5316
CoV|QHQ82463.49.BC2	10343
CoV|QHQ82463.5.BC1	48263
CoV|QHQ82463.5.BC2	32715
CoV|QHQ82463.50.BC1	7848
CoV|QHQ82463.50.BC2	5767
CoV|QHQ82463.51.BC1	65521
CoV|QHQ82463.51.BC2	63632
CoV|QHQ82463.52.BC1	22312
CoV|QHQ82463.52.BC2	16780
CoV|QHQ82463.53.BC1	16553
CoV|QHQ82463.53.BC2	18808
CoV|QHQ82463.54.BC1	25376
CoV|QHQ82463.54.BC2	22646
CoV|QHQ82463.55.BC1	20292
CoV|QHQ82463.55.BC2	12931
CoV|QHQ82463.56.BC1	35793
CoV|QHQ82463.56.BC2	46580
CoV|QHQ82463.57.BC1	21689
CoV|QHQ82463.57.BC2	18741
CoV|QHQ82463.58.BC1	9847
CoV|QHQ82463.58.BC2	17253
CoV|QHQ82463.59.BC1	20016
CoV|QHQ82463.59.BC2	19851
CoV|QHQ82463.6.BC1	30322
CoV|QHQ82463.6.BC2	37990
CoV|QHQ82463.60.BC1	326
CoV|QHQ82463.60.BC2	14434
CoV|QHQ82463.61.BC1	8228
CoV|QHQ82463.61.BC2	12549
CoV|QHQ82463.62.BC1	32724
CoV|QHQ82463.62.BC2	13505
CoV|QHQ82463.63.BC1	20619
CoV|QHQ82463.63.BC2	33286
CoV|QHQ82463.64.BC1	23962
CoV|QHQ82463.64.BC2	16897
CoV|QHQ82463.65.BC1	27656
CoV|QHQ82463.65.BC2	13836
CoV|QHQ82463.66.BC1	15392
CoV|QHQ82463.66.BC2	7308
CoV|QHQ82463.67.BC1	29745
CoV|QHQ82463.67.BC2	44055
CoV|QHQ82463.68.BC1	27267
CoV|QHQ82463.68.BC2	22516
CoV|QHQ82463.69.BC1	31687
CoV|QHQ82463.69.BC2	33431
CoV|QHQ82463.7.BC1	39319
CoV|QHQ82463.7.BC2	33932
CoV|QHQ82463.70.BC1	30412
CoV|QHQ82463.70.BC2	34148
CoV|QHQ82463.71.BC1	28093
CoV|QHQ82463.71.BC2	30171
CoV|QHQ82463.72.BC1	28349
CoV|QHQ82463.72.BC2	18401
CoV|QHQ82463.73.BC1	23495
CoV|QHQ82463.73.BC2	45131
CoV|QHQ82463.74.BC1	49220
CoV|QHQ82463.74.BC2	24822
CoV|QHQ82463.75.BC1	24039
CoV|QHQ82463.75.BC2	10519
CoV|QHQ82463.76.BC1	28253
CoV|QHQ82463.76.BC2	50731
CoV|QHQ82463.77.BC1	17686
CoV|QHQ82463.77.BC2	33591
CoV|QHQ82463.78.BC1	3245
CoV|QHQ82463.78.BC2	1407
CoV|QHQ82463.79.BC1	19411
CoV|QHQ82463.79.BC2	18052
CoV|QHQ82463.8.BC1	6447
CoV|QHQ82463.8.BC2	9867
CoV|QHQ82463.80.BC1	27495
CoV|QHQ82463.80.BC2	13949
CoV|QHQ82463.81.BC1	8968
CoV|QHQ82463.81.BC2	14136
CoV|QHQ82463.82.BC1	15560
CoV|QHQ82463.82.BC2	30648
CoV|QHQ82463.83.BC1	36882
CoV|QHQ82463.83.BC2	34769
CoV|QHQ82463.84.BC1	15106
CoV|QHQ82463.84.BC2	13429
CoV|QHQ82463.85.BC1	22658
CoV|QHQ82463.85.BC2	17717
CoV|QHQ82463.86.BC1	21053
CoV|QHQ82463.86.BC2	20269
CoV|QHQ82463.87.BC1	55428
CoV|QHQ82463.87.BC2	43736
CoV|QHQ82463.88.BC1	14175
CoV|QHQ82463.88.BC2	19394
CoV|QHQ82463.89.BC1	28984
CoV|QHQ82463.89.BC2	16939
CoV|QHQ82463.9.BC1	26076
CoV|QHQ82463.9.BC2	14500
CoV|QHQ82463.90.BC1	30579
CoV|QHQ82463.90.BC2	24612
CoV|QHQ82463.91.BC1	7539
CoV|QHQ82463.91.BC2	31748
CoV|QHQ82463.92.BC1	17653
CoV|QHQ82463.92.BC2	14636
CoV|QHQ82463.93.BC1	44057
CoV|QHQ82463.93.BC2	37924
CoV|QHQ82463.94.BC1	37228
CoV|QHQ82463.94.BC2	30333
CoV|QHQ82463.95.BC1	33838
CoV|QHQ82463.95.BC2	47642
CoV|QHQ82463.96.BC1	24538
CoV|QHQ82463.96.BC2	5656
CoV|QHQ82463.97.BC1	12458
CoV|QHQ82463.97.BC2	12937
CoV|QHQ82463.98.BC1	31742
CoV|QHQ82463.98.BC2	13154
CoV|QHQ82463.99.BC1	35423
CoV|QHQ82463.99.BC2	43262
CoV|QHQ82466.0.BC1	37933
CoV|QHQ82466.0.BC2	31072
CoV|QHQ82466.1.BC1	42246
CoV|QHQ82466.1.BC2	95768
CoV|QHQ82467.0.BC1	31567
CoV|QHQ82467.0.BC2	40784
CoV|QHQ82467.1.BC1	64753
CoV|QHQ82467.1.BC2	35924
CoV|QHQ82467.2.BC1	70957
CoV|QHQ82467.2.BC2	27172
CoV|QHQ82467.3.BC1	14281
CoV|QHQ82467.3.BC2	14641
CoV|QHQ82467.4.BC1	9339
CoV|QHQ82467.4.BC2	13393
CoV|QHQ82467.5.BC1	24854
CoV|QHQ82467.5.BC2	18969
CoV|QHQ82467.6.BC1	31219
CoV|QHQ82467.6.BC2	36939
CoV|QHQ82471.0.BC1	39366
CoV|QHQ82471.0.BC2	57555
CoV|QHQ82471.1.BC1	17755
CoV|QHQ82471.1.BC2	36127
CoV|QHQ82471.10.BC1	20192
CoV|QHQ82471.10.BC2	33947
CoV|QHQ82471.11.BC1	2723
CoV|QHQ82471.11.BC2	1109
CoV|QHQ82471.12.BC1	29054
CoV|QHQ82471.12.BC2	10897
CoV|QHQ82471.13.BC1	62804
CoV|QHQ82471.13.BC2	29439
CoV|QHQ82471.2.BC1	17021
CoV|QHQ82471.2.BC2	22267
CoV|QHQ82471.3.BC1	10168
CoV|QHQ82471.3.BC2	18201
CoV|QHQ82471.4.BC1	22617
CoV|QHQ82471.4.BC2	29521
CoV|QHQ82471.5.BC1	39372
CoV|QHQ82471.5.BC2	47702
CoV|QHQ82471.6.BC1	45224
CoV|QHQ82471.6.BC2	89005
CoV|QHQ82471.7.BC1	31065
CoV|QHQ82471.7.BC2	29591
CoV|QHQ82471.8.BC1	38111
CoV|QHQ82471.8.BC2	54399
CoV|QHQ82471.9.BC1	51146
CoV|QHQ82471.9.BC2	67405
CoV|QHR63249.249.BC1	17809
CoV|QHR63249.249.BC2	9316
CoV|QHR63249.250.BC1	12368
CoV|QHR63249.250.BC2	8992
CoV|QHR63260.0.BC1	12417
CoV|QHR63260.0.BC2	34371
CoV|QHR63260.1.BC1	6454
CoV|QHR63260.1.BC2	22593
CoV|QHR63260.10.BC1	24420
CoV|QHR63260.10.BC2	20465
CoV|QHR63260.11.BC1	41944
CoV|QHR63260.11.BC2	29619
CoV|QHR63260.12.BC1	31136
CoV|QHR63260.12.BC2	13323
CoV|QHR63260.13.BC1	29373
CoV|QHR63260.13.BC2	26966
CoV|QHR63260.14.BC1	23681
CoV|QHR63260.14.BC2	15437
CoV|QHR63260.15.BC1	24628
CoV|QHR63260.15.BC2	20970
CoV|QHR63260.16.BC1	18409
CoV|QHR63260.16.BC2	24594
CoV|QHR63260.17.BC1	9568
CoV|QHR63260.17.BC2	8992
CoV|QHR63260.18.BC1	7479
CoV|QHR63260.18.BC2	10395
CoV|QHR63260.19.BC1	32560
CoV|QHR63260.19.BC2	43048
CoV|QHR63260.2.BC1	12290
CoV|QHR63260.2.BC2	4861
CoV|QHR63260.20.BC1	16759
CoV|QHR63260.20.BC2	11616
CoV|QHR63260.21.BC1	36472
CoV|QHR63260.21.BC2	24530
CoV|QHR63260.22.BC1	58728
CoV|QHR63260.22.BC2	48472
CoV|QHR63260.23.BC1	16010
CoV|QHR63260.23.BC2	49623
CoV|QHR63260.24.BC1	20065
CoV|QHR63260.24.BC2	8034
CoV|QHR63260.25.BC1	10014
CoV|QHR63260.25.BC2	4075
CoV|QHR63260.26.BC1	18599
CoV|QHR63260.26.BC2	28983
CoV|QHR63260.27.BC1	8719
CoV|QHR63260.27.BC2	6019
CoV|QHR63260.28.BC1	13720
CoV|QHR63260.28.BC2	24806
CoV|QHR63260.29.BC1	40016
CoV|QHR63260.29.BC2	50733
CoV|QHR63260.3.BC1	11585
CoV|QHR63260.3.BC2	10307
CoV|QHR63260.30.BC1	22813
CoV|QHR63260.30.BC2	10017
CoV|QHR63260.31.BC1	23923
CoV|QHR63260.31.BC2	18423
CoV|QHR63260.32.BC1	16928
CoV|QHR63260.32.BC2	17656
CoV|QHR63260.33.BC1	3965
CoV|QHR63260.33.BC2	9456
CoV|QHR63260.34.BC1	8739
CoV|QHR63260.34.BC2	7567
CoV|QHR63260.35.BC1	38089
CoV|QHR63260.35.BC2	25393
CoV|QHR63260.36.BC1	24751
CoV|QHR63260.36.BC2	9206
CoV|QHR63260.37.BC1	27467
CoV|QHR63260.37.BC2	18715
CoV|QHR63260.38.BC1	31968
CoV|QHR63260.38.BC2	10155
CoV|QHR63260.39.BC1	19328
CoV|QHR63260.39.BC2	24010
CoV|QHR63260.4.BC1	4445
CoV|QHR63260.4.BC2	9733
CoV|QHR63260.40.BC1	40608
CoV|QHR63260.40.BC2	31573
CoV|QHR63260.41.BC1	14968
CoV|QHR63260.41.BC2	5368
CoV|QHR63260.42.BC1	8679
CoV|QHR63260.42.BC2	13407
CoV|QHR63260.43.BC1	21695
CoV|QHR63260.43.BC2	10008
CoV|QHR63260.44.BC1	20660
CoV|QHR63260.44.BC2	17241
CoV|QHR63260.5.BC1	17888
CoV|QHR63260.5.BC2	19319
CoV|QHR63260.6.BC1	23852
CoV|QHR63260.6.BC2	14061
CoV|QHR63260.7.BC1	15599
CoV|QHR63260.7.BC2	34542
CoV|QHR63260.8.BC1	8507
CoV|QHR63260.8.BC2	9214
CoV|QHR63260.9.BC1	26137
CoV|QHR63260.9.BC2	15753
CoV|QHR63261.0.BC1	18907
CoV|QHR63261.0.BC2	9119
CoV|QHR63261.1.BC1	7403
CoV|QHR63261.1.BC2	33436
CoV|QHR63261.2.BC1	27130
CoV|QHR63261.2.BC2	26816
CoV|QHR63261.3.BC1	28076
CoV|QHR63261.3.BC2	29958
CoV|QHR63261.4.BC1	21575
CoV|QHR63261.4.BC2	5958
CoV|QHR63261.5.BC1	14433
CoV|QHR63261.5.BC2	11019
CoV|QHR63261.6.BC1	8532
CoV|QHR63261.6.BC2	18836
CoV|QHR63261.7.BC1	1594
CoV|QHR63261.7.BC2	4276
CoV|QHR63261.8.BC1	22977
CoV|QHR63261.8.BC2	15086
CoV|QHR63264.0.BC1	2403
CoV|QHR63264.0.BC2	6443
CoV|QHR63264.1.BC1	8905
CoV|QHR63264.1.BC2	3728
CoV|QHR63265.0.BC1	15524
CoV|QHR63265.0.BC2	23174
CoV|QHR63265.1.BC1	37554
CoV|QHR63265.1.BC2	36433
CoV|QHR63265.2.BC1	27706
CoV|QHR63265.2.BC2	37083
CoV|QHR63265.3.BC1	20876
CoV|QHR63265.3.BC2	35349
CoV|QHR63267.0.BC1	12911
CoV|QHR63267.0.BC2	14590
CoV|QHR63267.1.BC1	8575
CoV|QHR63267.1.BC2	7757
CoV|QHR63267.2.BC1	15997
CoV|QHR63267.2.BC2	11816
CoV|QHR63267.3.BC1	11916
CoV|QHR63267.3.BC2	18390
CoV|QHR63269.247.BC1	15951
CoV|QHR63269.247.BC2	6693
CoV|QHR63269.248.BC1	15150
CoV|QHR63269.248.BC2	12211
CoV|QHR63269.79.BC1	18239
CoV|QHR63269.79.BC2	6189
CoV|QHR63269.80.BC1	14416
CoV|QHR63269.80.BC2	15504
CoV|QHR63276.0.BC1	57488
CoV|QHR63276.0.BC2	10999
CoV|QHR63289.109.BC1	59258
CoV|QHR63289.109.BC2	51897
CoV|QHR63289.110.BC1	37058
CoV|QHR63289.110.BC2	14839
CoV|QHR63289.91.BC1	11177
CoV|QHR63289.91.BC2	9436
CoV|QHR63289.92.BC1	17194
CoV|QHR63289.92.BC2	27661
CoV|QHR84449.7.BC1	29990
CoV|QHR84449.7.BC2	45124
CoV|QHR84449.8.BC1	11680
CoV|QHR84449.8.BC2	16651
CoV|QHU36823.102.BC1	25714
CoV|QHU36823.102.BC2	9689
CoV|QHU36823.103.BC1	35658
CoV|QHU36823.103.BC2	21708
CoV|QHU36823.95.BC1	28674
CoV|QHU36823.95.BC2	41240
CoV|QHU36823.96.BC1	4555
CoV|QHU36823.96.BC2	5832
CoV|QHU36843.79.BC1	18264
CoV|QHU36843.79.BC2	22061
CoV|QHU36843.80.BC1	32132
CoV|QHU36843.80.BC2	28826
CoV|QHU36863.89.BC1	27471
CoV|QHU36863.89.BC2	27048
CoV|QHU36863.90.BC1	33539
CoV|QHU36863.90.BC2	61098
CoV|QHU79172.156.BC1	56003
CoV|QHU79172.156.BC2	35561
CoV|QHU79173.0.BC1	2130
CoV|QHU79173.0.BC2	15153
CoV|QHU79174.3.BC1	20219
CoV|QHU79174.3.BC2	25685
CoV|QHU79174.4.BC1	7155
CoV|QHU79174.4.BC2	7737
CoV|QHW06048.127.BC1	13661
CoV|QHW06048.127.BC2	6850
CoV|QHW06048.128.BC1	3130
CoV|QHW06048.128.BC2	11671
CoV|QHW06048.3.BC1	28587
CoV|QHW06048.3.BC2	30200
CoV|QHW06048.4.BC1	18181
CoV|QHW06048.4.BC2	11378
CoV|QHW06048.56.BC1	39176
CoV|QHW06048.56.BC2	19682
CoV|QHW06048.57.BC1	15845
CoV|QHW06048.57.BC2	17094
CoV|QHW06056.5.BC1	59505
CoV|QHW06056.5.BC2	20779
CoV|QHW06056.6.BC1	46526
CoV|QHW06056.6.BC2	36228
CoV|QHW06057.0.BC1	45198
CoV|QHW06057.0.BC2	33290
CoV|QHW06058.20.BC1	23216
CoV|QHW06058.20.BC2	15626
CoV|QHW06058.21.BC1	13163
CoV|QHW06058.21.BC2	14335
CoV|QHW06059.0.BC1	27317
CoV|QHW06059.0.BC2	36017
CoV|QHW06059.1.BC1	31863
CoV|QHW06059.1.BC2	10557
CoV|QHZ00378.245.BC1	35875
CoV|QHZ00378.245.BC2	57906
CoV|QHZ00378.246.BC1	27706
CoV|QHZ00378.246.BC2	21089
CoV|QHZ00378.31.BC1	19970
CoV|QHZ00378.31.BC2	11579
CoV|QHZ00378.32.BC1	25535
CoV|QHZ00378.32.BC2	22548
CoV|QHZ00379.6.BC1	19543
CoV|QHZ00379.6.BC2	18570
CoV|QHZ00379.7.BC1	16907
CoV|QHZ00379.7.BC2	19245
CoV|QHZ00380.3.BC1	17063
CoV|QHZ00380.3.BC2	22912
CoV|QHZ00380.4.BC1	19942
CoV|QHZ00380.4.BC2	16575
CoV|QHZ00380.7.BC1	14073
CoV|QHZ00380.7.BC2	7078
CoV|QHZ00380.8.BC1	40436
CoV|QHZ00380.8.BC2	17378
CoV|QHZ00381.0.BC1	31847
CoV|QHZ00381.0.BC2	45228
CoV|QHZ00381.1.BC1	15799
CoV|QHZ00381.1.BC2	53384
CoV|QHZ00398.203.BC1	49877
CoV|QHZ00398.203.BC2	42994
CoV|QHZ00398.204.BC1	19854
CoV|QHZ00398.204.BC2	24028
CoV|QHZ00398.37.BC1	46948
CoV|QHZ00398.37.BC2	54642
CoV|QHZ00398.38.BC1	25957
CoV|QHZ00398.38.BC2	27836
CoV|QHZ87581.1.BC1	39481
CoV|QHZ87581.1.BC2	31170
CoV|QHZ87581.2.BC1	27045
CoV|QHZ87581.2.BC2	33190
CoV|QHZ87581.33.BC1	32995
CoV|QHZ87581.33.BC2	31749
CoV|QHZ87581.34.BC1	25226
CoV|QHZ87581.34.BC2	22446
CoV|QIA98605.108.BC1	26745
CoV|QIA98605.108.BC2	29714
CoV|QIA98605.109.BC1	27699
CoV|QIA98605.109.BC2	20215
CoV|QIC50514.6.BC1	42425
CoV|QIC50514.6.BC2	39146
CoV|QIC50514.7.BC1	19572
CoV|QIC50514.7.BC2	23928
CoV|QIC53203.153.BC1	37681
CoV|QIC53203.153.BC2	21690
CoV|QIC53203.154.BC1	14408
CoV|QIC53203.154.BC2	19910
CoV|QIC53203.28.BC1	37825
CoV|QIC53203.28.BC2	22783
CoV|QIC53203.29.BC1	10041
CoV|QIC53203.29.BC2	7929
CoV|QIC53204.27.BC1	18679
CoV|QIC53204.27.BC2	15385
CoV|QIC53204.28.BC1	20214
CoV|QIC53204.28.BC2	13416
CoV|QID21067.224.BC1	11812
CoV|QID21067.224.BC2	13276
CoV|QID21067.225.BC1	13807
CoV|QID21067.225.BC2	11417
CoV|QID21074.0.BC1	12574
CoV|QID21074.0.BC2	13330
CoV|QID98793.113.BC1	10681
CoV|QID98793.113.BC2	13122
CoV|QID98793.114.BC1	29877
CoV|QID98793.114.BC2	33335
CoV|R9UMC1.0.BC1	18362
CoV|R9UMC1.0.BC2	8296
CoV|R9UMC1.1.BC1	26935
CoV|R9UMC1.1.BC2	21383
CoV|R9UMC1.2.BC1	14470
CoV|R9UMC1.2.BC2	23204
CoV|R9UNX1.0.BC1	9985
CoV|R9UNX1.0.BC2	25194
CoV|R9UNX1.1.BC1	39634
CoV|R9UNX1.1.BC2	49328
CoV|R9UNX1.2.BC1	21745
CoV|R9UNX1.2.BC2	31493
CoV|R9UNX5.0.BC1	16846
CoV|R9UNX5.0.BC2	11319
CoV|R9UNX5.1.BC1	43486
CoV|R9UNX5.1.BC2	61417
CoV|R9UNX5.2.BC1	42455
CoV|R9UNX5.2.BC2	43267
CoV|R9UNX5.3.BC1	15640
CoV|R9UNX5.3.BC2	20069
CoV|R9UNX5.4.BC1	40330
CoV|R9UNX5.4.BC2	31115
CoV|R9UNX5.5.BC1	21856
CoV|R9UNX5.5.BC2	37947
CoV|R9UNX5.6.BC1	31713
CoV|R9UNX5.6.BC2	28135
CoV|R9UQ53.0.BC1	12988
CoV|R9UQ53.0.BC2	25324
CoV|R9UQ53.1.BC1	11122
CoV|R9UQ53.1.BC2	16098
CoV|R9UQ53.10.BC1	13968
CoV|R9UQ53.10.BC2	28725
CoV|R9UQ53.11.BC1	13910
CoV|R9UQ53.11.BC2	21574
CoV|R9UQ53.12.BC1	48272
CoV|R9UQ53.12.BC2	53978
CoV|R9UQ53.13.BC1	4681
CoV|R9UQ53.13.BC2	34666
CoV|R9UQ53.14.BC1	9067
CoV|R9UQ53.14.BC2	13179
CoV|R9UQ53.15.BC1	13136
CoV|R9UQ53.15.BC2	32676
CoV|R9UQ53.16.BC1	21234
CoV|R9UQ53.16.BC2	15237
CoV|R9UQ53.17.BC1	42103
CoV|R9UQ53.17.BC2	43327
CoV|R9UQ53.18.BC1	31119
CoV|R9UQ53.18.BC2	37068
CoV|R9UQ53.19.BC1	16838
CoV|R9UQ53.19.BC2	18169
CoV|R9UQ53.2.BC1	21113
CoV|R9UQ53.2.BC2	7109
CoV|R9UQ53.20.BC1	19932
CoV|R9UQ53.20.BC2	16081
CoV|R9UQ53.21.BC1	8842
CoV|R9UQ53.21.BC2	29117
CoV|R9UQ53.22.BC1	13334
CoV|R9UQ53.22.BC2	4409
CoV|R9UQ53.23.BC1	17470
CoV|R9UQ53.23.BC2	32454
CoV|R9UQ53.24.BC1	22008
CoV|R9UQ53.24.BC2	54838
CoV|R9UQ53.25.BC1	40203
CoV|R9UQ53.25.BC2	41687
CoV|R9UQ53.26.BC1	56428
CoV|R9UQ53.26.BC2	20917
CoV|R9UQ53.27.BC1	12974
CoV|R9UQ53.27.BC2	6871
CoV|R9UQ53.28.BC1	13813
CoV|R9UQ53.28.BC2	12334
CoV|R9UQ53.29.BC1	22742
CoV|R9UQ53.29.BC2	1560
CoV|R9UQ53.3.BC1	23263
CoV|R9UQ53.3.BC2	25766
CoV|R9UQ53.30.BC1	940
CoV|R9UQ53.30.BC2	39688
CoV|R9UQ53.31.BC1	29755
CoV|R9UQ53.31.BC2	23070
CoV|R9UQ53.32.BC1	61230
CoV|R9UQ53.32.BC2	29182
CoV|R9UQ53.33.BC1	16729
CoV|R9UQ53.33.BC2	33297
CoV|R9UQ53.34.BC1	10936
CoV|R9UQ53.34.BC2	12816
CoV|R9UQ53.35.BC1	16299
CoV|R9UQ53.35.BC2	28644
CoV|R9UQ53.36.BC1	21080
CoV|R9UQ53.36.BC2	13005
CoV|R9UQ53.37.BC1	28118
CoV|R9UQ53.37.BC2	36610
CoV|R9UQ53.38.BC1	17814
CoV|R9UQ53.38.BC2	25225
CoV|R9UQ53.39.BC1	5375
CoV|R9UQ53.39.BC2	6807
CoV|R9UQ53.4.BC1	18265
CoV|R9UQ53.4.BC2	13361
CoV|R9UQ53.40.BC1	10847
CoV|R9UQ53.40.BC2	8541
CoV|R9UQ53.41.BC1	40448
CoV|R9UQ53.41.BC2	31618
CoV|R9UQ53.42.BC1	45765
CoV|R9UQ53.42.BC2	33735
CoV|R9UQ53.43.BC1	5458
CoV|R9UQ53.43.BC2	16043
CoV|R9UQ53.44.BC1	12169
CoV|R9UQ53.44.BC2	9798
CoV|R9UQ53.45.BC1	28852
CoV|R9UQ53.45.BC2	25468
CoV|R9UQ53.46.BC1	14492
CoV|R9UQ53.46.BC2	13627
CoV|R9UQ53.47.BC1	18967
CoV|R9UQ53.47.BC2	14969
CoV|R9UQ53.5.BC1	28007
CoV|R9UQ53.5.BC2	14634
CoV|R9UQ53.6.BC1	20280
CoV|R9UQ53.6.BC2	16227
CoV|R9UQ53.7.BC1	15277
CoV|R9UQ53.7.BC2	26354
CoV|R9UQ53.8.BC1	6648
CoV|R9UQ53.8.BC2	7823
CoV|R9UQ53.9.BC1	25277
CoV|R9UQ53.9.BC2	9771
CoV|R9UQM6.0.BC1	19862
CoV|R9UQM6.0.BC2	29156
CoV|R9UQM6.1.BC1	31939
CoV|R9UQM6.1.BC2	40293
CoV|R9UQM6.2.BC1	38380
CoV|R9UQM6.2.BC2	28858
CoV|R9UQM6.3.BC1	19459
CoV|R9UQM6.3.BC2	25892
CoV|R9UQM6.4.BC1	42997
CoV|R9UQM6.4.BC2	26062
CoV|R9UQM6.5.BC1	14416
CoV|R9UQM6.5.BC2	5428
CoV|R9UQM6.6.BC1	33097
CoV|R9UQM6.6.BC2	16729
CoV|R9UQM6.7.BC1	29595
CoV|R9UQM6.7.BC2	21245
CoV|R9UQN1.0.BC1	52845
CoV|R9UQN1.0.BC2	64207
CoV|R9UQN1.1.BC1	20117
CoV|R9UQN1.1.BC2	19646
CoV|R9UQP3.0.BC1	19823
CoV|R9UQP3.0.BC2	27228
CoV|R9UQP3.1.BC1	3111
CoV|R9UQP3.1.BC2	12044
CoV|R9UQP3.2.BC1	21689
CoV|R9UQP3.2.BC2	34416
CoV|R9UQP3.3.BC1	18401
CoV|R9UQP3.3.BC2	22605
CoV|R9UQP3.4.BC1	13860
CoV|R9UQP3.4.BC2	24366
CoV|R9UQP3.5.BC1	29851
CoV|R9UQP3.5.BC2	33458
CoV|R9UQP3.6.BC1	24394
CoV|R9UQP3.6.BC2	24775
CoV|R9UQP3.7.BC1	48389
CoV|R9UQP3.7.BC2	22015
CoV|T2B9I2.0.BC1	31816
CoV|T2B9I2.0.BC2	34307
CoV|T2B9I2.1.BC1	25862
CoV|T2B9I2.1.BC2	20844
CoV|T2B9I2.10.BC1	13739
CoV|T2B9I2.10.BC2	7105
CoV|T2B9I2.100.BC1	31082
CoV|T2B9I2.100.BC2	32250
CoV|T2B9I2.101.BC1	14005
CoV|T2B9I2.101.BC2	8240
CoV|T2B9I2.102.BC1	12396
CoV|T2B9I2.102.BC2	21902
CoV|T2B9I2.103.BC1	54680
CoV|T2B9I2.103.BC2	68492
CoV|T2B9I2.104.BC1	16493
CoV|T2B9I2.104.BC2	27713
CoV|T2B9I2.105.BC1	8417
CoV|T2B9I2.105.BC2	11480
CoV|T2B9I2.106.BC1	11233
CoV|T2B9I2.106.BC2	11973
CoV|T2B9I2.107.BC1	12139
CoV|T2B9I2.107.BC2	18844
CoV|T2B9I2.108.BC1	2586
CoV|T2B9I2.108.BC2	45109
CoV|T2B9I2.109.BC1	3130
CoV|T2B9I2.109.BC2	38807
CoV|T2B9I2.11.BC1	14272
CoV|T2B9I2.11.BC2	14718
CoV|T2B9I2.110.BC1	38348
CoV|T2B9I2.110.BC2	49281
CoV|T2B9I2.111.BC1	20472
CoV|T2B9I2.111.BC2	15316
CoV|T2B9I2.112.BC1	13579
CoV|T2B9I2.112.BC2	4746
CoV|T2B9I2.113.BC1	32695
CoV|T2B9I2.113.BC2	32489
CoV|T2B9I2.114.BC1	23382
CoV|T2B9I2.114.BC2	28214
CoV|T2B9I2.115.BC1	21926
CoV|T2B9I2.115.BC2	27672
CoV|T2B9I2.116.BC1	20061
CoV|T2B9I2.116.BC2	24212
CoV|T2B9I2.117.BC1	20882
CoV|T2B9I2.117.BC2	42534
CoV|T2B9I2.118.BC1	36085
CoV|T2B9I2.118.BC2	22177
CoV|T2B9I2.119.BC1	17120
CoV|T2B9I2.119.BC2	7424
CoV|T2B9I2.12.BC1	30515
CoV|T2B9I2.12.BC2	38509
CoV|T2B9I2.120.BC1	9376
CoV|T2B9I2.120.BC2	11111
CoV|T2B9I2.121.BC1	11959
CoV|T2B9I2.121.BC2	9224
CoV|T2B9I2.122.BC1	28992
CoV|T2B9I2.122.BC2	30147
CoV|T2B9I2.123.BC1	10496
CoV|T2B9I2.123.BC2	11717
CoV|T2B9I2.124.BC1	11824
CoV|T2B9I2.124.BC2	3971
CoV|T2B9I2.125.BC1	4494
CoV|T2B9I2.125.BC2	6698
CoV|T2B9I2.126.BC1	12179
CoV|T2B9I2.126.BC2	22229
CoV|T2B9I2.127.BC1	1969
CoV|T2B9I2.127.BC2	27332
CoV|T2B9I2.128.BC1	31846
CoV|T2B9I2.128.BC2	39517
CoV|T2B9I2.129.BC1	37864
CoV|T2B9I2.129.BC2	44574
CoV|T2B9I2.13.BC1	21361
CoV|T2B9I2.13.BC2	39849
CoV|T2B9I2.130.BC1	30729
CoV|T2B9I2.130.BC2	21968
CoV|T2B9I2.131.BC1	28172
CoV|T2B9I2.131.BC2	35034
CoV|T2B9I2.132.BC1	25256
CoV|T2B9I2.132.BC2	31388
CoV|T2B9I2.133.BC1	31480
CoV|T2B9I2.133.BC2	16890
CoV|T2B9I2.134.BC1	14161
CoV|T2B9I2.134.BC2	18174
CoV|T2B9I2.135.BC1	12469
CoV|T2B9I2.135.BC2	12230
CoV|T2B9I2.136.BC1	13814
CoV|T2B9I2.136.BC2	6215
CoV|T2B9I2.137.BC1	19880
CoV|T2B9I2.137.BC2	21939
CoV|T2B9I2.138.BC1	7856
CoV|T2B9I2.138.BC2	7849
CoV|T2B9I2.139.BC1	11471
CoV|T2B9I2.139.BC2	16716
CoV|T2B9I2.14.BC1	17379
CoV|T2B9I2.14.BC2	4681
CoV|T2B9I2.140.BC1	24466
CoV|T2B9I2.140.BC2	22672
CoV|T2B9I2.141.BC1	22454
CoV|T2B9I2.141.BC2	19906
CoV|T2B9I2.142.BC1	39093
CoV|T2B9I2.142.BC2	57769
CoV|T2B9I2.143.BC1	28765
CoV|T2B9I2.143.BC2	27359
CoV|T2B9I2.144.BC1	8910
CoV|T2B9I2.144.BC2	5224
CoV|T2B9I2.145.BC1	20575
CoV|T2B9I2.145.BC2	1356
CoV|T2B9I2.146.BC1	28693
CoV|T2B9I2.146.BC2	32120
CoV|T2B9I2.147.BC1	48081
CoV|T2B9I2.147.BC2	10629
CoV|T2B9I2.148.BC1	25932
CoV|T2B9I2.148.BC2	25007
CoV|T2B9I2.149.BC1	18795
CoV|T2B9I2.149.BC2	20969
CoV|T2B9I2.15.BC1	5255
CoV|T2B9I2.15.BC2	16032
CoV|T2B9I2.150.BC1	23191
CoV|T2B9I2.150.BC2	17172
CoV|T2B9I2.151.BC1	34442
CoV|T2B9I2.151.BC2	42802
CoV|T2B9I2.152.BC1	2455
CoV|T2B9I2.152.BC2	22703
CoV|T2B9I2.153.BC1	2243
CoV|T2B9I2.153.BC2	11578
CoV|T2B9I2.154.BC1	27426
CoV|T2B9I2.154.BC2	43476
CoV|T2B9I2.155.BC1	58159
CoV|T2B9I2.155.BC2	45081
CoV|T2B9I2.16.BC1	26472
CoV|T2B9I2.16.BC2	14339
CoV|T2B9I2.17.BC1	18690
CoV|T2B9I2.17.BC2	7214
CoV|T2B9I2.18.BC1	27594
CoV|T2B9I2.18.BC2	16721
CoV|T2B9I2.19.BC1	26519
CoV|T2B9I2.19.BC2	32510
CoV|T2B9I2.2.BC1	18096
CoV|T2B9I2.2.BC2	13503
CoV|T2B9I2.20.BC1	58605
CoV|T2B9I2.20.BC2	33970
CoV|T2B9I2.21.BC1	15388
CoV|T2B9I2.21.BC2	19354
CoV|T2B9I2.22.BC1	9704
CoV|T2B9I2.22.BC2	16312
CoV|T2B9I2.23.BC1	16638
CoV|T2B9I2.23.BC2	28544
CoV|T2B9I2.24.BC1	18260
CoV|T2B9I2.24.BC2	16562
CoV|T2B9I2.25.BC1	14208
CoV|T2B9I2.25.BC2	5223
CoV|T2B9I2.26.BC1	12467
CoV|T2B9I2.26.BC2	20130
CoV|T2B9I2.27.BC1	36520
CoV|T2B9I2.27.BC2	14573
CoV|T2B9I2.28.BC1	24793
CoV|T2B9I2.28.BC2	22077
CoV|T2B9I2.29.BC1	20787
CoV|T2B9I2.29.BC2	47947
CoV|T2B9I2.3.BC1	10646
CoV|T2B9I2.3.BC2	19191
CoV|T2B9I2.30.BC1	20877
CoV|T2B9I2.30.BC2	51665
CoV|T2B9I2.31.BC1	16109
CoV|T2B9I2.31.BC2	7083
CoV|T2B9I2.32.BC1	5921
CoV|T2B9I2.32.BC2	35635
CoV|T2B9I2.33.BC1	32744
CoV|T2B9I2.33.BC2	34019
CoV|T2B9I2.34.BC1	39578
CoV|T2B9I2.34.BC2	29825
CoV|T2B9I2.35.BC1	35721
CoV|T2B9I2.35.BC2	19721
CoV|T2B9I2.36.BC1	22296
CoV|T2B9I2.36.BC2	26729
CoV|T2B9I2.37.BC1	38192
CoV|T2B9I2.37.BC2	19732
CoV|T2B9I2.38.BC1	42107
CoV|T2B9I2.38.BC2	23946
CoV|T2B9I2.39.BC1	20084
CoV|T2B9I2.39.BC2	29597
CoV|T2B9I2.4.BC1	23705
CoV|T2B9I2.4.BC2	23809
CoV|T2B9I2.40.BC1	20701
CoV|T2B9I2.40.BC2	19035
CoV|T2B9I2.41.BC1	44227
CoV|T2B9I2.41.BC2	19741
CoV|T2B9I2.42.BC1	36360
CoV|T2B9I2.42.BC2	69454
CoV|T2B9I2.43.BC1	29863
CoV|T2B9I2.43.BC2	13166
CoV|T2B9I2.44.BC1	24474
CoV|T2B9I2.44.BC2	7105
CoV|T2B9I2.45.BC1	19414
CoV|T2B9I2.45.BC2	14111
CoV|T2B9I2.46.BC1	18010
CoV|T2B9I2.46.BC2	20932
CoV|T2B9I2.47.BC1	35238
CoV|T2B9I2.47.BC2	12520
CoV|T2B9I2.48.BC1	22131
CoV|T2B9I2.48.BC2	24812
CoV|T2B9I2.49.BC1	30036
CoV|T2B9I2.49.BC2	36606
CoV|T2B9I2.5.BC1	23184
CoV|T2B9I2.5.BC2	30665
CoV|T2B9I2.50.BC1	24458
CoV|T2B9I2.50.BC2	12006
CoV|T2B9I2.51.BC1	35748
CoV|T2B9I2.51.BC2	27024
CoV|T2B9I2.52.BC1	2429
CoV|T2B9I2.52.BC2	7351
CoV|T2B9I2.53.BC1	30445
CoV|T2B9I2.53.BC2	20160
CoV|T2B9I2.54.BC1	9067
CoV|T2B9I2.54.BC2	37750
CoV|T2B9I2.55.BC1	29025
CoV|T2B9I2.55.BC2	14742
CoV|T2B9I2.56.BC1	14001
CoV|T2B9I2.56.BC2	15869
CoV|T2B9I2.57.BC1	14068
CoV|T2B9I2.57.BC2	9628
CoV|T2B9I2.58.BC1	13916
CoV|T2B9I2.58.BC2	7573
CoV|T2B9I2.59.BC1	27284
CoV|T2B9I2.59.BC2	10619
CoV|T2B9I2.6.BC1	36108
CoV|T2B9I2.6.BC2	52981
CoV|T2B9I2.60.BC1	20023
CoV|T2B9I2.60.BC2	24936
CoV|T2B9I2.61.BC1	18925
CoV|T2B9I2.61.BC2	14614
CoV|T2B9I2.62.BC1	19410
CoV|T2B9I2.62.BC2	17628
CoV|T2B9I2.63.BC1	32746
CoV|T2B9I2.63.BC2	39909
CoV|T2B9I2.64.BC1	30168
CoV|T2B9I2.64.BC2	41178
CoV|T2B9I2.65.BC1	1862
CoV|T2B9I2.65.BC2	49718
CoV|T2B9I2.66.BC1	25330
CoV|T2B9I2.66.BC2	34101
CoV|T2B9I2.67.BC1	46317
CoV|T2B9I2.67.BC2	22675
CoV|T2B9I2.68.BC1	22189
CoV|T2B9I2.68.BC2	33497
CoV|T2B9I2.69.BC1	33994
CoV|T2B9I2.69.BC2	11133
CoV|T2B9I2.7.BC1	37972
CoV|T2B9I2.7.BC2	47817
CoV|T2B9I2.70.BC1	35253
CoV|T2B9I2.70.BC2	35326
CoV|T2B9I2.71.BC1	25378
CoV|T2B9I2.71.BC2	18078
CoV|T2B9I2.72.BC1	31364
CoV|T2B9I2.72.BC2	34342
CoV|T2B9I2.73.BC1	12873
CoV|T2B9I2.73.BC2	12777
CoV|T2B9I2.74.BC1	29036
CoV|T2B9I2.74.BC2	23635
CoV|T2B9I2.75.BC1	13202
CoV|T2B9I2.75.BC2	11725
CoV|T2B9I2.76.BC1	3880
CoV|T2B9I2.76.BC2	22227
CoV|T2B9I2.77.BC1	38963
CoV|T2B9I2.77.BC2	32436
CoV|T2B9I2.78.BC1	9009
CoV|T2B9I2.78.BC2	12125
CoV|T2B9I2.79.BC1	12765
CoV|T2B9I2.79.BC2	16024
CoV|T2B9I2.8.BC1	30259
CoV|T2B9I2.8.BC2	22508
CoV|T2B9I2.80.BC1	18146
CoV|T2B9I2.80.BC2	5619
CoV|T2B9I2.81.BC1	43454
CoV|T2B9I2.81.BC2	28836
CoV|T2B9I2.82.BC1	23360
CoV|T2B9I2.82.BC2	41922
CoV|T2B9I2.83.BC1	28603
CoV|T2B9I2.83.BC2	25584
CoV|T2B9I2.84.BC1	6689
CoV|T2B9I2.84.BC2	10148
CoV|T2B9I2.85.BC1	20996
CoV|T2B9I2.85.BC2	11247
CoV|T2B9I2.86.BC1	33233
CoV|T2B9I2.86.BC2	22336
CoV|T2B9I2.87.BC1	11622
CoV|T2B9I2.87.BC2	12449
CoV|T2B9I2.88.BC1	17249
CoV|T2B9I2.88.BC2	16700
CoV|T2B9I2.89.BC1	27678
CoV|T2B9I2.89.BC2	12251
CoV|T2B9I2.9.BC1	15416
CoV|T2B9I2.9.BC2	29621
CoV|T2B9I2.90.BC1	6375
CoV|T2B9I2.90.BC2	12290
CoV|T2B9I2.91.BC1	33996
CoV|T2B9I2.91.BC2	25110
CoV|T2B9I2.92.BC1	44137
CoV|T2B9I2.92.BC2	57699
CoV|T2B9I2.93.BC1	37677
CoV|T2B9I2.93.BC2	65822
CoV|T2B9I2.94.BC1	21417
CoV|T2B9I2.94.BC2	35994
CoV|T2B9I2.95.BC1	18772
CoV|T2B9I2.95.BC2	12698
CoV|T2B9I2.96.BC1	22867
CoV|T2B9I2.96.BC2	26836
CoV|T2B9I2.97.BC1	68697
CoV|T2B9I2.97.BC2	38477
CoV|T2B9I2.98.BC1	26814
CoV|T2B9I2.98.BC2	21299
CoV|T2B9I2.99.BC1	24294
CoV|T2B9I2.99.BC2	30037
CoV|T2B9U0.155.BC1	26902
CoV|T2B9U0.155.BC2	21177
CoV|T2B9U0.156.BC1	34001
CoV|T2B9U0.156.BC2	37269
CoV|T2B9U0.157.BC1	2910
CoV|T2B9U0.157.BC2	6326
CoV|T2B9U0.158.BC1	54596
CoV|T2B9U0.158.BC2	31623
CoV|T2B9U0.159.BC1	33028
CoV|T2B9U0.159.BC2	26460
CoV|T2B9U0.160.BC1	15847
CoV|T2B9U0.160.BC2	13711
CoV|T2B9U0.161.BC1	23305
CoV|T2B9U0.161.BC2	14786
CoV|T2B9U0.162.BC1	28007
CoV|T2B9U0.162.BC2	37054
CoV|T2B9U0.163.BC1	15312
CoV|T2B9U0.163.BC2	12783
CoV|T2B9U0.164.BC1	24949
CoV|T2B9U0.164.BC2	32716
CoV|T2B9U0.165.BC1	20645
CoV|T2B9U0.165.BC2	16386
CoV|T2B9U0.166.BC1	25537
CoV|T2B9U0.166.BC2	8510
CoV|T2B9U0.167.BC1	9061
CoV|T2B9U0.167.BC2	6507
CoV|T2B9U0.168.BC1	19948
CoV|T2B9U0.168.BC2	4259
CoV|T2B9U0.169.BC1	47462
CoV|T2B9U0.169.BC2	30456
CoV|T2B9U0.170.BC1	10724
CoV|T2B9U0.170.BC2	455
CoV|T2B9U0.171.BC1	9720
CoV|T2B9U0.171.BC2	12970
CoV|T2B9U0.172.BC1	10927
CoV|T2B9U0.172.BC2	13506
CoV|T2B9U0.173.BC1	7997
CoV|T2B9U0.173.BC2	12226
CoV|T2B9U0.174.BC1	15948
CoV|T2B9U0.174.BC2	28761
CoV|T2B9U0.175.BC1	30854
CoV|T2B9U0.175.BC2	47842
CoV|T2B9U0.176.BC1	11259
CoV|T2B9U0.176.BC2	21230
CoV|T2B9U0.177.BC1	39247
CoV|T2B9U0.177.BC2	54626
CoV|T2B9U0.178.BC1	15309
CoV|T2B9U0.178.BC2	25900
CoV|T2B9U0.179.BC1	14405
CoV|T2B9U0.179.BC2	18069
CoV|T2B9U0.180.BC1	21905
CoV|T2B9U0.180.BC2	26090
CoV|T2B9U0.181.BC1	14499
CoV|T2B9U0.181.BC2	18899
CoV|T2B9U0.182.BC1	26631
CoV|T2B9U0.182.BC2	13114
CoV|T2B9U0.183.BC1	4737
CoV|T2B9U0.183.BC2	7397
CoV|T2B9U0.184.BC1	14211
CoV|T2B9U0.184.BC2	16139
CoV|T2B9U0.185.BC1	39666
CoV|T2B9U0.185.BC2	32558
CoV|T2B9U0.186.BC1	6661
CoV|T2B9U0.186.BC2	5817
CoV|T2B9U0.187.BC1	5169
CoV|T2B9U0.187.BC2	8348
CoV|T2B9U0.188.BC1	26371
CoV|T2B9U0.188.BC2	20704
CoV|T2B9U0.189.BC1	19041
CoV|T2B9U0.189.BC2	10159
CoV|T2B9U0.190.BC1	23724
CoV|T2B9U0.190.BC2	25807
CoV|T2B9U0.191.BC1	61271
CoV|T2B9U0.191.BC2	39752
CoV|T2B9U0.192.BC1	32305
CoV|T2B9U0.192.BC2	25581
CoV|T2B9U0.193.BC1	35355
CoV|T2B9U0.193.BC2	33576
CoV|T2B9U0.194.BC1	21490
CoV|T2B9U0.194.BC2	13383
CoV|T2B9U0.195.BC1	6428
CoV|T2B9U0.195.BC2	9833
CoV|T2B9U0.196.BC1	7545
CoV|T2B9U0.196.BC2	8880
CoV|T2B9U0.197.BC1	12822
CoV|T2B9U0.197.BC2	6204
CoV|T2B9U0.198.BC1	29034
CoV|T2B9U0.198.BC2	21187
CoV|T2B9U0.199.BC1	14269
CoV|T2B9U0.199.BC2	18677
CoV|T2B9U0.200.BC1	15258
CoV|T2B9U0.200.BC2	12361
CoV|T2B9U0.201.BC1	28700
CoV|T2B9U0.201.BC2	27547
CoV|T2B9U0.202.BC1	34185
CoV|T2B9U0.202.BC2	936
CoV|T2B9U0.203.BC1	45427
CoV|T2B9U0.203.BC2	36078
CoV|T2B9U0.204.BC1	10197
CoV|T2B9U0.204.BC2	15305
CoV|T2B9U0.205.BC1	17313
CoV|T2B9U0.205.BC2	6103
CoV|T2B9U0.206.BC1	14180
CoV|T2B9U0.206.BC2	49480
CoV|T2B9U0.207.BC1	21472
CoV|T2B9U0.207.BC2	27107
CoV|T2B9U0.208.BC1	34390
CoV|T2B9U0.208.BC2	36499
CoV|T2B9U0.209.BC1	18739
CoV|T2B9U0.209.BC2	4437
CoV|T2B9U0.210.BC1	19140
CoV|T2B9U0.210.BC2	16622
CoV|T2B9U0.211.BC1	66024
CoV|T2B9U0.211.BC2	50300
CoV|T2B9U0.212.BC1	41148
CoV|T2B9U0.212.BC2	34447
CoV|T2B9U0.213.BC1	33585
CoV|T2B9U0.213.BC2	11398
CoV|T2B9U0.214.BC1	30472
CoV|T2B9U0.214.BC2	30246
CoV|T2B9U0.215.BC1	56476
CoV|T2B9U0.215.BC2	26404
CoV|T2B9U0.216.BC1	11013
CoV|T2B9U0.216.BC2	18984
CoV|T2B9U0.217.BC1	11366
CoV|T2B9U0.217.BC2	10499
CoV|T2B9U0.218.BC1	16511
CoV|T2B9U0.218.BC2	15945
CoV|T2B9U0.219.BC1	36573
CoV|T2B9U0.219.BC2	57625
CoV|T2B9U0.220.BC1	42169
CoV|T2B9U0.220.BC2	17567
CoV|T2B9U0.221.BC1	14847
CoV|T2B9U0.221.BC2	15437
CoV|T2B9U0.222.BC1	24245
CoV|T2B9U0.222.BC2	32550
CoV|T2B9U0.223.BC1	23716
CoV|T2B9U0.223.BC2	18295
CoV|T2B9U0.224.BC1	45547
CoV|T2B9U0.224.BC2	26275
CoV|T2B9U0.225.BC1	38284
CoV|T2B9U0.225.BC2	50447
CoV|T2B9U0.226.BC1	21886
CoV|T2B9U0.226.BC2	36944
CoV|T2B9U0.227.BC1	38099
CoV|T2B9U0.227.BC2	37950
CoV|T2B9U0.228.BC1	11116
CoV|T2B9U0.228.BC2	16732
CoV|T2B9U0.229.BC1	8692
CoV|T2B9U0.229.BC2	8185
CoV|T2B9U0.230.BC1	23646
CoV|T2B9U0.230.BC2	32722
CoV|T2B9U0.231.BC1	677
CoV|T2B9U0.231.BC2	3765
CoV|T2B9U0.232.BC1	289
CoV|T2B9U0.232.BC2	354
CoV|T2B9U0.233.BC1	1152
CoV|T2B9U0.233.BC2	1144
CoV|T2B9U0.234.BC1	38878
CoV|T2B9U0.234.BC2	12955
CoV|T2B9U0.235.BC1	28160
CoV|T2B9U0.235.BC2	37009
CoV|T2B9U0.236.BC1	29552
CoV|T2B9U0.236.BC2	13417
CoV|T2B9U0.237.BC1	19053
CoV|T2B9U0.237.BC2	7424
CoV|T2B9U0.238.BC1	16337
CoV|T2B9U0.238.BC2	11564
CoV|T2B9U0.239.BC1	14674
CoV|T2B9U0.239.BC2	13934
CoV|T2B9U0.240.BC1	11785
CoV|T2B9U0.240.BC2	6043
CoV|T2B9U0.241.BC1	14576
CoV|T2B9U0.241.BC2	14766
CoV|T2B9U0.242.BC1	35420
CoV|T2B9U0.242.BC2	20367
CoV|T2B9U0.243.BC1	31591
CoV|T2B9U0.243.BC2	37120
CoV|T2B9U0.244.BC1	14682
CoV|T2B9U0.244.BC2	29096
CoV|T2B9U0.245.BC1	23579
CoV|T2B9U0.245.BC2	24695
CoV|T2B9U0.246.BC1	4775
CoV|T2B9U0.246.BC2	9215
CoV|T2B9U0.247.BC1	11382
CoV|T2B9U0.247.BC2	15910
CoV|T2B9U0.248.BC1	7094
CoV|T2B9U0.248.BC2	4221
CoV|T2B9U0.249.BC1	14633
CoV|T2B9U0.249.BC2	16636
CoV|T2B9U0.250.BC1	15105
CoV|T2B9U0.250.BC2	3787
CoV|T2B9U0.251.BC1	21177
CoV|T2B9U0.251.BC2	19297
CoV|T2B9U9.0.BC1	15015
CoV|T2B9U9.0.BC2	27230
CoV|T2B9U9.1.BC1	16248
CoV|T2B9U9.1.BC2	16979
CoV|T2B9U9.2.BC1	22748
CoV|T2B9U9.2.BC2	13627
CoV|T2B9U9.3.BC1	22876
CoV|T2B9U9.3.BC2	25099
CoV|T2BBK0.0.BC1	30476
CoV|T2BBK0.0.BC2	7449
CoV|T2BBK0.1.BC1	19229
CoV|T2BBK0.1.BC2	38758
CoV|T2BBK0.10.BC1	27982
CoV|T2BBK0.10.BC2	12398
CoV|T2BBK0.11.BC1	15324
CoV|T2BBK0.11.BC2	11494
CoV|T2BBK0.12.BC1	8332
CoV|T2BBK0.12.BC2	11128
CoV|T2BBK0.13.BC1	28405
CoV|T2BBK0.13.BC2	44648
CoV|T2BBK0.2.BC1	15951
CoV|T2BBK0.2.BC2	32739
CoV|T2BBK0.3.BC1	38332
CoV|T2BBK0.3.BC2	40005
CoV|T2BBK0.4.BC1	9121
CoV|T2BBK0.4.BC2	25878
CoV|T2BBK0.5.BC1	6202
CoV|T2BBK0.5.BC2	37729
CoV|T2BBK0.6.BC1	28834
CoV|T2BBK0.6.BC2	23494
CoV|T2BBK0.7.BC1	13953
CoV|T2BBK0.7.BC2	8409
CoV|T2BBK0.8.BC1	20665
CoV|T2BBK0.8.BC2	12694
CoV|T2BBK0.9.BC1	12356
CoV|T2BBK0.9.BC2	41275
CoV|YP_009725297.5.BC1	17325
CoV|YP_009725297.5.BC2	10461
CoV|YP_009725298.21.BC1	17849
CoV|YP_009725298.21.BC2	8755
CoV|YP_009725299.68.BC1	9985
CoV|YP_009725299.68.BC2	20243
CoV|YP_009725300.16.BC1	20652
CoV|YP_009725300.16.BC2	28916
CoV|YP_009725301.9.BC1	45639
CoV|YP_009725301.9.BC2	42605
CoV|YP_009725302.9.BC1	23841
CoV|YP_009725302.9.BC2	6922
CoV|YP_009725303.1.BC1	9769
CoV|YP_009725303.1.BC2	14431
CoV|YP_009725304.6.BC1	7400
CoV|YP_009725304.6.BC2	22569
CoV|YP_009725305.3.BC1	28905
CoV|YP_009725305.3.BC2	26327
CoV|YP_009725306.3.BC1	11031
CoV|YP_009725306.3.BC2	48728
CoV|YP_009725307.32.BC1	13864
CoV|YP_009725307.32.BC2	13953
CoV|YP_009725308.20.BC1	22361
CoV|YP_009725308.20.BC2	39886
CoV|YP_009725309.17.BC1	12322
CoV|YP_009725309.17.BC2	19803
CoV|YP_009725310.11.BC1	7048
CoV|YP_009725310.11.BC2	12866
CoV|YP_009725311.9.BC1	10004
CoV|YP_009725311.9.BC2	29932
CoV|YP_009725312.0.BC1	355
CoV|YP_009725312.0.BC2	20132
Vir3|10034	1
Vir3|10086	1
Vir3|10157	1
Vir3|10300	1
Vir3|1036	1
Vir3|10403	1
Vir3|10439	1
Vir3|10477	2
Vir3|10494	1
Vir3|10517	1
Vir3|10620	1
Vir3|10832	62
Vir3|108635	2
Vir3|108665	1
Vir3|108670	1
Vir3|108700	13
Vir3|108708	4
Vir3|108730	1
Vir3|108733	1
Vir3|108778	1
Vir3|108786	3
Vir3|108818	1
Vir3|108821	1
Vir3|108825	4
Vir3|108832	1
Vir3|108843	3
Vir3|108870	6
Vir3|108880	2
Vir3|108890	1
Vir3|108926	1
Vir3|108946	1
Vir3|108950	1
Vir3|10896	1
Vir3|108982	1
Vir3|108999	1
Vir3|109002	2
Vir3|109023	1
Vir3|109074	5
Vir3|109099	1
Vir3|109111	1
Vir3|10914	1
Vir3|10915	1
Vir3|109213	1
Vir3|109265	1
Vir3|109276	1
Vir3|109279	1
Vir3|109303	1
Vir3|109316	5
Vir3|109330	6
Vir3|109337	1
Vir3|109347	1
Vir3|109350	1
Vir3|109357	1
Vir3|109360	1
Vir3|109368	4
Vir3|109395	1
Vir3|10944	2
Vir3|109458	1
Vir3|109462	1
Vir3|109498	1
Vir3|109503	1
Vir3|109537	53
Vir3|109564	1
Vir3|109588	1
Vir3|109621	1
Vir3|109633	1
Vir3|109644	1
Vir3|109670	2
Vir3|109698	1
Vir3|109700	1
Vir3|109706	1
Vir3|109758	2
Vir3|109788	1
Vir3|109816	1
Vir3|109822	2
Vir3|109823	5
Vir3|109824	1
Vir3|109826	6
Vir3|109840	1
Vir3|109866	1
Vir3|109883	3
Vir3|109894	1
Vir3|109895	1
Vir3|109926	1
Vir3|109951	1
Vir3|109983	1
Vir3|109993	1
Vir3|110029	1
Vir3|110041	1
Vir3|110064	1
Vir3|110086	34
Vir3|110121	1
Vir3|110142	1
Vir3|110172	1
Vir3|110272	1
Vir3|110341	1
Vir3|110357	56
Vir3|110358	1
Vir3|110385	1
Vir3|110400	1
Vir3|110422	1
Vir3|110428	1
Vir3|110437	3
Vir3|110441	2
Vir3|110496	2
Vir3|110504	1
Vir3|110507	1
Vir3|110518	1
Vir3|110540	1
Vir3|110541	1
Vir3|110553	1
Vir3|110554	1
Vir3|110560	1
Vir3|110572	1
Vir3|110580	2
Vir3|110589	1
Vir3|110590	1
Vir3|110721	1
Vir3|110839	1
Vir3|110844	1
Vir3|110900	1
Vir3|110917	1
Vir3|11092	1
Vir3|110929	1
Vir3|110931	1
Vir3|110958	1
Vir3|110964	1
Vir3|110990	1
Vir3|111021	1
Vir3|111025	1
Vir3|111039	1
Vir3|111048	2
Vir3|111049	3
Vir3|111087	1
Vir3|11111	1
Vir3|111173	1
Vir3|111205	1
Vir3|111235	1
Vir3|111245	1
Vir3|111250	1
Vir3|111270	1
Vir3|111303	1
Vir3|111439	1
Vir3|111488	2
Vir3|11150	1
Vir3|111551	1
Vir3|11169	1
Vir3|111714	1
Vir3|111717	1
Vir3|111813	1
Vir3|111825	1
Vir3|111854	1
Vir3|111952	1
Vir3|112017	1
Vir3|112040	1
Vir3|112071	1
Vir3|112120	1
Vir3|112133	1
Vir3|112257	1
Vir3|112272	1
Vir3|112288	1
Vir3|112387	1
Vir3|112393	1
Vir3|112394	1
Vir3|112403	1
Vir3|112411	1
Vir3|112422	2
Vir3|112428	1
Vir3|112433	2
Vir3|112442	1
Vir3|112574	1
Vir3|112595	1
Vir3|112714	1
Vir3|112746	2
Vir3|112812	1
Vir3|112827	1
Vir3|112920	1
Vir3|112957	2
Vir3|112970	1
Vir3|112982	1
Vir3|112994	1
Vir3|113005	1
Vir3|113141	1
Vir3|113148	1
Vir3|113189	1
Vir3|113305	44
Vir3|113387	1
Vir3|11339	1
Vir3|113401	1
Vir3|113427	1
Vir3|113429	1
Vir3|113442	1
Vir3|113451	1
Vir3|113453	1
Vir3|113462	1
Vir3|113476	1
Vir3|11354	1
Vir3|113553	1
Vir3|113554	2
Vir3|113598	1
Vir3|11360	1
Vir3|113630	1
Vir3|113640	1
Vir3|113659	1
Vir3|113678	2
Vir3|113688	1
Vir3|113734	1
Vir3|113755	1
Vir3|113783	1
Vir3|113791	1
Vir3|113795	1
Vir3|113848	1
Vir3|113877	1
Vir3|113904	1
Vir3|113907	1
Vir3|114009	1
Vir3|114042	1
Vir3|114119	1
Vir3|114160	1
Vir3|114169	1
Vir3|114190	1
Vir3|114288	1
Vir3|114368	1
Vir3|114369	1
Vir3|114389	1
Vir3|114527	1
Vir3|114557	1
Vir3|114600	1
Vir3|114613	1
Vir3|114656	1
Vir3|114668	1
Vir3|114671	1
Vir3|114675	10
Vir3|114683	1
Vir3|114707	1
Vir3|114769	1
Vir3|11477	1
Vir3|114772	1
Vir3|114774	1
Vir3|114787	1
Vir3|114790	1
Vir3|114824	1
Vir3|114839	1
Vir3|114840	1
Vir3|114897	1
Vir3|114995	1
Vir3|115003	96
Vir3|115009	1
Vir3|115011	1
Vir3|115056	1
Vir3|11509	1
Vir3|11511	1
Vir3|11512	1
Vir3|115186	190
Vir3|115196	2
Vir3|115214	1
Vir3|115235	1
Vir3|11524	1
Vir3|115254	1
Vir3|115286	1
Vir3|115331	1
Vir3|115332	1
Vir3|115344	1
Vir3|115351	1
Vir3|115375	1
Vir3|11540	1
Vir3|115420	1
Vir3|115429	1
Vir3|115435	1
Vir3|11546	1
Vir3|11547	1
Vir3|115480	1
Vir3|11551	2
Vir3|115531	1
Vir3|115613	1
Vir3|115650	1
Vir3|115672	1
Vir3|115745	1
Vir3|115812	1
Vir3|115872	1
Vir3|115877	1
Vir3|11588	2
Vir3|115887	1
Vir3|115956	1
Vir3|116137	1
Vir3|116142	1
Vir3|11617	1
Vir3|116178	1
Vir3|116249	1
Vir3|116415	1
Vir3|116422	1
Vir3|116557	1
Vir3|116566	1
Vir3|116587	1
Vir3|116613	1
Vir3|116621	2
Vir3|116624	1
Vir3|116629	1
Vir3|116636	1
Vir3|116735	1
Vir3|116810	1
Vir3|116815	1
Vir3|116867	1
Vir3|116999	1
Vir3|117007	1
Vir3|117018	1
Vir3|117048	1
Vir3|117061	1
Vir3|117074	1
Vir3|117121	1
Vir3|117179	1
Vir3|117187	1
Vir3|117203	1
Vir3|117221	1
Vir3|117254	2
Vir3|117298	1
Vir3|117325	1
Vir3|117355	1
Vir3|117398	1
Vir3|117421	1
Vir3|117428	1
Vir3|117581	1
Vir3|117583	1
Vir3|117616	1
Vir3|117619	1
Vir3|117676	118
Vir3|117677	1
Vir3|117766	1
Vir3|117805	2
Vir3|117812	1
Vir3|117820	1
Vir3|117833	1
Vir3|117930	1
Vir3|117946	1
Vir3|118002	1
Vir3|118052	1
Vir3|118082	1
Vir3|118093	1
Vir3|118146	1
Vir3|118147	4
Vir3|118164	1
Vir3|118172	1
Vir3|118173	1
Vir3|118205	5
Vir3|118216	1
Vir3|118258	1
Vir3|118268	1
Vir3|118271	1
Vir3|118273	1
Vir3|118289	1
Vir3|118318	1
Vir3|118319	1
Vir3|118324	1
Vir3|118336	2
Vir3|118343	5
Vir3|118371	1
Vir3|118380	1
Vir3|118435	1
Vir3|1185	1
Vir3|118532	1
Vir3|118534	1
Vir3|118557	1
Vir3|118558	2
Vir3|118562	1
Vir3|118586	4
Vir3|118596	1
Vir3|118603	1
Vir3|118665	4
Vir3|118668	1
Vir3|118672	1
Vir3|118678	1
Vir3|118696	1
Vir3|118706	2
Vir3|118730	5
Vir3|118748	1
Vir3|118750	2
Vir3|118766	1
Vir3|118769	1
Vir3|118777	1
Vir3|118901	1
Vir3|118940	1
Vir3|119017	1
Vir3|119082	1
Vir3|119137	2
Vir3|119140	1
Vir3|119148	1
Vir3|119181	1
Vir3|11930	1
Vir3|119345	1
Vir3|119380	1
Vir3|119520	1
Vir3|119591	1
Vir3|119615	1
Vir3|11964	1
Vir3|119653	1
Vir3|11967	1
Vir3|11968	1
Vir3|119689	1
Vir3|119711	1
Vir3|119741	1
Vir3|119757	1
Vir3|119789	1
Vir3|119831	1
Vir3|119871	1
Vir3|1199	1
Vir3|119900	1
Vir3|119907	1
Vir3|119937	1
Vir3|119953	1
Vir3|119968	1
Vir3|120070	1
Vir3|120079	1
Vir3|120123	1
Vir3|120193	1
Vir3|120230	1
Vir3|120231	1
Vir3|120596	1
Vir3|12065	27
Vir3|120699	93
Vir3|120745	1
Vir3|120750	1
Vir3|120755	1
Vir3|120796	1
Vir3|12084	1
Vir3|120856	1
Vir3|121195	2
Vir3|121291	1
Vir3|121296	1
Vir3|121304	1
Vir3|121317	1
Vir3|121364	1
Vir3|121430	1
Vir3|121432	1
Vir3|121435	1
Vir3|121478	1
Vir3|121527	1
Vir3|121563	1
Vir3|121575	1
Vir3|121627	1
Vir3|121708	1
Vir3|121713	1
Vir3|121754	1
Vir3|121825	1
Vir3|121836	1
Vir3|121846	1
Vir3|121853	2
Vir3|121870	43
Vir3|121916	1
Vir3|121979	1
Vir3|122000	1
Vir3|122001	1
Vir3|122010	1
Vir3|122057	1
Vir3|122076	1
Vir3|122091	1
Vir3|122103	1
Vir3|122197	1
Vir3|12224	17
Vir3|122302	1
Vir3|122305	1
Vir3|122368	1
Vir3|122453	1
Vir3|122463	1
Vir3|122513	1
Vir3|122530	103
Vir3|122550	1
Vir3|122559	1
Vir3|122601	1
Vir3|122728	1
Vir3|122775	1
Vir3|12280	1
Vir3|122804	1
Vir3|12284	1
Vir3|122851	1
Vir3|122882	1
Vir3|122932	1
Vir3|122952	41
Vir3|12296	1
Vir3|122969	1
Vir3|122976	1
Vir3|122984	1
Vir3|123024	1
Vir3|123048	1
Vir3|123089	1
Vir3|123121	1
Vir3|123125	1
Vir3|123136	1
Vir3|123237	1
Vir3|123292	1
Vir3|123349	1
Vir3|123385	1
Vir3|123402	1
Vir3|123407	1
Vir3|123421	1
Vir3|123427	1
Vir3|12349	1
Vir3|123517	113
Vir3|123600	1
Vir3|123604	1
Vir3|123634	1
Vir3|12372	1
Vir3|123802	1
Vir3|123865	1
Vir3|123929	1
Vir3|124005	1
Vir3|12402	1
Vir3|124038	1
Vir3|124079	1
Vir3|124118	117
Vir3|124144	1
Vir3|124197	1
Vir3|124227	1
Vir3|124260	1
Vir3|124264	1
Vir3|124334	1
Vir3|124388	1
Vir3|124431	1
Vir3|124494	1
Vir3|124545	1
Vir3|124556	1
Vir3|124563	1
Vir3|124568	1
Vir3|124581	1
Vir3|124584	1
Vir3|124649	1
Vir3|124682	1
Vir3|124702	1
Vir3|124756	1
Vir3|124807	1
Vir3|124808	2
Vir3|124840	1
Vir3|124859	1
Vir3|124922	1
Vir3|124930	1
Vir3|124944	1
Vir3|124973	1
Vir3|124992	1
Vir3|125101	1
Vir3|125105	1
Vir3|125198	1
Vir3|125199	1
Vir3|125344	1
Vir3|125345	2
Vir3|125368	1
Vir3|125411	1
Vir3|125414	1
Vir3|125415	1
Vir3|125421	2
Vir3|12551	1
Vir3|125583	1
Vir3|125584	1
Vir3|125695	1
Vir3|125696	1
Vir3|125726	1
Vir3|125741	1
Vir3|125770	1
Vir3|125865	1
Vir3|125913	1
Vir3|12598	2
Vir3|125997	1
Vir3|126012	1
Vir3|126122	1
Vir3|126169	1
Vir3|126249	1
Vir3|126278	1
Vir3|12628	1
Vir3|126280	1
Vir3|126283	2
Vir3|1263	1
Vir3|126303	1
Vir3|126323	1
Vir3|126328	1
Vir3|126377	1
Vir3|12643	1
Vir3|126430	1
Vir3|126466	1
Vir3|126505	1
Vir3|126519	1
Vir3|126537	1
Vir3|126551	62
Vir3|126572	2
Vir3|126616	3
Vir3|126657	1
Vir3|126664	1
Vir3|126675	1
Vir3|126697	1
Vir3|126710	1
Vir3|126746	1
Vir3|126782	1
Vir3|126804	1
Vir3|126854	1
Vir3|126887	1
Vir3|126996	2
Vir3|127044	1
Vir3|127055	1
Vir3|12706	1
Vir3|127061	1
Vir3|127166	1
Vir3|127190	1
Vir3|127208	1
Vir3|127220	1
Vir3|127221	1
Vir3|127265	1
Vir3|127282	1
Vir3|127286	2
Vir3|127287	1
Vir3|127319	1
Vir3|127321	1
Vir3|127338	1
Vir3|127387	1
Vir3|127388	1
Vir3|1274	1
Vir3|127410	1
Vir3|127438	1
Vir3|127518	1
Vir3|127534	1
Vir3|127585	1
Vir3|127591	1
Vir3|127604	1
Vir3|127618	1
Vir3|127622	1
Vir3|127749	1
Vir3|127772	1
Vir3|127780	1
Vir3|127789	1
Vir3|12783	1
Vir3|127853	1
Vir3|12788	1
Vir3|127907	194
Vir3|127914	1
Vir3|127944	1
Vir3|127954	1
Vir3|127961	1
Vir3|128018	1
Vir3|128068	1
Vir3|128095	1
Vir3|128101	1
Vir3|128106	1
Vir3|128135	1
Vir3|128143	1
Vir3|12815	1
Vir3|128185	1
Vir3|128198	1
Vir3|12858	1
Vir3|12874	1
Vir3|12978	1
Vir3|13066	1
Vir3|13069	67
Vir3|13109	1
Vir3|1314	1
Vir3|13218	1
Vir3|13253	2
Vir3|13344	1
Vir3|13373	1
Vir3|1342	1
Vir3|13435	1
Vir3|13515	1
Vir3|13669	1
Vir3|13693	1
Vir3|13796	2
Vir3|1386	1
Vir3|14056	1
Vir3|14095	1
Vir3|14146	1
Vir3|14157	3
Vir3|14202	1
Vir3|14274	1
Vir3|14289	1
Vir3|1431	1
Vir3|14395	1
Vir3|1440	1
Vir3|14449	1
Vir3|14465	1
Vir3|14504	1
Vir3|14532	1
Vir3|14559	1
Vir3|146	1
Vir3|14621	1
Vir3|14666	1
Vir3|1470	2
Vir3|14728	1
Vir3|14729	1
Vir3|14730	1
Vir3|14745	1
Vir3|14808	1
Vir3|1482	1
Vir3|14840	1
Vir3|14845	1
Vir3|14848	1
Vir3|15062	1
Vir3|15126	1
Vir3|15154	1
Vir3|15173	1
Vir3|15182	1
Vir3|15189	1
Vir3|15203	1
Vir3|15239	1
Vir3|15254	1
Vir3|15323	1
Vir3|15328	1
Vir3|15378	1
Vir3|15492	1
Vir3|1572	1
Vir3|15740	1
Vir3|15782	1
Vir3|15798	1
Vir3|15805	1
Vir3|15834	1
Vir3|15849	1
Vir3|15936	2
Vir3|15983	1
Vir3|16023	1
Vir3|16059	1
Vir3|16077	1
Vir3|16134	1
Vir3|16144	1
Vir3|16176	1
Vir3|16187	1
Vir3|16245	1
Vir3|16264	1
Vir3|16295	1
Vir3|16298	1
Vir3|16333	1
Vir3|16454	40
Vir3|16458	1
Vir3|16552	1
Vir3|16622	2
Vir3|16645	1
Vir3|16691	1
Vir3|16767	1
Vir3|16797	1
Vir3|16815	1
Vir3|17006	2
Vir3|17135	1
Vir3|17185	1
Vir3|17227	1
Vir3|17252	1
Vir3|17293	1
Vir3|17298	2
Vir3|17332	1
Vir3|17477	1
Vir3|17481	1
Vir3|17484	1
Vir3|17586	1
Vir3|17687	2
Vir3|17709	2
Vir3|17720	1
Vir3|1779	1
Vir3|17959	1
Vir3|17992	1
Vir3|18135	1
Vir3|18166	1
Vir3|18169	1
Vir3|18205	1
Vir3|18217	1
Vir3|18467	1
Vir3|1848	1
Vir3|18519	1
Vir3|18563	1
Vir3|18644	1
Vir3|18675	1
Vir3|18704	2
Vir3|18721	1
Vir3|18768	1
Vir3|18781	1
Vir3|1899	1
Vir3|19041	1
Vir3|19095	1
Vir3|1913	2
Vir3|19157	1
Vir3|19202	1
Vir3|19240	1
Vir3|19282	1
Vir3|19324	1
Vir3|19342	1
Vir3|19382	1
Vir3|19412	1
Vir3|19414	1
Vir3|19428	144
Vir3|19454	1
Vir3|19490	1
Vir3|19505	1
Vir3|19508	1
Vir3|19652	1
Vir3|19661	1
Vir3|19703	1
Vir3|19722	1
Vir3|1976	1
Vir3|19813	1
Vir3|19816	14
Vir3|19879	1
Vir3|19889	1
Vir3|20089	1
Vir3|20129	1
Vir3|20154	1
Vir3|20268	1
Vir3|20297	1
Vir3|20342	1
Vir3|20348	1
Vir3|204	1
Vir3|20514	1
Vir3|20523	2
Vir3|20623	1
Vir3|2068	1
Vir3|20696	1
Vir3|20718	2
Vir3|20743	1
Vir3|20748	1
Vir3|20764	1
Vir3|20807	1
Vir3|20845	1
Vir3|20881	1
Vir3|20885	1
Vir3|20928	1
Vir3|20937	1
Vir3|2097	1
Vir3|21101	1
Vir3|21105	1
Vir3|21106	1
Vir3|21296	1
Vir3|21366	1
Vir3|21402	1
Vir3|21468	1
Vir3|21486	1
Vir3|21682	1
Vir3|21683	1
Vir3|21693	15
Vir3|21745	1
Vir3|21802	1
Vir3|21835	1
Vir3|21951	1
Vir3|22129	1
Vir3|22134	1
Vir3|22159	1
Vir3|22217	1
Vir3|22386	1
Vir3|22429	1
Vir3|22445	1
Vir3|22455	1
Vir3|22461	1
Vir3|22541	1
Vir3|22542	1
Vir3|22615	2
Vir3|22784	1
Vir3|230	1
Vir3|23133	1
Vir3|23232	1
Vir3|2325	1
Vir3|23304	1
Vir3|23340	1
Vir3|23363	1
Vir3|23463	1
Vir3|23469	1
Vir3|23522	1
Vir3|23535	1
Vir3|23562	1
Vir3|23582	1
Vir3|23605	1
Vir3|23639	1
Vir3|23706	1
Vir3|23819	1
Vir3|23911	1
Vir3|23985	1
Vir3|2407	1
Vir3|24071	1
Vir3|24121	1
Vir3|24144	1
Vir3|24189	100
Vir3|24321	1
Vir3|24328	1
Vir3|24331	1
Vir3|24341	57
Vir3|24394	3
Vir3|24424	1
Vir3|24439	1
Vir3|24458	1
Vir3|24506	1
Vir3|24552	1
Vir3|2458	1
Vir3|24605	1
Vir3|24635	1
Vir3|2466	1
Vir3|24705	1
Vir3|2472	1
Vir3|24727	1
Vir3|24822	1
Vir3|24857	1
Vir3|24874	1
Vir3|24904	1
Vir3|24939	1
Vir3|24944	1
Vir3|24967	1
Vir3|25007	1
Vir3|25076	1
Vir3|25192	1
Vir3|25212	1
Vir3|2523	1
Vir3|25259	1
Vir3|25294	1
Vir3|25295	1
Vir3|25319	1
Vir3|2532	1
Vir3|25351	1
Vir3|25365	2
Vir3|25381	1
Vir3|25391	1
Vir3|25396	1
Vir3|25453	1
Vir3|25465	2
Vir3|25524	1
Vir3|2553	1
Vir3|25535	1
Vir3|25577	1
Vir3|25724	1
Vir3|25801	2
Vir3|25824	1
Vir3|25838	1
Vir3|2584	1
Vir3|26030	1
Vir3|26091	1
Vir3|26169	1
Vir3|262	1
Vir3|26206	1
Vir3|26266	1
Vir3|26322	16
Vir3|26340	1
Vir3|26373	1
Vir3|26635	1
Vir3|2667	1
Vir3|26713	1
Vir3|26812	1
Vir3|26820	1
Vir3|26823	1
Vir3|26894	2
Vir3|26997	1
Vir3|2710	1
Vir3|27126	1
Vir3|27132	1
Vir3|2723	1
Vir3|27242	1
Vir3|27247	1
Vir3|27267	1
Vir3|27365	1
Vir3|2740	1
Vir3|27442	1
Vir3|27468	3
Vir3|27496	1
Vir3|27506	1
Vir3|2754	1
Vir3|27547	1
Vir3|27571	1
Vir3|27575	1
Vir3|2758	1
Vir3|27614	1
Vir3|27627	1
Vir3|27639	1
Vir3|27672	1
Vir3|27725	1
Vir3|2779	1
Vir3|27799	1
Vir3|27805	1
Vir3|2782	1
Vir3|2783	1
Vir3|27834	1
Vir3|27835	1
Vir3|2798	1
Vir3|2799	1
Vir3|27998	1
Vir3|28025	2
Vir3|28026	1
Vir3|28041	1
Vir3|28042	1
Vir3|28057	2
Vir3|28066	1
Vir3|28073	7
Vir3|28077	1
Vir3|28086	1
Vir3|28087	10
Vir3|28097	2
Vir3|28100	1
Vir3|28114	1
Vir3|28118	1
Vir3|28119	1
Vir3|28128	1
Vir3|28129	3
Vir3|28130	4
Vir3|28135	5
Vir3|28142	6
Vir3|28144	2
Vir3|28149	2
Vir3|2815	1
Vir3|28154	2
Vir3|28155	1
Vir3|28156	2
Vir3|28157	1
Vir3|28158	5
Vir3|28164	1
Vir3|28166	3
Vir3|28167	1
Vir3|28169	3
Vir3|2817	1
Vir3|28171	4
Vir3|28172	2
Vir3|28178	1
Vir3|28182	5
Vir3|28190	1
Vir3|28193	5
Vir3|28194	5
Vir3|28196	1
Vir3|28203	1
Vir3|28214	1
Vir3|28219	1
Vir3|28220	1
Vir3|28221	2
Vir3|28222	5
Vir3|28241	1
Vir3|28243	1
Vir3|28251	1
Vir3|28266	1
Vir3|28280	1
Vir3|28286	1
Vir3|28287	1
Vir3|28321	1
Vir3|28342	2
Vir3|28372	1
Vir3|28389	1
Vir3|28391	1
Vir3|28405	4
Vir3|28406	3
Vir3|28411	1
Vir3|28412	2
Vir3|28413	4
Vir3|28414	1
Vir3|28419	1
Vir3|28420	4
Vir3|28437	2
Vir3|28438	1
Vir3|28443	1
Vir3|28454	1
Vir3|28468	1
Vir3|28485	3
Vir3|28487	3
Vir3|28511	1
Vir3|28527	8
Vir3|28528	12
Vir3|28529	5
Vir3|28530	1
Vir3|28531	1
Vir3|28562	1
Vir3|28565	1
Vir3|28587	2
Vir3|28637	2
Vir3|28638	4
Vir3|28639	1
Vir3|28643	1
Vir3|28664	1
Vir3|28673	3
Vir3|28674	7
Vir3|28676	1
Vir3|28682	2
Vir3|28689	1
Vir3|28697	1
Vir3|28703	1
Vir3|28706	1
Vir3|28710	2
Vir3|28723	1
Vir3|28724	4
Vir3|28744	2
Vir3|28747	2
Vir3|28752	1
Vir3|28761	1
Vir3|28762	1
Vir3|28774	1
Vir3|28778	2
Vir3|28783	1
Vir3|28784	4
Vir3|28785	2
Vir3|28797	3
Vir3|28798	3
Vir3|28814	1
Vir3|28815	1
Vir3|28830	1
Vir3|28840	1
Vir3|28868	1
Vir3|28882	1
Vir3|2889	1
Vir3|28894	1
Vir3|28895	1
Vir3|28899	1
Vir3|28914	1
Vir3|28918	1
Vir3|28929	2
Vir3|28932	1
Vir3|28964	1
Vir3|28965	2
Vir3|28967	1
Vir3|29010	1
Vir3|29013	1
Vir3|29017	1
Vir3|29032	4
Vir3|29033	8
Vir3|29038	10
Vir3|29039	5
Vir3|29040	1
Vir3|29051	1
Vir3|29057	1
Vir3|29081	3
Vir3|29082	1
Vir3|29125	1
Vir3|29149	2
Vir3|29159	2
Vir3|2916	1
Vir3|29180	2
Vir3|29181	3
Vir3|29183	1
Vir3|29185	2
Vir3|29186	5
Vir3|29196	1
Vir3|29199	1
Vir3|29217	1
Vir3|29219	2
Vir3|29258	1
Vir3|29262	1
Vir3|29263	2
Vir3|29290	1
Vir3|29306	1
Vir3|29314	1
Vir3|29315	1
Vir3|29338	1
Vir3|29352	6
Vir3|29353	3
Vir3|29357	1
Vir3|29378	3
Vir3|29379	2
Vir3|29431	1
Vir3|29439	1
Vir3|29450	1
Vir3|29451	1
Vir3|29460	1
Vir3|29465	2
Vir3|29470	2
Vir3|29471	2
Vir3|29474	1
Vir3|29480	2
Vir3|29481	1
Vir3|29492	1
Vir3|29506	1
Vir3|29537	1
Vir3|29552	1
Vir3|2956	1
Vir3|29583	1
Vir3|29603	3
Vir3|29604	2
Vir3|29608	1
Vir3|29613	1
Vir3|29620	1
Vir3|29634	1
Vir3|29658	4
Vir3|29659	1
Vir3|29660	3
Vir3|29661	1
Vir3|29672	1
Vir3|29673	4
Vir3|29674	5
Vir3|29676	1
Vir3|29696	1
Vir3|29699	1
Vir3|29709	3
Vir3|29710	1
Vir3|29713	1
Vir3|29720	2
Vir3|29721	2
Vir3|29724	2
Vir3|29725	1
Vir3|29726	3
Vir3|29734	1
Vir3|29788	1
Vir3|2983	1
Vir3|29865	1
Vir3|29976	1
Vir3|29988	1
Vir3|30006	28
Vir3|30015	1
Vir3|30171	1
Vir3|30242	2
Vir3|30387	1
Vir3|30394	1
Vir3|30442	2
Vir3|30558	1
Vir3|30608	1
Vir3|30655	1
Vir3|30664	1
Vir3|30742	1
Vir3|30748	1
Vir3|30817	1
Vir3|30921	1
Vir3|30947	1
Vir3|30979	1
Vir3|30997	71
Vir3|31072	1
Vir3|31076	1
Vir3|31082	1
Vir3|31102	1
Vir3|31192	1
Vir3|31212	1
Vir3|31285	1
Vir3|31287	1
Vir3|3129	1
Vir3|31296	1
Vir3|31310	1
Vir3|31371	1
Vir3|31374	1
Vir3|3139	1
Vir3|31396	1
Vir3|31507	1
Vir3|31525	1
Vir3|31575	1
Vir3|31589	1
Vir3|31593	1
Vir3|31603	1
Vir3|31660	37
Vir3|31681	1
Vir3|31716	1
Vir3|31787	1
Vir3|31844	85
Vir3|31935	1
Vir3|32085	1
Vir3|32163	1
Vir3|32175	1
Vir3|32244	1
Vir3|32259	1
Vir3|32260	1
Vir3|3229	1
Vir3|32357	1
Vir3|32372	1
Vir3|32429	1
Vir3|32437	1
Vir3|32494	1
Vir3|32511	1
Vir3|32579	1
Vir3|32589	1
Vir3|32599	1
Vir3|32616	1
Vir3|32624	1
Vir3|32629	1
Vir3|32676	1
Vir3|32699	1
Vir3|32764	1
Vir3|3279	2
Vir3|32806	1
Vir3|32936	1
Vir3|33002	1
Vir3|33094	1
Vir3|33099	1
Vir3|33128	1
Vir3|33153	1
Vir3|33155	1
Vir3|3322	1
Vir3|33231	1
Vir3|33263	1
Vir3|33290	1
Vir3|33323	1
Vir3|33355	1
Vir3|33372	1
Vir3|33438	1
Vir3|3344	1
Vir3|3351	1
Vir3|33594	1
Vir3|33661	1
Vir3|33685	1
Vir3|337	1
Vir3|33762	1
Vir3|33764	1
Vir3|33786	1
Vir3|3387	1
Vir3|33983	1
Vir3|33990	1
Vir3|33992	1
Vir3|34023	1
Vir3|34030	1
Vir3|34047	1
Vir3|34082	1
Vir3|34112	1
Vir3|34149	1
Vir3|34152	1
Vir3|34214	1
Vir3|34300	1
Vir3|3433	1
Vir3|34377	1
Vir3|34395	1
Vir3|34418	2
Vir3|34430	1
Vir3|34581	1
Vir3|3474	1
Vir3|34741	1
Vir3|348	1
Vir3|34889	1
Vir3|3496	1
Vir3|35137	1
Vir3|35187	84
Vir3|35211	1
Vir3|35231	1
Vir3|35322	1
Vir3|35330	1
Vir3|35362	1
Vir3|35402	1
Vir3|35501	2
Vir3|35519	1
Vir3|35615	1
Vir3|35630	1
Vir3|35654	1
Vir3|35727	1
Vir3|35867	25
Vir3|35886	1
Vir3|3593	1
Vir3|35974	1
Vir3|35985	1
Vir3|36181	1
Vir3|36206	1
Vir3|36370	1
Vir3|36399	1
Vir3|36401	1
Vir3|36458	1
Vir3|36581	2
Vir3|36693	1
Vir3|36724	1
Vir3|36779	1
Vir3|36780	1
Vir3|36784	1
Vir3|36799	1
Vir3|3682	1
Vir3|36858	1
Vir3|36875	1
Vir3|36892	1
Vir3|36926	1
Vir3|36946	1
Vir3|37380	1
Vir3|37412	1
Vir3|37432	1
Vir3|3745	1
Vir3|37483	1
Vir3|37486	2
Vir3|37515	2
Vir3|37608	2
Vir3|3763	1
Vir3|37645	1
Vir3|37711	1
Vir3|37759	1
Vir3|37797	1
Vir3|37816	1
Vir3|37821	1
Vir3|37836	1
Vir3|37845	1
Vir3|37879	1
Vir3|37888	1
Vir3|37889	1
Vir3|3793	1
Vir3|37976	1
Vir3|37999	1
Vir3|38056	1
Vir3|38066	1
Vir3|3816	1
Vir3|38175	1
Vir3|38281	1
Vir3|38390	2
Vir3|38399	1
Vir3|38402	1
Vir3|38516	1
Vir3|38527	1
Vir3|38800	1
Vir3|38835	1
Vir3|38967	1
Vir3|39014	1
Vir3|39025	1
Vir3|39049	1
Vir3|39058	1
Vir3|39082	1
Vir3|3910	1
Vir3|39120	1
Vir3|39150	1
Vir3|39154	1
Vir3|3927	1
Vir3|39273	1
Vir3|39283	1
Vir3|39289	1
Vir3|39318	1
Vir3|3932	1
Vir3|39332	1
Vir3|39333	1
Vir3|39352	1
Vir3|39386	1
Vir3|39490	1
Vir3|39548	1
Vir3|39633	1
Vir3|3966	96
Vir3|39697	1
Vir3|39760	3
Vir3|39826	1
Vir3|40049	1
Vir3|40059	1
Vir3|40074	1
Vir3|40075	31
Vir3|40084	1
Vir3|40120	1
Vir3|40286	2
Vir3|40288	1
Vir3|40408	1
Vir3|4042	1
Vir3|40484	1
Vir3|40494	1
Vir3|40536	1
Vir3|40662	1
Vir3|40684	1
Vir3|40810	1
Vir3|40893	1
Vir3|40955	1
Vir3|40962	1
Vir3|4097	2
Vir3|40989	1
Vir3|41091	1
Vir3|41134	1
Vir3|41166	1
Vir3|41195	1
Vir3|41312	1
Vir3|41314	1
Vir3|41371	1
Vir3|41395	1
Vir3|41448	1
Vir3|41483	1
Vir3|41514	5
Vir3|41588	1
Vir3|41618	1
Vir3|41636	1
Vir3|41670	1
Vir3|41725	1
Vir3|41746	1
Vir3|41784	1
Vir3|41792	1
Vir3|41855	2
Vir3|41880	1
Vir3|41900	1
Vir3|41929	1
Vir3|41984	1
Vir3|42002	1
Vir3|42011	1
Vir3|42019	1
Vir3|42046	1
Vir3|42122	1
Vir3|42177	1
Vir3|42180	1
Vir3|42313	1
Vir3|42392	1
Vir3|42437	1
Vir3|42455	1
Vir3|42517	1
Vir3|42560	1
Vir3|42698	1
Vir3|42706	1
Vir3|42772	1
Vir3|42852	1
Vir3|42863	1
Vir3|42876	1
Vir3|43046	1
Vir3|4306	8
Vir3|43078	1
Vir3|43170	2
Vir3|43199	1
Vir3|43331	1
Vir3|43386	1
Vir3|43440	1
Vir3|43487	1
Vir3|43570	1
Vir3|43619	1
Vir3|4366	1
Vir3|43661	2
Vir3|43692	1
Vir3|43736	1
Vir3|43758	1
Vir3|43768	1
Vir3|43779	1
Vir3|43803	1
Vir3|43898	1
Vir3|43907	1
Vir3|43920	1
Vir3|43941	1
Vir3|44005	1
Vir3|44033	1
Vir3|44082	1
Vir3|44156	1
Vir3|44167	1
Vir3|44190	1
Vir3|44270	1
Vir3|44547	1
Vir3|44570	1
Vir3|44627	1
Vir3|44719	1
Vir3|44784	1
Vir3|44786	1
Vir3|44805	1
Vir3|44814	1
Vir3|44870	88
Vir3|44893	1
Vir3|45172	1
Vir3|45179	1
Vir3|45279	1
Vir3|45434	1
Vir3|4551	1
Vir3|45541	1
Vir3|4556	1
Vir3|45572	1
Vir3|45628	1
Vir3|45647	1
Vir3|45665	1
Vir3|45679	1
Vir3|45714	1
Vir3|45727	1
Vir3|45790	1
Vir3|45802	1
Vir3|45823	1
Vir3|45960	2
Vir3|45986	1
Vir3|45995	1
Vir3|46093	2
Vir3|46106	1
Vir3|46135	1
Vir3|46140	1
Vir3|46249	1
Vir3|46451	1
Vir3|46622	1
Vir3|46699	1
Vir3|46736	1
Vir3|46755	1
Vir3|46789	1
Vir3|46936	2
Vir3|470	1
Vir3|47035	1
Vir3|47041	1
Vir3|47042	1
Vir3|47186	1
Vir3|47199	1
Vir3|47437	3
Vir3|47438	1
Vir3|47446	1
Vir3|47447	1
Vir3|47467	1
Vir3|47470	1
Vir3|47473	1
Vir3|47479	2
Vir3|47480	1
Vir3|47481	7
Vir3|47485	1
Vir3|47486	2
Vir3|47495	1
Vir3|47505	2
Vir3|47507	2
Vir3|47508	1
Vir3|47509	1
Vir3|47559	1
Vir3|47564	1
Vir3|47667	1
Vir3|47678	1
Vir3|47692	1
Vir3|4777	1
Vir3|47860	1
Vir3|47945	1
Vir3|47965	1
Vir3|48005	1
Vir3|48028	1
Vir3|48054	1
Vir3|48066	1
Vir3|48160	1
Vir3|48162	1
Vir3|48261	1
Vir3|48263	1
Vir3|48279	1
Vir3|48326	1
Vir3|48381	1
Vir3|48415	1
Vir3|48434	1
Vir3|48436	1
Vir3|4846	1
Vir3|48495	1
Vir3|48517	1
Vir3|48554	1
Vir3|48571	1
Vir3|48592	1
Vir3|48662	1
Vir3|48718	1
Vir3|4873	1
Vir3|48817	1
Vir3|48934	83
Vir3|4897	1
Vir3|49109	1
Vir3|49146	1
Vir3|49166	1
Vir3|49199	1
Vir3|49306	1
Vir3|49316	1
Vir3|49473	1
Vir3|49477	1
Vir3|49605	1
Vir3|49793	1
Vir3|49805	1
Vir3|4983	1
Vir3|49831	1
Vir3|49940	1
Vir3|50022	1
Vir3|50129	1
Vir3|50221	1
Vir3|50238	1
Vir3|50266	1
Vir3|50274	1
Vir3|5030	2
Vir3|50313	1
Vir3|50330	1
Vir3|50447	1
Vir3|50457	1
Vir3|50526	1
Vir3|50720	1
Vir3|50826	1
Vir3|50850	1
Vir3|50872	1
Vir3|50873	1
Vir3|50904	1
Vir3|50917	1
Vir3|50930	2
Vir3|50961	1
Vir3|51083	2
Vir3|51117	1
Vir3|51237	1
Vir3|51417	1
Vir3|51537	1
Vir3|51557	1
Vir3|51563	1
Vir3|51700	2
Vir3|51705	2
Vir3|51706	1
Vir3|51737	1
Vir3|51781	1
Vir3|51786	1
Vir3|51827	1
Vir3|51848	1
Vir3|51931	1
Vir3|52011	1
Vir3|52018	1
Vir3|52019	1
Vir3|52021	2
Vir3|52022	1
Vir3|52028	2
Vir3|52032	1
Vir3|52035	2
Vir3|52063	1
Vir3|52077	1
Vir3|52082	1
Vir3|52087	1
Vir3|52105	1
Vir3|52106	1
Vir3|52116	1
Vir3|52117	1
Vir3|52130	1
Vir3|52131	3
Vir3|52142	1
Vir3|52143	1
Vir3|52159	1
Vir3|52164	4
Vir3|52165	1
Vir3|52217	6
Vir3|52218	5
Vir3|52238	1
Vir3|5225	1
Vir3|52264	2
Vir3|52268	1
Vir3|52288	1
Vir3|52289	2
Vir3|52291	6
Vir3|52293	8
Vir3|52308	2
Vir3|52314	1
Vir3|52365	1
Vir3|52381	1
Vir3|52389	2
Vir3|52403	1
Vir3|52411	4
Vir3|52418	2
Vir3|52437	1
Vir3|52453	51
Vir3|52458	1
Vir3|52467	2
Vir3|52509	1
Vir3|52546	1
Vir3|52549	1
Vir3|52586	1
Vir3|52626	1
Vir3|52627	1
Vir3|52773	1
Vir3|52811	1
Vir3|52825	1
Vir3|53037	1
Vir3|5304	1
Vir3|53082	1
Vir3|5309	1
Vir3|53115	1
Vir3|53153	1
Vir3|53208	1
Vir3|53256	1
Vir3|53319	1
Vir3|53322	1
Vir3|53459	1
Vir3|53486	1
Vir3|5357	100
Vir3|53600	1
Vir3|5365	1
Vir3|5368	1
Vir3|53694	1
Vir3|53910	1
Vir3|53930	1
Vir3|53931	1
Vir3|53995	1
Vir3|53998	1
Vir3|54009	1
Vir3|54051	1
Vir3|54102	1
Vir3|54135	1
Vir3|5418	1
Vir3|54184	1
Vir3|54193	1
Vir3|54225	1
Vir3|54258	1
Vir3|54278	2
Vir3|54332	1
Vir3|54559	1
Vir3|54578	1
Vir3|54605	1
Vir3|54606	1
Vir3|54616	1
Vir3|54620	1
Vir3|547	1
Vir3|54722	1
Vir3|54747	1
Vir3|54748	18
Vir3|54799	1
Vir3|54805	1
Vir3|54836	1
Vir3|54848	1
Vir3|54852	1
Vir3|54917	1
Vir3|5502	1
Vir3|55094	1
Vir3|55118	1
Vir3|55183	1
Vir3|5527	1
Vir3|55293	1
Vir3|55307	1
Vir3|55332	1
Vir3|55520	1
Vir3|55588	1
Vir3|55609	1
Vir3|5561	1
Vir3|55633	1
Vir3|5574	1
Vir3|55824	1
Vir3|55847	1
Vir3|55876	1
Vir3|55885	1
Vir3|55929	1
Vir3|55936	1
Vir3|55939	1
Vir3|55951	1
Vir3|55993	1
Vir3|56009	1
Vir3|56089	1
Vir3|56223	1
Vir3|56233	1
Vir3|56303	1
Vir3|56309	1
Vir3|56361	1
Vir3|56548	1
Vir3|56559	1
Vir3|5656	1
Vir3|56563	1
Vir3|56606	1
Vir3|56693	1
Vir3|56716	1
Vir3|56732	1
Vir3|56829	1
Vir3|56870	1
Vir3|56971	1
Vir3|56977	1
Vir3|57025	1
Vir3|57043	1
Vir3|57125	1
Vir3|57135	1
Vir3|57158	1
Vir3|57204	1
Vir3|57207	1
Vir3|57277	1
Vir3|57299	1
Vir3|57335	1
Vir3|57409	1
Vir3|57456	1
Vir3|57480	1
Vir3|57522	1
Vir3|57527	1
Vir3|57578	1
Vir3|5759	2
Vir3|57619	1
Vir3|57685	3
Vir3|57755	1
Vir3|57798	1
Vir3|57803	1
Vir3|57908	1
Vir3|57972	1
Vir3|58015	1
Vir3|5803	2
Vir3|58039	1
Vir3|58066	1
Vir3|58135	1
Vir3|58187	29
Vir3|582	1
Vir3|58200	1
Vir3|58292	1
Vir3|5832	1
Vir3|58324	1
Vir3|58328	1
Vir3|58346	1
Vir3|58364	1
Vir3|5841	1
Vir3|58519	2
Vir3|58564	1
Vir3|58664	1
Vir3|58711	1
Vir3|58735	1
Vir3|58743	1
Vir3|588	1
Vir3|58835	1
Vir3|5901	2
Vir3|5906	1
Vir3|59070	1
Vir3|59119	1
Vir3|59223	1
Vir3|59234	1
Vir3|593	1
Vir3|59329	1
Vir3|59344	1
Vir3|59350	1
Vir3|59392	1
Vir3|59478	1
Vir3|59578	1
Vir3|59579	1
Vir3|59604	1
Vir3|59648	1
Vir3|59831	1
Vir3|59907	1
Vir3|59973	1
Vir3|59983	1
Vir3|60009	1
Vir3|60098	1
Vir3|60100	1
Vir3|60104	1
Vir3|60122	1
Vir3|60124	1
Vir3|60151	1
Vir3|60171	1
Vir3|60235	1
Vir3|60237	1
Vir3|603	1
Vir3|60486	1
Vir3|6055	1
Vir3|60640	1
Vir3|60645	1
Vir3|60767	1
Vir3|60863	1
Vir3|60874	2
Vir3|60897	1
Vir3|60933	1
Vir3|6097	1
Vir3|60973	1
Vir3|61023	1
Vir3|61043	1
Vir3|61059	1
Vir3|61131	1
Vir3|6125	1
Vir3|61278	1
Vir3|6129	1
Vir3|61342	1
Vir3|61367	1
Vir3|61369	2
Vir3|61465	1
Vir3|61512	1
Vir3|61548	1
Vir3|6155	1
Vir3|61556	1
Vir3|61566	1
Vir3|61621	1
Vir3|61630	1
Vir3|61744	1
Vir3|61781	1
Vir3|61791	1
Vir3|6185	1
Vir3|61883	1
Vir3|61937	1
Vir3|61955	1
Vir3|61999	1
Vir3|62028	1
Vir3|6203	1
Vir3|62040	1
Vir3|62115	1
Vir3|62116	1
Vir3|62217	1
Vir3|62255	1
Vir3|62497	1
Vir3|62570	68
Vir3|62712	1
Vir3|6274	1
Vir3|62814	1
Vir3|62923	1
Vir3|63	1
Vir3|63007	1
Vir3|63011	1
Vir3|63055	1
Vir3|6309	1
Vir3|63157	1
Vir3|63184	1
Vir3|63304	1
Vir3|6337	1
Vir3|63418	1
Vir3|63457	1
Vir3|63460	1
Vir3|63472	2
Vir3|63515	1
Vir3|63792	1
Vir3|63840	1
Vir3|6388	1
Vir3|63922	1
Vir3|6398	1
Vir3|64001	1
Vir3|64010	1
Vir3|64038	1
Vir3|64058	1
Vir3|64063	1
Vir3|64078	1
Vir3|64156	1
Vir3|64183	1
Vir3|64214	1
Vir3|64237	1
Vir3|64250	1
Vir3|64311	1
Vir3|64347	1
Vir3|64364	1
Vir3|64455	1
Vir3|64620	1
Vir3|64663	1
Vir3|64695	1
Vir3|64741	1
Vir3|64775	1
Vir3|64794	1
Vir3|64813	1
Vir3|64851	1
Vir3|64888	2
Vir3|64912	18
Vir3|65	1
Vir3|65001	2
Vir3|65051	1
Vir3|65054	1
Vir3|65178	1
Vir3|65208	1
Vir3|65249	1
Vir3|6526	2
Vir3|65260	1
Vir3|65283	1
Vir3|6529	1
Vir3|65309	1
Vir3|6536	1
Vir3|65382	1
Vir3|65385	1
Vir3|65420	1
Vir3|6554	1
Vir3|6556	1
Vir3|65603	1
Vir3|6562	1
Vir3|65634	2
Vir3|65652	1
Vir3|65691	1
Vir3|6573	1
Vir3|65746	1
Vir3|65792	1
Vir3|65818	1
Vir3|65833	1
Vir3|65854	1
Vir3|65858	1
Vir3|65876	1
Vir3|65928	1
Vir3|66086	1
Vir3|66095	1
Vir3|66154	1
Vir3|6620	1
Vir3|66207	1
Vir3|66209	1
Vir3|66362	1
Vir3|66379	1
Vir3|66383	1
Vir3|66488	1
Vir3|66626	1
Vir3|66640	1
Vir3|66858	3
Vir3|66912	1
Vir3|66922	1
Vir3|66961	1
Vir3|66969	1
Vir3|66981	1
Vir3|67085	83
Vir3|67132	42
Vir3|67212	1
Vir3|67268	1
Vir3|67294	1
Vir3|67349	1
Vir3|6739	1
Vir3|67396	1
Vir3|67439	1
Vir3|67445	1
Vir3|67503	1
Vir3|67740	2
Vir3|67785	1
Vir3|67796	1
Vir3|67821	1
Vir3|67825	1
Vir3|67970	2
Vir3|6801	1
Vir3|68047	1
Vir3|68087	1
Vir3|68102	1
Vir3|68145	1
Vir3|68212	1
Vir3|68250	1
Vir3|68271	1
Vir3|68289	1
Vir3|6834	3
Vir3|68347	1
Vir3|68406	1
Vir3|68462	1
Vir3|68480	1
Vir3|68639	1
Vir3|68656	1
Vir3|68684	1
Vir3|68762	1
Vir3|68830	1
Vir3|68847	1
Vir3|68890	1
Vir3|68949	1
Vir3|68972	1
Vir3|68986	1
Vir3|68998	2
Vir3|69053	1
Vir3|69101	1
Vir3|69183	2
Vir3|69187	1
Vir3|69227	1
Vir3|69233	1
Vir3|6924	1
Vir3|69242	1
Vir3|69311	1
Vir3|69357	1
Vir3|6936	1
Vir3|69364	1
Vir3|69377	1
Vir3|69379	2
Vir3|69404	1
Vir3|69418	1
Vir3|69419	1
Vir3|69532	1
Vir3|69566	1
Vir3|69604	1
Vir3|69641	1
Vir3|69656	1
Vir3|6968	1
Vir3|69779	1
Vir3|69829	1
Vir3|69846	1
Vir3|69894	1
Vir3|6996	1
Vir3|70075	1
Vir3|70111	1
Vir3|70155	1
Vir3|70201	1
Vir3|70226	1
Vir3|7027	1
Vir3|70322	1
Vir3|70403	1
Vir3|70580	1
Vir3|70630	1
Vir3|7068	1
Vir3|70687	1
Vir3|7071	1
Vir3|70719	1
Vir3|70794	1
Vir3|70901	2
Vir3|70913	1
Vir3|70916	1
Vir3|70929	1
Vir3|70957	1
Vir3|7096	1
Vir3|70981	1
Vir3|71185	1
Vir3|71234	1
Vir3|71305	1
Vir3|71342	1
Vir3|71426	1
Vir3|71448	1
Vir3|71453	1
Vir3|71759	1
Vir3|71780	1
Vir3|71905	1
Vir3|71921	3
Vir3|71937	1
Vir3|71940	17
Vir3|71950	1
Vir3|72074	1
Vir3|7212	1
Vir3|72139	1
Vir3|72148	1
Vir3|72178	1
Vir3|7219	1
Vir3|72222	1
Vir3|72278	1
Vir3|72361	1
Vir3|72373	1
Vir3|72451	1
Vir3|72483	1
Vir3|72495	1
Vir3|72592	1
Vir3|72733	1
Vir3|7282	1
Vir3|72859	1
Vir3|72871	1
Vir3|72894	1
Vir3|72906	1
Vir3|73042	1
Vir3|73081	1
Vir3|73102	2
Vir3|73144	1
Vir3|73158	2
Vir3|73185	1
Vir3|73257	2
Vir3|7330	1
Vir3|73330	1
Vir3|73401	1
Vir3|73402	1
Vir3|73425	1
Vir3|7344	1
Vir3|73458	1
Vir3|7364	2
Vir3|7372	1
Vir3|73751	1
Vir3|7376	1
Vir3|73870	1
Vir3|73898	1
Vir3|73914	1
Vir3|7395	1
Vir3|73952	1
Vir3|73976	1
Vir3|74040	1
Vir3|74092	1
Vir3|74185	1
Vir3|74217	1
Vir3|74244	1
Vir3|74401	1
Vir3|74413	1
Vir3|74431	1
Vir3|74437	1
Vir3|74450	1
Vir3|74505	2
Vir3|74512	1
Vir3|74609	1
Vir3|74627	1
Vir3|74638	1
Vir3|74643	1
Vir3|74645	1
Vir3|74681	1
Vir3|74698	1
Vir3|74700	1
Vir3|74731	1
Vir3|74739	1
Vir3|74897	1
Vir3|74921	1
Vir3|75034	1
Vir3|75245	1
Vir3|75433	1
Vir3|75484	1
Vir3|75497	1
Vir3|7551	1
Vir3|75539	1
Vir3|7568	1
Vir3|75741	1
Vir3|75770	1
Vir3|75788	1
Vir3|75792	2
Vir3|75831	1
Vir3|7585	1
Vir3|75859	1
Vir3|75929	1
Vir3|76043	1
Vir3|76047	1
Vir3|76135	1
Vir3|76247	1
Vir3|76301	2
Vir3|7633	1
Vir3|76389	1
Vir3|76435	1
Vir3|76538	3
Vir3|7659	1
Vir3|76593	1
Vir3|76617	1
Vir3|76737	1
Vir3|76758	1
Vir3|770	1
Vir3|77013	1
Vir3|77047	1
Vir3|77059	1
Vir3|77070	1
Vir3|77179	1
Vir3|77235	2
Vir3|7731	1
Vir3|77348	1
Vir3|77492	1
Vir3|77520	1
Vir3|77521	1
Vir3|77540	1
Vir3|77546	1
Vir3|77577	1
Vir3|77689	1
Vir3|7778	1
Vir3|77852	2
Vir3|78036	1
Vir3|78056	1
Vir3|7807	1
Vir3|78118	1
Vir3|78236	1
Vir3|78266	1
Vir3|78352	1
Vir3|78443	1
Vir3|78482	1
Vir3|78516	1
Vir3|78525	1
Vir3|78588	1
Vir3|78756	1
Vir3|78761	1
Vir3|78840	1
Vir3|78841	1
Vir3|78875	2
Vir3|78881	1
Vir3|7894	1
Vir3|78941	2
Vir3|79018	1
Vir3|79288	1
Vir3|79302	1
Vir3|7948	2
Vir3|79497	1
Vir3|7991	1
Vir3|79983	1
Vir3|80170	1
Vir3|8036	1
Vir3|8040	1
Vir3|8042	1
Vir3|80625	1
Vir3|80715	1
Vir3|81150	1
Vir3|81203	1
Vir3|81206	1
Vir3|81432	117
Vir3|81650	1
Vir3|81870	1
Vir3|82058	1
Vir3|82203	2
Vir3|8264	1
Vir3|8268	52
Vir3|82700	1
Vir3|82744	3
Vir3|82783	1
Vir3|82801	1
Vir3|8337	1
Vir3|83502	1
Vir3|8382	1
Vir3|839	1
Vir3|84414	1
Vir3|84509	1
Vir3|84510	1
Vir3|84522	1
Vir3|84592	2
Vir3|84636	2
Vir3|84648	1
Vir3|84656	1
Vir3|84669	1
Vir3|84680	1
Vir3|84704	2
Vir3|84754	110
Vir3|84787	1
Vir3|85014	1
Vir3|85062	1
Vir3|8507	1
Vir3|85841	1
Vir3|8631	1
Vir3|86591	1
Vir3|86935	1
Vir3|86989	1
Vir3|87011	1
Vir3|87324	1
Vir3|8788	1
Vir3|88180	1
Vir3|88365	1
Vir3|88482	1
Vir3|89025	1
Vir3|89133	1
Vir3|8919	1
Vir3|89488	1
Vir3|9001	1
Vir3|90236	1
Vir3|90402	1
Vir3|90712	1
Vir3|9075	1
Vir3|91168	1
Vir3|91435	1
Vir3|9163	1
Vir3|91640	1
Vir3|91799	1
Vir3|92009	1
Vir3|92508	1
Vir3|92610	1
Vir3|92675	1
Vir3|92861	1
Vir3|92938	1
Vir3|930	1
Vir3|9306	1
Vir3|93108	1
Vir3|93179	1
Vir3|9340	1
Vir3|93745	1
Vir3|9382	1
Vir3|93835	1
Vir3|93846	1
Vir3|93935	1
Vir3|93956	2
Vir3|9397	1
Vir3|94075	1
Vir3|94494	1
Vir3|94592	1
Vir3|94682	1
Vir3|94732	1
Vir3|9485	1
Vir3|94927	2
Vir3|95421	1
Vir3|95441	1
Vir3|95650	1
Vir3|95805	1
Vir3|9617	1
Vir3|96175	1
Vir3|96178	1
Vir3|9628	1
Vir3|9742	1
Vir3|9852	1
Vir3|9931	1
Vir3|9954	1
Vir3|9959	1
Vir3|9986	1
