CoV|BCA25643.133.BC1	24324
CoV|BCA25643.133.BC2	24683
CoV|BCA25643.134.BC1	42251
CoV|BCA25643.134.BC2	30243
CoV|BCA25651.11.BC1	3275
CoV|BCA25651.11.BC2	5619
CoV|BCA25651.12.BC1	19159
CoV|BCA25651.12.BC2	28581
CoV|BCA25653.40.BC1	8020
CoV|BCA25653.40.BC2	13268
CoV|BCA25653.41.BC1	8417
CoV|BCA25653.41.BC2	4033
CoV|H9EJ24.0.BC1	13403
CoV|H9EJ24.0.BC2	18967
CoV|H9EJ24.1.BC1	41067
CoV|H9EJ24.1.BC2	38005
CoV|H9EJ24.2.BC1	42376
CoV|H9EJ24.2.BC2	40006
CoV|H9EJ24.3.BC1	32916
CoV|H9EJ24.3.BC2	24489
CoV|H9EJ24.4.BC1	15270
CoV|H9EJ24.4.BC2	14978
CoV|H9EJ24.5.BC1	6691
CoV|H9EJ24.5.BC2	14590
CoV|H9EJ24.6.BC1	13440
CoV|H9EJ24.6.BC2	22557
CoV|H9EJ24.7.BC1	16477
CoV|H9EJ24.7.BC2	11434
CoV|H9EJ42.0.BC1	23119
CoV|H9EJ42.0.BC2	22496
CoV|H9EJ42.1.BC1	16325
CoV|H9EJ42.1.BC2	19904
CoV|H9EJ42.10.BC1	27591
CoV|H9EJ42.10.BC2	14732
CoV|H9EJ42.100.BC1	8844
CoV|H9EJ42.100.BC2	20858
CoV|H9EJ42.101.BC1	9228
CoV|H9EJ42.101.BC2	9070
CoV|H9EJ42.102.BC1	26584
CoV|H9EJ42.102.BC2	17101
CoV|H9EJ42.103.BC1	19349
CoV|H9EJ42.103.BC2	41951
CoV|H9EJ42.104.BC1	19663
CoV|H9EJ42.104.BC2	40967
CoV|H9EJ42.105.BC1	24249
CoV|H9EJ42.105.BC2	34916
CoV|H9EJ42.106.BC1	19773
CoV|H9EJ42.106.BC2	21841
CoV|H9EJ42.107.BC1	6249
CoV|H9EJ42.107.BC2	10877
CoV|H9EJ42.108.BC1	19043
CoV|H9EJ42.108.BC2	18082
CoV|H9EJ42.109.BC1	5318
CoV|H9EJ42.109.BC2	12166
CoV|H9EJ42.11.BC1	10089
CoV|H9EJ42.11.BC2	7602
CoV|H9EJ42.110.BC1	24956
CoV|H9EJ42.110.BC2	24918
CoV|H9EJ42.111.BC1	19743
CoV|H9EJ42.111.BC2	34177
CoV|H9EJ42.112.BC1	20821
CoV|H9EJ42.112.BC2	24260
CoV|H9EJ42.113.BC1	15576
CoV|H9EJ42.113.BC2	22788
CoV|H9EJ42.114.BC1	8492
CoV|H9EJ42.114.BC2	7802
CoV|H9EJ42.115.BC1	19420
CoV|H9EJ42.115.BC2	18075
CoV|H9EJ42.116.BC1	20917
CoV|H9EJ42.116.BC2	12439
CoV|H9EJ42.117.BC1	34264
CoV|H9EJ42.117.BC2	6542
CoV|H9EJ42.118.BC1	51313
CoV|H9EJ42.118.BC2	52673
CoV|H9EJ42.119.BC1	50453
CoV|H9EJ42.119.BC2	36264
CoV|H9EJ42.12.BC1	41030
CoV|H9EJ42.12.BC2	19123
CoV|H9EJ42.120.BC1	28376
CoV|H9EJ42.120.BC2	29896
CoV|H9EJ42.121.BC1	25006
CoV|H9EJ42.121.BC2	31139
CoV|H9EJ42.122.BC1	32402
CoV|H9EJ42.122.BC2	11254
CoV|H9EJ42.123.BC1	24687
CoV|H9EJ42.123.BC2	24886
CoV|H9EJ42.124.BC1	14363
CoV|H9EJ42.124.BC2	16839
CoV|H9EJ42.125.BC1	28049
CoV|H9EJ42.125.BC2	10850
CoV|H9EJ42.126.BC1	17520
CoV|H9EJ42.126.BC2	8932
CoV|H9EJ42.127.BC1	23051
CoV|H9EJ42.127.BC2	13071
CoV|H9EJ42.128.BC1	28601
CoV|H9EJ42.128.BC2	13669
CoV|H9EJ42.129.BC1	53671
CoV|H9EJ42.129.BC2	37453
CoV|H9EJ42.13.BC1	13247
CoV|H9EJ42.13.BC2	22656
CoV|H9EJ42.130.BC1	29738
CoV|H9EJ42.130.BC2	21975
CoV|H9EJ42.131.BC1	19558
CoV|H9EJ42.131.BC2	29194
CoV|H9EJ42.132.BC1	49067
CoV|H9EJ42.132.BC2	43137
CoV|H9EJ42.133.BC1	21264
CoV|H9EJ42.133.BC2	6525
CoV|H9EJ42.134.BC1	48301
CoV|H9EJ42.134.BC2	55546
CoV|H9EJ42.135.BC1	24680
CoV|H9EJ42.135.BC2	21770
CoV|H9EJ42.136.BC1	13686
CoV|H9EJ42.136.BC2	26492
CoV|H9EJ42.137.BC1	14834
CoV|H9EJ42.137.BC2	8800
CoV|H9EJ42.138.BC1	14789
CoV|H9EJ42.138.BC2	13512
CoV|H9EJ42.139.BC1	17166
CoV|H9EJ42.139.BC2	11715
CoV|H9EJ42.14.BC1	42614
CoV|H9EJ42.14.BC2	39254
CoV|H9EJ42.140.BC1	23100
CoV|H9EJ42.140.BC2	25312
CoV|H9EJ42.141.BC1	12914
CoV|H9EJ42.141.BC2	28866
CoV|H9EJ42.142.BC1	12552
CoV|H9EJ42.142.BC2	15121
CoV|H9EJ42.143.BC1	43381
CoV|H9EJ42.143.BC2	36212
CoV|H9EJ42.144.BC1	34678
CoV|H9EJ42.144.BC2	30746
CoV|H9EJ42.145.BC1	15560
CoV|H9EJ42.145.BC2	25000
CoV|H9EJ42.146.BC1	24587
CoV|H9EJ42.146.BC2	22735
CoV|H9EJ42.147.BC1	26560
CoV|H9EJ42.147.BC2	15449
CoV|H9EJ42.148.BC1	24727
CoV|H9EJ42.148.BC2	11980
CoV|H9EJ42.149.BC1	8641
CoV|H9EJ42.149.BC2	27121
CoV|H9EJ42.15.BC1	53758
CoV|H9EJ42.15.BC2	32932
CoV|H9EJ42.150.BC1	13634
CoV|H9EJ42.150.BC2	10811
CoV|H9EJ42.151.BC1	18686
CoV|H9EJ42.151.BC2	19162
CoV|H9EJ42.152.BC1	15198
CoV|H9EJ42.152.BC2	19344
CoV|H9EJ42.153.BC1	9924
CoV|H9EJ42.153.BC2	19698
CoV|H9EJ42.154.BC1	37634
CoV|H9EJ42.154.BC2	14118
CoV|H9EJ42.155.BC1	18665
CoV|H9EJ42.155.BC2	15856
CoV|H9EJ42.156.BC1	6454
CoV|H9EJ42.156.BC2	13321
CoV|H9EJ42.157.BC1	8853
CoV|H9EJ42.157.BC2	19974
CoV|H9EJ42.158.BC1	496
CoV|H9EJ42.158.BC2	8572
CoV|H9EJ42.159.BC1	9681
CoV|H9EJ42.159.BC2	15831
CoV|H9EJ42.16.BC1	12936
CoV|H9EJ42.16.BC2	15775
CoV|H9EJ42.160.BC1	16359
CoV|H9EJ42.160.BC2	8514
CoV|H9EJ42.161.BC1	5199
CoV|H9EJ42.161.BC2	8522
CoV|H9EJ42.162.BC1	35888
CoV|H9EJ42.162.BC2	20764
CoV|H9EJ42.163.BC1	29477
CoV|H9EJ42.163.BC2	14236
CoV|H9EJ42.164.BC1	13595
CoV|H9EJ42.164.BC2	7183
CoV|H9EJ42.165.BC1	19445
CoV|H9EJ42.165.BC2	8562
CoV|H9EJ42.166.BC1	15928
CoV|H9EJ42.166.BC2	6822
CoV|H9EJ42.167.BC1	13390
CoV|H9EJ42.167.BC2	17125
CoV|H9EJ42.168.BC1	35044
CoV|H9EJ42.168.BC2	31492
CoV|H9EJ42.169.BC1	27498
CoV|H9EJ42.169.BC2	27433
CoV|H9EJ42.17.BC1	15101
CoV|H9EJ42.17.BC2	14498
CoV|H9EJ42.170.BC1	14839
CoV|H9EJ42.170.BC2	22952
CoV|H9EJ42.171.BC1	13911
CoV|H9EJ42.171.BC2	11764
CoV|H9EJ42.172.BC1	13394
CoV|H9EJ42.172.BC2	14333
CoV|H9EJ42.173.BC1	18701
CoV|H9EJ42.173.BC2	19695
CoV|H9EJ42.174.BC1	15872
CoV|H9EJ42.174.BC2	9261
CoV|H9EJ42.175.BC1	8560
CoV|H9EJ42.175.BC2	6164
CoV|H9EJ42.176.BC1	13053
CoV|H9EJ42.176.BC2	21815
CoV|H9EJ42.177.BC1	22178
CoV|H9EJ42.177.BC2	15377
CoV|H9EJ42.178.BC1	17072
CoV|H9EJ42.178.BC2	27820
CoV|H9EJ42.179.BC1	43821
CoV|H9EJ42.179.BC2	39576
CoV|H9EJ42.18.BC1	12729
CoV|H9EJ42.18.BC2	10826
CoV|H9EJ42.180.BC1	24643
CoV|H9EJ42.180.BC2	24447
CoV|H9EJ42.181.BC1	22582
CoV|H9EJ42.181.BC2	31160
CoV|H9EJ42.182.BC1	31292
CoV|H9EJ42.182.BC2	32168
CoV|H9EJ42.183.BC1	15166
CoV|H9EJ42.183.BC2	11559
CoV|H9EJ42.184.BC1	21643
CoV|H9EJ42.184.BC2	26979
CoV|H9EJ42.185.BC1	8114
CoV|H9EJ42.185.BC2	37104
CoV|H9EJ42.186.BC1	15585
CoV|H9EJ42.186.BC2	19211
CoV|H9EJ42.187.BC1	12210
CoV|H9EJ42.187.BC2	12507
CoV|H9EJ42.188.BC1	23683
CoV|H9EJ42.188.BC2	15755
CoV|H9EJ42.189.BC1	50278
CoV|H9EJ42.189.BC2	27397
CoV|H9EJ42.19.BC1	13939
CoV|H9EJ42.19.BC2	11694
CoV|H9EJ42.190.BC1	17906
CoV|H9EJ42.190.BC2	3359
CoV|H9EJ42.191.BC1	33400
CoV|H9EJ42.191.BC2	32073
CoV|H9EJ42.192.BC1	14276
CoV|H9EJ42.192.BC2	13949
CoV|H9EJ42.193.BC1	5964
CoV|H9EJ42.193.BC2	19703
CoV|H9EJ42.194.BC1	32838
CoV|H9EJ42.194.BC2	7707
CoV|H9EJ42.195.BC1	12155
CoV|H9EJ42.195.BC2	27294
CoV|H9EJ42.196.BC1	14646
CoV|H9EJ42.196.BC2	23259
CoV|H9EJ42.197.BC1	26735
CoV|H9EJ42.197.BC2	30372
CoV|H9EJ42.198.BC1	6961
CoV|H9EJ42.198.BC2	51561
CoV|H9EJ42.199.BC1	28438
CoV|H9EJ42.199.BC2	13713
CoV|H9EJ42.2.BC1	20485
CoV|H9EJ42.2.BC2	23743
CoV|H9EJ42.20.BC1	9059
CoV|H9EJ42.20.BC2	5490
CoV|H9EJ42.200.BC1	18019
CoV|H9EJ42.200.BC2	16920
CoV|H9EJ42.201.BC1	22984
CoV|H9EJ42.201.BC2	14283
CoV|H9EJ42.202.BC1	27601
CoV|H9EJ42.202.BC2	33676
CoV|H9EJ42.203.BC1	25470
CoV|H9EJ42.203.BC2	33094
CoV|H9EJ42.204.BC1	17855
CoV|H9EJ42.204.BC2	17239
CoV|H9EJ42.205.BC1	8325
CoV|H9EJ42.205.BC2	22931
CoV|H9EJ42.206.BC1	26354
CoV|H9EJ42.206.BC2	32678
CoV|H9EJ42.207.BC1	60400
CoV|H9EJ42.207.BC2	45128
CoV|H9EJ42.208.BC1	20060
CoV|H9EJ42.208.BC2	21082
CoV|H9EJ42.209.BC1	35780
CoV|H9EJ42.209.BC2	18398
CoV|H9EJ42.21.BC1	18266
CoV|H9EJ42.21.BC2	5433
CoV|H9EJ42.210.BC1	35217
CoV|H9EJ42.210.BC2	19416
CoV|H9EJ42.211.BC1	16343
CoV|H9EJ42.211.BC2	29959
CoV|H9EJ42.212.BC1	17661
CoV|H9EJ42.212.BC2	14801
CoV|H9EJ42.213.BC1	49522
CoV|H9EJ42.213.BC2	51602
CoV|H9EJ42.214.BC1	30047
CoV|H9EJ42.214.BC2	27020
CoV|H9EJ42.215.BC1	29068
CoV|H9EJ42.215.BC2	22078
CoV|H9EJ42.216.BC1	8041
CoV|H9EJ42.216.BC2	8652
CoV|H9EJ42.217.BC1	34210
CoV|H9EJ42.217.BC2	21106
CoV|H9EJ42.218.BC1	23581
CoV|H9EJ42.218.BC2	31215
CoV|H9EJ42.219.BC1	21393
CoV|H9EJ42.219.BC2	13570
CoV|H9EJ42.22.BC1	35092
CoV|H9EJ42.22.BC2	27468
CoV|H9EJ42.220.BC1	1819
CoV|H9EJ42.220.BC2	11361
CoV|H9EJ42.221.BC1	11575
CoV|H9EJ42.221.BC2	20441
CoV|H9EJ42.222.BC1	21367
CoV|H9EJ42.222.BC2	14788
CoV|H9EJ42.223.BC1	23535
CoV|H9EJ42.223.BC2	23236
CoV|H9EJ42.224.BC1	17046
CoV|H9EJ42.224.BC2	35785
CoV|H9EJ42.225.BC1	17147
CoV|H9EJ42.225.BC2	4802
CoV|H9EJ42.226.BC1	16564
CoV|H9EJ42.226.BC2	7808
CoV|H9EJ42.227.BC1	8973
CoV|H9EJ42.227.BC2	11476
CoV|H9EJ42.228.BC1	17557
CoV|H9EJ42.228.BC2	12727
CoV|H9EJ42.229.BC1	23879
CoV|H9EJ42.229.BC2	19708
CoV|H9EJ42.23.BC1	19623
CoV|H9EJ42.23.BC2	19287
CoV|H9EJ42.230.BC1	10876
CoV|H9EJ42.230.BC2	24888
CoV|H9EJ42.231.BC1	3521
CoV|H9EJ42.231.BC2	18205
CoV|H9EJ42.232.BC1	18262
CoV|H9EJ42.232.BC2	14962
CoV|H9EJ42.233.BC1	18214
CoV|H9EJ42.233.BC2	10291
CoV|H9EJ42.234.BC1	4851
CoV|H9EJ42.234.BC2	7625
CoV|H9EJ42.235.BC1	14968
CoV|H9EJ42.235.BC2	6158
CoV|H9EJ42.236.BC1	11673
CoV|H9EJ42.236.BC2	12054
CoV|H9EJ42.237.BC1	19479
CoV|H9EJ42.237.BC2	19788
CoV|H9EJ42.238.BC1	15419
CoV|H9EJ42.238.BC2	22103
CoV|H9EJ42.239.BC1	6907
CoV|H9EJ42.239.BC2	13985
CoV|H9EJ42.24.BC1	29579
CoV|H9EJ42.24.BC2	20775
CoV|H9EJ42.25.BC1	14474
CoV|H9EJ42.25.BC2	23231
CoV|H9EJ42.26.BC1	17492
CoV|H9EJ42.26.BC2	26190
CoV|H9EJ42.27.BC1	55454
CoV|H9EJ42.27.BC2	7044
CoV|H9EJ42.28.BC1	38553
CoV|H9EJ42.28.BC2	31990
CoV|H9EJ42.29.BC1	8938
CoV|H9EJ42.29.BC2	19547
CoV|H9EJ42.3.BC1	16379
CoV|H9EJ42.3.BC2	14047
CoV|H9EJ42.30.BC1	18082
CoV|H9EJ42.30.BC2	17850
CoV|H9EJ42.31.BC1	7575
CoV|H9EJ42.31.BC2	5275
CoV|H9EJ42.32.BC1	15255
CoV|H9EJ42.32.BC2	7457
CoV|H9EJ42.33.BC1	18930
CoV|H9EJ42.33.BC2	14887
CoV|H9EJ42.34.BC1	36738
CoV|H9EJ42.34.BC2	30285
CoV|H9EJ42.35.BC1	52164
CoV|H9EJ42.35.BC2	39395
CoV|H9EJ42.36.BC1	42405
CoV|H9EJ42.36.BC2	33485
CoV|H9EJ42.37.BC1	7766
CoV|H9EJ42.37.BC2	6498
CoV|H9EJ42.38.BC1	8848
CoV|H9EJ42.38.BC2	21070
CoV|H9EJ42.39.BC1	11358
CoV|H9EJ42.39.BC2	4843
CoV|H9EJ42.4.BC1	35634
CoV|H9EJ42.4.BC2	28352
CoV|H9EJ42.40.BC1	7640
CoV|H9EJ42.40.BC2	15311
CoV|H9EJ42.41.BC1	34157
CoV|H9EJ42.41.BC2	3697
CoV|H9EJ42.42.BC1	27211
CoV|H9EJ42.42.BC2	33378
CoV|H9EJ42.43.BC1	21387
CoV|H9EJ42.43.BC2	152
CoV|H9EJ42.44.BC1	17940
CoV|H9EJ42.44.BC2	29865
CoV|H9EJ42.45.BC1	34838
CoV|H9EJ42.45.BC2	13317
CoV|H9EJ42.46.BC1	18465
CoV|H9EJ42.46.BC2	49651
CoV|H9EJ42.47.BC1	17292
CoV|H9EJ42.47.BC2	35053
CoV|H9EJ42.48.BC1	9131
CoV|H9EJ42.48.BC2	22905
CoV|H9EJ42.49.BC1	10503
CoV|H9EJ42.49.BC2	11041
CoV|H9EJ42.5.BC1	19909
CoV|H9EJ42.5.BC2	23528
CoV|H9EJ42.50.BC1	30409
CoV|H9EJ42.50.BC2	19184
CoV|H9EJ42.51.BC1	12737
CoV|H9EJ42.51.BC2	19878
CoV|H9EJ42.52.BC1	6966
CoV|H9EJ42.52.BC2	5955
CoV|H9EJ42.53.BC1	12158
CoV|H9EJ42.53.BC2	6405
CoV|H9EJ42.54.BC1	14518
CoV|H9EJ42.54.BC2	18449
CoV|H9EJ42.55.BC1	7009
CoV|H9EJ42.55.BC2	4746
CoV|H9EJ42.56.BC1	39500
CoV|H9EJ42.56.BC2	63418
CoV|H9EJ42.57.BC1	17630
CoV|H9EJ42.57.BC2	33095
CoV|H9EJ42.58.BC1	11649
CoV|H9EJ42.58.BC2	10067
CoV|H9EJ42.59.BC1	13038
CoV|H9EJ42.59.BC2	8528
CoV|H9EJ42.6.BC1	22674
CoV|H9EJ42.6.BC2	25326
CoV|H9EJ42.60.BC1	3787
CoV|H9EJ42.60.BC2	15208
CoV|H9EJ42.61.BC1	6139
CoV|H9EJ42.61.BC2	7592
CoV|H9EJ42.62.BC1	31744
CoV|H9EJ42.62.BC2	12091
CoV|H9EJ42.63.BC1	44213
CoV|H9EJ42.63.BC2	16879
CoV|H9EJ42.64.BC1	10866
CoV|H9EJ42.64.BC2	22717
CoV|H9EJ42.65.BC1	28448
CoV|H9EJ42.65.BC2	22380
CoV|H9EJ42.66.BC1	4282
CoV|H9EJ42.66.BC2	8870
CoV|H9EJ42.67.BC1	30133
CoV|H9EJ42.67.BC2	42291
CoV|H9EJ42.68.BC1	12876
CoV|H9EJ42.68.BC2	28445
CoV|H9EJ42.69.BC1	20459
CoV|H9EJ42.69.BC2	60451
CoV|H9EJ42.7.BC1	11365
CoV|H9EJ42.7.BC2	10918
CoV|H9EJ42.70.BC1	34283
CoV|H9EJ42.70.BC2	41634
CoV|H9EJ42.71.BC1	20779
CoV|H9EJ42.71.BC2	20113
CoV|H9EJ42.72.BC1	25124
CoV|H9EJ42.72.BC2	20761
CoV|H9EJ42.73.BC1	2843
CoV|H9EJ42.73.BC2	1297
CoV|H9EJ42.74.BC1	18497
CoV|H9EJ42.74.BC2	37150
CoV|H9EJ42.75.BC1	18863
CoV|H9EJ42.75.BC2	28484
CoV|H9EJ42.76.BC1	31309
CoV|H9EJ42.76.BC2	37964
CoV|H9EJ42.77.BC1	32764
CoV|H9EJ42.77.BC2	34935
CoV|H9EJ42.78.BC1	34901
CoV|H9EJ42.78.BC2	25276
CoV|H9EJ42.79.BC1	18551
CoV|H9EJ42.79.BC2	18156
CoV|H9EJ42.8.BC1	19209
CoV|H9EJ42.8.BC2	23130
CoV|H9EJ42.80.BC1	14473
CoV|H9EJ42.80.BC2	7076
CoV|H9EJ42.81.BC1	11533
CoV|H9EJ42.81.BC2	16137
CoV|H9EJ42.82.BC1	37188
CoV|H9EJ42.82.BC2	17022
CoV|H9EJ42.83.BC1	28934
CoV|H9EJ42.83.BC2	29944
CoV|H9EJ42.84.BC1	7475
CoV|H9EJ42.84.BC2	17362
CoV|H9EJ42.85.BC1	29989
CoV|H9EJ42.85.BC2	14761
CoV|H9EJ42.86.BC1	16702
CoV|H9EJ42.86.BC2	30907
CoV|H9EJ42.87.BC1	29956
CoV|H9EJ42.87.BC2	41644
CoV|H9EJ42.88.BC1	36324
CoV|H9EJ42.88.BC2	21047
CoV|H9EJ42.89.BC1	31432
CoV|H9EJ42.89.BC2	15327
CoV|H9EJ42.9.BC1	32274
CoV|H9EJ42.9.BC2	13336
CoV|H9EJ42.90.BC1	7903
CoV|H9EJ42.90.BC2	11954
CoV|H9EJ42.91.BC1	11336
CoV|H9EJ42.91.BC2	10069
CoV|H9EJ42.92.BC1	33791
CoV|H9EJ42.92.BC2	39612
CoV|H9EJ42.93.BC1	39750
CoV|H9EJ42.93.BC2	16069
CoV|H9EJ42.94.BC1	15641
CoV|H9EJ42.94.BC2	24134
CoV|H9EJ42.95.BC1	12051
CoV|H9EJ42.95.BC2	21893
CoV|H9EJ42.96.BC1	15937
CoV|H9EJ42.96.BC2	30410
CoV|H9EJ42.97.BC1	18655
CoV|H9EJ42.97.BC2	32719
CoV|H9EJ42.98.BC1	11725
CoV|H9EJ42.98.BC2	25822
CoV|H9EJ42.99.BC1	25416
CoV|H9EJ42.99.BC2	41090
CoV|H9EJ43.143.BC1	42499
CoV|H9EJ43.143.BC2	9333
CoV|H9EJ43.144.BC1	45343
CoV|H9EJ43.144.BC2	56623
CoV|H9EJ44.0.BC1	20127
CoV|H9EJ44.0.BC2	38561
CoV|H9EJ44.1.BC1	16308
CoV|H9EJ44.1.BC2	9926
CoV|H9EJ44.10.BC1	17758
CoV|H9EJ44.10.BC2	20460
CoV|H9EJ44.11.BC1	1193
CoV|H9EJ44.11.BC2	13648
CoV|H9EJ44.12.BC1	10413
CoV|H9EJ44.12.BC2	18618
CoV|H9EJ44.13.BC1	9283
CoV|H9EJ44.13.BC2	4931
CoV|H9EJ44.14.BC1	552
CoV|H9EJ44.14.BC2	1754
CoV|H9EJ44.15.BC1	27800
CoV|H9EJ44.15.BC2	14639
CoV|H9EJ44.16.BC1	31468
CoV|H9EJ44.16.BC2	11677
CoV|H9EJ44.17.BC1	20952
CoV|H9EJ44.17.BC2	11835
CoV|H9EJ44.18.BC1	3118
CoV|H9EJ44.18.BC2	17124
CoV|H9EJ44.19.BC1	19796
CoV|H9EJ44.19.BC2	27509
CoV|H9EJ44.2.BC1	797
CoV|H9EJ44.2.BC2	11593
CoV|H9EJ44.20.BC1	7538
CoV|H9EJ44.20.BC2	1925
CoV|H9EJ44.21.BC1	22310
CoV|H9EJ44.21.BC2	7476
CoV|H9EJ44.22.BC1	8267
CoV|H9EJ44.22.BC2	16107
CoV|H9EJ44.23.BC1	25047
CoV|H9EJ44.23.BC2	17581
CoV|H9EJ44.24.BC1	6288
CoV|H9EJ44.24.BC2	19972
CoV|H9EJ44.25.BC1	35454
CoV|H9EJ44.25.BC2	14685
CoV|H9EJ44.26.BC1	11738
CoV|H9EJ44.26.BC2	1282
CoV|H9EJ44.27.BC1	13782
CoV|H9EJ44.27.BC2	7161
CoV|H9EJ44.28.BC1	30975
CoV|H9EJ44.28.BC2	38553
CoV|H9EJ44.29.BC1	55454
CoV|H9EJ44.29.BC2	47638
CoV|H9EJ44.3.BC1	5625
CoV|H9EJ44.3.BC2	7834
CoV|H9EJ44.30.BC1	43320
CoV|H9EJ44.30.BC2	17956
CoV|H9EJ44.31.BC1	32899
CoV|H9EJ44.31.BC2	59828
CoV|H9EJ44.32.BC1	33932
CoV|H9EJ44.32.BC2	41760
CoV|H9EJ44.33.BC1	12602
CoV|H9EJ44.33.BC2	12082
CoV|H9EJ44.34.BC1	25603
CoV|H9EJ44.34.BC2	15623
CoV|H9EJ44.35.BC1	3895
CoV|H9EJ44.35.BC2	10940
CoV|H9EJ44.36.BC1	25023
CoV|H9EJ44.36.BC2	22445
CoV|H9EJ44.37.BC1	30024
CoV|H9EJ44.37.BC2	4886
CoV|H9EJ44.38.BC1	41095
CoV|H9EJ44.38.BC2	25002
CoV|H9EJ44.39.BC1	9272
CoV|H9EJ44.39.BC2	6082
CoV|H9EJ44.4.BC1	11573
CoV|H9EJ44.4.BC2	17980
CoV|H9EJ44.40.BC1	6036
CoV|H9EJ44.40.BC2	24803
CoV|H9EJ44.41.BC1	14162
CoV|H9EJ44.41.BC2	26719
CoV|H9EJ44.42.BC1	10336
CoV|H9EJ44.42.BC2	3775
CoV|H9EJ44.43.BC1	38143
CoV|H9EJ44.43.BC2	26805
CoV|H9EJ44.44.BC1	6406
CoV|H9EJ44.44.BC2	5438
CoV|H9EJ44.45.BC1	12239
CoV|H9EJ44.45.BC2	17913
CoV|H9EJ44.46.BC1	34274
CoV|H9EJ44.46.BC2	32136
CoV|H9EJ44.47.BC1	29682
CoV|H9EJ44.47.BC2	22420
CoV|H9EJ44.5.BC1	22303
CoV|H9EJ44.5.BC2	8407
CoV|H9EJ44.6.BC1	6990
CoV|H9EJ44.6.BC2	5765
CoV|H9EJ44.7.BC1	24152
CoV|H9EJ44.7.BC2	25270
CoV|H9EJ44.8.BC1	54065
CoV|H9EJ44.8.BC2	25977
CoV|H9EJ44.9.BC1	18665
CoV|H9EJ44.9.BC2	10680
CoV|H9EJ69.0.BC1	30842
CoV|H9EJ69.0.BC2	13123
CoV|H9EJ69.1.BC1	22321
CoV|H9EJ69.1.BC2	23782
CoV|H9EJ69.10.BC1	13668
CoV|H9EJ69.10.BC2	3793
CoV|H9EJ69.11.BC1	49716
CoV|H9EJ69.11.BC2	34794
CoV|H9EJ69.12.BC1	75354
CoV|H9EJ69.12.BC2	20174
CoV|H9EJ69.2.BC1	22742
CoV|H9EJ69.2.BC2	13723
CoV|H9EJ69.3.BC1	16233
CoV|H9EJ69.3.BC2	19897
CoV|H9EJ69.4.BC1	46097
CoV|H9EJ69.4.BC2	21366
CoV|H9EJ69.5.BC1	28932
CoV|H9EJ69.5.BC2	32356
CoV|H9EJ69.6.BC1	19377
CoV|H9EJ69.6.BC2	30950
CoV|H9EJ69.7.BC1	33171
CoV|H9EJ69.7.BC2	16104
CoV|H9EJ69.8.BC1	67174
CoV|H9EJ69.8.BC2	45002
CoV|H9EJ69.9.BC1	46954
CoV|H9EJ69.9.BC2	32568
CoV|H9EJA2.0.BC1	47568
CoV|H9EJA2.0.BC2	40202
CoV|H9EJA2.1.BC1	51936
CoV|H9EJA2.1.BC2	32064
CoV|P0C5A6.0.BC1	15305
CoV|P0C5A6.0.BC2	21988
CoV|P0C5A6.1.BC1	15762
CoV|P0C5A6.1.BC2	14449
CoV|P0C5A6.2.BC1	26923
CoV|P0C5A6.2.BC2	23490
CoV|P0C5A9.0.BC1	37804
CoV|P0C5A9.0.BC2	31981
CoV|P0C5B5.0.BC1	15636
CoV|P0C5B5.0.BC2	21252
CoV|P0C5B5.1.BC1	11243
CoV|P0C5B5.1.BC2	14982
CoV|P0C5B5.2.BC1	7003
CoV|P0C5B5.2.BC2	3231
CoV|P0C5B5.3.BC1	16655
CoV|P0C5B5.3.BC2	32119
CoV|P0C5B5.4.BC1	23397
CoV|P0C5B5.4.BC2	24184
CoV|P0C5B5.5.BC1	25986
CoV|P0C5B5.5.BC2	24444
CoV|P0C5B5.6.BC1	24003
CoV|P0C5B5.6.BC2	14587
CoV|P0C6F5.0.BC1	27415
CoV|P0C6F5.0.BC2	31161
CoV|P0C6F5.1.BC1	23879
CoV|P0C6F5.1.BC2	45262
CoV|P0C6F5.100.BC1	12488
CoV|P0C6F5.100.BC2	13523
CoV|P0C6F5.101.BC1	806
CoV|P0C6F5.101.BC2	8381
CoV|P0C6F5.102.BC1	29400
CoV|P0C6F5.102.BC2	20367
CoV|P0C6F5.103.BC1	40466
CoV|P0C6F5.103.BC2	22366
CoV|P0C6F5.104.BC1	15699
CoV|P0C6F5.104.BC2	13878
CoV|P0C6F5.105.BC1	20927
CoV|P0C6F5.105.BC2	20065
CoV|P0C6F5.106.BC1	14856
CoV|P0C6F5.106.BC2	37172
CoV|P0C6F5.107.BC1	21335
CoV|P0C6F5.107.BC2	12997
CoV|P0C6F5.108.BC1	58517
CoV|P0C6F5.108.BC2	51742
CoV|P0C6F5.109.BC1	46492
CoV|P0C6F5.109.BC2	28616
CoV|P0C6F5.11.BC1	36061
CoV|P0C6F5.11.BC2	26113
CoV|P0C6F5.110.BC1	55643
CoV|P0C6F5.110.BC2	34606
CoV|P0C6F5.111.BC1	34170
CoV|P0C6F5.111.BC2	42065
CoV|P0C6F5.112.BC1	17839
CoV|P0C6F5.112.BC2	11048
CoV|P0C6F5.113.BC1	25461
CoV|P0C6F5.113.BC2	18118
CoV|P0C6F5.114.BC1	28602
CoV|P0C6F5.114.BC2	18467
CoV|P0C6F5.115.BC1	23049
CoV|P0C6F5.115.BC2	27386
CoV|P0C6F5.116.BC1	27821
CoV|P0C6F5.116.BC2	29852
CoV|P0C6F5.117.BC1	29568
CoV|P0C6F5.117.BC2	28269
CoV|P0C6F5.118.BC1	23956
CoV|P0C6F5.118.BC2	27087
CoV|P0C6F5.119.BC1	26303
CoV|P0C6F5.119.BC2	29800
CoV|P0C6F5.12.BC1	32449
CoV|P0C6F5.12.BC2	24437
CoV|P0C6F5.120.BC1	20952
CoV|P0C6F5.120.BC2	17863
CoV|P0C6F5.121.BC1	34523
CoV|P0C6F5.121.BC2	17001
CoV|P0C6F5.122.BC1	9587
CoV|P0C6F5.122.BC2	21964
CoV|P0C6F5.123.BC1	17321
CoV|P0C6F5.123.BC2	12539
CoV|P0C6F5.124.BC1	27710
CoV|P0C6F5.124.BC2	21278
CoV|P0C6F5.125.BC1	28082
CoV|P0C6F5.125.BC2	22921
CoV|P0C6F5.126.BC1	16566
CoV|P0C6F5.126.BC2	23868
CoV|P0C6F5.127.BC1	29012
CoV|P0C6F5.127.BC2	60201
CoV|P0C6F5.128.BC1	21045
CoV|P0C6F5.128.BC2	41527
CoV|P0C6F5.129.BC1	19424
CoV|P0C6F5.129.BC2	22098
CoV|P0C6F5.13.BC1	20729
CoV|P0C6F5.13.BC2	14116
CoV|P0C6F5.130.BC1	64826
CoV|P0C6F5.130.BC2	42055
CoV|P0C6F5.131.BC1	33507
CoV|P0C6F5.131.BC2	37013
CoV|P0C6F5.132.BC1	36705
CoV|P0C6F5.132.BC2	19886
CoV|P0C6F5.133.BC1	42981
CoV|P0C6F5.133.BC2	60672
CoV|P0C6F5.134.BC1	39593
CoV|P0C6F5.134.BC2	55434
CoV|P0C6F5.135.BC1	22365
CoV|P0C6F5.135.BC2	6452
CoV|P0C6F5.136.BC1	16450
CoV|P0C6F5.136.BC2	20101
CoV|P0C6F5.137.BC1	16600
CoV|P0C6F5.137.BC2	12938
CoV|P0C6F5.138.BC1	9902
CoV|P0C6F5.138.BC2	11505
CoV|P0C6F5.139.BC1	17337
CoV|P0C6F5.139.BC2	25243
CoV|P0C6F5.14.BC1	17625
CoV|P0C6F5.14.BC2	9710
CoV|P0C6F5.140.BC1	21435
CoV|P0C6F5.140.BC2	10099
CoV|P0C6F5.141.BC1	31705
CoV|P0C6F5.141.BC2	37390
CoV|P0C6F5.142.BC1	7033
CoV|P0C6F5.142.BC2	35115
CoV|P0C6F5.143.BC1	17965
CoV|P0C6F5.143.BC2	23864
CoV|P0C6F5.144.BC1	22086
CoV|P0C6F5.144.BC2	20986
CoV|P0C6F5.145.BC1	28626
CoV|P0C6F5.145.BC2	13720
CoV|P0C6F5.146.BC1	16892
CoV|P0C6F5.146.BC2	33419
CoV|P0C6F5.147.BC1	32237
CoV|P0C6F5.147.BC2	40946
CoV|P0C6F5.148.BC1	19351
CoV|P0C6F5.148.BC2	22915
CoV|P0C6F5.149.BC1	30624
CoV|P0C6F5.149.BC2	31481
CoV|P0C6F5.15.BC1	24185
CoV|P0C6F5.15.BC2	22921
CoV|P0C6F5.150.BC1	27027
CoV|P0C6F5.150.BC2	22609
CoV|P0C6F5.151.BC1	23425
CoV|P0C6F5.151.BC2	15089
CoV|P0C6F5.152.BC1	25072
CoV|P0C6F5.152.BC2	22218
CoV|P0C6F5.153.BC1	32422
CoV|P0C6F5.153.BC2	19120
CoV|P0C6F5.154.BC1	67498
CoV|P0C6F5.154.BC2	37438
CoV|P0C6F5.155.BC1	30683
CoV|P0C6F5.155.BC2	38774
CoV|P0C6F5.16.BC1	8469
CoV|P0C6F5.16.BC2	11786
CoV|P0C6F5.17.BC1	38401
CoV|P0C6F5.17.BC2	28845
CoV|P0C6F5.18.BC1	20258
CoV|P0C6F5.18.BC2	29668
CoV|P0C6F5.19.BC1	25523
CoV|P0C6F5.19.BC2	24148
CoV|P0C6F5.2.BC1	21133
CoV|P0C6F5.2.BC2	19432
CoV|P0C6F5.20.BC1	23143
CoV|P0C6F5.20.BC2	24645
CoV|P0C6F5.21.BC1	20001
CoV|P0C6F5.21.BC2	8834
CoV|P0C6F5.22.BC1	9532
CoV|P0C6F5.22.BC2	9021
CoV|P0C6F5.23.BC1	4863
CoV|P0C6F5.23.BC2	17292
CoV|P0C6F5.24.BC1	9956
CoV|P0C6F5.24.BC2	17990
CoV|P0C6F5.25.BC1	25732
CoV|P0C6F5.25.BC2	15670
CoV|P0C6F5.26.BC1	14194
CoV|P0C6F5.26.BC2	30567
CoV|P0C6F5.27.BC1	30478
CoV|P0C6F5.27.BC2	35440
CoV|P0C6F5.28.BC1	30783
CoV|P0C6F5.28.BC2	44445
CoV|P0C6F5.29.BC1	22676
CoV|P0C6F5.29.BC2	14568
CoV|P0C6F5.3.BC1	35393
CoV|P0C6F5.3.BC2	20011
CoV|P0C6F5.30.BC1	19178
CoV|P0C6F5.30.BC2	24043
CoV|P0C6F5.31.BC1	16350
CoV|P0C6F5.31.BC2	25784
CoV|P0C6F5.32.BC1	21326
CoV|P0C6F5.32.BC2	20906
CoV|P0C6F5.33.BC1	11568
CoV|P0C6F5.33.BC2	14708
CoV|P0C6F5.34.BC1	15615
CoV|P0C6F5.34.BC2	11623
CoV|P0C6F5.35.BC1	20015
CoV|P0C6F5.35.BC2	32603
CoV|P0C6F5.36.BC1	36547
CoV|P0C6F5.36.BC2	30125
CoV|P0C6F5.37.BC1	40299
CoV|P0C6F5.37.BC2	26832
CoV|P0C6F5.38.BC1	44146
CoV|P0C6F5.38.BC2	36047
CoV|P0C6F5.39.BC1	30656
CoV|P0C6F5.39.BC2	34467
CoV|P0C6F5.4.BC1	13853
CoV|P0C6F5.4.BC2	16386
CoV|P0C6F5.40.BC1	11409
CoV|P0C6F5.40.BC2	14514
CoV|P0C6F5.41.BC1	10710
CoV|P0C6F5.41.BC2	40261
CoV|P0C6F5.42.BC1	17144
CoV|P0C6F5.42.BC2	12746
CoV|P0C6F5.43.BC1	17471
CoV|P0C6F5.43.BC2	16241
CoV|P0C6F5.44.BC1	18700
CoV|P0C6F5.44.BC2	15487
CoV|P0C6F5.45.BC1	28814
CoV|P0C6F5.45.BC2	26445
CoV|P0C6F5.46.BC1	37251
CoV|P0C6F5.46.BC2	22661
CoV|P0C6F5.47.BC1	20891
CoV|P0C6F5.47.BC2	19314
CoV|P0C6F5.48.BC1	14241
CoV|P0C6F5.48.BC2	13801
CoV|P0C6F5.49.BC1	5613
CoV|P0C6F5.49.BC2	11087
CoV|P0C6F5.5.BC1	20953
CoV|P0C6F5.5.BC2	13914
CoV|P0C6F5.50.BC1	18666
CoV|P0C6F5.50.BC2	24755
CoV|P0C6F5.51.BC1	33492
CoV|P0C6F5.51.BC2	38896
CoV|P0C6F5.52.BC1	26360
CoV|P0C6F5.52.BC2	28204
CoV|P0C6F5.53.BC1	35592
CoV|P0C6F5.53.BC2	26027
CoV|P0C6F5.54.BC1	7917
CoV|P0C6F5.54.BC2	12819
CoV|P0C6F5.55.BC1	13310
CoV|P0C6F5.55.BC2	10571
CoV|P0C6F5.56.BC1	19919
CoV|P0C6F5.56.BC2	45944
CoV|P0C6F5.57.BC1	16552
CoV|P0C6F5.57.BC2	23656
CoV|P0C6F5.58.BC1	24645
CoV|P0C6F5.58.BC2	21495
CoV|P0C6F5.59.BC1	11435
CoV|P0C6F5.59.BC2	14757
CoV|P0C6F5.6.BC1	20818
CoV|P0C6F5.6.BC2	25050
CoV|P0C6F5.60.BC1	9323
CoV|P0C6F5.60.BC2	6784
CoV|P0C6F5.61.BC1	23975
CoV|P0C6F5.61.BC2	24394
CoV|P0C6F5.62.BC1	26076
CoV|P0C6F5.62.BC2	26770
CoV|P0C6F5.63.BC1	21020
CoV|P0C6F5.63.BC2	24236
CoV|P0C6F5.64.BC1	15011
CoV|P0C6F5.64.BC2	21898
CoV|P0C6F5.65.BC1	10543
CoV|P0C6F5.65.BC2	9920
CoV|P0C6F5.66.BC1	13199
CoV|P0C6F5.66.BC2	37766
CoV|P0C6F5.67.BC1	32095
CoV|P0C6F5.67.BC2	40462
CoV|P0C6F5.68.BC1	25041
CoV|P0C6F5.68.BC2	34191
CoV|P0C6F5.69.BC1	20881
CoV|P0C6F5.69.BC2	19099
CoV|P0C6F5.7.BC1	14634
CoV|P0C6F5.7.BC2	7047
CoV|P0C6F5.70.BC1	16852
CoV|P0C6F5.70.BC2	25394
CoV|P0C6F5.71.BC1	17772
CoV|P0C6F5.71.BC2	16907
CoV|P0C6F5.72.BC1	50180
CoV|P0C6F5.72.BC2	27911
CoV|P0C6F5.73.BC1	35678
CoV|P0C6F5.73.BC2	21051
CoV|P0C6F5.74.BC1	23056
CoV|P0C6F5.74.BC2	12243
CoV|P0C6F5.75.BC1	28708
CoV|P0C6F5.75.BC2	37121
CoV|P0C6F5.76.BC1	27254
CoV|P0C6F5.76.BC2	24356
CoV|P0C6F5.77.BC1	20772
CoV|P0C6F5.77.BC2	7592
CoV|P0C6F5.78.BC1	26725
CoV|P0C6F5.78.BC2	41608
CoV|P0C6F5.79.BC1	24100
CoV|P0C6F5.79.BC2	16913
CoV|P0C6F5.8.BC1	6515
CoV|P0C6F5.8.BC2	20204
CoV|P0C6F5.80.BC1	23278
CoV|P0C6F5.80.BC2	14737
CoV|P0C6F5.81.BC1	28354
CoV|P0C6F5.81.BC2	19060
CoV|P0C6F5.82.BC1	24840
CoV|P0C6F5.82.BC2	19631
CoV|P0C6F5.83.BC1	21734
CoV|P0C6F5.83.BC2	49858
CoV|P0C6F5.84.BC1	7968
CoV|P0C6F5.84.BC2	21102
CoV|P0C6F5.85.BC1	27749
CoV|P0C6F5.85.BC2	14718
CoV|P0C6F5.86.BC1	19413
CoV|P0C6F5.86.BC2	46952
CoV|P0C6F5.87.BC1	30716
CoV|P0C6F5.87.BC2	18601
CoV|P0C6F5.88.BC1	34825
CoV|P0C6F5.88.BC2	29914
CoV|P0C6F5.89.BC1	20491
CoV|P0C6F5.89.BC2	672
CoV|P0C6F5.90.BC1	21350
CoV|P0C6F5.90.BC2	43420
CoV|P0C6F5.91.BC1	12410
CoV|P0C6F5.91.BC2	25158
CoV|P0C6F5.92.BC1	8876
CoV|P0C6F5.92.BC2	15884
CoV|P0C6F5.93.BC1	30195
CoV|P0C6F5.93.BC2	36401
CoV|P0C6F5.94.BC1	27014
CoV|P0C6F5.94.BC2	32936
CoV|P0C6F5.95.BC1	33673
CoV|P0C6F5.95.BC2	18790
CoV|P0C6F5.96.BC1	19988
CoV|P0C6F5.96.BC2	24182
CoV|P0C6F5.97.BC1	22213
CoV|P0C6F5.97.BC2	30430
CoV|P0C6F5.98.BC1	14210
CoV|P0C6F5.98.BC2	19054
CoV|P0C6F5.99.BC1	41835
CoV|P0C6F5.99.BC2	34932
CoV|P0C6T7.0.BC1	30935
CoV|P0C6T7.0.BC2	16234
CoV|P0C6T7.1.BC1	34354
CoV|P0C6T7.1.BC2	26472
CoV|P0C6T7.10.BC1	50144
CoV|P0C6T7.10.BC2	24037
CoV|P0C6T7.100.BC1	12378
CoV|P0C6T7.100.BC2	17515
CoV|P0C6T7.101.BC1	20775
CoV|P0C6T7.101.BC2	21139
CoV|P0C6T7.102.BC1	23161
CoV|P0C6T7.102.BC2	1417
CoV|P0C6T7.103.BC1	44579
CoV|P0C6T7.103.BC2	20804
CoV|P0C6T7.104.BC1	25425
CoV|P0C6T7.104.BC2	38509
CoV|P0C6T7.105.BC1	15889
CoV|P0C6T7.105.BC2	29935
CoV|P0C6T7.106.BC1	38383
CoV|P0C6T7.106.BC2	17983
CoV|P0C6T7.107.BC1	26500
CoV|P0C6T7.107.BC2	17223
CoV|P0C6T7.108.BC1	12309
CoV|P0C6T7.108.BC2	15351
CoV|P0C6T7.109.BC1	40943
CoV|P0C6T7.109.BC2	33042
CoV|P0C6T7.11.BC1	25613
CoV|P0C6T7.11.BC2	35974
CoV|P0C6T7.110.BC1	44415
CoV|P0C6T7.110.BC2	21617
CoV|P0C6T7.111.BC1	15133
CoV|P0C6T7.111.BC2	13392
CoV|P0C6T7.112.BC1	12496
CoV|P0C6T7.112.BC2	4285
CoV|P0C6T7.113.BC1	22401
CoV|P0C6T7.113.BC2	15970
CoV|P0C6T7.114.BC1	16824
CoV|P0C6T7.114.BC2	23107
CoV|P0C6T7.115.BC1	11708
CoV|P0C6T7.115.BC2	9644
CoV|P0C6T7.116.BC1	3460
CoV|P0C6T7.116.BC2	4768
CoV|P0C6T7.117.BC1	15639
CoV|P0C6T7.117.BC2	30504
CoV|P0C6T7.118.BC1	9836
CoV|P0C6T7.118.BC2	41923
CoV|P0C6T7.119.BC1	24147
CoV|P0C6T7.119.BC2	20949
CoV|P0C6T7.12.BC1	19123
CoV|P0C6T7.12.BC2	47058
CoV|P0C6T7.120.BC1	31633
CoV|P0C6T7.120.BC2	21206
CoV|P0C6T7.121.BC1	31909
CoV|P0C6T7.121.BC2	39354
CoV|P0C6T7.122.BC1	13914
CoV|P0C6T7.122.BC2	20054
CoV|P0C6T7.123.BC1	11611
CoV|P0C6T7.123.BC2	16971
CoV|P0C6T7.124.BC1	23026
CoV|P0C6T7.124.BC2	25179
CoV|P0C6T7.125.BC1	27144
CoV|P0C6T7.125.BC2	5063
CoV|P0C6T7.126.BC1	15764
CoV|P0C6T7.126.BC2	20968
CoV|P0C6T7.127.BC1	15220
CoV|P0C6T7.127.BC2	9283
CoV|P0C6T7.128.BC1	11664
CoV|P0C6T7.128.BC2	51083
CoV|P0C6T7.129.BC1	26124
CoV|P0C6T7.129.BC2	15141
CoV|P0C6T7.13.BC1	17159
CoV|P0C6T7.13.BC2	10163
CoV|P0C6T7.130.BC1	52715
CoV|P0C6T7.130.BC2	37030
CoV|P0C6T7.131.BC1	11243
CoV|P0C6T7.131.BC2	16134
CoV|P0C6T7.132.BC1	28451
CoV|P0C6T7.132.BC2	44601
CoV|P0C6T7.133.BC1	51552
CoV|P0C6T7.133.BC2	47764
CoV|P0C6T7.134.BC1	6293
CoV|P0C6T7.134.BC2	19864
CoV|P0C6T7.135.BC1	13995
CoV|P0C6T7.135.BC2	18703
CoV|P0C6T7.136.BC1	33583
CoV|P0C6T7.136.BC2	11539
CoV|P0C6T7.137.BC1	7162
CoV|P0C6T7.137.BC2	11579
CoV|P0C6T7.138.BC1	11132
CoV|P0C6T7.138.BC2	18039
CoV|P0C6T7.139.BC1	49363
CoV|P0C6T7.139.BC2	56553
CoV|P0C6T7.140.BC1	13176
CoV|P0C6T7.140.BC2	48019
CoV|P0C6T7.141.BC1	38965
CoV|P0C6T7.141.BC2	9823
CoV|P0C6T7.142.BC1	42782
CoV|P0C6T7.142.BC2	13822
CoV|P0C6T7.143.BC1	31270
CoV|P0C6T7.143.BC2	15693
CoV|P0C6T7.144.BC1	11920
CoV|P0C6T7.144.BC2	14624
CoV|P0C6T7.145.BC1	17172
CoV|P0C6T7.145.BC2	18644
CoV|P0C6T7.146.BC1	40559
CoV|P0C6T7.146.BC2	37931
CoV|P0C6T7.147.BC1	44743
CoV|P0C6T7.147.BC2	52432
CoV|P0C6T7.148.BC1	45093
CoV|P0C6T7.148.BC2	34240
CoV|P0C6T7.149.BC1	29330
CoV|P0C6T7.149.BC2	20860
CoV|P0C6T7.15.BC1	5844
CoV|P0C6T7.15.BC2	5677
CoV|P0C6T7.150.BC1	4549
CoV|P0C6T7.150.BC2	21468
CoV|P0C6T7.151.BC1	10046
CoV|P0C6T7.151.BC2	9714
CoV|P0C6T7.152.BC1	23993
CoV|P0C6T7.152.BC2	28213
CoV|P0C6T7.153.BC1	29249
CoV|P0C6T7.153.BC2	11197
CoV|P0C6T7.154.BC1	45412
CoV|P0C6T7.154.BC2	15842
CoV|P0C6T7.155.BC1	54065
CoV|P0C6T7.155.BC2	29473
CoV|P0C6T7.16.BC1	7081
CoV|P0C6T7.16.BC2	8760
CoV|P0C6T7.17.BC1	26725
CoV|P0C6T7.17.BC2	26778
CoV|P0C6T7.18.BC1	40714
CoV|P0C6T7.18.BC2	25973
CoV|P0C6T7.19.BC1	19877
CoV|P0C6T7.19.BC2	30814
CoV|P0C6T7.2.BC1	26928
CoV|P0C6T7.2.BC2	43770
CoV|P0C6T7.20.BC1	6418
CoV|P0C6T7.20.BC2	19584
CoV|P0C6T7.21.BC1	18551
CoV|P0C6T7.21.BC2	27723
CoV|P0C6T7.22.BC1	8353
CoV|P0C6T7.22.BC2	7572
CoV|P0C6T7.23.BC1	8532
CoV|P0C6T7.23.BC2	5118
CoV|P0C6T7.24.BC1	12057
CoV|P0C6T7.24.BC2	10122
CoV|P0C6T7.26.BC1	43784
CoV|P0C6T7.26.BC2	30208
CoV|P0C6T7.27.BC1	33800
CoV|P0C6T7.27.BC2	38635
CoV|P0C6T7.28.BC1	22142
CoV|P0C6T7.28.BC2	23314
CoV|P0C6T7.29.BC1	24962
CoV|P0C6T7.29.BC2	19344
CoV|P0C6T7.3.BC1	24151
CoV|P0C6T7.3.BC2	35343
CoV|P0C6T7.31.BC1	6230
CoV|P0C6T7.31.BC2	12429
CoV|P0C6T7.32.BC1	17366
CoV|P0C6T7.32.BC2	14847
CoV|P0C6T7.33.BC1	22509
CoV|P0C6T7.33.BC2	17511
CoV|P0C6T7.34.BC1	33914
CoV|P0C6T7.34.BC2	15700
CoV|P0C6T7.35.BC1	23901
CoV|P0C6T7.35.BC2	45860
CoV|P0C6T7.36.BC1	48207
CoV|P0C6T7.36.BC2	12562
CoV|P0C6T7.37.BC1	35378
CoV|P0C6T7.37.BC2	36294
CoV|P0C6T7.38.BC1	31542
CoV|P0C6T7.38.BC2	31197
CoV|P0C6T7.39.BC1	15250
CoV|P0C6T7.39.BC2	27372
CoV|P0C6T7.40.BC1	10879
CoV|P0C6T7.40.BC2	14647
CoV|P0C6T7.41.BC1	22262
CoV|P0C6T7.41.BC2	44724
CoV|P0C6T7.42.BC1	9328
CoV|P0C6T7.42.BC2	33525
CoV|P0C6T7.43.BC1	12385
CoV|P0C6T7.43.BC2	11784
CoV|P0C6T7.44.BC1	27993
CoV|P0C6T7.44.BC2	20785
CoV|P0C6T7.45.BC1	34556
CoV|P0C6T7.45.BC2	30235
CoV|P0C6T7.46.BC1	18196
CoV|P0C6T7.46.BC2	27853
CoV|P0C6T7.47.BC1	31632
CoV|P0C6T7.47.BC2	38442
CoV|P0C6T7.48.BC1	7989
CoV|P0C6T7.48.BC2	15314
CoV|P0C6T7.49.BC1	22049
CoV|P0C6T7.49.BC2	26896
CoV|P0C6T7.5.BC1	42863
CoV|P0C6T7.5.BC2	13602
CoV|P0C6T7.50.BC1	48836
CoV|P0C6T7.50.BC2	54721
CoV|P0C6T7.51.BC1	27800
CoV|P0C6T7.51.BC2	28197
CoV|P0C6T7.52.BC1	26830
CoV|P0C6T7.52.BC2	18686
CoV|P0C6T7.53.BC1	32958
CoV|P0C6T7.53.BC2	17857
CoV|P0C6T7.54.BC1	22110
CoV|P0C6T7.54.BC2	33782
CoV|P0C6T7.55.BC1	12420
CoV|P0C6T7.55.BC2	38923
CoV|P0C6T7.56.BC1	32413
CoV|P0C6T7.56.BC2	32529
CoV|P0C6T7.57.BC1	13541
CoV|P0C6T7.57.BC2	23797
CoV|P0C6T7.58.BC1	20734
CoV|P0C6T7.58.BC2	25021
CoV|P0C6T7.59.BC1	9903
CoV|P0C6T7.59.BC2	12393
CoV|P0C6T7.6.BC1	26402
CoV|P0C6T7.6.BC2	13391
CoV|P0C6T7.60.BC1	24571
CoV|P0C6T7.60.BC2	10544
CoV|P0C6T7.61.BC1	20153
CoV|P0C6T7.61.BC2	19042
CoV|P0C6T7.62.BC1	24111
CoV|P0C6T7.62.BC2	13806
CoV|P0C6T7.63.BC1	4642
CoV|P0C6T7.63.BC2	18747
CoV|P0C6T7.64.BC1	19925
CoV|P0C6T7.64.BC2	27993
CoV|P0C6T7.65.BC1	29335
CoV|P0C6T7.65.BC2	29220
CoV|P0C6T7.66.BC1	10333
CoV|P0C6T7.66.BC2	9585
CoV|P0C6T7.67.BC1	36028
CoV|P0C6T7.67.BC2	30479
CoV|P0C6T7.68.BC1	21635
CoV|P0C6T7.68.BC2	24533
CoV|P0C6T7.69.BC1	21334
CoV|P0C6T7.69.BC2	27216
CoV|P0C6T7.7.BC1	5528
CoV|P0C6T7.7.BC2	21699
CoV|P0C6T7.70.BC1	26666
CoV|P0C6T7.70.BC2	51242
CoV|P0C6T7.71.BC1	31454
CoV|P0C6T7.71.BC2	26605
CoV|P0C6T7.72.BC1	33318
CoV|P0C6T7.72.BC2	31503
CoV|P0C6T7.73.BC1	27236
CoV|P0C6T7.73.BC2	40149
CoV|P0C6T7.74.BC1	19048
CoV|P0C6T7.74.BC2	25700
CoV|P0C6T7.75.BC1	39264
CoV|P0C6T7.75.BC2	30817
CoV|P0C6T7.76.BC1	22202
CoV|P0C6T7.76.BC2	27501
CoV|P0C6T7.77.BC1	2867
CoV|P0C6T7.77.BC2	15682
CoV|P0C6T7.78.BC1	32887
CoV|P0C6T7.78.BC2	10373
CoV|P0C6T7.79.BC1	6950
CoV|P0C6T7.79.BC2	27067
CoV|P0C6T7.8.BC1	22075
CoV|P0C6T7.8.BC2	10012
CoV|P0C6T7.80.BC1	7122
CoV|P0C6T7.80.BC2	10355
CoV|P0C6T7.81.BC1	13703
CoV|P0C6T7.81.BC2	17032
CoV|P0C6T7.82.BC1	26752
CoV|P0C6T7.82.BC2	30215
CoV|P0C6T7.83.BC1	18569
CoV|P0C6T7.83.BC2	36447
CoV|P0C6T7.84.BC1	18573
CoV|P0C6T7.84.BC2	13426
CoV|P0C6T7.85.BC1	22970
CoV|P0C6T7.85.BC2	31219
CoV|P0C6T7.86.BC1	32508
CoV|P0C6T7.86.BC2	21028
CoV|P0C6T7.87.BC1	33370
CoV|P0C6T7.87.BC2	45483
CoV|P0C6T7.88.BC1	29157
CoV|P0C6T7.88.BC2	15405
CoV|P0C6T7.89.BC1	20149
CoV|P0C6T7.89.BC2	52952
CoV|P0C6T7.90.BC1	5120
CoV|P0C6T7.90.BC2	39586
CoV|P0C6T7.91.BC1	19179
CoV|P0C6T7.91.BC2	8718
CoV|P0C6T7.92.BC1	13246
CoV|P0C6T7.92.BC2	17134
CoV|P0C6T7.93.BC1	24084
CoV|P0C6T7.93.BC2	35270
CoV|P0C6T7.94.BC1	48748
CoV|P0C6T7.94.BC2	59152
CoV|P0C6T7.95.BC1	20021
CoV|P0C6T7.95.BC2	21301
CoV|P0C6T7.96.BC1	17155
CoV|P0C6T7.96.BC2	9810
CoV|P0C6T7.97.BC1	37413
CoV|P0C6T7.97.BC2	55675
CoV|P0C6T7.98.BC1	27116
CoV|P0C6T7.98.BC2	24634
CoV|P0C6T7.99.BC1	37044
CoV|P0C6T7.99.BC2	32542
CoV|P0C6U2.0.BC1	38827
CoV|P0C6U2.0.BC2	43206
CoV|P0C6U2.1.BC1	20301
CoV|P0C6U2.1.BC2	13092
CoV|P0C6U2.10.BC1	9984
CoV|P0C6U2.10.BC2	11353
CoV|P0C6U2.100.BC1	46247
CoV|P0C6U2.100.BC2	40025
CoV|P0C6U2.101.BC1	22940
CoV|P0C6U2.101.BC2	19951
CoV|P0C6U2.102.BC1	16128
CoV|P0C6U2.102.BC2	23198
CoV|P0C6U2.103.BC1	21626
CoV|P0C6U2.103.BC2	19612
CoV|P0C6U2.104.BC1	16970
CoV|P0C6U2.104.BC2	13312
CoV|P0C6U2.105.BC1	28068
CoV|P0C6U2.105.BC2	15262
CoV|P0C6U2.106.BC1	12318
CoV|P0C6U2.106.BC2	11622
CoV|P0C6U2.107.BC1	16274
CoV|P0C6U2.107.BC2	18760
CoV|P0C6U2.108.BC1	16687
CoV|P0C6U2.108.BC2	23533
CoV|P0C6U2.109.BC1	33326
CoV|P0C6U2.109.BC2	23333
CoV|P0C6U2.11.BC1	26123
CoV|P0C6U2.11.BC2	23444
CoV|P0C6U2.110.BC1	8375
CoV|P0C6U2.110.BC2	5386
CoV|P0C6U2.111.BC1	30817
CoV|P0C6U2.111.BC2	18831
CoV|P0C6U2.112.BC1	11783
CoV|P0C6U2.112.BC2	16513
CoV|P0C6U2.113.BC1	8216
CoV|P0C6U2.113.BC2	13376
CoV|P0C6U2.114.BC1	12177
CoV|P0C6U2.114.BC2	11167
CoV|P0C6U2.115.BC1	14244
CoV|P0C6U2.115.BC2	10239
CoV|P0C6U2.116.BC1	16570
CoV|P0C6U2.116.BC2	15128
CoV|P0C6U2.117.BC1	3569
CoV|P0C6U2.117.BC2	23468
CoV|P0C6U2.118.BC1	22346
CoV|P0C6U2.118.BC2	24639
CoV|P0C6U2.119.BC1	29736
CoV|P0C6U2.119.BC2	34638
CoV|P0C6U2.12.BC1	40306
CoV|P0C6U2.12.BC2	33553
CoV|P0C6U2.120.BC1	21336
CoV|P0C6U2.120.BC2	23112
CoV|P0C6U2.121.BC1	68973
CoV|P0C6U2.121.BC2	40561
CoV|P0C6U2.122.BC1	28815
CoV|P0C6U2.122.BC2	56837
CoV|P0C6U2.123.BC1	42364
CoV|P0C6U2.123.BC2	39784
CoV|P0C6U2.124.BC1	14770
CoV|P0C6U2.124.BC2	25250
CoV|P0C6U2.125.BC1	16454
CoV|P0C6U2.125.BC2	20595
CoV|P0C6U2.126.BC1	16124
CoV|P0C6U2.126.BC2	15072
CoV|P0C6U2.127.BC1	14056
CoV|P0C6U2.127.BC2	10398
CoV|P0C6U2.128.BC1	16464
CoV|P0C6U2.128.BC2	18253
CoV|P0C6U2.129.BC1	1935
CoV|P0C6U2.129.BC2	37824
CoV|P0C6U2.13.BC1	50147
CoV|P0C6U2.13.BC2	26411
CoV|P0C6U2.130.BC1	25799
CoV|P0C6U2.130.BC2	19603
CoV|P0C6U2.131.BC1	11057
CoV|P0C6U2.131.BC2	24203
CoV|P0C6U2.132.BC1	41759
CoV|P0C6U2.132.BC2	19949
CoV|P0C6U2.133.BC1	20252
CoV|P0C6U2.133.BC2	18966
CoV|P0C6U2.134.BC1	9091
CoV|P0C6U2.134.BC2	3446
CoV|P0C6U2.135.BC1	10290
CoV|P0C6U2.135.BC2	22673
CoV|P0C6U2.136.BC1	26298
CoV|P0C6U2.136.BC2	40755
CoV|P0C6U2.137.BC1	46899
CoV|P0C6U2.137.BC2	20096
CoV|P0C6U2.138.BC1	19323
CoV|P0C6U2.138.BC2	24826
CoV|P0C6U2.139.BC1	17387
CoV|P0C6U2.139.BC2	16296
CoV|P0C6U2.14.BC1	20570
CoV|P0C6U2.14.BC2	27822
CoV|P0C6U2.140.BC1	38974
CoV|P0C6U2.140.BC2	35024
CoV|P0C6U2.141.BC1	34759
CoV|P0C6U2.141.BC2	18659
CoV|P0C6U2.142.BC1	12463
CoV|P0C6U2.142.BC2	10723
CoV|P0C6U2.143.BC1	22544
CoV|P0C6U2.143.BC2	16107
CoV|P0C6U2.144.BC1	39181
CoV|P0C6U2.144.BC2	36379
CoV|P0C6U2.15.BC1	20297
CoV|P0C6U2.15.BC2	13903
CoV|P0C6U2.16.BC1	29095
CoV|P0C6U2.16.BC2	26661
CoV|P0C6U2.17.BC1	13737
CoV|P0C6U2.17.BC2	18891
CoV|P0C6U2.18.BC1	13449
CoV|P0C6U2.18.BC2	46128
CoV|P0C6U2.19.BC1	17826
CoV|P0C6U2.19.BC2	18570
CoV|P0C6U2.2.BC1	8929
CoV|P0C6U2.2.BC2	4367
CoV|P0C6U2.20.BC1	23332
CoV|P0C6U2.20.BC2	18468
CoV|P0C6U2.21.BC1	15831
CoV|P0C6U2.21.BC2	5269
CoV|P0C6U2.22.BC1	18719
CoV|P0C6U2.22.BC2	21396
CoV|P0C6U2.23.BC1	30170
CoV|P0C6U2.23.BC2	34696
CoV|P0C6U2.24.BC1	18144
CoV|P0C6U2.24.BC2	35540
CoV|P0C6U2.25.BC1	20352
CoV|P0C6U2.25.BC2	46179
CoV|P0C6U2.26.BC1	16221
CoV|P0C6U2.26.BC2	13684
CoV|P0C6U2.27.BC1	23779
CoV|P0C6U2.27.BC2	17085
CoV|P0C6U2.28.BC1	10733
CoV|P0C6U2.28.BC2	26740
CoV|P0C6U2.29.BC1	26084
CoV|P0C6U2.29.BC2	42470
CoV|P0C6U2.3.BC1	31974
CoV|P0C6U2.3.BC2	10025
CoV|P0C6U2.30.BC1	27280
CoV|P0C6U2.30.BC2	30815
CoV|P0C6U2.31.BC1	23215
CoV|P0C6U2.31.BC2	27796
CoV|P0C6U2.32.BC1	17540
CoV|P0C6U2.32.BC2	22224
CoV|P0C6U2.33.BC1	10141
CoV|P0C6U2.33.BC2	29445
CoV|P0C6U2.34.BC1	41396
CoV|P0C6U2.34.BC2	22277
CoV|P0C6U2.35.BC1	46617
CoV|P0C6U2.35.BC2	51951
CoV|P0C6U2.36.BC1	16377
CoV|P0C6U2.36.BC2	27239
CoV|P0C6U2.37.BC1	7058
CoV|P0C6U2.37.BC2	7555
CoV|P0C6U2.38.BC1	28628
CoV|P0C6U2.38.BC2	27247
CoV|P0C6U2.39.BC1	9525
CoV|P0C6U2.39.BC2	9540
CoV|P0C6U2.4.BC1	18991
CoV|P0C6U2.4.BC2	18816
CoV|P0C6U2.40.BC1	9484
CoV|P0C6U2.40.BC2	12818
CoV|P0C6U2.41.BC1	26643
CoV|P0C6U2.41.BC2	21090
CoV|P0C6U2.42.BC1	22883
CoV|P0C6U2.42.BC2	29582
CoV|P0C6U2.43.BC1	12304
CoV|P0C6U2.43.BC2	13172
CoV|P0C6U2.44.BC1	42174
CoV|P0C6U2.44.BC2	19366
CoV|P0C6U2.45.BC1	36425
CoV|P0C6U2.45.BC2	55610
CoV|P0C6U2.46.BC1	38837
CoV|P0C6U2.46.BC2	12414
CoV|P0C6U2.47.BC1	32455
CoV|P0C6U2.47.BC2	26744
CoV|P0C6U2.48.BC1	35945
CoV|P0C6U2.48.BC2	38531
CoV|P0C6U2.49.BC1	2108
CoV|P0C6U2.49.BC2	6190
CoV|P0C6U2.5.BC1	31637
CoV|P0C6U2.5.BC2	29700
CoV|P0C6U2.50.BC1	10068
CoV|P0C6U2.50.BC2	11337
CoV|P0C6U2.51.BC1	40308
CoV|P0C6U2.51.BC2	13174
CoV|P0C6U2.52.BC1	27258
CoV|P0C6U2.52.BC2	27138
CoV|P0C6U2.53.BC1	14897
CoV|P0C6U2.53.BC2	15775
CoV|P0C6U2.54.BC1	1498
CoV|P0C6U2.54.BC2	5355
CoV|P0C6U2.55.BC1	14729
CoV|P0C6U2.55.BC2	14929
CoV|P0C6U2.56.BC1	10240
CoV|P0C6U2.56.BC2	9010
CoV|P0C6U2.57.BC1	33281
CoV|P0C6U2.57.BC2	49017
CoV|P0C6U2.58.BC1	31697
CoV|P0C6U2.58.BC2	29163
CoV|P0C6U2.59.BC1	28711
CoV|P0C6U2.59.BC2	20414
CoV|P0C6U2.6.BC1	37986
CoV|P0C6U2.6.BC2	15826
CoV|P0C6U2.60.BC1	11275
CoV|P0C6U2.60.BC2	10150
CoV|P0C6U2.61.BC1	8879
CoV|P0C6U2.61.BC2	9702
CoV|P0C6U2.62.BC1	6804
CoV|P0C6U2.62.BC2	13724
CoV|P0C6U2.63.BC1	24401
CoV|P0C6U2.63.BC2	17000
CoV|P0C6U2.64.BC1	11675
CoV|P0C6U2.64.BC2	22828
CoV|P0C6U2.65.BC1	18375
CoV|P0C6U2.65.BC2	10307
CoV|P0C6U2.66.BC1	27469
CoV|P0C6U2.66.BC2	26649
CoV|P0C6U2.67.BC1	4195
CoV|P0C6U2.67.BC2	12618
CoV|P0C6U2.68.BC1	27895
CoV|P0C6U2.68.BC2	21305
CoV|P0C6U2.69.BC1	14527
CoV|P0C6U2.69.BC2	14663
CoV|P0C6U2.7.BC1	7996
CoV|P0C6U2.7.BC2	13714
CoV|P0C6U2.70.BC1	23547
CoV|P0C6U2.70.BC2	34677
CoV|P0C6U2.71.BC1	9968
CoV|P0C6U2.71.BC2	23891
CoV|P0C6U2.72.BC1	22157
CoV|P0C6U2.72.BC2	9881
CoV|P0C6U2.73.BC1	8171
CoV|P0C6U2.73.BC2	14167
CoV|P0C6U2.74.BC1	27124
CoV|P0C6U2.74.BC2	11374
CoV|P0C6U2.75.BC1	43282
CoV|P0C6U2.75.BC2	19798
CoV|P0C6U2.76.BC1	19585
CoV|P0C6U2.76.BC2	22313
CoV|P0C6U2.77.BC1	44575
CoV|P0C6U2.77.BC2	19783
CoV|P0C6U2.78.BC1	21466
CoV|P0C6U2.78.BC2	21380
CoV|P0C6U2.79.BC1	20988
CoV|P0C6U2.79.BC2	11673
CoV|P0C6U2.8.BC1	32288
CoV|P0C6U2.8.BC2	19889
CoV|P0C6U2.80.BC1	7993
CoV|P0C6U2.80.BC2	9685
CoV|P0C6U2.81.BC1	29872
CoV|P0C6U2.81.BC2	28948
CoV|P0C6U2.82.BC1	30125
CoV|P0C6U2.82.BC2	35544
CoV|P0C6U2.83.BC1	36916
CoV|P0C6U2.83.BC2	38895
CoV|P0C6U2.84.BC1	47416
CoV|P0C6U2.84.BC2	27004
CoV|P0C6U2.85.BC1	28560
CoV|P0C6U2.85.BC2	52508
CoV|P0C6U2.86.BC1	22386
CoV|P0C6U2.86.BC2	28085
CoV|P0C6U2.87.BC1	26965
CoV|P0C6U2.87.BC2	30740
CoV|P0C6U2.88.BC1	50664
CoV|P0C6U2.88.BC2	28885
CoV|P0C6U2.89.BC1	20824
CoV|P0C6U2.89.BC2	21745
CoV|P0C6U2.9.BC1	25221
CoV|P0C6U2.9.BC2	16723
CoV|P0C6U2.90.BC1	30213
CoV|P0C6U2.90.BC2	17949
CoV|P0C6U2.91.BC1	4576
CoV|P0C6U2.91.BC2	5348
CoV|P0C6U2.92.BC1	6602
CoV|P0C6U2.92.BC2	10980
CoV|P0C6U2.93.BC1	19117
CoV|P0C6U2.93.BC2	19039
CoV|P0C6U2.94.BC1	48075
CoV|P0C6U2.94.BC2	23717
CoV|P0C6U2.95.BC1	18435
CoV|P0C6U2.95.BC2	17570
CoV|P0C6U2.96.BC1	15995
CoV|P0C6U2.96.BC2	13513
CoV|P0C6U2.97.BC1	62058
CoV|P0C6U2.97.BC2	29282
CoV|P0C6U2.98.BC1	29906
CoV|P0C6U2.98.BC2	22721
CoV|P0C6U2.99.BC1	53073
CoV|P0C6U2.99.BC2	54712
CoV|P0C6U4.157.BC1	38778
CoV|P0C6U4.157.BC2	37690
CoV|P0C6U7.0.BC1	26639
CoV|P0C6U7.0.BC2	38084
CoV|P0C6U7.1.BC1	25146
CoV|P0C6U7.1.BC2	20702
CoV|P0C6U7.10.BC1	8594
CoV|P0C6U7.10.BC2	20152
CoV|P0C6U7.100.BC1	38231
CoV|P0C6U7.100.BC2	25421
CoV|P0C6U7.101.BC1	5993
CoV|P0C6U7.101.BC2	15278
CoV|P0C6U7.102.BC1	9616
CoV|P0C6U7.102.BC2	13771
CoV|P0C6U7.103.BC1	46749
CoV|P0C6U7.103.BC2	31013
CoV|P0C6U7.104.BC1	48730
CoV|P0C6U7.104.BC2	31927
CoV|P0C6U7.105.BC1	15377
CoV|P0C6U7.105.BC2	5929
CoV|P0C6U7.106.BC1	15033
CoV|P0C6U7.106.BC2	2249
CoV|P0C6U7.107.BC1	40337
CoV|P0C6U7.107.BC2	35472
CoV|P0C6U7.108.BC1	31314
CoV|P0C6U7.108.BC2	30889
CoV|P0C6U7.109.BC1	42922
CoV|P0C6U7.109.BC2	59924
CoV|P0C6U7.11.BC1	24561
CoV|P0C6U7.11.BC2	18758
CoV|P0C6U7.110.BC1	42847
CoV|P0C6U7.110.BC2	400
CoV|P0C6U7.111.BC1	26543
CoV|P0C6U7.111.BC2	36470
CoV|P0C6U7.112.BC1	14450
CoV|P0C6U7.112.BC2	9459
CoV|P0C6U7.113.BC1	27267
CoV|P0C6U7.113.BC2	41285
CoV|P0C6U7.114.BC1	22873
CoV|P0C6U7.114.BC2	15826
CoV|P0C6U7.115.BC1	18937
CoV|P0C6U7.115.BC2	22973
CoV|P0C6U7.116.BC1	33903
CoV|P0C6U7.116.BC2	19891
CoV|P0C6U7.117.BC1	22583
CoV|P0C6U7.117.BC2	16709
CoV|P0C6U7.118.BC1	13891
CoV|P0C6U7.118.BC2	13623
CoV|P0C6U7.119.BC1	13358
CoV|P0C6U7.119.BC2	10623
CoV|P0C6U7.12.BC1	16371
CoV|P0C6U7.12.BC2	19080
CoV|P0C6U7.120.BC1	12970
CoV|P0C6U7.120.BC2	11596
CoV|P0C6U7.121.BC1	13100
CoV|P0C6U7.121.BC2	10832
CoV|P0C6U7.122.BC1	10151
CoV|P0C6U7.122.BC2	13238
CoV|P0C6U7.123.BC1	9933
CoV|P0C6U7.123.BC2	12324
CoV|P0C6U7.124.BC1	15484
CoV|P0C6U7.124.BC2	16038
CoV|P0C6U7.125.BC1	19799
CoV|P0C6U7.125.BC2	25716
CoV|P0C6U7.126.BC1	35293
CoV|P0C6U7.126.BC2	30694
CoV|P0C6U7.127.BC1	45325
CoV|P0C6U7.127.BC2	67779
CoV|P0C6U7.128.BC1	28302
CoV|P0C6U7.128.BC2	43909
CoV|P0C6U7.129.BC1	24496
CoV|P0C6U7.129.BC2	25420
CoV|P0C6U7.13.BC1	23852
CoV|P0C6U7.13.BC2	25167
CoV|P0C6U7.130.BC1	19703
CoV|P0C6U7.130.BC2	36340
CoV|P0C6U7.131.BC1	11060
CoV|P0C6U7.131.BC2	17011
CoV|P0C6U7.132.BC1	19699
CoV|P0C6U7.132.BC2	15615
CoV|P0C6U7.133.BC1	13860
CoV|P0C6U7.133.BC2	3592
CoV|P0C6U7.134.BC1	20776
CoV|P0C6U7.134.BC2	30624
CoV|P0C6U7.135.BC1	18813
CoV|P0C6U7.135.BC2	18509
CoV|P0C6U7.136.BC1	4798
CoV|P0C6U7.136.BC2	7578
CoV|P0C6U7.137.BC1	5276
CoV|P0C6U7.137.BC2	11760
CoV|P0C6U7.138.BC1	12290
CoV|P0C6U7.138.BC2	12519
CoV|P0C6U7.139.BC1	23215
CoV|P0C6U7.139.BC2	22679
CoV|P0C6U7.14.BC1	26321
CoV|P0C6U7.14.BC2	26389
CoV|P0C6U7.140.BC1	27323
CoV|P0C6U7.140.BC2	11836
CoV|P0C6U7.141.BC1	56078
CoV|P0C6U7.141.BC2	53722
CoV|P0C6U7.142.BC1	12330
CoV|P0C6U7.142.BC2	28246
CoV|P0C6U7.143.BC1	11093
CoV|P0C6U7.143.BC2	32879
CoV|P0C6U7.144.BC1	20972
CoV|P0C6U7.144.BC2	16865
CoV|P0C6U7.145.BC1	14893
CoV|P0C6U7.145.BC2	6684
CoV|P0C6U7.146.BC1	11302
CoV|P0C6U7.146.BC2	15022
CoV|P0C6U7.147.BC1	23348
CoV|P0C6U7.147.BC2	24951
CoV|P0C6U7.148.BC1	21432
CoV|P0C6U7.148.BC2	45818
CoV|P0C6U7.149.BC1	16332
CoV|P0C6U7.149.BC2	17641
CoV|P0C6U7.15.BC1	24149
CoV|P0C6U7.15.BC2	13059
CoV|P0C6U7.150.BC1	20056
CoV|P0C6U7.150.BC2	20229
CoV|P0C6U7.151.BC1	21639
CoV|P0C6U7.151.BC2	55003
CoV|P0C6U7.152.BC1	11952
CoV|P0C6U7.152.BC2	40853
CoV|P0C6U7.153.BC1	18423
CoV|P0C6U7.153.BC2	14855
CoV|P0C6U7.154.BC1	38297
CoV|P0C6U7.154.BC2	30679
CoV|P0C6U7.155.BC1	46789
CoV|P0C6U7.155.BC2	23299
CoV|P0C6U7.16.BC1	12588
CoV|P0C6U7.16.BC2	8239
CoV|P0C6U7.17.BC1	21007
CoV|P0C6U7.17.BC2	14811
CoV|P0C6U7.18.BC1	20256
CoV|P0C6U7.18.BC2	18858
CoV|P0C6U7.19.BC1	13770
CoV|P0C6U7.19.BC2	17126
CoV|P0C6U7.2.BC1	24477
CoV|P0C6U7.2.BC2	36892
CoV|P0C6U7.20.BC1	21353
CoV|P0C6U7.20.BC2	21944
CoV|P0C6U7.21.BC1	16350
CoV|P0C6U7.21.BC2	11119
CoV|P0C6U7.22.BC1	10413
CoV|P0C6U7.22.BC2	21674
CoV|P0C6U7.23.BC1	24477
CoV|P0C6U7.23.BC2	28132
CoV|P0C6U7.24.BC1	24070
CoV|P0C6U7.24.BC2	30372
CoV|P0C6U7.25.BC1	120
CoV|P0C6U7.25.BC2	23775
CoV|P0C6U7.26.BC1	29985
CoV|P0C6U7.26.BC2	27323
CoV|P0C6U7.27.BC1	35910
CoV|P0C6U7.27.BC2	51153
CoV|P0C6U7.28.BC1	11185
CoV|P0C6U7.28.BC2	41246
CoV|P0C6U7.29.BC1	22747
CoV|P0C6U7.29.BC2	35496
CoV|P0C6U7.3.BC1	14475
CoV|P0C6U7.3.BC2	20053
CoV|P0C6U7.30.BC1	16374
CoV|P0C6U7.30.BC2	18168
CoV|P0C6U7.31.BC1	10122
CoV|P0C6U7.31.BC2	20583
CoV|P0C6U7.32.BC1	18009
CoV|P0C6U7.32.BC2	24896
CoV|P0C6U7.33.BC1	8816
CoV|P0C6U7.33.BC2	30646
CoV|P0C6U7.34.BC1	32920
CoV|P0C6U7.34.BC2	17192
CoV|P0C6U7.35.BC1	66546
CoV|P0C6U7.35.BC2	27896
CoV|P0C6U7.36.BC1	18603
CoV|P0C6U7.36.BC2	16810
CoV|P0C6U7.37.BC1	10259
CoV|P0C6U7.37.BC2	6472
CoV|P0C6U7.38.BC1	10600
CoV|P0C6U7.38.BC2	10537
CoV|P0C6U7.39.BC1	6105
CoV|P0C6U7.39.BC2	29360
CoV|P0C6U7.4.BC1	26156
CoV|P0C6U7.4.BC2	14481
CoV|P0C6U7.40.BC1	14283
CoV|P0C6U7.40.BC2	13121
CoV|P0C6U7.41.BC1	13833
CoV|P0C6U7.41.BC2	24441
CoV|P0C6U7.42.BC1	22116
CoV|P0C6U7.42.BC2	8043
CoV|P0C6U7.43.BC1	10201
CoV|P0C6U7.43.BC2	12173
CoV|P0C6U7.44.BC1	16497
CoV|P0C6U7.44.BC2	10217
CoV|P0C6U7.45.BC1	18374
CoV|P0C6U7.45.BC2	22030
CoV|P0C6U7.46.BC1	22059
CoV|P0C6U7.46.BC2	33246
CoV|P0C6U7.47.BC1	40325
CoV|P0C6U7.47.BC2	30293
CoV|P0C6U7.48.BC1	10451
CoV|P0C6U7.48.BC2	14867
CoV|P0C6U7.49.BC1	13728
CoV|P0C6U7.49.BC2	15185
CoV|P0C6U7.5.BC1	6811
CoV|P0C6U7.5.BC2	15405
CoV|P0C6U7.50.BC1	22114
CoV|P0C6U7.50.BC2	51954
CoV|P0C6U7.51.BC1	27269
CoV|P0C6U7.51.BC2	32754
CoV|P0C6U7.52.BC1	33292
CoV|P0C6U7.52.BC2	39973
CoV|P0C6U7.53.BC1	6593
CoV|P0C6U7.53.BC2	22316
CoV|P0C6U7.54.BC1	11903
CoV|P0C6U7.54.BC2	6020
CoV|P0C6U7.55.BC1	17713
CoV|P0C6U7.55.BC2	16859
CoV|P0C6U7.56.BC1	17793
CoV|P0C6U7.56.BC2	14039
CoV|P0C6U7.57.BC1	15761
CoV|P0C6U7.57.BC2	10874
CoV|P0C6U7.58.BC1	13681
CoV|P0C6U7.58.BC2	18376
CoV|P0C6U7.59.BC1	17273
CoV|P0C6U7.59.BC2	24423
CoV|P0C6U7.6.BC1	21243
CoV|P0C6U7.6.BC2	20405
CoV|P0C6U7.60.BC1	13021
CoV|P0C6U7.60.BC2	9254
CoV|P0C6U7.61.BC1	10182
CoV|P0C6U7.61.BC2	14664
CoV|P0C6U7.62.BC1	13116
CoV|P0C6U7.62.BC2	15074
CoV|P0C6U7.63.BC1	13354
CoV|P0C6U7.63.BC2	17391
CoV|P0C6U7.64.BC1	20359
CoV|P0C6U7.64.BC2	22785
CoV|P0C6U7.65.BC1	27573
CoV|P0C6U7.65.BC2	22178
CoV|P0C6U7.66.BC1	23584
CoV|P0C6U7.66.BC2	32611
CoV|P0C6U7.67.BC1	14792
CoV|P0C6U7.67.BC2	11098
CoV|P0C6U7.68.BC1	30599
CoV|P0C6U7.68.BC2	21192
CoV|P0C6U7.69.BC1	34911
CoV|P0C6U7.69.BC2	24358
CoV|P0C6U7.7.BC1	35677
CoV|P0C6U7.7.BC2	50279
CoV|P0C6U7.70.BC1	36441
CoV|P0C6U7.70.BC2	16854
CoV|P0C6U7.71.BC1	23684
CoV|P0C6U7.71.BC2	31258
CoV|P0C6U7.72.BC1	35787
CoV|P0C6U7.72.BC2	26051
CoV|P0C6U7.73.BC1	28893
CoV|P0C6U7.73.BC2	33225
CoV|P0C6U7.74.BC1	19070
CoV|P0C6U7.74.BC2	18599
CoV|P0C6U7.75.BC1	27125
CoV|P0C6U7.75.BC2	16301
CoV|P0C6U7.76.BC1	24938
CoV|P0C6U7.76.BC2	19484
CoV|P0C6U7.77.BC1	9460
CoV|P0C6U7.77.BC2	24820
CoV|P0C6U7.78.BC1	6516
CoV|P0C6U7.78.BC2	25840
CoV|P0C6U7.79.BC1	14703
CoV|P0C6U7.79.BC2	10426
CoV|P0C6U7.8.BC1	34322
CoV|P0C6U7.8.BC2	27741
CoV|P0C6U7.80.BC1	28911
CoV|P0C6U7.80.BC2	16094
CoV|P0C6U7.81.BC1	17606
CoV|P0C6U7.81.BC2	28146
CoV|P0C6U7.82.BC1	30352
CoV|P0C6U7.82.BC2	25733
CoV|P0C6U7.83.BC1	13684
CoV|P0C6U7.83.BC2	21362
CoV|P0C6U7.84.BC1	27974
CoV|P0C6U7.84.BC2	28558
CoV|P0C6U7.85.BC1	16568
CoV|P0C6U7.85.BC2	54967
CoV|P0C6U7.86.BC1	11248
CoV|P0C6U7.86.BC2	27298
CoV|P0C6U7.87.BC1	32281
CoV|P0C6U7.87.BC2	35850
CoV|P0C6U7.88.BC1	39225
CoV|P0C6U7.88.BC2	41732
CoV|P0C6U7.89.BC1	29410
CoV|P0C6U7.89.BC2	27178
CoV|P0C6U7.9.BC1	19931
CoV|P0C6U7.9.BC2	13175
CoV|P0C6U7.90.BC1	27417
CoV|P0C6U7.90.BC2	28258
CoV|P0C6U7.91.BC1	21360
CoV|P0C6U7.91.BC2	39537
CoV|P0C6U7.92.BC1	14166
CoV|P0C6U7.92.BC2	15697
CoV|P0C6U7.93.BC1	18573
CoV|P0C6U7.93.BC2	39481
CoV|P0C6U7.94.BC1	48631
CoV|P0C6U7.94.BC2	38660
CoV|P0C6U7.95.BC1	10837
CoV|P0C6U7.95.BC2	8432
CoV|P0C6U7.96.BC1	26808
CoV|P0C6U7.96.BC2	38563
CoV|P0C6U7.97.BC1	32053
CoV|P0C6U7.97.BC2	62387
CoV|P0C6U7.98.BC1	39236
CoV|P0C6U7.98.BC2	43709
CoV|P0C6U7.99.BC1	52689
CoV|P0C6U7.99.BC2	14827
CoV|P0C6U8.0.BC1	34269
CoV|P0C6U8.0.BC2	15078
CoV|P0C6U8.1.BC1	20477
CoV|P0C6U8.1.BC2	14193
CoV|P0C6U8.10.BC1	24457
CoV|P0C6U8.10.BC2	56596
CoV|P0C6U8.100.BC1	18060
CoV|P0C6U8.100.BC2	19980
CoV|P0C6U8.101.BC1	9767
CoV|P0C6U8.101.BC2	16855
CoV|P0C6U8.102.BC1	28952
CoV|P0C6U8.102.BC2	32964
CoV|P0C6U8.103.BC1	60875
CoV|P0C6U8.103.BC2	16902
CoV|P0C6U8.104.BC1	8677
CoV|P0C6U8.104.BC2	22682
CoV|P0C6U8.105.BC1	8671
CoV|P0C6U8.105.BC2	11772
CoV|P0C6U8.106.BC1	26295
CoV|P0C6U8.106.BC2	19001
CoV|P0C6U8.107.BC1	4030
CoV|P0C6U8.107.BC2	32050
CoV|P0C6U8.108.BC1	38252
CoV|P0C6U8.108.BC2	24190
CoV|P0C6U8.109.BC1	64989
CoV|P0C6U8.109.BC2	13907
CoV|P0C6U8.11.BC1	29620
CoV|P0C6U8.11.BC2	46043
CoV|P0C6U8.110.BC1	43584
CoV|P0C6U8.110.BC2	9144
CoV|P0C6U8.111.BC1	4773
CoV|P0C6U8.111.BC2	34836
CoV|P0C6U8.112.BC1	16568
CoV|P0C6U8.112.BC2	8654
CoV|P0C6U8.113.BC1	23148
CoV|P0C6U8.113.BC2	18592
CoV|P0C6U8.114.BC1	19211
CoV|P0C6U8.114.BC2	14100
CoV|P0C6U8.115.BC1	15333
CoV|P0C6U8.115.BC2	29360
CoV|P0C6U8.116.BC1	23388
CoV|P0C6U8.116.BC2	19748
CoV|P0C6U8.117.BC1	42276
CoV|P0C6U8.117.BC2	19372
CoV|P0C6U8.118.BC1	25994
CoV|P0C6U8.118.BC2	24219
CoV|P0C6U8.119.BC1	24145
CoV|P0C6U8.119.BC2	13501
CoV|P0C6U8.12.BC1	43254
CoV|P0C6U8.12.BC2	22960
CoV|P0C6U8.120.BC1	22259
CoV|P0C6U8.120.BC2	36402
CoV|P0C6U8.121.BC1	16461
CoV|P0C6U8.121.BC2	11567
CoV|P0C6U8.122.BC1	18527
CoV|P0C6U8.122.BC2	20883
CoV|P0C6U8.123.BC1	17025
CoV|P0C6U8.123.BC2	15562
CoV|P0C6U8.124.BC1	26138
CoV|P0C6U8.124.BC2	32990
CoV|P0C6U8.125.BC1	23888
CoV|P0C6U8.125.BC2	11838
CoV|P0C6U8.126.BC1	20134
CoV|P0C6U8.126.BC2	25282
CoV|P0C6U8.127.BC1	52411
CoV|P0C6U8.127.BC2	36019
CoV|P0C6U8.128.BC1	44442
CoV|P0C6U8.128.BC2	61618
CoV|P0C6U8.129.BC1	35053
CoV|P0C6U8.129.BC2	21532
CoV|P0C6U8.13.BC1	16519
CoV|P0C6U8.13.BC2	20812
CoV|P0C6U8.130.BC1	46308
CoV|P0C6U8.130.BC2	30088
CoV|P0C6U8.131.BC1	24562
CoV|P0C6U8.131.BC2	24755
CoV|P0C6U8.132.BC1	34429
CoV|P0C6U8.132.BC2	36170
CoV|P0C6U8.133.BC1	51061
CoV|P0C6U8.133.BC2	46662
CoV|P0C6U8.134.BC1	11031
CoV|P0C6U8.134.BC2	24991
CoV|P0C6U8.135.BC1	13018
CoV|P0C6U8.135.BC2	10879
CoV|P0C6U8.136.BC1	15445
CoV|P0C6U8.136.BC2	14987
CoV|P0C6U8.137.BC1	7580
CoV|P0C6U8.137.BC2	15703
CoV|P0C6U8.138.BC1	17363
CoV|P0C6U8.138.BC2	19207
CoV|P0C6U8.139.BC1	30209
CoV|P0C6U8.139.BC2	23770
CoV|P0C6U8.14.BC1	18245
CoV|P0C6U8.14.BC2	13509
CoV|P0C6U8.140.BC1	23212
CoV|P0C6U8.140.BC2	42755
CoV|P0C6U8.141.BC1	62668
CoV|P0C6U8.141.BC2	37128
CoV|P0C6U8.142.BC1	41755
CoV|P0C6U8.142.BC2	19776
CoV|P0C6U8.143.BC1	44917
CoV|P0C6U8.143.BC2	16709
CoV|P0C6U8.144.BC1	10609
CoV|P0C6U8.144.BC2	4400
CoV|P0C6U8.145.BC1	23654
CoV|P0C6U8.145.BC2	10460
CoV|P0C6U8.146.BC1	52847
CoV|P0C6U8.146.BC2	38508
CoV|P0C6U8.147.BC1	48228
CoV|P0C6U8.147.BC2	33573
CoV|P0C6U8.148.BC1	23651
CoV|P0C6U8.148.BC2	28468
CoV|P0C6U8.149.BC1	21232
CoV|P0C6U8.149.BC2	21330
CoV|P0C6U8.15.BC1	7824
CoV|P0C6U8.15.BC2	15252
CoV|P0C6U8.150.BC1	21766
CoV|P0C6U8.150.BC2	18630
CoV|P0C6U8.151.BC1	16553
CoV|P0C6U8.151.BC2	24100
CoV|P0C6U8.152.BC1	20162
CoV|P0C6U8.152.BC2	18720
CoV|P0C6U8.153.BC1	22696
CoV|P0C6U8.153.BC2	14902
CoV|P0C6U8.154.BC1	29833
CoV|P0C6U8.154.BC2	37789
CoV|P0C6U8.155.BC1	35906
CoV|P0C6U8.155.BC2	45162
CoV|P0C6U8.16.BC1	14396
CoV|P0C6U8.16.BC2	7287
CoV|P0C6U8.17.BC1	20909
CoV|P0C6U8.17.BC2	32358
CoV|P0C6U8.18.BC1	42397
CoV|P0C6U8.18.BC2	42263
CoV|P0C6U8.19.BC1	24630
CoV|P0C6U8.19.BC2	12902
CoV|P0C6U8.2.BC1	32633
CoV|P0C6U8.2.BC2	23962
CoV|P0C6U8.20.BC1	7570
CoV|P0C6U8.20.BC2	17236
CoV|P0C6U8.21.BC1	23094
CoV|P0C6U8.21.BC2	11152
CoV|P0C6U8.22.BC1	5214
CoV|P0C6U8.22.BC2	8957
CoV|P0C6U8.23.BC1	4546
CoV|P0C6U8.23.BC2	9548
CoV|P0C6U8.24.BC1	13171
CoV|P0C6U8.24.BC2	12519
CoV|P0C6U8.25.BC1	21611
CoV|P0C6U8.25.BC2	23319
CoV|P0C6U8.26.BC1	32621
CoV|P0C6U8.26.BC2	29187
CoV|P0C6U8.27.BC1	34326
CoV|P0C6U8.27.BC2	43220
CoV|P0C6U8.28.BC1	38674
CoV|P0C6U8.28.BC2	7025
CoV|P0C6U8.29.BC1	20363
CoV|P0C6U8.29.BC2	38096
CoV|P0C6U8.3.BC1	11421
CoV|P0C6U8.3.BC2	31335
CoV|P0C6U8.30.BC1	21362
CoV|P0C6U8.30.BC2	13880
CoV|P0C6U8.31.BC1	20335
CoV|P0C6U8.31.BC2	8555
CoV|P0C6U8.32.BC1	24352
CoV|P0C6U8.32.BC2	4779
CoV|P0C6U8.33.BC1	20235
CoV|P0C6U8.33.BC2	31376
CoV|P0C6U8.34.BC1	31418
CoV|P0C6U8.34.BC2	17698
CoV|P0C6U8.35.BC1	37619
CoV|P0C6U8.35.BC2	32699
CoV|P0C6U8.36.BC1	18452
CoV|P0C6U8.36.BC2	36030
CoV|P0C6U8.37.BC1	43765
CoV|P0C6U8.37.BC2	15069
CoV|P0C6U8.38.BC1	21927
CoV|P0C6U8.38.BC2	13210
CoV|P0C6U8.39.BC1	11816
CoV|P0C6U8.39.BC2	15011
CoV|P0C6U8.4.BC1	9378
CoV|P0C6U8.4.BC2	38083
CoV|P0C6U8.40.BC1	11322
CoV|P0C6U8.40.BC2	7656
CoV|P0C6U8.41.BC1	4542
CoV|P0C6U8.41.BC2	32579
CoV|P0C6U8.42.BC1	13414
CoV|P0C6U8.42.BC2	18858
CoV|P0C6U8.43.BC1	38578
CoV|P0C6U8.43.BC2	16936
CoV|P0C6U8.44.BC1	45408
CoV|P0C6U8.44.BC2	32734
CoV|P0C6U8.45.BC1	24895
CoV|P0C6U8.45.BC2	20365
CoV|P0C6U8.46.BC1	24410
CoV|P0C6U8.46.BC2	15857
CoV|P0C6U8.47.BC1	31067
CoV|P0C6U8.47.BC2	43267
CoV|P0C6U8.48.BC1	7481
CoV|P0C6U8.48.BC2	1930
CoV|P0C6U8.49.BC1	17604
CoV|P0C6U8.49.BC2	12161
CoV|P0C6U8.5.BC1	28125
CoV|P0C6U8.5.BC2	28556
CoV|P0C6U8.50.BC1	35290
CoV|P0C6U8.50.BC2	40336
CoV|P0C6U8.51.BC1	44717
CoV|P0C6U8.51.BC2	23448
CoV|P0C6U8.52.BC1	12689
CoV|P0C6U8.52.BC2	32213
CoV|P0C6U8.53.BC1	31836
CoV|P0C6U8.53.BC2	25210
CoV|P0C6U8.54.BC1	15623
CoV|P0C6U8.54.BC2	22735
CoV|P0C6U8.55.BC1	31421
CoV|P0C6U8.55.BC2	14955
CoV|P0C6U8.56.BC1	34900
CoV|P0C6U8.56.BC2	19820
CoV|P0C6U8.57.BC1	10846
CoV|P0C6U8.57.BC2	25984
CoV|P0C6U8.58.BC1	18388
CoV|P0C6U8.58.BC2	10500
CoV|P0C6U8.59.BC1	6824
CoV|P0C6U8.59.BC2	11811
CoV|P0C6U8.6.BC1	25215
CoV|P0C6U8.6.BC2	13818
CoV|P0C6U8.60.BC1	19505
CoV|P0C6U8.60.BC2	20411
CoV|P0C6U8.61.BC1	34410
CoV|P0C6U8.61.BC2	23576
CoV|P0C6U8.62.BC1	30095
CoV|P0C6U8.62.BC2	22210
CoV|P0C6U8.63.BC1	29615
CoV|P0C6U8.63.BC2	22752
CoV|P0C6U8.64.BC1	20026
CoV|P0C6U8.64.BC2	25017
CoV|P0C6U8.65.BC1	25211
CoV|P0C6U8.65.BC2	28758
CoV|P0C6U8.66.BC1	24942
CoV|P0C6U8.66.BC2	53846
CoV|P0C6U8.67.BC1	15797
CoV|P0C6U8.67.BC2	48156
CoV|P0C6U8.68.BC1	26232
CoV|P0C6U8.68.BC2	21474
CoV|P0C6U8.69.BC1	29642
CoV|P0C6U8.69.BC2	19013
CoV|P0C6U8.7.BC1	7665
CoV|P0C6U8.7.BC2	11812
CoV|P0C6U8.70.BC1	18552
CoV|P0C6U8.70.BC2	34654
CoV|P0C6U8.71.BC1	20738
CoV|P0C6U8.71.BC2	20079
CoV|P0C6U8.72.BC1	15086
CoV|P0C6U8.72.BC2	40410
CoV|P0C6U8.73.BC1	41005
CoV|P0C6U8.73.BC2	17657
CoV|P0C6U8.74.BC1	15711
CoV|P0C6U8.74.BC2	39485
CoV|P0C6U8.75.BC1	18156
CoV|P0C6U8.75.BC2	39144
CoV|P0C6U8.76.BC1	24904
CoV|P0C6U8.76.BC2	13728
CoV|P0C6U8.77.BC1	7184
CoV|P0C6U8.77.BC2	16584
CoV|P0C6U8.78.BC1	36312
CoV|P0C6U8.78.BC2	27790
CoV|P0C6U8.79.BC1	12262
CoV|P0C6U8.79.BC2	6928
CoV|P0C6U8.8.BC1	28383
CoV|P0C6U8.8.BC2	25934
CoV|P0C6U8.80.BC1	18329
CoV|P0C6U8.80.BC2	19654
CoV|P0C6U8.81.BC1	28106
CoV|P0C6U8.81.BC2	27461
CoV|P0C6U8.82.BC1	30148
CoV|P0C6U8.82.BC2	42275
CoV|P0C6U8.83.BC1	25874
CoV|P0C6U8.83.BC2	38007
CoV|P0C6U8.84.BC1	21709
CoV|P0C6U8.84.BC2	11560
CoV|P0C6U8.85.BC1	37541
CoV|P0C6U8.85.BC2	24544
CoV|P0C6U8.86.BC1	23488
CoV|P0C6U8.86.BC2	50938
CoV|P0C6U8.87.BC1	17604
CoV|P0C6U8.87.BC2	30718
CoV|P0C6U8.88.BC1	14226
CoV|P0C6U8.88.BC2	9645
CoV|P0C6U8.89.BC1	6501
CoV|P0C6U8.89.BC2	18975
CoV|P0C6U8.9.BC1	19097
CoV|P0C6U8.9.BC2	17093
CoV|P0C6U8.90.BC1	36558
CoV|P0C6U8.90.BC2	22242
CoV|P0C6U8.91.BC1	9600
CoV|P0C6U8.91.BC2	32174
CoV|P0C6U8.92.BC1	21523
CoV|P0C6U8.92.BC2	13518
CoV|P0C6U8.93.BC1	27808
CoV|P0C6U8.93.BC2	19800
CoV|P0C6U8.94.BC1	53294
CoV|P0C6U8.94.BC2	46420
CoV|P0C6U8.95.BC1	14537
CoV|P0C6U8.95.BC2	25857
CoV|P0C6U8.96.BC1	18725
CoV|P0C6U8.96.BC2	19347
CoV|P0C6U8.97.BC1	48175
CoV|P0C6U8.97.BC2	31911
CoV|P0C6U8.98.BC1	16885
CoV|P0C6U8.98.BC2	29025
CoV|P0C6U8.99.BC1	20199
CoV|P0C6U8.99.BC2	21318
CoV|P0C6V9.155.BC1	56211
CoV|P0C6V9.155.BC2	63841
CoV|P0C6V9.156.BC1	31807
CoV|P0C6V9.156.BC2	33462
CoV|P0C6V9.157.BC1	14816
CoV|P0C6V9.157.BC2	22905
CoV|P0C6V9.158.BC1	13001
CoV|P0C6V9.158.BC2	25480
CoV|P0C6V9.159.BC1	28901
CoV|P0C6V9.159.BC2	24870
CoV|P0C6V9.160.BC1	20674
CoV|P0C6V9.160.BC2	17540
CoV|P0C6V9.161.BC1	15469
CoV|P0C6V9.161.BC2	15499
CoV|P0C6V9.162.BC1	19360
CoV|P0C6V9.162.BC2	11513
CoV|P0C6V9.163.BC1	37447
CoV|P0C6V9.163.BC2	34820
CoV|P0C6V9.164.BC1	13940
CoV|P0C6V9.164.BC2	35217
CoV|P0C6V9.165.BC1	19356
CoV|P0C6V9.165.BC2	32027
CoV|P0C6V9.166.BC1	11669
CoV|P0C6V9.166.BC2	27184
CoV|P0C6V9.167.BC1	22111
CoV|P0C6V9.167.BC2	8449
CoV|P0C6V9.168.BC1	14275
CoV|P0C6V9.168.BC2	28696
CoV|P0C6V9.169.BC1	38596
CoV|P0C6V9.169.BC2	43240
CoV|P0C6V9.170.BC1	20853
CoV|P0C6V9.170.BC2	34909
CoV|P0C6V9.171.BC1	12745
CoV|P0C6V9.171.BC2	19640
CoV|P0C6V9.172.BC1	9185
CoV|P0C6V9.172.BC2	6067
CoV|P0C6V9.173.BC1	27445
CoV|P0C6V9.173.BC2	16592
CoV|P0C6V9.174.BC1	19463
CoV|P0C6V9.174.BC2	10744
CoV|P0C6V9.175.BC1	13468
CoV|P0C6V9.175.BC2	2594
CoV|P0C6V9.176.BC1	2026
CoV|P0C6V9.176.BC2	2501
CoV|P0C6V9.177.BC1	28902
CoV|P0C6V9.177.BC2	34981
CoV|P0C6V9.178.BC1	11106
CoV|P0C6V9.178.BC2	11064
CoV|P0C6V9.179.BC1	26571
CoV|P0C6V9.179.BC2	14178
CoV|P0C6V9.180.BC1	18580
CoV|P0C6V9.180.BC2	6811
CoV|P0C6V9.181.BC1	16763
CoV|P0C6V9.181.BC2	13675
CoV|P0C6V9.182.BC1	16284
CoV|P0C6V9.182.BC2	18571
CoV|P0C6V9.183.BC1	15810
CoV|P0C6V9.183.BC2	7145
CoV|P0C6V9.184.BC1	35648
CoV|P0C6V9.184.BC2	25477
CoV|P0C6V9.185.BC1	29913
CoV|P0C6V9.185.BC2	28314
CoV|P0C6V9.186.BC1	13803
CoV|P0C6V9.186.BC2	7283
CoV|P0C6V9.187.BC1	10187
CoV|P0C6V9.187.BC2	4925
CoV|P0C6V9.188.BC1	27919
CoV|P0C6V9.188.BC2	34330
CoV|P0C6V9.189.BC1	28571
CoV|P0C6V9.189.BC2	38820
CoV|P0C6V9.190.BC1	11606
CoV|P0C6V9.190.BC2	30810
CoV|P0C6V9.191.BC1	27544
CoV|P0C6V9.191.BC2	16765
CoV|P0C6V9.192.BC1	32292
CoV|P0C6V9.192.BC2	41921
CoV|P0C6V9.193.BC1	33132
CoV|P0C6V9.193.BC2	27323
CoV|P0C6V9.194.BC1	22745
CoV|P0C6V9.194.BC2	19280
CoV|P0C6V9.195.BC1	8263
CoV|P0C6V9.195.BC2	26698
CoV|P0C6V9.196.BC1	20729
CoV|P0C6V9.196.BC2	13146
CoV|P0C6V9.197.BC1	19953
CoV|P0C6V9.197.BC2	18213
CoV|P0C6V9.198.BC1	19715
CoV|P0C6V9.198.BC2	35509
CoV|P0C6V9.199.BC1	32172
CoV|P0C6V9.199.BC2	35106
CoV|P0C6V9.200.BC1	16192
CoV|P0C6V9.200.BC2	23537
CoV|P0C6V9.201.BC1	28103
CoV|P0C6V9.201.BC2	35284
CoV|P0C6V9.202.BC1	28802
CoV|P0C6V9.202.BC2	16233
CoV|P0C6V9.203.BC1	24611
CoV|P0C6V9.203.BC2	58653
CoV|P0C6V9.204.BC1	42159
CoV|P0C6V9.204.BC2	28048
CoV|P0C6V9.205.BC1	19204
CoV|P0C6V9.205.BC2	19838
CoV|P0C6V9.206.BC1	43204
CoV|P0C6V9.206.BC2	47689
CoV|P0C6V9.207.BC1	36042
CoV|P0C6V9.207.BC2	14712
CoV|P0C6V9.208.BC1	16479
CoV|P0C6V9.208.BC2	9676
CoV|P0C6V9.209.BC1	13568
CoV|P0C6V9.209.BC2	17605
CoV|P0C6V9.210.BC1	41439
CoV|P0C6V9.210.BC2	41490
CoV|P0C6V9.211.BC1	47053
CoV|P0C6V9.211.BC2	1500
CoV|P0C6V9.212.BC1	24276
CoV|P0C6V9.212.BC2	11852
CoV|P0C6V9.213.BC1	35252
CoV|P0C6V9.213.BC2	27980
CoV|P0C6V9.214.BC1	31948
CoV|P0C6V9.214.BC2	20670
CoV|P0C6V9.215.BC1	11768
CoV|P0C6V9.215.BC2	17024
CoV|P0C6V9.216.BC1	9374
CoV|P0C6V9.216.BC2	11056
CoV|P0C6V9.217.BC1	17049
CoV|P0C6V9.217.BC2	13954
CoV|P0C6V9.218.BC1	11448
CoV|P0C6V9.218.BC2	5937
CoV|P0C6V9.219.BC1	33412
CoV|P0C6V9.219.BC2	30067
CoV|P0C6V9.220.BC1	33328
CoV|P0C6V9.220.BC2	41133
CoV|P0C6V9.221.BC1	36071
CoV|P0C6V9.221.BC2	25451
CoV|P0C6V9.222.BC1	39632
CoV|P0C6V9.222.BC2	27864
CoV|P0C6V9.223.BC1	17035
CoV|P0C6V9.223.BC2	11026
CoV|P0C6V9.224.BC1	21803
CoV|P0C6V9.224.BC2	14877
CoV|P0C6V9.225.BC1	26826
CoV|P0C6V9.225.BC2	43258
CoV|P0C6V9.226.BC1	36991
CoV|P0C6V9.226.BC2	27913
CoV|P0C6V9.227.BC1	53759
CoV|P0C6V9.227.BC2	43020
CoV|P0C6V9.228.BC1	19839
CoV|P0C6V9.228.BC2	14700
CoV|P0C6V9.229.BC1	7669
CoV|P0C6V9.229.BC2	8381
CoV|P0C6V9.230.BC1	38024
CoV|P0C6V9.230.BC2	38072
CoV|P0C6V9.231.BC1	31463
CoV|P0C6V9.231.BC2	22215
CoV|P0C6V9.232.BC1	20634
CoV|P0C6V9.232.BC2	27106
CoV|P0C6V9.233.BC1	71884
CoV|P0C6V9.233.BC2	62243
CoV|P0C6V9.234.BC1	21272
CoV|P0C6V9.234.BC2	31706
CoV|P0C6V9.235.BC1	15628
CoV|P0C6V9.235.BC2	25412
CoV|P0C6V9.236.BC1	17527
CoV|P0C6V9.236.BC2	27854
CoV|P0C6V9.237.BC1	14671
CoV|P0C6V9.237.BC2	9564
CoV|P0C6V9.238.BC1	19770
CoV|P0C6V9.238.BC2	25157
CoV|P0C6V9.239.BC1	28309
CoV|P0C6V9.239.BC2	8866
CoV|P0C6V9.240.BC1	2164
CoV|P0C6V9.240.BC2	18658
CoV|P0C6V9.241.BC1	7977
CoV|P0C6V9.241.BC2	6191
CoV|P0C6V9.242.BC1	20823
CoV|P0C6V9.242.BC2	18773
CoV|P0C6V9.243.BC1	27110
CoV|P0C6V9.243.BC2	31004
CoV|P0C6V9.244.BC1	46464
CoV|P0C6V9.244.BC2	48572
CoV|P0C6V9.245.BC1	21084
CoV|P0C6V9.245.BC2	28256
CoV|P0C6V9.246.BC1	15484
CoV|P0C6V9.246.BC2	14333
CoV|P0C6V9.247.BC1	14165
CoV|P0C6V9.247.BC2	22480
CoV|P0C6V9.248.BC1	7785
CoV|P0C6V9.248.BC2	2518
CoV|P0C6V9.249.BC1	12432
CoV|P0C6V9.249.BC2	12397
CoV|P0C6V9.250.BC1	22989
CoV|P0C6V9.250.BC2	17669
CoV|P0C6V9.251.BC1	17091
CoV|P0C6V9.251.BC2	25312
CoV|P0C6W2.10.BC1	23049
CoV|P0C6W2.10.BC2	21181
CoV|P0C6W2.100.BC1	8761
CoV|P0C6W2.100.BC2	17514
CoV|P0C6W2.101.BC1	17678
CoV|P0C6W2.101.BC2	15891
CoV|P0C6W2.102.BC1	8811
CoV|P0C6W2.102.BC2	24662
CoV|P0C6W2.103.BC1	43443
CoV|P0C6W2.103.BC2	26002
CoV|P0C6W2.104.BC1	14205
CoV|P0C6W2.104.BC2	23264
CoV|P0C6W2.105.BC1	28044
CoV|P0C6W2.105.BC2	34430
CoV|P0C6W2.106.BC1	17069
CoV|P0C6W2.106.BC2	19426
CoV|P0C6W2.107.BC1	25542
CoV|P0C6W2.107.BC2	30617
CoV|P0C6W2.108.BC1	46538
CoV|P0C6W2.108.BC2	42661
CoV|P0C6W2.109.BC1	51966
CoV|P0C6W2.109.BC2	41013
CoV|P0C6W2.11.BC1	48695
CoV|P0C6W2.11.BC2	50586
CoV|P0C6W2.110.BC1	27284
CoV|P0C6W2.110.BC2	28614
CoV|P0C6W2.111.BC1	831
CoV|P0C6W2.111.BC2	17985
CoV|P0C6W2.112.BC1	14380
CoV|P0C6W2.112.BC2	11369
CoV|P0C6W2.113.BC1	16637
CoV|P0C6W2.113.BC2	21524
CoV|P0C6W2.114.BC1	38120
CoV|P0C6W2.114.BC2	24521
CoV|P0C6W2.115.BC1	52349
CoV|P0C6W2.115.BC2	17214
CoV|P0C6W2.116.BC1	12087
CoV|P0C6W2.116.BC2	33157
CoV|P0C6W2.117.BC1	13336
CoV|P0C6W2.117.BC2	15456
CoV|P0C6W2.118.BC1	15840
CoV|P0C6W2.118.BC2	22591
CoV|P0C6W2.119.BC1	17303
CoV|P0C6W2.119.BC2	35536
CoV|P0C6W2.12.BC1	21781
CoV|P0C6W2.12.BC2	17605
CoV|P0C6W2.120.BC1	20160
CoV|P0C6W2.120.BC2	22639
CoV|P0C6W2.121.BC1	20510
CoV|P0C6W2.121.BC2	10189
CoV|P0C6W2.122.BC1	9688
CoV|P0C6W2.122.BC2	16420
CoV|P0C6W2.123.BC1	19916
CoV|P0C6W2.123.BC2	30735
CoV|P0C6W2.124.BC1	18408
CoV|P0C6W2.124.BC2	18874
CoV|P0C6W2.125.BC1	22157
CoV|P0C6W2.125.BC2	17721
CoV|P0C6W2.126.BC1	29727
CoV|P0C6W2.126.BC2	8232
CoV|P0C6W2.127.BC1	34283
CoV|P0C6W2.127.BC2	25448
CoV|P0C6W2.128.BC1	31071
CoV|P0C6W2.128.BC2	43000
CoV|P0C6W2.129.BC1	25208
CoV|P0C6W2.129.BC2	37600
CoV|P0C6W2.13.BC1	17727
CoV|P0C6W2.13.BC2	20029
CoV|P0C6W2.130.BC1	28257
CoV|P0C6W2.130.BC2	25540
CoV|P0C6W2.131.BC1	29667
CoV|P0C6W2.131.BC2	23606
CoV|P0C6W2.132.BC1	35689
CoV|P0C6W2.132.BC2	32790
CoV|P0C6W2.133.BC1	79635
CoV|P0C6W2.133.BC2	63086
CoV|P0C6W2.134.BC1	19308
CoV|P0C6W2.134.BC2	9947
CoV|P0C6W2.135.BC1	25072
CoV|P0C6W2.135.BC2	20013
CoV|P0C6W2.136.BC1	14341
CoV|P0C6W2.136.BC2	12230
CoV|P0C6W2.137.BC1	6207
CoV|P0C6W2.137.BC2	14753
CoV|P0C6W2.138.BC1	10109
CoV|P0C6W2.138.BC2	9496
CoV|P0C6W2.139.BC1	27548
CoV|P0C6W2.139.BC2	44748
CoV|P0C6W2.14.BC1	13414
CoV|P0C6W2.14.BC2	19039
CoV|P0C6W2.140.BC1	24502
CoV|P0C6W2.140.BC2	41806
CoV|P0C6W2.141.BC1	44878
CoV|P0C6W2.141.BC2	45437
CoV|P0C6W2.142.BC1	39744
CoV|P0C6W2.142.BC2	31453
CoV|P0C6W2.143.BC1	18515
CoV|P0C6W2.143.BC2	23267
CoV|P0C6W2.144.BC1	29464
CoV|P0C6W2.144.BC2	18807
CoV|P0C6W2.145.BC1	36519
CoV|P0C6W2.145.BC2	35597
CoV|P0C6W2.146.BC1	53637
CoV|P0C6W2.146.BC2	30262
CoV|P0C6W2.147.BC1	26800
CoV|P0C6W2.147.BC2	38977
CoV|P0C6W2.148.BC1	22916
CoV|P0C6W2.148.BC2	17985
CoV|P0C6W2.149.BC1	26978
CoV|P0C6W2.149.BC2	18902
CoV|P0C6W2.15.BC1	16541
CoV|P0C6W2.15.BC2	11461
CoV|P0C6W2.150.BC1	18692
CoV|P0C6W2.150.BC2	5728
CoV|P0C6W2.151.BC1	22090
CoV|P0C6W2.151.BC2	22763
CoV|P0C6W2.152.BC1	16843
CoV|P0C6W2.152.BC2	23615
CoV|P0C6W2.153.BC1	18313
CoV|P0C6W2.153.BC2	16842
CoV|P0C6W2.154.BC1	22719
CoV|P0C6W2.154.BC2	23940
CoV|P0C6W2.155.BC1	46199
CoV|P0C6W2.155.BC2	37283
CoV|P0C6W2.156.BC1	13763
CoV|P0C6W2.156.BC2	29119
CoV|P0C6W2.157.BC1	11671
CoV|P0C6W2.157.BC2	10048
CoV|P0C6W2.158.BC1	32842
CoV|P0C6W2.158.BC2	15424
CoV|P0C6W2.159.BC1	11627
CoV|P0C6W2.159.BC2	39997
CoV|P0C6W2.16.BC1	3917
CoV|P0C6W2.16.BC2	6545
CoV|P0C6W2.160.BC1	23098
CoV|P0C6W2.160.BC2	15714
CoV|P0C6W2.161.BC1	3876
CoV|P0C6W2.161.BC2	26521
CoV|P0C6W2.162.BC1	12241
CoV|P0C6W2.162.BC2	29824
CoV|P0C6W2.163.BC1	17611
CoV|P0C6W2.163.BC2	12410
CoV|P0C6W2.164.BC1	17418
CoV|P0C6W2.164.BC2	18171
CoV|P0C6W2.165.BC1	4289
CoV|P0C6W2.165.BC2	8724
CoV|P0C6W2.166.BC1	20721
CoV|P0C6W2.166.BC2	12490
CoV|P0C6W2.167.BC1	27146
CoV|P0C6W2.167.BC2	19173
CoV|P0C6W2.168.BC1	19183
CoV|P0C6W2.168.BC2	44035
CoV|P0C6W2.169.BC1	26458
CoV|P0C6W2.169.BC2	52275
CoV|P0C6W2.17.BC1	33254
CoV|P0C6W2.17.BC2	32869
CoV|P0C6W2.170.BC1	32752
CoV|P0C6W2.170.BC2	26884
CoV|P0C6W2.171.BC1	8702
CoV|P0C6W2.171.BC2	13791
CoV|P0C6W2.172.BC1	6342
CoV|P0C6W2.172.BC2	6809
CoV|P0C6W2.173.BC1	44913
CoV|P0C6W2.173.BC2	47092
CoV|P0C6W2.174.BC1	32755
CoV|P0C6W2.174.BC2	19338
CoV|P0C6W2.175.BC1	19782
CoV|P0C6W2.175.BC2	18046
CoV|P0C6W2.176.BC1	24773
CoV|P0C6W2.176.BC2	30387
CoV|P0C6W2.177.BC1	36392
CoV|P0C6W2.177.BC2	15831
CoV|P0C6W2.178.BC1	3522
CoV|P0C6W2.178.BC2	16795
CoV|P0C6W2.179.BC1	22807
CoV|P0C6W2.179.BC2	31649
CoV|P0C6W2.18.BC1	620
CoV|P0C6W2.18.BC2	44664
CoV|P0C6W2.180.BC1	46312
CoV|P0C6W2.180.BC2	20696
CoV|P0C6W2.181.BC1	15494
CoV|P0C6W2.181.BC2	17708
CoV|P0C6W2.182.BC1	13249
CoV|P0C6W2.182.BC2	22988
CoV|P0C6W2.183.BC1	11814
CoV|P0C6W2.183.BC2	15471
CoV|P0C6W2.184.BC1	34619
CoV|P0C6W2.184.BC2	40946
CoV|P0C6W2.185.BC1	20132
CoV|P0C6W2.185.BC2	22150
CoV|P0C6W2.186.BC1	7784
CoV|P0C6W2.186.BC2	5418
CoV|P0C6W2.187.BC1	28881
CoV|P0C6W2.187.BC2	11537
CoV|P0C6W2.188.BC1	9664
CoV|P0C6W2.188.BC2	54278
CoV|P0C6W2.189.BC1	45449
CoV|P0C6W2.189.BC2	22869
CoV|P0C6W2.19.BC1	29458
CoV|P0C6W2.19.BC2	33305
CoV|P0C6W2.190.BC1	4035
CoV|P0C6W2.190.BC2	2331
CoV|P0C6W2.191.BC1	32963
CoV|P0C6W2.191.BC2	47025
CoV|P0C6W2.192.BC1	41851
CoV|P0C6W2.192.BC2	40067
CoV|P0C6W2.193.BC1	13391
CoV|P0C6W2.193.BC2	15024
CoV|P0C6W2.194.BC1	8552
CoV|P0C6W2.194.BC2	21273
CoV|P0C6W2.195.BC1	16289
CoV|P0C6W2.195.BC2	11754
CoV|P0C6W2.196.BC1	20791
CoV|P0C6W2.196.BC2	20120
CoV|P0C6W2.197.BC1	15115
CoV|P0C6W2.197.BC2	18709
CoV|P0C6W2.198.BC1	18848
CoV|P0C6W2.198.BC2	13537
CoV|P0C6W2.199.BC1	12950
CoV|P0C6W2.199.BC2	10363
CoV|P0C6W2.2.BC1	19480
CoV|P0C6W2.2.BC2	19055
CoV|P0C6W2.20.BC1	9071
CoV|P0C6W2.20.BC2	14187
CoV|P0C6W2.200.BC1	32988
CoV|P0C6W2.200.BC2	31688
CoV|P0C6W2.201.BC1	18543
CoV|P0C6W2.201.BC2	18751
CoV|P0C6W2.202.BC1	43371
CoV|P0C6W2.202.BC2	27563
CoV|P0C6W2.203.BC1	41951
CoV|P0C6W2.203.BC2	30782
CoV|P0C6W2.204.BC1	25168
CoV|P0C6W2.204.BC2	31967
CoV|P0C6W2.205.BC1	26201
CoV|P0C6W2.205.BC2	18413
CoV|P0C6W2.206.BC1	29572
CoV|P0C6W2.206.BC2	28382
CoV|P0C6W2.207.BC1	26848
CoV|P0C6W2.207.BC2	21566
CoV|P0C6W2.208.BC1	2100
CoV|P0C6W2.208.BC2	11425
CoV|P0C6W2.209.BC1	24804
CoV|P0C6W2.209.BC2	25513
CoV|P0C6W2.21.BC1	6467
CoV|P0C6W2.21.BC2	40740
CoV|P0C6W2.210.BC1	26077
CoV|P0C6W2.210.BC2	24616
CoV|P0C6W2.211.BC1	16115
CoV|P0C6W2.211.BC2	14963
CoV|P0C6W2.212.BC1	26219
CoV|P0C6W2.212.BC2	27351
CoV|P0C6W2.213.BC1	31646
CoV|P0C6W2.213.BC2	37676
CoV|P0C6W2.214.BC1	19264
CoV|P0C6W2.214.BC2	23112
CoV|P0C6W2.215.BC1	8997
CoV|P0C6W2.215.BC2	34693
CoV|P0C6W2.216.BC1	10906
CoV|P0C6W2.216.BC2	17924
CoV|P0C6W2.217.BC1	18221
CoV|P0C6W2.217.BC2	15402
CoV|P0C6W2.218.BC1	10145
CoV|P0C6W2.218.BC2	12403
CoV|P0C6W2.219.BC1	30352
CoV|P0C6W2.219.BC2	26997
CoV|P0C6W2.22.BC1	5568
CoV|P0C6W2.22.BC2	14695
CoV|P0C6W2.220.BC1	28671
CoV|P0C6W2.220.BC2	18321
CoV|P0C6W2.221.BC1	32671
CoV|P0C6W2.221.BC2	9155
CoV|P0C6W2.222.BC1	35986
CoV|P0C6W2.222.BC2	21286
CoV|P0C6W2.223.BC1	18177
CoV|P0C6W2.223.BC2	16814
CoV|P0C6W2.224.BC1	25216
CoV|P0C6W2.224.BC2	40901
CoV|P0C6W2.225.BC1	28468
CoV|P0C6W2.225.BC2	33282
CoV|P0C6W2.226.BC1	56880
CoV|P0C6W2.226.BC2	43731
CoV|P0C6W2.227.BC1	19348
CoV|P0C6W2.227.BC2	16614
CoV|P0C6W2.228.BC1	15881
CoV|P0C6W2.228.BC2	13648
CoV|P0C6W2.229.BC1	19608
CoV|P0C6W2.229.BC2	28513
CoV|P0C6W2.23.BC1	11164
CoV|P0C6W2.23.BC2	14713
CoV|P0C6W2.230.BC1	16424
CoV|P0C6W2.230.BC2	21278
CoV|P0C6W2.231.BC1	46743
CoV|P0C6W2.231.BC2	27235
CoV|P0C6W2.232.BC1	21214
CoV|P0C6W2.232.BC2	32664
CoV|P0C6W2.233.BC1	19490
CoV|P0C6W2.233.BC2	28042
CoV|P0C6W2.234.BC1	22172
CoV|P0C6W2.234.BC2	19946
CoV|P0C6W2.235.BC1	22216
CoV|P0C6W2.235.BC2	24465
CoV|P0C6W2.236.BC1	14036
CoV|P0C6W2.236.BC2	2957
CoV|P0C6W2.237.BC1	9685
CoV|P0C6W2.237.BC2	16904
CoV|P0C6W2.238.BC1	28464
CoV|P0C6W2.238.BC2	18362
CoV|P0C6W2.239.BC1	10155
CoV|P0C6W2.239.BC2	16564
CoV|P0C6W2.24.BC1	14832
CoV|P0C6W2.24.BC2	10097
CoV|P0C6W2.240.BC1	16818
CoV|P0C6W2.240.BC2	9091
CoV|P0C6W2.241.BC1	38364
CoV|P0C6W2.241.BC2	16506
CoV|P0C6W2.242.BC1	19885
CoV|P0C6W2.242.BC2	41409
CoV|P0C6W2.243.BC1	23595
CoV|P0C6W2.243.BC2	25927
CoV|P0C6W2.244.BC1	48586
CoV|P0C6W2.244.BC2	38568
CoV|P0C6W2.245.BC1	26584
CoV|P0C6W2.245.BC2	24325
CoV|P0C6W2.246.BC1	9592
CoV|P0C6W2.246.BC2	9412
CoV|P0C6W2.247.BC1	9473
CoV|P0C6W2.247.BC2	8499
CoV|P0C6W2.248.BC1	9076
CoV|P0C6W2.248.BC2	10752
CoV|P0C6W2.249.BC1	9712
CoV|P0C6W2.249.BC2	20943
CoV|P0C6W2.25.BC1	12014
CoV|P0C6W2.25.BC2	5206
CoV|P0C6W2.250.BC1	21602
CoV|P0C6W2.250.BC2	22521
CoV|P0C6W2.251.BC1	46425
CoV|P0C6W2.251.BC2	36725
CoV|P0C6W2.26.BC1	22687
CoV|P0C6W2.26.BC2	27780
CoV|P0C6W2.27.BC1	46403
CoV|P0C6W2.27.BC2	26853
CoV|P0C6W2.28.BC1	21266
CoV|P0C6W2.28.BC2	27148
CoV|P0C6W2.29.BC1	34093
CoV|P0C6W2.29.BC2	15708
CoV|P0C6W2.3.BC1	19561
CoV|P0C6W2.3.BC2	21443
CoV|P0C6W2.30.BC1	14534
CoV|P0C6W2.30.BC2	20970
CoV|P0C6W2.31.BC1	8980
CoV|P0C6W2.31.BC2	1365
CoV|P0C6W2.32.BC1	16698
CoV|P0C6W2.32.BC2	21740
CoV|P0C6W2.33.BC1	14474
CoV|P0C6W2.33.BC2	31577
CoV|P0C6W2.34.BC1	23626
CoV|P0C6W2.34.BC2	24063
CoV|P0C6W2.35.BC1	16512
CoV|P0C6W2.35.BC2	24178
CoV|P0C6W2.36.BC1	32933
CoV|P0C6W2.36.BC2	30276
CoV|P0C6W2.37.BC1	46138
CoV|P0C6W2.37.BC2	36101
CoV|P0C6W2.38.BC1	51412
CoV|P0C6W2.38.BC2	45701
CoV|P0C6W2.39.BC1	8182
CoV|P0C6W2.39.BC2	8247
CoV|P0C6W2.4.BC1	23491
CoV|P0C6W2.4.BC2	25062
CoV|P0C6W2.40.BC1	16893
CoV|P0C6W2.40.BC2	8671
CoV|P0C6W2.41.BC1	14529
CoV|P0C6W2.41.BC2	27809
CoV|P0C6W2.42.BC1	5160
CoV|P0C6W2.42.BC2	21378
CoV|P0C6W2.43.BC1	32121
CoV|P0C6W2.43.BC2	29267
CoV|P0C6W2.44.BC1	31155
CoV|P0C6W2.44.BC2	38616
CoV|P0C6W2.45.BC1	29683
CoV|P0C6W2.45.BC2	42211
CoV|P0C6W2.46.BC1	28392
CoV|P0C6W2.46.BC2	24238
CoV|P0C6W2.47.BC1	14102
CoV|P0C6W2.47.BC2	9830
CoV|P0C6W2.48.BC1	14917
CoV|P0C6W2.48.BC2	9969
CoV|P0C6W2.49.BC1	21313
CoV|P0C6W2.49.BC2	23144
CoV|P0C6W2.5.BC1	18618
CoV|P0C6W2.5.BC2	49347
CoV|P0C6W2.50.BC1	34761
CoV|P0C6W2.50.BC2	36560
CoV|P0C6W2.51.BC1	26085
CoV|P0C6W2.51.BC2	42197
CoV|P0C6W2.52.BC1	38618
CoV|P0C6W2.52.BC2	27959
CoV|P0C6W2.53.BC1	21710
CoV|P0C6W2.53.BC2	18248
CoV|P0C6W2.54.BC1	10859
CoV|P0C6W2.54.BC2	20226
CoV|P0C6W2.55.BC1	31954
CoV|P0C6W2.55.BC2	19663
CoV|P0C6W2.56.BC1	28760
CoV|P0C6W2.56.BC2	29008
CoV|P0C6W2.57.BC1	15032
CoV|P0C6W2.57.BC2	14299
CoV|P0C6W2.58.BC1	23379
CoV|P0C6W2.58.BC2	12112
CoV|P0C6W2.59.BC1	3121
CoV|P0C6W2.59.BC2	13805
CoV|P0C6W2.6.BC1	8723
CoV|P0C6W2.6.BC2	5582
CoV|P0C6W2.60.BC1	6522
CoV|P0C6W2.60.BC2	13987
CoV|P0C6W2.61.BC1	33188
CoV|P0C6W2.61.BC2	35129
CoV|P0C6W2.62.BC1	34573
CoV|P0C6W2.62.BC2	10043
CoV|P0C6W2.63.BC1	19584
CoV|P0C6W2.63.BC2	15373
CoV|P0C6W2.64.BC1	9993
CoV|P0C6W2.64.BC2	20259
CoV|P0C6W2.65.BC1	35087
CoV|P0C6W2.65.BC2	24071
CoV|P0C6W2.66.BC1	30710
CoV|P0C6W2.66.BC2	18696
CoV|P0C6W2.67.BC1	36606
CoV|P0C6W2.67.BC2	57466
CoV|P0C6W2.68.BC1	19245
CoV|P0C6W2.68.BC2	8978
CoV|P0C6W2.69.BC1	24019
CoV|P0C6W2.69.BC2	11322
CoV|P0C6W2.7.BC1	11429
CoV|P0C6W2.7.BC2	4178
CoV|P0C6W2.70.BC1	19292
CoV|P0C6W2.70.BC2	25237
CoV|P0C6W2.71.BC1	17061
CoV|P0C6W2.71.BC2	20977
CoV|P0C6W2.72.BC1	24136
CoV|P0C6W2.72.BC2	41213
CoV|P0C6W2.73.BC1	36705
CoV|P0C6W2.73.BC2	26916
CoV|P0C6W2.74.BC1	12899
CoV|P0C6W2.74.BC2	18377
CoV|P0C6W2.75.BC1	21849
CoV|P0C6W2.75.BC2	23422
CoV|P0C6W2.76.BC1	11095
CoV|P0C6W2.76.BC2	558
CoV|P0C6W2.77.BC1	15916
CoV|P0C6W2.77.BC2	10299
CoV|P0C6W2.78.BC1	40417
CoV|P0C6W2.78.BC2	34268
CoV|P0C6W2.79.BC1	17195
CoV|P0C6W2.79.BC2	26486
CoV|P0C6W2.8.BC1	13466
CoV|P0C6W2.8.BC2	32270
CoV|P0C6W2.80.BC1	11391
CoV|P0C6W2.80.BC2	17929
CoV|P0C6W2.81.BC1	16580
CoV|P0C6W2.81.BC2	36944
CoV|P0C6W2.82.BC1	12190
CoV|P0C6W2.82.BC2	13337
CoV|P0C6W2.83.BC1	14100
CoV|P0C6W2.83.BC2	45448
CoV|P0C6W2.84.BC1	22129
CoV|P0C6W2.84.BC2	9804
CoV|P0C6W2.85.BC1	49842
CoV|P0C6W2.85.BC2	16977
CoV|P0C6W2.86.BC1	38725
CoV|P0C6W2.86.BC2	11129
CoV|P0C6W2.87.BC1	19627
CoV|P0C6W2.87.BC2	18906
CoV|P0C6W2.88.BC1	23035
CoV|P0C6W2.88.BC2	33955
CoV|P0C6W2.89.BC1	27099
CoV|P0C6W2.89.BC2	21129
CoV|P0C6W2.9.BC1	21904
CoV|P0C6W2.9.BC2	20333
CoV|P0C6W2.90.BC1	27989
CoV|P0C6W2.90.BC2	19216
CoV|P0C6W2.91.BC1	13921
CoV|P0C6W2.91.BC2	9626
CoV|P0C6W2.92.BC1	30856
CoV|P0C6W2.92.BC2	31746
CoV|P0C6W2.93.BC1	27349
CoV|P0C6W2.93.BC2	28677
CoV|P0C6W2.94.BC1	16916
CoV|P0C6W2.94.BC2	34601
CoV|P0C6W2.95.BC1	18988
CoV|P0C6W2.95.BC2	44044
CoV|P0C6W2.96.BC1	11533
CoV|P0C6W2.96.BC2	4285
CoV|P0C6W2.97.BC1	21090
CoV|P0C6W2.97.BC2	22274
CoV|P0C6W2.98.BC1	22743
CoV|P0C6W2.98.BC2	34591
CoV|P0C6W2.99.BC1	21409
CoV|P0C6W2.99.BC2	41923
CoV|P0C6W6.155.BC1	47300
CoV|P0C6W6.155.BC2	39199
CoV|P0C6W6.156.BC1	24662
CoV|P0C6W6.156.BC2	13171
CoV|P0C6W6.157.BC1	19102
CoV|P0C6W6.157.BC2	23452
CoV|P0C6W6.158.BC1	21304
CoV|P0C6W6.158.BC2	19192
CoV|P0C6W6.159.BC1	27942
CoV|P0C6W6.159.BC2	25256
CoV|P0C6W6.160.BC1	5407
CoV|P0C6W6.160.BC2	18803
CoV|P0C6W6.161.BC1	16185
CoV|P0C6W6.161.BC2	21671
CoV|P0C6W6.162.BC1	24490
CoV|P0C6W6.162.BC2	6366
CoV|P0C6W6.163.BC1	16112
CoV|P0C6W6.163.BC2	10040
CoV|P0C6W6.164.BC1	24118
CoV|P0C6W6.164.BC2	17089
CoV|P0C6W6.165.BC1	25134
CoV|P0C6W6.165.BC2	13254
CoV|P0C6W6.166.BC1	15741
CoV|P0C6W6.166.BC2	9687
CoV|P0C6W6.167.BC1	18644
CoV|P0C6W6.167.BC2	26405
CoV|P0C6W6.168.BC1	24706
CoV|P0C6W6.168.BC2	21567
CoV|P0C6W6.169.BC1	13938
CoV|P0C6W6.169.BC2	27744
CoV|P0C6W6.170.BC1	21862
CoV|P0C6W6.170.BC2	8846
CoV|P0C6W6.171.BC1	29286
CoV|P0C6W6.171.BC2	18616
CoV|P0C6W6.172.BC1	10865
CoV|P0C6W6.172.BC2	6011
CoV|P0C6W6.173.BC1	31872
CoV|P0C6W6.173.BC2	33417
CoV|P0C6W6.174.BC1	16457
CoV|P0C6W6.174.BC2	34230
CoV|P0C6W6.175.BC1	11976
CoV|P0C6W6.175.BC2	8757
CoV|P0C6W6.176.BC1	14921
CoV|P0C6W6.176.BC2	20707
CoV|P0C6W6.177.BC1	39820
CoV|P0C6W6.177.BC2	22968
CoV|P0C6W6.178.BC1	7067
CoV|P0C6W6.178.BC2	16564
CoV|P0C6W6.179.BC1	8570
CoV|P0C6W6.179.BC2	16485
CoV|P0C6W6.180.BC1	72926
CoV|P0C6W6.180.BC2	41372
CoV|P0C6W6.181.BC1	15265
CoV|P0C6W6.181.BC2	23123
CoV|P0C6W6.182.BC1	9930
CoV|P0C6W6.182.BC2	12691
CoV|P0C6W6.183.BC1	23317
CoV|P0C6W6.183.BC2	8934
CoV|P0C6W6.184.BC1	24240
CoV|P0C6W6.184.BC2	28741
CoV|P0C6W6.185.BC1	47378
CoV|P0C6W6.185.BC2	40631
CoV|P0C6W6.186.BC1	13460
CoV|P0C6W6.186.BC2	9282
CoV|P0C6W6.187.BC1	8771
CoV|P0C6W6.187.BC2	9390
CoV|P0C6W6.188.BC1	25465
CoV|P0C6W6.188.BC2	9402
CoV|P0C6W6.189.BC1	28845
CoV|P0C6W6.189.BC2	30823
CoV|P0C6W6.190.BC1	26306
CoV|P0C6W6.190.BC2	35041
CoV|P0C6W6.191.BC1	33002
CoV|P0C6W6.191.BC2	49849
CoV|P0C6W6.192.BC1	25910
CoV|P0C6W6.192.BC2	24624
CoV|P0C6W6.193.BC1	14587
CoV|P0C6W6.193.BC2	19925
CoV|P0C6W6.194.BC1	31056
CoV|P0C6W6.194.BC2	28555
CoV|P0C6W6.195.BC1	10969
CoV|P0C6W6.195.BC2	10886
CoV|P0C6W6.196.BC1	20873
CoV|P0C6W6.196.BC2	16188
CoV|P0C6W6.197.BC1	18876
CoV|P0C6W6.197.BC2	17448
CoV|P0C6W6.198.BC1	18477
CoV|P0C6W6.198.BC2	35925
CoV|P0C6W6.199.BC1	21206
CoV|P0C6W6.199.BC2	9336
CoV|P0C6W6.200.BC1	40983
CoV|P0C6W6.200.BC2	32874
CoV|P0C6W6.201.BC1	21370
CoV|P0C6W6.201.BC2	25010
CoV|P0C6W6.202.BC1	34055
CoV|P0C6W6.202.BC2	40719
CoV|P0C6W6.203.BC1	42075
CoV|P0C6W6.203.BC2	26994
CoV|P0C6W6.204.BC1	24440
CoV|P0C6W6.204.BC2	17710
CoV|P0C6W6.205.BC1	32872
CoV|P0C6W6.205.BC2	28879
CoV|P0C6W6.206.BC1	16978
CoV|P0C6W6.206.BC2	41486
CoV|P0C6W6.207.BC1	34000
CoV|P0C6W6.207.BC2	15075
CoV|P0C6W6.208.BC1	12359
CoV|P0C6W6.208.BC2	14119
CoV|P0C6W6.209.BC1	17608
CoV|P0C6W6.209.BC2	21686
CoV|P0C6W6.210.BC1	26766
CoV|P0C6W6.210.BC2	24768
CoV|P0C6W6.211.BC1	19632
CoV|P0C6W6.211.BC2	17537
CoV|P0C6W6.212.BC1	15707
CoV|P0C6W6.212.BC2	38865
CoV|P0C6W6.213.BC1	14548
CoV|P0C6W6.213.BC2	23071
CoV|P0C6W6.214.BC1	22925
CoV|P0C6W6.214.BC2	13266
CoV|P0C6W6.215.BC1	26787
CoV|P0C6W6.215.BC2	9233
CoV|P0C6W6.216.BC1	15060
CoV|P0C6W6.216.BC2	13999
CoV|P0C6W6.217.BC1	13372
CoV|P0C6W6.217.BC2	31703
CoV|P0C6W6.218.BC1	38989
CoV|P0C6W6.218.BC2	12615
CoV|P0C6W6.219.BC1	32585
CoV|P0C6W6.219.BC2	31327
CoV|P0C6W6.220.BC1	18388
CoV|P0C6W6.220.BC2	25921
CoV|P0C6W6.221.BC1	28112
CoV|P0C6W6.221.BC2	20094
CoV|P0C6W6.222.BC1	27715
CoV|P0C6W6.222.BC2	18848
CoV|P0C6W6.223.BC1	19370
CoV|P0C6W6.223.BC2	17718
CoV|P0C6W6.224.BC1	39503
CoV|P0C6W6.224.BC2	17834
CoV|P0C6W6.225.BC1	28210
CoV|P0C6W6.225.BC2	27210
CoV|P0C6W6.226.BC1	35787
CoV|P0C6W6.226.BC2	33664
CoV|P0C6W6.227.BC1	14235
CoV|P0C6W6.227.BC2	7340
CoV|P0C6W6.228.BC1	7621
CoV|P0C6W6.228.BC2	10894
CoV|P0C6W6.229.BC1	25880
CoV|P0C6W6.229.BC2	28083
CoV|P0C6W6.230.BC1	31456
CoV|P0C6W6.230.BC2	35917
CoV|P0C6W6.231.BC1	28218
CoV|P0C6W6.231.BC2	42731
CoV|P0C6W6.232.BC1	29743
CoV|P0C6W6.232.BC2	32862
CoV|P0C6W6.233.BC1	48334
CoV|P0C6W6.233.BC2	38265
CoV|P0C6W6.234.BC1	16523
CoV|P0C6W6.234.BC2	26780
CoV|P0C6W6.235.BC1	33956
CoV|P0C6W6.235.BC2	1991
CoV|P0C6W6.236.BC1	3487
CoV|P0C6W6.236.BC2	11623
CoV|P0C6W6.237.BC1	4135
CoV|P0C6W6.237.BC2	9157
CoV|P0C6W6.238.BC1	33246
CoV|P0C6W6.238.BC2	21979
CoV|P0C6W6.239.BC1	12474
CoV|P0C6W6.239.BC2	17625
CoV|P0C6W6.240.BC1	10942
CoV|P0C6W6.240.BC2	11828
CoV|P0C6W6.241.BC1	14471
CoV|P0C6W6.241.BC2	12797
CoV|P0C6W6.242.BC1	6860
CoV|P0C6W6.242.BC2	8337
CoV|P0C6W6.243.BC1	18340
CoV|P0C6W6.243.BC2	43187
CoV|P0C6W6.244.BC1	48620
CoV|P0C6W6.244.BC2	44835
CoV|P0C6W6.245.BC1	21191
CoV|P0C6W6.245.BC2	23253
CoV|P0C6W6.246.BC1	18644
CoV|P0C6W6.246.BC2	4853
CoV|P0C6W6.247.BC1	15629
CoV|P0C6W6.247.BC2	15256
CoV|P0C6W6.248.BC1	8078
CoV|P0C6W6.248.BC2	9561
CoV|P0C6W6.249.BC1	22002
CoV|P0C6W6.249.BC2	15549
CoV|P0C6W6.250.BC1	29712
CoV|P0C6W6.250.BC2	11008
CoV|P0C6X1.144.BC1	28051
CoV|P0C6X1.144.BC2	51657
CoV|P0C6X1.145.BC1	15724
CoV|P0C6X1.145.BC2	17918
CoV|P0C6X1.146.BC1	24732
CoV|P0C6X1.146.BC2	3977
CoV|P0C6X1.147.BC1	13951
CoV|P0C6X1.147.BC2	2349
CoV|P0C6X1.148.BC1	31491
CoV|P0C6X1.148.BC2	26108
CoV|P0C6X1.149.BC1	8131
CoV|P0C6X1.149.BC2	12199
CoV|P0C6X1.150.BC1	10524
CoV|P0C6X1.150.BC2	11503
CoV|P0C6X1.151.BC1	8698
CoV|P0C6X1.151.BC2	16260
CoV|P0C6X1.152.BC1	20200
CoV|P0C6X1.152.BC2	33356
CoV|P0C6X1.153.BC1	17299
CoV|P0C6X1.153.BC2	23927
CoV|P0C6X1.154.BC1	19635
CoV|P0C6X1.154.BC2	15837
CoV|P0C6X1.155.BC1	35914
CoV|P0C6X1.155.BC2	37623
CoV|P0C6X1.156.BC1	16332
CoV|P0C6X1.156.BC2	13190
CoV|P0C6X1.157.BC1	17541
CoV|P0C6X1.157.BC2	8514
CoV|P0C6X1.158.BC1	22460
CoV|P0C6X1.158.BC2	17692
CoV|P0C6X1.159.BC1	18781
CoV|P0C6X1.159.BC2	18013
CoV|P0C6X1.160.BC1	27881
CoV|P0C6X1.160.BC2	15973
CoV|P0C6X1.161.BC1	20601
CoV|P0C6X1.161.BC2	14193
CoV|P0C6X1.162.BC1	15266
CoV|P0C6X1.162.BC2	28061
CoV|P0C6X1.163.BC1	28194
CoV|P0C6X1.163.BC2	26559
CoV|P0C6X1.164.BC1	39005
CoV|P0C6X1.164.BC2	35106
CoV|P0C6X1.165.BC1	22836
CoV|P0C6X1.165.BC2	29345
CoV|P0C6X1.166.BC1	33395
CoV|P0C6X1.166.BC2	22361
CoV|P0C6X1.167.BC1	30272
CoV|P0C6X1.167.BC2	20545
CoV|P0C6X1.168.BC1	10307
CoV|P0C6X1.168.BC2	15739
CoV|P0C6X1.169.BC1	17225
CoV|P0C6X1.169.BC2	13403
CoV|P0C6X1.170.BC1	8100
CoV|P0C6X1.170.BC2	17379
CoV|P0C6X1.171.BC1	16175
CoV|P0C6X1.171.BC2	35642
CoV|P0C6X1.172.BC1	21714
CoV|P0C6X1.172.BC2	15186
CoV|P0C6X1.173.BC1	16744
CoV|P0C6X1.173.BC2	11125
CoV|P0C6X1.174.BC1	14556
CoV|P0C6X1.174.BC2	25540
CoV|P0C6X1.175.BC1	4763
CoV|P0C6X1.175.BC2	14079
CoV|P0C6X1.176.BC1	5357
CoV|P0C6X1.176.BC2	7979
CoV|P0C6X1.177.BC1	13379
CoV|P0C6X1.177.BC2	11665
CoV|P0C6X1.178.BC1	11280
CoV|P0C6X1.178.BC2	23444
CoV|P0C6X1.179.BC1	9392
CoV|P0C6X1.179.BC2	17916
CoV|P0C6X1.180.BC1	35535
CoV|P0C6X1.180.BC2	53364
CoV|P0C6X1.181.BC1	39862
CoV|P0C6X1.181.BC2	34625
CoV|P0C6X1.182.BC1	27885
CoV|P0C6X1.182.BC2	22382
CoV|P0C6X1.183.BC1	20364
CoV|P0C6X1.183.BC2	23724
CoV|P0C6X1.184.BC1	21684
CoV|P0C6X1.184.BC2	22968
CoV|P0C6X1.185.BC1	16059
CoV|P0C6X1.185.BC2	22568
CoV|P0C6X1.186.BC1	14927
CoV|P0C6X1.186.BC2	884
CoV|P0C6X1.187.BC1	31762
CoV|P0C6X1.187.BC2	21873
CoV|P0C6X1.188.BC1	29454
CoV|P0C6X1.188.BC2	22381
CoV|P0C6X1.189.BC1	30838
CoV|P0C6X1.189.BC2	15732
CoV|P0C6X1.190.BC1	49320
CoV|P0C6X1.190.BC2	21012
CoV|P0C6X1.191.BC1	22273
CoV|P0C6X1.191.BC2	23172
CoV|P0C6X1.192.BC1	25091
CoV|P0C6X1.192.BC2	46118
CoV|P0C6X1.193.BC1	17697
CoV|P0C6X1.193.BC2	31080
CoV|P0C6X1.194.BC1	16180
CoV|P0C6X1.194.BC2	21089
CoV|P0C6X1.195.BC1	26912
CoV|P0C6X1.195.BC2	20910
CoV|P0C6X1.196.BC1	29110
CoV|P0C6X1.196.BC2	26307
CoV|P0C6X1.197.BC1	23803
CoV|P0C6X1.197.BC2	29338
CoV|P0C6X1.198.BC1	29748
CoV|P0C6X1.198.BC2	35339
CoV|P0C6X1.199.BC1	35978
CoV|P0C6X1.199.BC2	50415
CoV|P0C6X1.200.BC1	28688
CoV|P0C6X1.200.BC2	39663
CoV|P0C6X1.201.BC1	53160
CoV|P0C6X1.201.BC2	33541
CoV|P0C6X1.202.BC1	51251
CoV|P0C6X1.202.BC2	29728
CoV|P0C6X1.203.BC1	30630
CoV|P0C6X1.203.BC2	39473
CoV|P0C6X1.204.BC1	38995
CoV|P0C6X1.204.BC2	10875
CoV|P0C6X1.205.BC1	19074
CoV|P0C6X1.205.BC2	24875
CoV|P0C6X1.206.BC1	11458
CoV|P0C6X1.206.BC2	20421
CoV|P0C6X1.207.BC1	22755
CoV|P0C6X1.207.BC2	32731
CoV|P0C6X1.208.BC1	20692
CoV|P0C6X1.208.BC2	22164
CoV|P0C6X1.209.BC1	33580
CoV|P0C6X1.209.BC2	11838
CoV|P0C6X1.210.BC1	49514
CoV|P0C6X1.210.BC2	19264
CoV|P0C6X1.211.BC1	31772
CoV|P0C6X1.211.BC2	24098
CoV|P0C6X1.212.BC1	18726
CoV|P0C6X1.212.BC2	26872
CoV|P0C6X1.213.BC1	14800
CoV|P0C6X1.213.BC2	23318
CoV|P0C6X1.214.BC1	52244
CoV|P0C6X1.214.BC2	60523
CoV|P0C6X1.215.BC1	39772
CoV|P0C6X1.215.BC2	22426
CoV|P0C6X1.216.BC1	10357
CoV|P0C6X1.216.BC2	18529
CoV|P0C6X1.217.BC1	10854
CoV|P0C6X1.217.BC2	14448
CoV|P0C6X1.218.BC1	35744
CoV|P0C6X1.218.BC2	33132
CoV|P0C6X1.219.BC1	26892
CoV|P0C6X1.219.BC2	34763
CoV|P0C6X1.220.BC1	23834
CoV|P0C6X1.220.BC2	23452
CoV|P0C6X1.221.BC1	28717
CoV|P0C6X1.221.BC2	25933
CoV|P0C6X1.222.BC1	23893
CoV|P0C6X1.222.BC2	26961
CoV|P0C6X1.223.BC1	23993
CoV|P0C6X1.223.BC2	34771
CoV|P0C6X1.224.BC1	29642
CoV|P0C6X1.224.BC2	33326
CoV|P0C6X1.225.BC1	19962
CoV|P0C6X1.225.BC2	28940
CoV|P0C6X1.226.BC1	10794
CoV|P0C6X1.226.BC2	19553
CoV|P0C6X1.227.BC1	10031
CoV|P0C6X1.227.BC2	15187
CoV|P0C6X1.228.BC1	5147
CoV|P0C6X1.228.BC2	8740
CoV|P0C6X1.229.BC1	12968
CoV|P0C6X1.229.BC2	10466
CoV|P0C6X1.230.BC1	11886
CoV|P0C6X1.230.BC2	19366
CoV|P0C6X1.231.BC1	21226
CoV|P0C6X1.231.BC2	32922
CoV|P0C6X1.232.BC1	48433
CoV|P0C6X1.232.BC2	39601
CoV|P0C6X1.233.BC1	36799
CoV|P0C6X1.233.BC2	23420
CoV|P0C6X1.234.BC1	36908
CoV|P0C6X1.234.BC2	37773
CoV|P0C6X1.235.BC1	2289
CoV|P0C6X1.235.BC2	3279
CoV|P0C6X1.236.BC1	664
CoV|P0C6X1.236.BC2	11521
CoV|P0C6X1.237.BC1	17827
CoV|P0C6X1.237.BC2	19283
CoV|P0C6X1.238.BC1	8221
CoV|P0C6X1.238.BC2	17539
CoV|P0C6X1.239.BC1	27995
CoV|P0C6X1.239.BC2	9806
CoV|P0C6X1.240.BC1	16062
CoV|P0C6X1.240.BC2	27721
CoV|P0C6X3.0.BC1	46957
CoV|P0C6X3.0.BC2	37738
CoV|P0C6X3.1.BC1	19296
CoV|P0C6X3.1.BC2	28666
CoV|P0C6X3.10.BC1	7963
CoV|P0C6X3.10.BC2	8553
CoV|P0C6X3.100.BC1	487
CoV|P0C6X3.100.BC2	16950
CoV|P0C6X3.101.BC1	32216
CoV|P0C6X3.101.BC2	5133
CoV|P0C6X3.102.BC1	10280
CoV|P0C6X3.102.BC2	21492
CoV|P0C6X3.103.BC1	2632
CoV|P0C6X3.103.BC2	23412
CoV|P0C6X3.104.BC1	20772
CoV|P0C6X3.104.BC2	12905
CoV|P0C6X3.105.BC1	24063
CoV|P0C6X3.105.BC2	33404
CoV|P0C6X3.106.BC1	23745
CoV|P0C6X3.106.BC2	51660
CoV|P0C6X3.107.BC1	20558
CoV|P0C6X3.108.BC1	3190
CoV|P0C6X3.108.BC2	812
CoV|P0C6X3.109.BC1	793
CoV|P0C6X3.109.BC2	5737
CoV|P0C6X3.11.BC1	15667
CoV|P0C6X3.11.BC2	15227
CoV|P0C6X3.110.BC1	33316
CoV|P0C6X3.110.BC2	33791
CoV|P0C6X3.111.BC1	18484
CoV|P0C6X3.111.BC2	37045
CoV|P0C6X3.112.BC1	40918
CoV|P0C6X3.112.BC2	34056
CoV|P0C6X3.113.BC1	25194
CoV|P0C6X3.113.BC2	15327
CoV|P0C6X3.114.BC1	21567
CoV|P0C6X3.114.BC2	8077
CoV|P0C6X3.115.BC1	30186
CoV|P0C6X3.115.BC2	31965
CoV|P0C6X3.116.BC1	29059
CoV|P0C6X3.116.BC2	12295
CoV|P0C6X3.117.BC1	50512
CoV|P0C6X3.117.BC2	34416
CoV|P0C6X3.118.BC1	36970
CoV|P0C6X3.118.BC2	8468
CoV|P0C6X3.119.BC1	15642
CoV|P0C6X3.119.BC2	16742
CoV|P0C6X3.12.BC1	35039
CoV|P0C6X3.12.BC2	27628
CoV|P0C6X3.120.BC1	15638
CoV|P0C6X3.120.BC2	20453
CoV|P0C6X3.121.BC1	6398
CoV|P0C6X3.121.BC2	1452
CoV|P0C6X3.122.BC1	16968
CoV|P0C6X3.122.BC2	7488
CoV|P0C6X3.123.BC1	29312
CoV|P0C6X3.123.BC2	23559
CoV|P0C6X3.124.BC1	16834
CoV|P0C6X3.124.BC2	28445
CoV|P0C6X3.125.BC1	12125
CoV|P0C6X3.125.BC2	19317
CoV|P0C6X3.126.BC1	17484
CoV|P0C6X3.126.BC2	7316
CoV|P0C6X3.127.BC1	8273
CoV|P0C6X3.127.BC2	12564
CoV|P0C6X3.128.BC1	24038
CoV|P0C6X3.128.BC2	22232
CoV|P0C6X3.129.BC1	36403
CoV|P0C6X3.129.BC2	45540
CoV|P0C6X3.13.BC1	21630
CoV|P0C6X3.13.BC2	18295
CoV|P0C6X3.130.BC1	32622
CoV|P0C6X3.130.BC2	17446
CoV|P0C6X3.131.BC1	43291
CoV|P0C6X3.131.BC2	32903
CoV|P0C6X3.132.BC1	25342
CoV|P0C6X3.132.BC2	28011
CoV|P0C6X3.133.BC1	45869
CoV|P0C6X3.133.BC2	31111
CoV|P0C6X3.134.BC1	22133
CoV|P0C6X3.134.BC2	13639
CoV|P0C6X3.135.BC1	17251
CoV|P0C6X3.135.BC2	21693
CoV|P0C6X3.136.BC1	1395
CoV|P0C6X3.136.BC2	27355
CoV|P0C6X3.137.BC1	15461
CoV|P0C6X3.137.BC2	17236
CoV|P0C6X3.138.BC1	13697
CoV|P0C6X3.138.BC2	13530
CoV|P0C6X3.139.BC1	26796
CoV|P0C6X3.139.BC2	2330
CoV|P0C6X3.14.BC1	27772
CoV|P0C6X3.14.BC2	22305
CoV|P0C6X3.140.BC1	11184
CoV|P0C6X3.140.BC2	18353
CoV|P0C6X3.141.BC1	4980
CoV|P0C6X3.141.BC2	14531
CoV|P0C6X3.142.BC1	23012
CoV|P0C6X3.142.BC2	29155
CoV|P0C6X3.143.BC1	45484
CoV|P0C6X3.143.BC2	17234
CoV|P0C6X3.144.BC1	10145
CoV|P0C6X3.144.BC2	16851
CoV|P0C6X3.145.BC1	12462
CoV|P0C6X3.145.BC2	12689
CoV|P0C6X3.146.BC1	8583
CoV|P0C6X3.146.BC2	23963
CoV|P0C6X3.147.BC1	7175
CoV|P0C6X3.147.BC2	15278
CoV|P0C6X3.148.BC1	18460
CoV|P0C6X3.148.BC2	20871
CoV|P0C6X3.149.BC1	37192
CoV|P0C6X3.149.BC2	36318
CoV|P0C6X3.15.BC1	21979
CoV|P0C6X3.15.BC2	16938
CoV|P0C6X3.150.BC1	11745
CoV|P0C6X3.150.BC2	32571
CoV|P0C6X3.151.BC1	4465
CoV|P0C6X3.151.BC2	15705
CoV|P0C6X3.152.BC1	15750
CoV|P0C6X3.152.BC2	16216
CoV|P0C6X3.153.BC1	15091
CoV|P0C6X3.153.BC2	20774
CoV|P0C6X3.154.BC1	12658
CoV|P0C6X3.154.BC2	15096
CoV|P0C6X3.155.BC1	13005
CoV|P0C6X3.155.BC2	12202
CoV|P0C6X3.156.BC1	13850
CoV|P0C6X3.156.BC2	22378
CoV|P0C6X3.157.BC1	46296
CoV|P0C6X3.157.BC2	37064
CoV|P0C6X3.158.BC1	21507
CoV|P0C6X3.158.BC2	28320
CoV|P0C6X3.159.BC1	10666
CoV|P0C6X3.159.BC2	11219
CoV|P0C6X3.16.BC1	19626
CoV|P0C6X3.16.BC2	31092
CoV|P0C6X3.160.BC1	25848
CoV|P0C6X3.160.BC2	30521
CoV|P0C6X3.161.BC1	32720
CoV|P0C6X3.161.BC2	23359
CoV|P0C6X3.162.BC1	19272
CoV|P0C6X3.162.BC2	16248
CoV|P0C6X3.163.BC1	25740
CoV|P0C6X3.163.BC2	14773
CoV|P0C6X3.164.BC1	11398
CoV|P0C6X3.164.BC2	14999
CoV|P0C6X3.165.BC1	23050
CoV|P0C6X3.165.BC2	7007
CoV|P0C6X3.166.BC1	18312
CoV|P0C6X3.166.BC2	3422
CoV|P0C6X3.167.BC1	29827
CoV|P0C6X3.167.BC2	13840
CoV|P0C6X3.168.BC1	20684
CoV|P0C6X3.168.BC2	22630
CoV|P0C6X3.169.BC1	23549
CoV|P0C6X3.169.BC2	10837
CoV|P0C6X3.17.BC1	8643
CoV|P0C6X3.17.BC2	16241
CoV|P0C6X3.170.BC1	23879
CoV|P0C6X3.170.BC2	27035
CoV|P0C6X3.171.BC1	3348
CoV|P0C6X3.171.BC2	11063
CoV|P0C6X3.172.BC1	9618
CoV|P0C6X3.172.BC2	22546
CoV|P0C6X3.173.BC1	4758
CoV|P0C6X3.173.BC2	11499
CoV|P0C6X3.174.BC1	22562
CoV|P0C6X3.174.BC2	9394
CoV|P0C6X3.175.BC1	15675
CoV|P0C6X3.175.BC2	33225
CoV|P0C6X3.176.BC1	32884
CoV|P0C6X3.176.BC2	32228
CoV|P0C6X3.177.BC1	25471
CoV|P0C6X3.177.BC2	33161
CoV|P0C6X3.178.BC1	19895
CoV|P0C6X3.178.BC2	20749
CoV|P0C6X3.179.BC1	17021
CoV|P0C6X3.179.BC2	26636
CoV|P0C6X3.18.BC1	21859
CoV|P0C6X3.18.BC2	28280
CoV|P0C6X3.180.BC1	11531
CoV|P0C6X3.180.BC2	7542
CoV|P0C6X3.181.BC1	18060
CoV|P0C6X3.181.BC2	14391
CoV|P0C6X3.182.BC1	22040
CoV|P0C6X3.182.BC2	23578
CoV|P0C6X3.183.BC1	6358
CoV|P0C6X3.183.BC2	7976
CoV|P0C6X3.184.BC1	23708
CoV|P0C6X3.184.BC2	14513
CoV|P0C6X3.185.BC1	8099
CoV|P0C6X3.185.BC2	7502
CoV|P0C6X3.186.BC1	11657
CoV|P0C6X3.186.BC2	12891
CoV|P0C6X3.187.BC1	25019
CoV|P0C6X3.187.BC2	26136
CoV|P0C6X3.188.BC1	1980
CoV|P0C6X3.188.BC2	5952
CoV|P0C6X3.189.BC1	9817
CoV|P0C6X3.189.BC2	10902
CoV|P0C6X3.19.BC1	22185
CoV|P0C6X3.19.BC2	13712
CoV|P0C6X3.190.BC1	19983
CoV|P0C6X3.190.BC2	36868
CoV|P0C6X3.191.BC1	12061
CoV|P0C6X3.191.BC2	25261
CoV|P0C6X3.192.BC1	35416
CoV|P0C6X3.192.BC2	22242
CoV|P0C6X3.193.BC1	17434
CoV|P0C6X3.193.BC2	9271
CoV|P0C6X3.194.BC1	15461
CoV|P0C6X3.194.BC2	6070
CoV|P0C6X3.195.BC1	24660
CoV|P0C6X3.195.BC2	26685
CoV|P0C6X3.196.BC1	24027
CoV|P0C6X3.196.BC2	19943
CoV|P0C6X3.197.BC1	9898
CoV|P0C6X3.197.BC2	9946
CoV|P0C6X3.198.BC1	7181
CoV|P0C6X3.198.BC2	11632
CoV|P0C6X3.199.BC1	19010
CoV|P0C6X3.199.BC2	18300
CoV|P0C6X3.2.BC1	20593
CoV|P0C6X3.2.BC2	15819
CoV|P0C6X3.20.BC1	34736
CoV|P0C6X3.20.BC2	22064
CoV|P0C6X3.200.BC1	8612
CoV|P0C6X3.200.BC2	12338
CoV|P0C6X3.201.BC1	11390
CoV|P0C6X3.201.BC2	18974
CoV|P0C6X3.202.BC1	47620
CoV|P0C6X3.202.BC2	30743
CoV|P0C6X3.203.BC1	8926
CoV|P0C6X3.203.BC2	9589
CoV|P0C6X3.204.BC1	30101
CoV|P0C6X3.204.BC2	21059
CoV|P0C6X3.205.BC1	29223
CoV|P0C6X3.205.BC2	39173
CoV|P0C6X3.206.BC1	12835
CoV|P0C6X3.206.BC2	13151
CoV|P0C6X3.207.BC1	16479
CoV|P0C6X3.207.BC2	13928
CoV|P0C6X3.208.BC1	12153
CoV|P0C6X3.208.BC2	11340
CoV|P0C6X3.209.BC1	25058
CoV|P0C6X3.209.BC2	12329
CoV|P0C6X3.21.BC1	20099
CoV|P0C6X3.21.BC2	38532
CoV|P0C6X3.210.BC1	9711
CoV|P0C6X3.210.BC2	14156
CoV|P0C6X3.211.BC1	23647
CoV|P0C6X3.211.BC2	808
CoV|P0C6X3.212.BC1	12553
CoV|P0C6X3.212.BC2	21954
CoV|P0C6X3.213.BC1	25353
CoV|P0C6X3.213.BC2	37333
CoV|P0C6X3.214.BC1	23959
CoV|P0C6X3.214.BC2	25915
CoV|P0C6X3.215.BC1	14340
CoV|P0C6X3.215.BC2	18231
CoV|P0C6X3.216.BC1	19262
CoV|P0C6X3.216.BC2	19230
CoV|P0C6X3.217.BC1	28390
CoV|P0C6X3.217.BC2	17546
CoV|P0C6X3.218.BC1	7563
CoV|P0C6X3.218.BC2	17874
CoV|P0C6X3.219.BC1	11618
CoV|P0C6X3.219.BC2	13230
CoV|P0C6X3.22.BC1	31458
CoV|P0C6X3.22.BC2	20262
CoV|P0C6X3.220.BC1	36197
CoV|P0C6X3.220.BC2	25441
CoV|P0C6X3.221.BC1	20318
CoV|P0C6X3.221.BC2	25847
CoV|P0C6X3.222.BC1	2060
CoV|P0C6X3.222.BC2	16772
CoV|P0C6X3.223.BC1	35945
CoV|P0C6X3.223.BC2	11791
CoV|P0C6X3.224.BC1	33683
CoV|P0C6X3.224.BC2	71873
CoV|P0C6X3.225.BC1	20227
CoV|P0C6X3.225.BC2	26636
CoV|P0C6X3.226.BC1	45473
CoV|P0C6X3.226.BC2	19796
CoV|P0C6X3.227.BC1	37482
CoV|P0C6X3.227.BC2	67157
CoV|P0C6X3.228.BC1	49877
CoV|P0C6X3.228.BC2	47348
CoV|P0C6X3.229.BC1	14672
CoV|P0C6X3.229.BC2	11991
CoV|P0C6X3.23.BC1	10493
CoV|P0C6X3.23.BC2	33595
CoV|P0C6X3.230.BC1	16017
CoV|P0C6X3.230.BC2	4270
CoV|P0C6X3.231.BC1	5274
CoV|P0C6X3.231.BC2	6536
CoV|P0C6X3.232.BC1	14007
CoV|P0C6X3.232.BC2	16576
CoV|P0C6X3.233.BC1	2467
CoV|P0C6X3.233.BC2	3088
CoV|P0C6X3.234.BC1	14200
CoV|P0C6X3.234.BC2	10243
CoV|P0C6X3.235.BC1	28995
CoV|P0C6X3.235.BC2	35625
CoV|P0C6X3.236.BC1	24512
CoV|P0C6X3.236.BC2	24832
CoV|P0C6X3.237.BC1	21767
CoV|P0C6X3.237.BC2	12896
CoV|P0C6X3.238.BC1	13872
CoV|P0C6X3.238.BC2	26906
CoV|P0C6X3.239.BC1	4087
CoV|P0C6X3.239.BC2	21963
CoV|P0C6X3.24.BC1	21946
CoV|P0C6X3.24.BC2	15138
CoV|P0C6X3.240.BC1	15345
CoV|P0C6X3.240.BC2	8134
CoV|P0C6X3.241.BC1	9794
CoV|P0C6X3.241.BC2	5248
CoV|P0C6X3.242.BC1	11357
CoV|P0C6X3.242.BC2	11151
CoV|P0C6X3.243.BC1	4136
CoV|P0C6X3.243.BC2	14773
CoV|P0C6X3.244.BC1	14747
CoV|P0C6X3.244.BC2	29597
CoV|P0C6X3.245.BC1	7550
CoV|P0C6X3.245.BC2	11681
CoV|P0C6X3.246.BC1	25934
CoV|P0C6X3.246.BC2	26247
CoV|P0C6X3.247.BC1	63149
CoV|P0C6X3.247.BC2	67156
CoV|P0C6X3.248.BC1	15528
CoV|P0C6X3.248.BC2	21385
CoV|P0C6X3.249.BC1	262
CoV|P0C6X3.249.BC2	15089
CoV|P0C6X3.25.BC1	25621
CoV|P0C6X3.25.BC2	35703
CoV|P0C6X3.250.BC1	738
CoV|P0C6X3.250.BC2	543
CoV|P0C6X3.251.BC1	18155
CoV|P0C6X3.251.BC2	19841
CoV|P0C6X3.252.BC1	21860
CoV|P0C6X3.252.BC2	13921
CoV|P0C6X3.253.BC1	15298
CoV|P0C6X3.253.BC2	15037
CoV|P0C6X3.254.BC1	18349
CoV|P0C6X3.254.BC2	24800
CoV|P0C6X3.26.BC1	36451
CoV|P0C6X3.26.BC2	17314
CoV|P0C6X3.27.BC1	36437
CoV|P0C6X3.27.BC2	13482
CoV|P0C6X3.28.BC1	20127
CoV|P0C6X3.28.BC2	16954
CoV|P0C6X3.29.BC1	20055
CoV|P0C6X3.29.BC2	11485
CoV|P0C6X3.3.BC1	22628
CoV|P0C6X3.3.BC2	20749
CoV|P0C6X3.30.BC1	6588
CoV|P0C6X3.30.BC2	7587
CoV|P0C6X3.31.BC1	20873
CoV|P0C6X3.31.BC2	3535
CoV|P0C6X3.32.BC1	43803
CoV|P0C6X3.32.BC2	32734
CoV|P0C6X3.33.BC1	59901
CoV|P0C6X3.33.BC2	40257
CoV|P0C6X3.34.BC1	48047
CoV|P0C6X3.34.BC2	43202
CoV|P0C6X3.35.BC1	42944
CoV|P0C6X3.35.BC2	54146
CoV|P0C6X3.36.BC1	29845
CoV|P0C6X3.36.BC2	41399
CoV|P0C6X3.37.BC1	44496
CoV|P0C6X3.37.BC2	50892
CoV|P0C6X3.38.BC1	10020
CoV|P0C6X3.38.BC2	14712
CoV|P0C6X3.39.BC1	5938
CoV|P0C6X3.39.BC2	16804
CoV|P0C6X3.4.BC1	9705
CoV|P0C6X3.4.BC2	11630
CoV|P0C6X3.40.BC1	14696
CoV|P0C6X3.40.BC2	18853
CoV|P0C6X3.41.BC1	27109
CoV|P0C6X3.41.BC2	16368
CoV|P0C6X3.42.BC1	19635
CoV|P0C6X3.42.BC2	20118
CoV|P0C6X3.43.BC1	34264
CoV|P0C6X3.43.BC2	37747
CoV|P0C6X3.44.BC1	20588
CoV|P0C6X3.44.BC2	13846
CoV|P0C6X3.45.BC1	15424
CoV|P0C6X3.45.BC2	5954
CoV|P0C6X3.46.BC1	12642
CoV|P0C6X3.46.BC2	7947
CoV|P0C6X3.47.BC1	3394
CoV|P0C6X3.47.BC2	22253
CoV|P0C6X3.48.BC1	42400
CoV|P0C6X3.48.BC2	30723
CoV|P0C6X3.49.BC1	31011
CoV|P0C6X3.49.BC2	26951
CoV|P0C6X3.5.BC1	13589
CoV|P0C6X3.5.BC2	4486
CoV|P0C6X3.50.BC1	14878
CoV|P0C6X3.50.BC2	9457
CoV|P0C6X3.51.BC1	15497
CoV|P0C6X3.51.BC2	12710
CoV|P0C6X3.52.BC1	2232
CoV|P0C6X3.52.BC2	5908
CoV|P0C6X3.53.BC1	19979
CoV|P0C6X3.53.BC2	5936
CoV|P0C6X3.54.BC1	10390
CoV|P0C6X3.54.BC2	676
CoV|P0C6X3.55.BC1	14796
CoV|P0C6X3.55.BC2	2
CoV|P0C6X3.56.BC1	16278
CoV|P0C6X3.56.BC2	13320
CoV|P0C6X3.57.BC1	823
CoV|P0C6X3.57.BC2	17355
CoV|P0C6X3.58.BC1	14087
CoV|P0C6X3.58.BC2	11759
CoV|P0C6X3.59.BC1	11150
CoV|P0C6X3.59.BC2	9658
CoV|P0C6X3.6.BC1	9898
CoV|P0C6X3.6.BC2	36780
CoV|P0C6X3.60.BC1	14821
CoV|P0C6X3.60.BC2	15417
CoV|P0C6X3.61.BC1	15441
CoV|P0C6X3.61.BC2	20610
CoV|P0C6X3.62.BC1	8646
CoV|P0C6X3.62.BC2	11057
CoV|P0C6X3.63.BC1	9005
CoV|P0C6X3.63.BC2	13633
CoV|P0C6X3.64.BC1	7464
CoV|P0C6X3.64.BC2	17427
CoV|P0C6X3.65.BC1	35518
CoV|P0C6X3.65.BC2	24684
CoV|P0C6X3.66.BC1	23881
CoV|P0C6X3.66.BC2	29089
CoV|P0C6X3.67.BC1	26291
CoV|P0C6X3.67.BC2	10527
CoV|P0C6X3.68.BC1	21137
CoV|P0C6X3.68.BC2	10779
CoV|P0C6X3.69.BC1	19144
CoV|P0C6X3.69.BC2	40301
CoV|P0C6X3.7.BC1	20726
CoV|P0C6X3.7.BC2	24757
CoV|P0C6X3.70.BC1	30258
CoV|P0C6X3.70.BC2	21067
CoV|P0C6X3.71.BC1	19308
CoV|P0C6X3.71.BC2	20357
CoV|P0C6X3.72.BC1	28608
CoV|P0C6X3.72.BC2	13656
CoV|P0C6X3.73.BC1	45345
CoV|P0C6X3.73.BC2	33460
CoV|P0C6X3.74.BC1	36499
CoV|P0C6X3.74.BC2	37672
CoV|P0C6X3.75.BC1	13478
CoV|P0C6X3.75.BC2	10103
CoV|P0C6X3.76.BC1	22939
CoV|P0C6X3.76.BC2	16077
CoV|P0C6X3.77.BC1	6552
CoV|P0C6X3.77.BC2	12543
CoV|P0C6X3.78.BC1	12049
CoV|P0C6X3.78.BC2	837
CoV|P0C6X3.79.BC1	30303
CoV|P0C6X3.79.BC2	632
CoV|P0C6X3.8.BC1	16138
CoV|P0C6X3.8.BC2	32839
CoV|P0C6X3.80.BC1	37808
CoV|P0C6X3.80.BC2	39986
CoV|P0C6X3.81.BC1	34972
CoV|P0C6X3.81.BC2	13029
CoV|P0C6X3.82.BC1	14215
CoV|P0C6X3.82.BC2	23729
CoV|P0C6X3.83.BC1	24416
CoV|P0C6X3.83.BC2	36761
CoV|P0C6X3.84.BC1	31805
CoV|P0C6X3.84.BC2	22032
CoV|P0C6X3.85.BC1	40690
CoV|P0C6X3.85.BC2	5673
CoV|P0C6X3.86.BC1	33824
CoV|P0C6X3.86.BC2	44337
CoV|P0C6X3.87.BC1	15703
CoV|P0C6X3.87.BC2	18005
CoV|P0C6X3.88.BC1	14954
CoV|P0C6X3.88.BC2	9139
CoV|P0C6X3.89.BC1	17230
CoV|P0C6X3.89.BC2	14346
CoV|P0C6X3.9.BC1	17288
CoV|P0C6X3.9.BC2	9350
CoV|P0C6X3.90.BC1	39784
CoV|P0C6X3.90.BC2	40743
CoV|P0C6X3.91.BC1	18143
CoV|P0C6X3.91.BC2	13094
CoV|P0C6X3.92.BC1	10009
CoV|P0C6X3.92.BC2	11483
CoV|P0C6X3.93.BC1	34029
CoV|P0C6X3.93.BC2	20959
CoV|P0C6X3.94.BC1	2239
CoV|P0C6X3.94.BC2	22077
CoV|P0C6X3.95.BC1	37810
CoV|P0C6X3.95.BC2	9215
CoV|P0C6X3.96.BC1	36651
CoV|P0C6X3.96.BC2	32933
CoV|P0C6X3.97.BC1	32865
CoV|P0C6X3.97.BC2	36710
CoV|P0C6X3.98.BC1	38257
CoV|P0C6X3.98.BC2	30263
CoV|P0C6X3.99.BC1	797
CoV|P0C6X3.99.BC2	38757
CoV|P0C6X6.155.BC1	40615
CoV|P0C6X6.155.BC2	51044
CoV|P0C6X6.156.BC1	10306
CoV|P0C6X6.156.BC2	12030
CoV|P0C6X6.157.BC1	6494
CoV|P0C6X6.157.BC2	12367
CoV|P0C6X6.158.BC1	24034
CoV|P0C6X6.158.BC2	12453
CoV|P0C6X6.159.BC1	58764
CoV|P0C6X6.159.BC2	39814
CoV|P0C6X6.160.BC1	22173
CoV|P0C6X6.160.BC2	16629
CoV|P0C6X6.161.BC1	14844
CoV|P0C6X6.161.BC2	21728
CoV|P0C6X6.162.BC1	13190
CoV|P0C6X6.162.BC2	11080
CoV|P0C6X6.163.BC1	20123
CoV|P0C6X6.163.BC2	28692
CoV|P0C6X6.164.BC1	8244
CoV|P0C6X6.164.BC2	24778
CoV|P0C6X6.165.BC1	25942
CoV|P0C6X6.165.BC2	26351
CoV|P0C6X6.166.BC1	28572
CoV|P0C6X6.166.BC2	18023
CoV|P0C6X6.167.BC1	5410
CoV|P0C6X6.167.BC2	12512
CoV|P0C6X6.168.BC1	10744
CoV|P0C6X6.168.BC2	11308
CoV|P0C6X6.169.BC1	22743
CoV|P0C6X6.169.BC2	9952
CoV|P0C6X6.170.BC1	23894
CoV|P0C6X6.170.BC2	36347
CoV|P0C6X6.171.BC1	17533
CoV|P0C6X6.171.BC2	9474
CoV|P0C6X6.172.BC1	4383
CoV|P0C6X6.172.BC2	14457
CoV|P0C6X6.173.BC1	36554
CoV|P0C6X6.173.BC2	25051
CoV|P0C6X6.174.BC1	19438
CoV|P0C6X6.174.BC2	21166
CoV|P0C6X6.175.BC1	36729
CoV|P0C6X6.175.BC2	22232
CoV|P0C6X6.176.BC1	15969
CoV|P0C6X6.176.BC2	12765
CoV|P0C6X6.177.BC1	23871
CoV|P0C6X6.177.BC2	57633
CoV|P0C6X6.178.BC1	14187
CoV|P0C6X6.178.BC2	13673
CoV|P0C6X6.179.BC1	17306
CoV|P0C6X6.179.BC2	26371
CoV|P0C6X6.180.BC1	27808
CoV|P0C6X6.180.BC2	26721
CoV|P0C6X6.181.BC1	19552
CoV|P0C6X6.181.BC2	20082
CoV|P0C6X6.182.BC1	12374
CoV|P0C6X6.182.BC2	3466
CoV|P0C6X6.183.BC1	21400
CoV|P0C6X6.183.BC2	7891
CoV|P0C6X6.184.BC1	62478
CoV|P0C6X6.184.BC2	46707
CoV|P0C6X6.185.BC1	30940
CoV|P0C6X6.185.BC2	13289
CoV|P0C6X6.186.BC1	8293
CoV|P0C6X6.186.BC2	8717
CoV|P0C6X6.187.BC1	18470
CoV|P0C6X6.187.BC2	1042
CoV|P0C6X6.188.BC1	14091
CoV|P0C6X6.188.BC2	36842
CoV|P0C6X6.189.BC1	29024
CoV|P0C6X6.189.BC2	40410
CoV|P0C6X6.190.BC1	40366
CoV|P0C6X6.190.BC2	16428
CoV|P0C6X6.191.BC1	16561
CoV|P0C6X6.191.BC2	16552
CoV|P0C6X6.192.BC1	12042
CoV|P0C6X6.192.BC2	16119
CoV|P0C6X6.193.BC1	38038
CoV|P0C6X6.193.BC2	31415
CoV|P0C6X6.194.BC1	15176
CoV|P0C6X6.194.BC2	14270
CoV|P0C6X6.195.BC1	15499
CoV|P0C6X6.195.BC2	20672
CoV|P0C6X6.196.BC1	11601
CoV|P0C6X6.196.BC2	10294
CoV|P0C6X6.197.BC1	23867
CoV|P0C6X6.197.BC2	20707
CoV|P0C6X6.198.BC1	15392
CoV|P0C6X6.198.BC2	9339
CoV|P0C6X6.199.BC1	15227
CoV|P0C6X6.199.BC2	5912
CoV|P0C6X6.200.BC1	30279
CoV|P0C6X6.200.BC2	25794
CoV|P0C6X6.201.BC1	18004
CoV|P0C6X6.201.BC2	26774
CoV|P0C6X6.202.BC1	27880
CoV|P0C6X6.202.BC2	13432
CoV|P0C6X6.203.BC1	30547
CoV|P0C6X6.203.BC2	26085
CoV|P0C6X6.204.BC1	15301
CoV|P0C6X6.204.BC2	10092
CoV|P0C6X6.205.BC1	142
CoV|P0C6X6.205.BC2	6258
CoV|P0C6X6.206.BC1	36289
CoV|P0C6X6.206.BC2	18042
CoV|P0C6X6.207.BC1	43311
CoV|P0C6X6.207.BC2	20338
CoV|P0C6X6.208.BC1	28361
CoV|P0C6X6.208.BC2	16406
CoV|P0C6X6.209.BC1	7178
CoV|P0C6X6.209.BC2	9133
CoV|P0C6X6.210.BC1	50133
CoV|P0C6X6.210.BC2	23234
CoV|P0C6X6.211.BC1	26921
CoV|P0C6X6.211.BC2	30768
CoV|P0C6X6.212.BC1	10501
CoV|P0C6X6.212.BC2	14220
CoV|P0C6X6.213.BC1	12659
CoV|P0C6X6.213.BC2	19220
CoV|P0C6X6.214.BC1	13958
CoV|P0C6X6.214.BC2	18827
CoV|P0C6X6.215.BC1	21910
CoV|P0C6X6.215.BC2	30905
CoV|P0C6X6.216.BC1	20105
CoV|P0C6X6.216.BC2	8581
CoV|P0C6X6.217.BC1	14281
CoV|P0C6X6.217.BC2	15531
CoV|P0C6X6.218.BC1	21437
CoV|P0C6X6.218.BC2	6316
CoV|P0C6X6.219.BC1	20463
CoV|P0C6X6.219.BC2	20554
CoV|P0C6X6.220.BC1	19692
CoV|P0C6X6.220.BC2	19733
CoV|P0C6X6.221.BC1	19572
CoV|P0C6X6.221.BC2	17588
CoV|P0C6X6.222.BC1	736
CoV|P0C6X6.222.BC2	33600
CoV|P0C6X6.223.BC1	17758
CoV|P0C6X6.223.BC2	26932
CoV|P0C6X6.224.BC1	32922
CoV|P0C6X6.224.BC2	50307
CoV|P0C6X6.225.BC1	38393
CoV|P0C6X6.225.BC2	24816
CoV|P0C6X6.226.BC1	39478
CoV|P0C6X6.226.BC2	39467
CoV|P0C6X6.227.BC1	6962
CoV|P0C6X6.227.BC2	17076
CoV|P0C6X6.228.BC1	10548
CoV|P0C6X6.228.BC2	8312
CoV|P0C6X6.229.BC1	8791
CoV|P0C6X6.229.BC2	10404
CoV|P0C6X6.230.BC1	21692
CoV|P0C6X6.230.BC2	31169
CoV|P0C6X6.231.BC1	25346
CoV|P0C6X6.231.BC2	23049
CoV|P0C6X6.232.BC1	14432
CoV|P0C6X6.232.BC2	17320
CoV|P0C6X6.233.BC1	20105
CoV|P0C6X6.233.BC2	18277
CoV|P0C6X6.234.BC1	51587
CoV|P0C6X6.234.BC2	46907
CoV|P0C6X6.235.BC1	31725
CoV|P0C6X6.235.BC2	22037
CoV|P0C6X6.236.BC1	35731
CoV|P0C6X6.236.BC2	35406
CoV|P0C6X6.237.BC1	4400
CoV|P0C6X6.237.BC2	2859
CoV|P0C6X6.238.BC1	22225
CoV|P0C6X6.238.BC2	7557
CoV|P0C6X6.239.BC1	9247
CoV|P0C6X6.239.BC2	12163
CoV|P0C6X6.240.BC1	10653
CoV|P0C6X6.240.BC2	9852
CoV|P0C6X6.241.BC1	12362
CoV|P0C6X6.241.BC2	20436
CoV|P0C6X6.242.BC1	21431
CoV|P0C6X6.242.BC2	16069
CoV|P0C6X6.243.BC1	31397
CoV|P0C6X6.243.BC2	15463
CoV|P0C6X6.244.BC1	33049
CoV|P0C6X6.244.BC2	36433
CoV|P0C6X6.245.BC1	30571
CoV|P0C6X6.245.BC2	27545
CoV|P0C6X6.246.BC1	28561
CoV|P0C6X6.246.BC2	19085
CoV|P0C6X6.247.BC1	10502
CoV|P0C6X6.247.BC2	9934
CoV|P0C6X6.248.BC1	10089
CoV|P0C6X6.248.BC2	17167
CoV|P0C6X6.249.BC1	18989
CoV|P0C6X6.249.BC2	11842
CoV|P0C6X6.250.BC1	844
CoV|P0C6X6.250.BC2	17981
CoV|P0C6X6.251.BC1	24773
CoV|P0C6X6.251.BC2	8790
CoV|P0C6X6.252.BC1	19782
CoV|P0C6X6.252.BC2	16129
CoV|P0C6X7.155.BC1	83734
CoV|P0C6X7.155.BC2	40468
CoV|P0C6X7.156.BC1	24511
CoV|P0C6X7.156.BC2	26018
CoV|P0C6X7.157.BC1	25990
CoV|P0C6X7.157.BC2	22630
CoV|P0C6X7.158.BC1	10940
CoV|P0C6X7.158.BC2	16901
CoV|P0C6X7.159.BC1	28703
CoV|P0C6X7.159.BC2	31594
CoV|P0C6X7.160.BC1	14745
CoV|P0C6X7.160.BC2	17318
CoV|P0C6X7.161.BC1	23368
CoV|P0C6X7.161.BC2	32754
CoV|P0C6X7.162.BC1	46201
CoV|P0C6X7.162.BC2	11245
CoV|P0C6X7.163.BC1	25696
CoV|P0C6X7.163.BC2	38725
CoV|P0C6X7.164.BC1	13916
CoV|P0C6X7.164.BC2	17823
CoV|P0C6X7.165.BC1	27022
CoV|P0C6X7.165.BC2	24686
CoV|P0C6X7.166.BC1	15184
CoV|P0C6X7.166.BC2	29903
CoV|P0C6X7.167.BC1	13399
CoV|P0C6X7.167.BC2	17035
CoV|P0C6X7.168.BC1	36744
CoV|P0C6X7.168.BC2	41983
CoV|P0C6X7.169.BC1	30717
CoV|P0C6X7.169.BC2	20668
CoV|P0C6X7.170.BC1	23149
CoV|P0C6X7.170.BC2	19929
CoV|P0C6X7.171.BC1	8506
CoV|P0C6X7.171.BC2	12001
CoV|P0C6X7.172.BC1	6597
CoV|P0C6X7.172.BC2	2966
CoV|P0C6X7.173.BC1	19410
CoV|P0C6X7.173.BC2	33952
CoV|P0C6X7.174.BC1	32902
CoV|P0C6X7.174.BC2	33739
CoV|P0C6X7.175.BC1	17238
CoV|P0C6X7.175.BC2	11611
CoV|P0C6X7.176.BC1	24497
CoV|P0C6X7.176.BC2	18320
CoV|P0C6X7.177.BC1	23158
CoV|P0C6X7.177.BC2	26923
CoV|P0C6X7.178.BC1	6435
CoV|P0C6X7.178.BC2	7467
CoV|P0C6X7.179.BC1	16351
CoV|P0C6X7.179.BC2	10150
CoV|P0C6X7.180.BC1	36966
CoV|P0C6X7.180.BC2	35742
CoV|P0C6X7.181.BC1	23815
CoV|P0C6X7.181.BC2	7218
CoV|P0C6X7.182.BC1	10201
CoV|P0C6X7.182.BC2	6325
CoV|P0C6X7.183.BC1	19266
CoV|P0C6X7.183.BC2	17265
CoV|P0C6X7.184.BC1	12485
CoV|P0C6X7.184.BC2	19689
CoV|P0C6X7.185.BC1	18985
CoV|P0C6X7.185.BC2	18646
CoV|P0C6X7.186.BC1	10565
CoV|P0C6X7.186.BC2	9134
CoV|P0C6X7.187.BC1	24878
CoV|P0C6X7.187.BC2	11174
CoV|P0C6X7.188.BC1	28086
CoV|P0C6X7.188.BC2	23279
CoV|P0C6X7.189.BC1	21815
CoV|P0C6X7.189.BC2	38986
CoV|P0C6X7.190.BC1	26912
CoV|P0C6X7.190.BC2	27734
CoV|P0C6X7.191.BC1	36850
CoV|P0C6X7.191.BC2	21930
CoV|P0C6X7.192.BC1	42835
CoV|P0C6X7.192.BC2	38991
CoV|P0C6X7.193.BC1	11098
CoV|P0C6X7.193.BC2	8981
CoV|P0C6X7.194.BC1	32496
CoV|P0C6X7.194.BC2	21754
CoV|P0C6X7.195.BC1	21248
CoV|P0C6X7.195.BC2	15325
CoV|P0C6X7.196.BC1	32936
CoV|P0C6X7.196.BC2	19495
CoV|P0C6X7.197.BC1	31244
CoV|P0C6X7.197.BC2	19343
CoV|P0C6X7.198.BC1	19480
CoV|P0C6X7.198.BC2	17276
CoV|P0C6X7.199.BC1	14383
CoV|P0C6X7.199.BC2	13642
CoV|P0C6X7.200.BC1	25147
CoV|P0C6X7.200.BC2	30816
CoV|P0C6X7.201.BC1	24264
CoV|P0C6X7.201.BC2	24425
CoV|P0C6X7.202.BC1	26586
CoV|P0C6X7.202.BC2	24996
CoV|P0C6X7.203.BC1	25420
CoV|P0C6X7.203.BC2	33825
CoV|P0C6X7.204.BC1	23399
CoV|P0C6X7.204.BC2	28624
CoV|P0C6X7.205.BC1	33583
CoV|P0C6X7.205.BC2	35280
CoV|P0C6X7.206.BC1	50324
CoV|P0C6X7.206.BC2	35667
CoV|P0C6X7.207.BC1	28852
CoV|P0C6X7.207.BC2	17420
CoV|P0C6X7.208.BC1	1009
CoV|P0C6X7.208.BC2	10044
CoV|P0C6X7.209.BC1	32651
CoV|P0C6X7.209.BC2	10285
CoV|P0C6X7.210.BC1	24767
CoV|P0C6X7.210.BC2	44202
CoV|P0C6X7.211.BC1	22154
CoV|P0C6X7.211.BC2	19265
CoV|P0C6X7.212.BC1	22734
CoV|P0C6X7.212.BC2	30820
CoV|P0C6X7.213.BC1	12792
CoV|P0C6X7.213.BC2	26427
CoV|P0C6X7.214.BC1	15919
CoV|P0C6X7.214.BC2	34780
CoV|P0C6X7.215.BC1	18338
CoV|P0C6X7.215.BC2	6674
CoV|P0C6X7.216.BC1	16634
CoV|P0C6X7.216.BC2	15382
CoV|P0C6X7.217.BC1	11797
CoV|P0C6X7.217.BC2	10507
CoV|P0C6X7.218.BC1	18916
CoV|P0C6X7.218.BC2	20798
CoV|P0C6X7.219.BC1	21071
CoV|P0C6X7.219.BC2	12901
CoV|P0C6X7.220.BC1	35759
CoV|P0C6X7.220.BC2	54816
CoV|P0C6X7.221.BC1	34173
CoV|P0C6X7.221.BC2	38371
CoV|P0C6X7.222.BC1	17480
CoV|P0C6X7.222.BC2	13794
CoV|P0C6X7.223.BC1	12966
CoV|P0C6X7.223.BC2	16346
CoV|P0C6X7.224.BC1	32220
CoV|P0C6X7.224.BC2	21479
CoV|P0C6X7.225.BC1	56397
CoV|P0C6X7.225.BC2	33170
CoV|P0C6X7.226.BC1	62816
CoV|P0C6X7.226.BC2	46831
CoV|P0C6X7.227.BC1	21663
CoV|P0C6X7.227.BC2	7101
CoV|P0C6X7.228.BC1	9162
CoV|P0C6X7.228.BC2	9601
CoV|P0C6X7.229.BC1	16587
CoV|P0C6X7.229.BC2	43198
CoV|P0C6X7.230.BC1	33208
CoV|P0C6X7.230.BC2	37509
CoV|P0C6X7.231.BC1	5921
CoV|P0C6X7.231.BC2	20378
CoV|P0C6X7.232.BC1	11456
CoV|P0C6X7.232.BC2	18286
CoV|P0C6X7.233.BC1	40380
CoV|P0C6X7.233.BC2	25649
CoV|P0C6X7.234.BC1	28014
CoV|P0C6X7.234.BC2	38325
CoV|P0C6X7.235.BC1	30917
CoV|P0C6X7.235.BC2	41558
CoV|P0C6X7.236.BC1	17407
CoV|P0C6X7.236.BC2	18036
CoV|P0C6X7.237.BC1	14849
CoV|P0C6X7.237.BC2	11582
CoV|P0C6X7.238.BC1	15128
CoV|P0C6X7.238.BC2	31110
CoV|P0C6X7.239.BC1	11758
CoV|P0C6X7.239.BC2	11172
CoV|P0C6X7.240.BC1	12459
CoV|P0C6X7.240.BC2	15013
CoV|P0C6X7.241.BC1	11117
CoV|P0C6X7.241.BC2	8800
CoV|P0C6X7.242.BC1	34803
CoV|P0C6X7.242.BC2	21225
CoV|P0C6X7.243.BC1	18361
CoV|P0C6X7.243.BC2	28561
CoV|P0C6X7.244.BC1	25152
CoV|P0C6X7.244.BC2	37617
CoV|P0C6X7.245.BC1	30097
CoV|P0C6X7.245.BC2	38727
CoV|P0C6X7.246.BC1	17546
CoV|P0C6X7.246.BC2	5478
CoV|P0C6X7.247.BC1	12538
CoV|P0C6X7.247.BC2	14571
CoV|P0C6X7.248.BC1	15390
CoV|P0C6X7.248.BC2	19810
CoV|P0C6X7.249.BC1	5701
CoV|P0C6X7.249.BC2	5636
CoV|P0C6X7.250.BC1	43974
CoV|P0C6X7.250.BC2	12608
CoV|P0DTD2.0.BC1	18444
CoV|P0DTD2.0.BC2	36827
CoV|P0DTD2.1.BC1	19859
CoV|P0DTD2.1.BC2	14776
CoV|P0DTD2.2.BC1	30073
CoV|P0DTD2.2.BC2	27210
CoV|P0DTD3.0.BC1	18777
CoV|P0DTD3.0.BC2	25125
CoV|P0DTD3.1.BC1	42517
CoV|P0DTD3.1.BC2	29205
CoV|P15130.0.BC1	28283
CoV|P15130.0.BC2	20954
CoV|P15130.1.BC1	17514
CoV|P15130.1.BC2	17625
CoV|P15130.10.BC1	19904
CoV|P15130.10.BC2	18574
CoV|P15130.11.BC1	7061
CoV|P15130.11.BC2	5199
CoV|P15130.12.BC1	16070
CoV|P15130.12.BC2	3900
CoV|P15130.2.BC1	18201
CoV|P15130.2.BC2	16464
CoV|P15130.3.BC1	23439
CoV|P15130.3.BC2	22322
CoV|P15130.4.BC1	25863
CoV|P15130.4.BC2	25269
CoV|P15130.5.BC1	30418
CoV|P15130.5.BC2	14187
CoV|P15130.6.BC1	24473
CoV|P15130.6.BC2	31235
CoV|P15130.7.BC1	32151
CoV|P15130.7.BC2	30139
CoV|P15130.8.BC1	38726
CoV|P15130.8.BC2	51988
CoV|P15130.9.BC1	36344
CoV|P15130.9.BC2	30646
CoV|P15422.0.BC1	20121
CoV|P15422.0.BC2	49060
CoV|P15422.1.BC1	30641
CoV|P15422.1.BC2	11718
CoV|P15422.2.BC1	44628
CoV|P15422.2.BC2	43298
CoV|P15422.3.BC1	27512
CoV|P15422.3.BC2	18046
CoV|P15422.4.BC1	14065
CoV|P15422.4.BC2	7980
CoV|P15422.5.BC1	14363
CoV|P15422.5.BC2	14181
CoV|P15422.6.BC1	12610
CoV|P15422.6.BC2	24876
CoV|P15422.7.BC1	12447
CoV|P15422.7.BC2	14599
CoV|P15423.0.BC1	16996
CoV|P15423.0.BC2	8659
CoV|P15423.1.BC1	24989
CoV|P15423.1.BC2	14109
CoV|P15423.10.BC1	5122
CoV|P15423.10.BC2	6503
CoV|P15423.11.BC1	13007
CoV|P15423.11.BC2	10972
CoV|P15423.12.BC1	10559
CoV|P15423.12.BC2	15653
CoV|P15423.13.BC1	18583
CoV|P15423.13.BC2	13656
CoV|P15423.14.BC1	19343
CoV|P15423.14.BC2	14089
CoV|P15423.15.BC1	19888
CoV|P15423.15.BC2	28286
CoV|P15423.16.BC1	33543
CoV|P15423.16.BC2	32219
CoV|P15423.17.BC1	14044
CoV|P15423.17.BC2	17774
CoV|P15423.18.BC1	25115
CoV|P15423.18.BC2	20084
CoV|P15423.19.BC1	20136
CoV|P15423.19.BC2	20592
CoV|P15423.2.BC1	31385
CoV|P15423.2.BC2	23064
CoV|P15423.20.BC1	8484
CoV|P15423.20.BC2	16517
CoV|P15423.21.BC1	9102
CoV|P15423.21.BC2	24460
CoV|P15423.22.BC1	39921
CoV|P15423.22.BC2	11431
CoV|P15423.23.BC1	35543
CoV|P15423.23.BC2	29058
CoV|P15423.24.BC1	48011
CoV|P15423.24.BC2	33279
CoV|P15423.25.BC1	34969
CoV|P15423.25.BC2	32321
CoV|P15423.26.BC1	22275
CoV|P15423.26.BC2	17907
CoV|P15423.27.BC1	8430
CoV|P15423.27.BC2	18968
CoV|P15423.28.BC1	8399
CoV|P15423.28.BC2	12578
CoV|P15423.29.BC1	11771
CoV|P15423.29.BC2	10056
CoV|P15423.3.BC1	20259
CoV|P15423.3.BC2	10407
CoV|P15423.30.BC1	16625
CoV|P15423.30.BC2	12341
CoV|P15423.31.BC1	15388
CoV|P15423.31.BC2	25369
CoV|P15423.32.BC1	18331
CoV|P15423.32.BC2	14179
CoV|P15423.33.BC1	15867
CoV|P15423.33.BC2	6168
CoV|P15423.34.BC1	41027
CoV|P15423.34.BC2	31918
CoV|P15423.35.BC1	14949
CoV|P15423.35.BC2	23162
CoV|P15423.36.BC1	14983
CoV|P15423.36.BC2	31365
CoV|P15423.37.BC1	9492
CoV|P15423.37.BC2	15139
CoV|P15423.38.BC1	6268
CoV|P15423.38.BC2	4796
CoV|P15423.39.BC1	43067
CoV|P15423.39.BC2	58416
CoV|P15423.4.BC1	13617
CoV|P15423.4.BC2	19192
CoV|P15423.40.BC1	26501
CoV|P15423.40.BC2	28294
CoV|P15423.5.BC1	10379
CoV|P15423.5.BC2	9473
CoV|P15423.6.BC1	21321
CoV|P15423.6.BC2	4619
CoV|P15423.7.BC1	15369
CoV|P15423.7.BC2	9804
CoV|P15423.8.BC1	30780
CoV|P15423.8.BC2	15572
CoV|P15423.9.BC1	15082
CoV|P15423.9.BC2	17543
CoV|P19739.0.BC1	22559
CoV|P19739.0.BC2	30922
CoV|P19739.1.BC1	39702
CoV|P19739.1.BC2	63529
CoV|P19739.2.BC1	37540
CoV|P19739.2.BC2	59049
CoV|P19739.3.BC1	35430
CoV|P19739.3.BC2	38014
CoV|P19740.0.BC1	19009
CoV|P19740.0.BC2	27668
CoV|P19740.1.BC1	16189
CoV|P19740.1.BC2	27797
CoV|P19740.2.BC1	23508
CoV|P19740.2.BC2	10347
CoV|P19741.0.BC1	37258
CoV|P19741.0.BC2	27213
CoV|P19741.1.BC1	21505
CoV|P19741.1.BC2	39980
CoV|P30215.0.BC1	21029
CoV|P30215.0.BC2	8030
CoV|P30215.1.BC1	21709
CoV|P30215.1.BC2	13181
CoV|P30215.10.BC1	14382
CoV|P30215.10.BC2	43662
CoV|P30215.11.BC1	36175
CoV|P30215.11.BC2	23241
CoV|P30215.12.BC1	23131
CoV|P30215.12.BC2	31054
CoV|P30215.13.BC1	48358
CoV|P30215.13.BC2	30738
CoV|P30215.14.BC1	59766
CoV|P30215.14.BC2	39691
CoV|P30215.2.BC1	12740
CoV|P30215.2.BC2	17023
CoV|P30215.3.BC1	13708
CoV|P30215.3.BC2	14004
CoV|P30215.4.BC1	774
CoV|P30215.4.BC2	11146
CoV|P30215.5.BC1	47460
CoV|P30215.5.BC2	28665
CoV|P30215.6.BC1	8141
CoV|P30215.6.BC2	22121
CoV|P30215.7.BC1	16706
CoV|P30215.7.BC2	5969
CoV|P30215.8.BC1	6823
CoV|P30215.8.BC2	10862
CoV|P30215.9.BC1	27927
CoV|P30215.9.BC2	1189
CoV|P33469.0.BC1	57821
CoV|P33469.0.BC2	30812
CoV|P33469.1.BC1	26627
CoV|P33469.1.BC2	32273
CoV|P33469.10.BC1	18189
CoV|P33469.10.BC2	11765
CoV|P33469.11.BC1	18009
CoV|P33469.11.BC2	14392
CoV|P33469.12.BC1	19143
CoV|P33469.12.BC2	33399
CoV|P33469.13.BC1	39635
CoV|P33469.13.BC2	47752
CoV|P33469.14.BC1	29303
CoV|P33469.14.BC2	48510
CoV|P33469.15.BC1	26630
CoV|P33469.15.BC2	40384
CoV|P33469.2.BC1	11137
CoV|P33469.2.BC2	25153
CoV|P33469.3.BC1	23482
CoV|P33469.3.BC2	20156
CoV|P33469.4.BC1	19358
CoV|P33469.4.BC2	29646
CoV|P33469.5.BC1	11712
CoV|P33469.5.BC2	31374
CoV|P33469.6.BC1	6440
CoV|P33469.6.BC2	46515
CoV|P33469.7.BC1	34416
CoV|P33469.7.BC2	40537
CoV|P33469.8.BC1	13023
CoV|P33469.8.BC2	15546
CoV|P33469.9.BC1	20801
CoV|P33469.9.BC2	18259
CoV|P36334.0.BC1	23073
CoV|P36334.0.BC2	21891
CoV|P36334.1.BC1	23626
CoV|P36334.1.BC2	7184
CoV|P36334.10.BC1	54458
CoV|P36334.10.BC2	20135
CoV|P36334.11.BC1	22880
CoV|P36334.11.BC2	25706
CoV|P36334.12.BC1	14535
CoV|P36334.12.BC2	22018
CoV|P36334.13.BC1	13423
CoV|P36334.13.BC2	12597
CoV|P36334.14.BC1	16477
CoV|P36334.14.BC2	18861
CoV|P36334.15.BC1	44657
CoV|P36334.15.BC2	45010
CoV|P36334.16.BC1	12841
CoV|P36334.16.BC2	42376
CoV|P36334.17.BC1	24423
CoV|P36334.17.BC2	16834
CoV|P36334.18.BC1	17781
CoV|P36334.18.BC2	39661
CoV|P36334.19.BC1	31945
CoV|P36334.19.BC2	19766
CoV|P36334.2.BC1	11313
CoV|P36334.2.BC2	5530
CoV|P36334.20.BC1	14719
CoV|P36334.20.BC2	17308
CoV|P36334.21.BC1	11915
CoV|P36334.21.BC2	11527
CoV|P36334.22.BC1	33262
CoV|P36334.22.BC2	10569
CoV|P36334.23.BC1	13474
CoV|P36334.23.BC2	11123
CoV|P36334.24.BC1	21615
CoV|P36334.24.BC2	40518
CoV|P36334.25.BC1	20884
CoV|P36334.25.BC2	17049
CoV|P36334.26.BC1	31884
CoV|P36334.26.BC2	23048
CoV|P36334.27.BC1	4733
CoV|P36334.27.BC2	9183
CoV|P36334.28.BC1	29417
CoV|P36334.28.BC2	22248
CoV|P36334.29.BC1	25655
CoV|P36334.29.BC2	25937
CoV|P36334.3.BC1	13380
CoV|P36334.3.BC2	11075
CoV|P36334.30.BC1	17421
CoV|P36334.30.BC2	32444
CoV|P36334.31.BC1	29333
CoV|P36334.31.BC2	15398
CoV|P36334.32.BC1	36105
CoV|P36334.32.BC2	23550
CoV|P36334.33.BC1	18772
CoV|P36334.33.BC2	21614
CoV|P36334.34.BC1	10793
CoV|P36334.34.BC2	12056
CoV|P36334.35.BC1	11724
CoV|P36334.35.BC2	15464
CoV|P36334.36.BC1	10251
CoV|P36334.36.BC2	2514
CoV|P36334.37.BC1	9841
CoV|P36334.37.BC2	7825
CoV|P36334.38.BC1	26982
CoV|P36334.38.BC2	30124
CoV|P36334.39.BC1	17721
CoV|P36334.39.BC2	26740
CoV|P36334.4.BC1	5989
CoV|P36334.4.BC2	17245
CoV|P36334.40.BC1	9697
CoV|P36334.40.BC2	18490
CoV|P36334.41.BC1	14135
CoV|P36334.41.BC2	26548
CoV|P36334.42.BC1	23365
CoV|P36334.42.BC2	22302
CoV|P36334.43.BC1	9941
CoV|P36334.43.BC2	8818
CoV|P36334.44.BC1	5756
CoV|P36334.44.BC2	8217
CoV|P36334.45.BC1	30771
CoV|P36334.45.BC2	30055
CoV|P36334.46.BC1	12337
CoV|P36334.46.BC2	25053
CoV|P36334.47.BC1	18929
CoV|P36334.47.BC2	2464
CoV|P36334.5.BC1	40525
CoV|P36334.5.BC2	36939
CoV|P36334.6.BC1	12405
CoV|P36334.6.BC2	20325
CoV|P36334.7.BC1	17058
CoV|P36334.7.BC2	19383
CoV|P36334.8.BC1	12336
CoV|P36334.8.BC2	3570
CoV|P36334.9.BC1	4214
CoV|P36334.9.BC2	7768
CoV|P59594.0.BC1	24358
CoV|P59594.0.BC2	7530
CoV|P59594.1.BC1	7166
CoV|P59594.1.BC2	40449
CoV|P59594.10.BC1	36094
CoV|P59594.10.BC2	22682
CoV|P59594.11.BC1	14170
CoV|P59594.11.BC2	15235
CoV|P59594.12.BC1	15471
CoV|P59594.12.BC2	14016
CoV|P59594.13.BC1	37985
CoV|P59594.13.BC2	40136
CoV|P59594.14.BC1	21943
CoV|P59594.14.BC2	28908
CoV|P59594.15.BC1	29701
CoV|P59594.15.BC2	60022
CoV|P59594.16.BC1	12012
CoV|P59594.16.BC2	18566
CoV|P59594.17.BC1	6109
CoV|P59594.17.BC2	7220
CoV|P59594.18.BC1	29091
CoV|P59594.18.BC2	38493
CoV|P59594.19.BC1	31187
CoV|P59594.19.BC2	18696
CoV|P59594.2.BC1	19576
CoV|P59594.2.BC2	21451
CoV|P59594.20.BC1	19445
CoV|P59594.20.BC2	45690
CoV|P59594.21.BC1	42612
CoV|P59594.21.BC2	34773
CoV|P59594.22.BC1	34050
CoV|P59594.22.BC2	35068
CoV|P59594.23.BC1	14443
CoV|P59594.23.BC2	6122
CoV|P59594.24.BC1	12402
CoV|P59594.24.BC2	11577
CoV|P59594.25.BC1	20906
CoV|P59594.25.BC2	24821
CoV|P59594.26.BC1	7296
CoV|P59594.26.BC2	25763
CoV|P59594.27.BC1	23562
CoV|P59594.27.BC2	14127
CoV|P59594.28.BC1	24302
CoV|P59594.28.BC2	29333
CoV|P59594.29.BC1	37075
CoV|P59594.29.BC2	31960
CoV|P59594.3.BC1	13579
CoV|P59594.3.BC2	17370
CoV|P59594.30.BC1	22106
CoV|P59594.30.BC2	17698
CoV|P59594.31.BC1	10221
CoV|P59594.31.BC2	19678
CoV|P59594.32.BC1	6789
CoV|P59594.32.BC2	4435
CoV|P59594.33.BC1	11597
CoV|P59594.33.BC2	6726
CoV|P59594.34.BC1	1056
CoV|P59594.34.BC2	10628
CoV|P59594.35.BC1	41400
CoV|P59594.35.BC2	19974
CoV|P59594.36.BC1	28457
CoV|P59594.36.BC2	25862
CoV|P59594.37.BC1	9364
CoV|P59594.37.BC2	1124
CoV|P59594.38.BC1	9616
CoV|P59594.38.BC2	12280
CoV|P59594.39.BC1	7024
CoV|P59594.39.BC2	25965
CoV|P59594.4.BC1	13045
CoV|P59594.4.BC2	17075
CoV|P59594.40.BC1	18894
CoV|P59594.40.BC2	17414
CoV|P59594.41.BC1	11145
CoV|P59594.41.BC2	5706
CoV|P59594.42.BC1	48210
CoV|P59594.42.BC2	34650
CoV|P59594.5.BC1	16387
CoV|P59594.5.BC2	11227
CoV|P59594.6.BC1	15005
CoV|P59594.6.BC2	23612
CoV|P59594.7.BC1	19478
CoV|P59594.7.BC2	14413
CoV|P59594.8.BC1	22586
CoV|P59594.8.BC2	17682
CoV|P59594.9.BC1	12390
CoV|P59594.9.BC2	27280
CoV|P59595.0.BC1	34924
CoV|P59595.0.BC2	41915
CoV|P59595.1.BC1	24875
CoV|P59595.1.BC2	34635
CoV|P59595.10.BC1	15211
CoV|P59595.10.BC2	13510
CoV|P59595.11.BC1	7644
CoV|P59595.12.BC1	8840
CoV|P59595.12.BC2	39901
CoV|P59595.13.BC1	50232
CoV|P59595.13.BC2	45373
CoV|P59595.14.BC1	46094
CoV|P59595.14.BC2	22559
CoV|P59595.2.BC1	11055
CoV|P59595.2.BC2	16676
CoV|P59595.3.BC1	21235
CoV|P59595.3.BC2	17871
CoV|P59595.4.BC1	28854
CoV|P59595.4.BC2	23906
CoV|P59595.5.BC1	32522
CoV|P59595.5.BC2	45940
CoV|P59595.6.BC1	55458
CoV|P59595.6.BC2	62748
CoV|P59595.7.BC1	31250
CoV|P59595.7.BC2	28740
CoV|P59595.8.BC1	53627
CoV|P59595.8.BC2	29474
CoV|P59595.9.BC1	36190
CoV|P59595.9.BC2	34115
CoV|P59596.0.BC1	29923
CoV|P59596.0.BC2	17343
CoV|P59596.3.BC1	23734
CoV|P59596.3.BC2	11949
CoV|P59596.4.BC1	7585
CoV|P59596.4.BC2	11465
CoV|P59596.6.BC1	34207
CoV|P59596.6.BC2	41089
CoV|P59632.0.BC1	20396
CoV|P59632.0.BC2	23401
CoV|P59632.1.BC1	49241
CoV|P59632.1.BC2	23702
CoV|P59632.2.BC1	3420
CoV|P59632.2.BC2	52142
CoV|P59632.3.BC1	1299
CoV|P59632.3.BC2	24851
CoV|P59632.4.BC1	13241
CoV|P59632.4.BC2	25361
CoV|P59632.5.BC1	29849
CoV|P59632.5.BC2	24748
CoV|P59632.6.BC1	5774
CoV|P59632.6.BC2	9545
CoV|P59632.7.BC1	1896
CoV|P59632.7.BC2	4107
CoV|P59632.8.BC1	37001
CoV|P59632.8.BC2	42638
CoV|P59633.0.BC1	8768
CoV|P59633.0.BC2	8159
CoV|P59633.1.BC1	13509
CoV|P59633.1.BC2	9152
CoV|P59633.2.BC1	17577
CoV|P59633.2.BC2	9571
CoV|P59633.3.BC1	25455
CoV|P59633.3.BC2	19176
CoV|P59633.4.BC1	19405
CoV|P59633.4.BC2	17794
CoV|P59634.0.BC1	5767
CoV|P59634.0.BC2	24418
CoV|P59634.1.BC1	17755
CoV|P59634.1.BC2	19163
CoV|P59635.0.BC1	26094
CoV|P59635.0.BC2	34842
CoV|P59635.2.BC1	30688
CoV|P59635.2.BC2	30668
CoV|P59635.3.BC1	17182
CoV|P59635.3.BC2	21797
CoV|P59636.0.BC1	15902
CoV|P59636.0.BC2	17017
CoV|P59636.1.BC1	12833
CoV|P59636.1.BC2	20403
CoV|P59636.2.BC1	11943
CoV|P59636.2.BC2	19937
CoV|Q01455.0.BC1	32432
CoV|Q01455.0.BC2	23530
CoV|Q01455.1.BC1	32457
CoV|Q01455.1.BC2	26312
CoV|Q01455.2.BC1	51404
CoV|Q01455.2.BC2	67389
CoV|Q01455.3.BC1	13086
CoV|Q01455.3.BC2	14498
CoV|Q01455.4.BC1	15185
CoV|Q01455.4.BC2	8941
CoV|Q01455.5.BC1	10252
CoV|Q01455.5.BC2	8106
CoV|Q01455.6.BC1	34892
CoV|Q01455.6.BC2	22398
CoV|Q01455.7.BC1	39856
CoV|Q01455.7.BC2	22310
CoV|Q04853.0.BC1	20775
CoV|Q04853.0.BC2	27016
CoV|Q04853.1.BC1	7074
CoV|Q04853.1.BC2	16000
CoV|Q04853.2.BC1	28725
CoV|Q04853.2.BC2	15242
CoV|Q04854.0.BC1	2914
CoV|Q04854.0.BC2	65409
CoV|Q04854.1.BC1	28629
CoV|Q04854.1.BC2	21297
CoV|Q04854.2.BC1	21495
CoV|Q04854.2.BC2	30064
CoV|Q0Q468.0.BC1	32153
CoV|Q0Q468.0.BC2	25756
CoV|Q0Q468.1.BC1	40497
CoV|Q0Q468.1.BC2	45009
CoV|Q0Q468.10.BC1	23246
CoV|Q0Q468.10.BC2	7201
CoV|Q0Q468.11.BC1	16047
CoV|Q0Q468.11.BC2	5996
CoV|Q0Q468.12.BC1	15819
CoV|Q0Q468.12.BC2	27484
CoV|Q0Q468.13.BC1	49611
CoV|Q0Q468.13.BC2	26530
CoV|Q0Q468.14.BC1	41528
CoV|Q0Q468.14.BC2	46327
CoV|Q0Q468.2.BC1	5627
CoV|Q0Q468.2.BC2	8382
CoV|Q0Q468.3.BC1	18062
CoV|Q0Q468.3.BC2	4362
CoV|Q0Q468.4.BC1	27798
CoV|Q0Q468.4.BC2	28204
CoV|Q0Q468.5.BC1	32170
CoV|Q0Q468.5.BC2	28549
CoV|Q0Q468.6.BC1	38339
CoV|Q0Q468.6.BC2	52365
CoV|Q0Q468.7.BC1	17964
CoV|Q0Q468.7.BC2	14583
CoV|Q0Q468.8.BC1	29345
CoV|Q0Q468.8.BC2	22455
CoV|Q0Q468.9.BC1	45194
CoV|Q0Q468.9.BC2	38229
CoV|Q0Q469.0.BC1	6351
CoV|Q0Q469.0.BC2	12638
CoV|Q0Q469.1.BC1	9951
CoV|Q0Q469.1.BC2	13300
CoV|Q0Q469.2.BC1	19303
CoV|Q0Q469.2.BC2	14206
CoV|Q0Q469.3.BC1	25526
CoV|Q0Q469.3.BC2	13214
CoV|Q0Q470.0.BC1	18801
CoV|Q0Q470.0.BC2	13518
CoV|Q0Q470.1.BC1	34684
CoV|Q0Q470.1.BC2	42366
CoV|Q0Q470.2.BC1	12576
CoV|Q0Q470.2.BC2	24734
CoV|Q0Q470.3.BC1	34141
CoV|Q0Q470.3.BC2	21764
CoV|Q0Q472.0.BC1	21532
CoV|Q0Q472.0.BC2	12962
CoV|Q0Q472.3.BC1	19782
CoV|Q0Q472.3.BC2	9725
CoV|Q0Q472.4.BC1	16201
CoV|Q0Q472.4.BC2	19468
CoV|Q0Q472.5.BC1	19713
CoV|Q0Q472.5.BC2	20672
CoV|Q0Q472.6.BC1	20881
CoV|Q0Q472.6.BC2	33296
CoV|Q0Q473.0.BC1	49175
CoV|Q0Q473.0.BC2	47771
CoV|Q0Q473.1.BC1	16023
CoV|Q0Q473.1.BC2	32052
CoV|Q0Q474.0.BC1	11533
CoV|Q0Q474.0.BC2	15724
CoV|Q0Q474.1.BC1	16582
CoV|Q0Q474.1.BC2	35366
CoV|Q0Q474.2.BC1	22617
CoV|Q0Q474.2.BC2	43027
CoV|Q0Q474.3.BC1	27770
CoV|Q0Q474.3.BC2	24881
CoV|Q0Q474.4.BC1	36957
CoV|Q0Q474.4.BC2	16383
CoV|Q0Q474.5.BC1	19426
CoV|Q0Q474.5.BC2	18301
CoV|Q0Q474.6.BC1	6995
CoV|Q0Q474.6.BC2	8760
CoV|Q0Q474.7.BC1	8285
CoV|Q0Q474.7.BC2	11043
CoV|Q0Q474.8.BC1	26769
CoV|Q0Q474.8.BC2	22719
CoV|Q0Q475.0.BC1	13528
CoV|Q0Q475.0.BC2	28141
CoV|Q0Q475.1.BC1	14209
CoV|Q0Q475.1.BC2	20996
CoV|Q0Q475.10.BC1	30215
CoV|Q0Q475.10.BC2	39663
CoV|Q0Q475.11.BC1	10439
CoV|Q0Q475.11.BC2	22874
CoV|Q0Q475.14.BC1	27871
CoV|Q0Q475.14.BC2	21104
CoV|Q0Q475.15.BC1	54056
CoV|Q0Q475.15.BC2	51561
CoV|Q0Q475.16.BC1	7508
CoV|Q0Q475.16.BC2	6712
CoV|Q0Q475.17.BC1	12267
CoV|Q0Q475.17.BC2	10308
CoV|Q0Q475.18.BC1	24920
CoV|Q0Q475.18.BC2	11431
CoV|Q0Q475.2.BC1	12676
CoV|Q0Q475.2.BC2	12426
CoV|Q0Q475.20.BC1	21381
CoV|Q0Q475.20.BC2	37217
CoV|Q0Q475.21.BC1	68539
CoV|Q0Q475.21.BC2	40074
CoV|Q0Q475.22.BC1	51509
CoV|Q0Q475.22.BC2	32115
CoV|Q0Q475.23.BC1	27076
CoV|Q0Q475.23.BC2	16786
CoV|Q0Q475.24.BC1	7835
CoV|Q0Q475.24.BC2	15429
CoV|Q0Q475.25.BC1	21963
CoV|Q0Q475.25.BC2	14089
CoV|Q0Q475.26.BC1	12109
CoV|Q0Q475.26.BC2	34006
CoV|Q0Q475.3.BC1	6850
CoV|Q0Q475.3.BC2	7497
CoV|Q0Q475.31.BC1	21627
CoV|Q0Q475.31.BC2	27657
CoV|Q0Q475.32.BC1	9001
CoV|Q0Q475.32.BC2	10758
CoV|Q0Q475.38.BC1	14914
CoV|Q0Q475.38.BC2	20462
CoV|Q0Q475.39.BC1	19085
CoV|Q0Q475.39.BC2	40180
CoV|Q0Q475.4.BC1	5248
CoV|Q0Q475.4.BC2	20584
CoV|Q0Q475.5.BC1	22315
CoV|Q0Q475.5.BC2	21912
CoV|Q0Q475.6.BC1	23899
CoV|Q0Q475.6.BC2	22112
CoV|Q0Q475.7.BC1	20833
CoV|Q0Q475.7.BC2	17097
CoV|Q0Q475.8.BC1	10542
CoV|Q0Q475.8.BC2	7457
CoV|Q0Q475.9.BC1	10073
CoV|Q0Q475.9.BC2	7099
CoV|Q14EA6.0.BC1	15534
CoV|Q14EA6.0.BC2	21165
CoV|Q14EA6.1.BC1	12488
CoV|Q14EA6.1.BC2	12221
CoV|Q14EA6.10.BC1	24339
CoV|Q14EA6.10.BC2	9615
CoV|Q14EA6.11.BC1	21572
CoV|Q14EA6.11.BC2	9030
CoV|Q14EA6.12.BC1	4982
CoV|Q14EA6.12.BC2	4293
CoV|Q14EA6.13.BC1	13693
CoV|Q14EA6.13.BC2	35254
CoV|Q14EA6.14.BC1	65513
CoV|Q14EA6.14.BC2	30381
CoV|Q14EA6.2.BC1	9343
CoV|Q14EA6.2.BC2	25458
CoV|Q14EA6.3.BC1	10967
CoV|Q14EA6.3.BC2	33540
CoV|Q14EA6.4.BC1	11302
CoV|Q14EA6.4.BC2	20197
CoV|Q14EA6.5.BC1	27521
CoV|Q14EA6.5.BC2	23544
CoV|Q14EA6.6.BC1	28794
CoV|Q14EA6.6.BC2	30267
CoV|Q14EA6.7.BC1	44259
CoV|Q14EA6.7.BC2	22039
CoV|Q14EA6.8.BC1	25737
CoV|Q14EA6.8.BC2	15423
CoV|Q14EA6.9.BC1	30541
CoV|Q14EA6.9.BC2	5170
CoV|Q14EA7.0.BC1	11370
CoV|Q14EA7.0.BC2	21051
CoV|Q14EA7.1.BC1	37498
CoV|Q14EA7.1.BC2	48296
CoV|Q14EA7.2.BC1	36993
CoV|Q14EA7.2.BC2	47923
CoV|Q14EA7.3.BC1	21036
CoV|Q14EA7.3.BC2	24547
CoV|Q14EA7.4.BC1	12445
CoV|Q14EA7.4.BC2	11750
CoV|Q14EA7.5.BC1	13926
CoV|Q14EA7.5.BC2	16995
CoV|Q14EA7.6.BC1	15832
CoV|Q14EA7.6.BC2	23241
CoV|Q14EA8.0.BC1	51158
CoV|Q14EA8.0.BC2	46559
CoV|Q14EA8.1.BC1	17826
CoV|Q14EA8.1.BC2	19237
CoV|Q14EA9.0.BC1	46268
CoV|Q14EA9.0.BC2	13456
CoV|Q14EA9.1.BC1	18968
CoV|Q14EA9.1.BC2	24636
CoV|Q14EA9.2.BC1	24438
CoV|Q14EA9.2.BC2	24146
CoV|Q14EB0.0.BC1	37138
CoV|Q14EB0.0.BC2	34383
CoV|Q14EB0.1.BC1	6333
CoV|Q14EB0.1.BC2	8301
CoV|Q14EB0.10.BC1	27201
CoV|Q14EB0.10.BC2	31001
CoV|Q14EB0.11.BC1	27218
CoV|Q14EB0.11.BC2	14836
CoV|Q14EB0.12.BC1	12476
CoV|Q14EB0.12.BC2	11010
CoV|Q14EB0.13.BC1	26002
CoV|Q14EB0.13.BC2	9522
CoV|Q14EB0.14.BC1	10044
CoV|Q14EB0.14.BC2	5050
CoV|Q14EB0.15.BC1	20061
CoV|Q14EB0.15.BC2	24337
CoV|Q14EB0.16.BC1	35179
CoV|Q14EB0.16.BC2	30543
CoV|Q14EB0.17.BC1	43060
CoV|Q14EB0.17.BC2	17759
CoV|Q14EB0.18.BC1	7432
CoV|Q14EB0.18.BC2	10941
CoV|Q14EB0.19.BC1	39403
CoV|Q14EB0.19.BC2	27909
CoV|Q14EB0.2.BC1	7054
CoV|Q14EB0.2.BC2	15410
CoV|Q14EB0.20.BC1	17007
CoV|Q14EB0.20.BC2	24867
CoV|Q14EB0.21.BC1	13211
CoV|Q14EB0.21.BC2	15052
CoV|Q14EB0.22.BC1	22877
CoV|Q14EB0.22.BC2	21826
CoV|Q14EB0.23.BC1	26177
CoV|Q14EB0.23.BC2	31535
CoV|Q14EB0.24.BC1	16556
CoV|Q14EB0.24.BC2	12298
CoV|Q14EB0.25.BC1	29101
CoV|Q14EB0.25.BC2	19688
CoV|Q14EB0.26.BC1	25665
CoV|Q14EB0.26.BC2	30957
CoV|Q14EB0.27.BC1	15385
CoV|Q14EB0.27.BC2	5843
CoV|Q14EB0.28.BC1	31703
CoV|Q14EB0.28.BC2	40604
CoV|Q14EB0.29.BC1	11995
CoV|Q14EB0.29.BC2	7084
CoV|Q14EB0.3.BC1	12525
CoV|Q14EB0.3.BC2	10126
CoV|Q14EB0.30.BC1	23254
CoV|Q14EB0.30.BC2	18155
CoV|Q14EB0.31.BC1	39004
CoV|Q14EB0.31.BC2	6435
CoV|Q14EB0.32.BC1	47155
CoV|Q14EB0.32.BC2	23427
CoV|Q14EB0.33.BC1	32102
CoV|Q14EB0.33.BC2	36059
CoV|Q14EB0.34.BC1	13427
CoV|Q14EB0.34.BC2	9256
CoV|Q14EB0.35.BC1	13859
CoV|Q14EB0.35.BC2	19816
CoV|Q14EB0.36.BC1	16665
CoV|Q14EB0.36.BC2	23506
CoV|Q14EB0.37.BC1	12077
CoV|Q14EB0.37.BC2	9396
CoV|Q14EB0.38.BC1	27784
CoV|Q14EB0.38.BC2	42910
CoV|Q14EB0.39.BC1	3862
CoV|Q14EB0.39.BC2	10911
CoV|Q14EB0.4.BC1	11283
CoV|Q14EB0.4.BC2	8413
CoV|Q14EB0.40.BC1	6761
CoV|Q14EB0.40.BC2	9511
CoV|Q14EB0.41.BC1	9080
CoV|Q14EB0.41.BC2	15883
CoV|Q14EB0.42.BC1	14390
CoV|Q14EB0.42.BC2	13801
CoV|Q14EB0.43.BC1	22984
CoV|Q14EB0.43.BC2	19400
CoV|Q14EB0.44.BC1	8153
CoV|Q14EB0.44.BC2	10865
CoV|Q14EB0.45.BC1	15509
CoV|Q14EB0.45.BC2	7104
CoV|Q14EB0.46.BC1	43072
CoV|Q14EB0.46.BC2	30198
CoV|Q14EB0.47.BC1	45127
CoV|Q14EB0.47.BC2	26722
CoV|Q14EB0.5.BC1	35271
CoV|Q14EB0.5.BC2	17817
CoV|Q14EB0.6.BC1	8151
CoV|Q14EB0.6.BC2	1214
CoV|Q14EB0.7.BC1	35731
CoV|Q14EB0.7.BC2	19556
CoV|Q14EB0.8.BC1	12188
CoV|Q14EB0.8.BC2	15356
CoV|Q14EB0.9.BC1	12665
CoV|Q14EB0.9.BC2	23210
CoV|Q14EB1.0.BC1	29301
CoV|Q14EB1.0.BC2	19595
CoV|Q14EB1.1.BC1	20127
CoV|Q14EB1.1.BC2	11267
CoV|Q14EB1.10.BC1	11029
CoV|Q14EB1.10.BC2	12796
CoV|Q14EB1.11.BC1	25663
CoV|Q14EB1.11.BC2	32587
CoV|Q14EB1.12.BC1	27473
CoV|Q14EB1.12.BC2	34792
CoV|Q14EB1.2.BC1	13473
CoV|Q14EB1.2.BC2	12298
CoV|Q14EB1.3.BC1	6037
CoV|Q14EB1.3.BC2	25944
CoV|Q14EB1.4.BC1	4207
CoV|Q14EB1.4.BC2	14030
CoV|Q14EB1.5.BC1	9588
CoV|Q14EB1.5.BC2	8029
CoV|Q14EB1.6.BC1	13670
CoV|Q14EB1.6.BC2	9379
CoV|Q14EB1.7.BC1	13129
CoV|Q14EB1.7.BC2	13893
CoV|Q14EB1.8.BC1	29889
CoV|Q14EB1.8.BC2	29252
CoV|Q14EB1.9.BC1	28977
CoV|Q14EB1.9.BC2	32580
CoV|Q2HZW9.0.BC1	26344
CoV|Q2HZW9.0.BC2	30171
CoV|Q2HZW9.1.BC1	48251
CoV|Q2HZW9.1.BC2	42125
CoV|Q2HZW9.2.BC1	47999
CoV|Q2HZW9.2.BC2	39240
CoV|Q2HZW9.3.BC1	26845
CoV|Q2HZW9.3.BC2	35333
CoV|Q2HZW9.4.BC1	8691
CoV|Q2HZW9.4.BC2	19647
CoV|Q2HZW9.5.BC1	17589
CoV|Q2HZW9.5.BC2	34061
CoV|Q2HZW9.6.BC1	38676
CoV|Q2HZW9.6.BC2	41514
CoV|Q2HZW9.7.BC1	18923
CoV|Q2HZW9.7.BC2	36712
CoV|Q3I5I5.0.BC1	13659
CoV|Q3I5I5.0.BC2	8644
CoV|Q3I5I5.1.BC1	13142
CoV|Q3I5I5.1.BC2	13661
CoV|Q3I5I6.0.BC1	23420
CoV|Q3I5I6.0.BC2	1662
CoV|Q3I5I6.1.BC1	14052
CoV|Q3I5I6.1.BC2	12871
CoV|Q3I5I6.2.BC1	13619
CoV|Q3I5I6.2.BC2	8040
CoV|Q3I5I7.0.BC1	37647
CoV|Q3I5I7.0.BC2	25178
CoV|Q3I5I7.10.BC1	13207
CoV|Q3I5I7.10.BC2	16436
CoV|Q3I5I7.11.BC1	5649
CoV|Q3I5I7.11.BC2	8099
CoV|Q3I5I7.12.BC1	21435
CoV|Q3I5I7.12.BC2	22394
CoV|Q3I5I7.13.BC1	46756
CoV|Q3I5I7.13.BC2	13173
CoV|Q3I5I7.6.BC1	50882
CoV|Q3I5I7.6.BC2	17863
CoV|Q3I5I7.7.BC1	25499
CoV|Q3I5I7.7.BC2	21206
CoV|Q3I5I7.8.BC1	49788
CoV|Q3I5I7.8.BC2	35396
CoV|Q3I5I7.9.BC1	29484
CoV|Q3I5I7.9.BC2	45118
CoV|Q3I5I8.1.BC1	16608
CoV|Q3I5I8.1.BC2	16763
CoV|Q3I5I8.2.BC1	14704
CoV|Q3I5I8.2.BC2	10872
CoV|Q3I5I8.3.BC1	16394
CoV|Q3I5I8.3.BC2	35774
CoV|Q3I5J0.0.BC1	20364
CoV|Q3I5J0.0.BC2	31162
CoV|Q3I5J0.1.BC1	41940
CoV|Q3I5J0.1.BC2	36746
CoV|Q3I5J0.2.BC1	17244
CoV|Q3I5J0.2.BC2	23684
CoV|Q3I5J0.3.BC1	13480
CoV|Q3I5J0.3.BC2	19983
CoV|Q3I5J1.0.BC1	10145
CoV|Q3I5J1.0.BC2	9608
CoV|Q3I5J1.1.BC1	17000
CoV|Q3I5J1.1.BC2	15819
CoV|Q3I5J2.0.BC1	19883
CoV|Q3I5J2.0.BC2	23660
CoV|Q3I5J2.1.BC1	39065
CoV|Q3I5J2.1.BC2	25905
CoV|Q3I5J2.2.BC1	54497
CoV|Q3I5J2.2.BC2	55521
CoV|Q3I5J2.3.BC1	23605
CoV|Q3I5J2.3.BC2	19819
CoV|Q3I5J2.4.BC1	14372
CoV|Q3I5J2.4.BC2	10049
CoV|Q3I5J2.5.BC1	21677
CoV|Q3I5J2.5.BC2	22082
CoV|Q3I5J2.6.BC1	37915
CoV|Q3I5J2.6.BC2	40837
CoV|Q3I5J4.0.BC1	9542
CoV|Q3I5J4.0.BC2	11374
CoV|Q3I5J4.1.BC1	19772
CoV|Q3I5J4.1.BC2	21888
CoV|Q3I5J4.2.BC1	19117
CoV|Q3I5J4.2.BC2	2749
CoV|Q3I5J4.6.BC1	7589
CoV|Q3I5J4.6.BC2	10887
CoV|Q3I5J4.7.BC1	6716
CoV|Q3I5J4.7.BC2	3324
CoV|Q3I5J5.0.BC1	23092
CoV|Q3I5J5.0.BC2	28117
CoV|Q3I5J5.1.BC1	22350
CoV|Q3I5J5.1.BC2	22505
CoV|Q3I5J5.10.BC1	17078
CoV|Q3I5J5.10.BC2	17261
CoV|Q3I5J5.11.BC1	24330
CoV|Q3I5J5.11.BC2	21374
CoV|Q3I5J5.12.BC1	13525
CoV|Q3I5J5.12.BC2	1588
CoV|Q3I5J5.13.BC1	31887
CoV|Q3I5J5.13.BC2	24883
CoV|Q3I5J5.14.BC1	20054
CoV|Q3I5J5.14.BC2	21010
CoV|Q3I5J5.15.BC1	63730
CoV|Q3I5J5.15.BC2	72648
CoV|Q3I5J5.16.BC1	36776
CoV|Q3I5J5.16.BC2	11380
CoV|Q3I5J5.17.BC1	14880
CoV|Q3I5J5.17.BC2	9634
CoV|Q3I5J5.18.BC1	25545
CoV|Q3I5J5.18.BC2	23179
CoV|Q3I5J5.19.BC1	42349
CoV|Q3I5J5.19.BC2	19558
CoV|Q3I5J5.2.BC1	18788
CoV|Q3I5J5.2.BC2	18358
CoV|Q3I5J5.20.BC1	18962
CoV|Q3I5J5.20.BC2	62088
CoV|Q3I5J5.21.BC1	40427
CoV|Q3I5J5.21.BC2	38835
CoV|Q3I5J5.22.BC1	17559
CoV|Q3I5J5.22.BC2	31958
CoV|Q3I5J5.23.BC1	17938
CoV|Q3I5J5.23.BC2	14047
CoV|Q3I5J5.24.BC1	1710
CoV|Q3I5J5.24.BC2	22977
CoV|Q3I5J5.25.BC1	17344
CoV|Q3I5J5.25.BC2	23383
CoV|Q3I5J5.26.BC1	16961
CoV|Q3I5J5.26.BC2	15843
CoV|Q3I5J5.27.BC1	28355
CoV|Q3I5J5.27.BC2	17837
CoV|Q3I5J5.28.BC1	33883
CoV|Q3I5J5.28.BC2	59914
CoV|Q3I5J5.29.BC1	27867
CoV|Q3I5J5.29.BC2	34509
CoV|Q3I5J5.3.BC1	11364
CoV|Q3I5J5.3.BC2	12856
CoV|Q3I5J5.30.BC1	16095
CoV|Q3I5J5.30.BC2	25493
CoV|Q3I5J5.31.BC1	17735
CoV|Q3I5J5.31.BC2	31161
CoV|Q3I5J5.32.BC1	22516
CoV|Q3I5J5.32.BC2	12549
CoV|Q3I5J5.33.BC1	8590
CoV|Q3I5J5.33.BC2	11566
CoV|Q3I5J5.34.BC1	18861
CoV|Q3I5J5.34.BC2	23910
CoV|Q3I5J5.35.BC1	12613
CoV|Q3I5J5.35.BC2	12516
CoV|Q3I5J5.36.BC1	14408
CoV|Q3I5J5.36.BC2	11009
CoV|Q3I5J5.37.BC1	10856
CoV|Q3I5J5.37.BC2	23559
CoV|Q3I5J5.38.BC1	10753
CoV|Q3I5J5.38.BC2	12204
CoV|Q3I5J5.39.BC1	2709
CoV|Q3I5J5.39.BC2	31175
CoV|Q3I5J5.4.BC1	7331
CoV|Q3I5J5.4.BC2	7125
CoV|Q3I5J5.40.BC1	11446
CoV|Q3I5J5.40.BC2	5583
CoV|Q3I5J5.41.BC1	30124
CoV|Q3I5J5.41.BC2	40079
CoV|Q3I5J5.42.BC1	13357
CoV|Q3I5J5.42.BC2	25600
CoV|Q3I5J5.43.BC1	9979
CoV|Q3I5J5.43.BC2	20527
CoV|Q3I5J5.5.BC1	18268
CoV|Q3I5J5.5.BC2	18658
CoV|Q3I5J5.6.BC1	19313
CoV|Q3I5J5.6.BC2	24287
CoV|Q3I5J5.7.BC1	6275
CoV|Q3I5J5.7.BC2	10518
CoV|Q3I5J5.8.BC1	4564
CoV|Q3I5J5.8.BC2	6814
CoV|Q3I5J5.9.BC1	15736
CoV|Q3I5J5.9.BC2	9269
CoV|Q3LZW9.0.BC1	41826
CoV|Q3LZW9.0.BC2	61398
CoV|Q3LZX0.0.BC1	15750
CoV|Q3LZX0.0.BC2	4320
CoV|Q3LZX0.1.BC1	23126
CoV|Q3LZX0.1.BC2	18697
CoV|Q3LZX0.2.BC1	6581
CoV|Q3LZX0.2.BC2	29280
CoV|Q3LZX0.3.BC1	27864
CoV|Q3LZX0.3.BC2	25029
CoV|Q3LZX0.4.BC1	25298
CoV|Q3LZX0.4.BC2	24730
CoV|Q3LZX0.5.BC1	15066
CoV|Q3LZX0.5.BC2	5528
CoV|Q3LZX0.6.BC1	5036
CoV|Q3LZX0.6.BC2	5135
CoV|Q3LZX0.7.BC1	16691
CoV|Q3LZX0.7.BC2	4556
CoV|Q3LZX1.0.BC1	14162
CoV|Q3LZX1.0.BC2	24340
CoV|Q3LZX1.1.BC1	20959
CoV|Q3LZX1.1.BC2	15212
CoV|Q3LZX1.10.BC1	35424
CoV|Q3LZX1.10.BC2	17998
CoV|Q3LZX1.14.BC1	16756
CoV|Q3LZX1.14.BC2	20124
CoV|Q3LZX1.15.BC1	36593
CoV|Q3LZX1.15.BC2	32856
CoV|Q3LZX1.16.BC1	18099
CoV|Q3LZX1.16.BC2	7099
CoV|Q3LZX1.17.BC1	2637
CoV|Q3LZX1.17.BC2	10893
CoV|Q3LZX1.18.BC1	31370
CoV|Q3LZX1.18.BC2	34631
CoV|Q3LZX1.19.BC1	23214
CoV|Q3LZX1.19.BC2	23366
CoV|Q3LZX1.2.BC1	9600
CoV|Q3LZX1.2.BC2	13810
CoV|Q3LZX1.20.BC1	26231
CoV|Q3LZX1.20.BC2	39320
CoV|Q3LZX1.21.BC1	47448
CoV|Q3LZX1.21.BC2	29580
CoV|Q3LZX1.22.BC1	32530
CoV|Q3LZX1.22.BC2	15925
CoV|Q3LZX1.23.BC1	21459
CoV|Q3LZX1.23.BC2	15779
CoV|Q3LZX1.24.BC1	17365
CoV|Q3LZX1.24.BC2	4999
CoV|Q3LZX1.25.BC1	25951
CoV|Q3LZX1.25.BC2	24718
CoV|Q3LZX1.26.BC1	8540
CoV|Q3LZX1.26.BC2	4892
CoV|Q3LZX1.27.BC1	13813
CoV|Q3LZX1.27.BC2	34428
CoV|Q3LZX1.28.BC1	34827
CoV|Q3LZX1.28.BC2	37038
CoV|Q3LZX1.29.BC1	29331
CoV|Q3LZX1.29.BC2	42460
CoV|Q3LZX1.3.BC1	5279
CoV|Q3LZX1.3.BC2	7357
CoV|Q3LZX1.30.BC1	12685
CoV|Q3LZX1.30.BC2	10426
CoV|Q3LZX1.31.BC1	19316
CoV|Q3LZX1.31.BC2	20325
CoV|Q3LZX1.32.BC1	6771
CoV|Q3LZX1.32.BC2	9470
CoV|Q3LZX1.33.BC1	7424
CoV|Q3LZX1.33.BC2	7606
CoV|Q3LZX1.34.BC1	3179
CoV|Q3LZX1.34.BC2	13716
CoV|Q3LZX1.35.BC1	12526
CoV|Q3LZX1.35.BC2	14897
CoV|Q3LZX1.36.BC1	11881
CoV|Q3LZX1.36.BC2	17204
CoV|Q3LZX1.37.BC1	13792
CoV|Q3LZX1.37.BC2	10622
CoV|Q3LZX1.38.BC1	19340
CoV|Q3LZX1.38.BC2	13315
CoV|Q3LZX1.39.BC1	18448
CoV|Q3LZX1.39.BC2	21055
CoV|Q3LZX1.4.BC1	8569
CoV|Q3LZX1.4.BC2	9143
CoV|Q3LZX1.40.BC1	14759
CoV|Q3LZX1.40.BC2	4853
CoV|Q3LZX1.41.BC1	21043
CoV|Q3LZX1.41.BC2	23570
CoV|Q3LZX1.42.BC1	22497
CoV|Q3LZX1.42.BC2	16047
CoV|Q3LZX1.5.BC1	12465
CoV|Q3LZX1.5.BC2	24201
CoV|Q3LZX1.6.BC1	14963
CoV|Q3LZX1.6.BC2	20146
CoV|Q3LZX1.7.BC1	20644
CoV|Q3LZX1.7.BC2	18224
CoV|Q3LZX1.8.BC1	8913
CoV|Q3LZX1.8.BC2	9513
CoV|Q3LZX1.9.BC1	16991
CoV|Q3LZX1.9.BC2	26249
CoV|Q3LZX3.0.BC1	11718
CoV|Q3LZX3.0.BC2	18093
CoV|Q3LZX3.1.BC1	10249
CoV|Q3LZX3.1.BC2	18934
CoV|Q3LZX3.2.BC1	32719
CoV|Q3LZX3.2.BC2	33051
CoV|Q3LZX4.0.BC1	43874
CoV|Q3LZX4.0.BC2	45639
CoV|Q3LZX4.10.BC1	23194
CoV|Q3LZX4.10.BC2	27527
CoV|Q3LZX4.11.BC1	132
CoV|Q3LZX4.11.BC2	6836
CoV|Q3LZX4.12.BC1	19863
CoV|Q3LZX4.12.BC2	27838
CoV|Q3LZX4.13.BC1	37123
CoV|Q3LZX4.13.BC2	33128
CoV|Q3LZX4.14.BC1	45081
CoV|Q3LZX4.14.BC2	34952
CoV|Q3LZX4.2.BC1	27948
CoV|Q3LZX4.2.BC2	12096
CoV|Q3LZX4.3.BC1	12888
CoV|Q3LZX4.3.BC2	10823
CoV|Q3LZX4.5.BC1	33555
CoV|Q3LZX4.5.BC2	36632
CoV|Q3LZX4.6.BC1	45761
CoV|Q3LZX4.6.BC2	39032
CoV|Q3LZX4.7.BC1	29016
CoV|Q3LZX4.7.BC2	33339
CoV|Q3LZX4.8.BC1	49497
CoV|Q3LZX4.8.BC2	46971
CoV|Q3LZX4.9.BC1	48255
CoV|Q3LZX4.9.BC2	29650
CoV|Q3LZX5.0.BC1	10090
CoV|Q3LZX5.0.BC2	14128
CoV|Q3LZX5.1.BC1	16397
CoV|Q3LZX5.1.BC2	14944
CoV|Q3LZX5.2.BC1	12374
CoV|Q3LZX5.2.BC2	17533
CoV|Q3LZX5.3.BC1	38078
CoV|Q3LZX5.3.BC2	10228
CoV|Q3LZX6.0.BC1	52592
CoV|Q3LZX6.0.BC2	3654
CoV|Q3LZX7.0.BC1	18742
CoV|Q3LZX7.0.BC2	10966
CoV|Q3LZX7.1.BC1	37886
CoV|Q3LZX7.1.BC2	39550
CoV|Q3LZX7.2.BC1	39351
CoV|Q3LZX7.2.BC2	58228
CoV|Q3LZX7.3.BC1	24366
CoV|Q3LZX7.3.BC2	18544
CoV|Q3LZX8.0.BC1	11619
CoV|Q3LZX8.0.BC2	11247
CoV|Q3LZX8.1.BC1	19463
CoV|Q3LZX8.1.BC2	4168
CoV|Q3LZX9.0.BC1	27847
CoV|Q3LZX9.0.BC2	9350
CoV|Q4VID0.0.BC1	22328
CoV|Q4VID0.0.BC2	31687
CoV|Q4VID0.1.BC1	17097
CoV|Q4VID0.1.BC2	22304
CoV|Q4VID0.2.BC1	36017
CoV|Q4VID0.2.BC2	19151
CoV|Q4VID0.3.BC1	37920
CoV|Q4VID0.3.BC2	59890
CoV|Q4VID0.4.BC1	12468
CoV|Q4VID0.4.BC2	27353
CoV|Q4VID0.5.BC1	15187
CoV|Q4VID0.5.BC2	22158
CoV|Q4VID0.6.BC1	16801
CoV|Q4VID0.6.BC2	18824
CoV|Q7TFA0.0.BC1	16077
CoV|Q7TFA0.0.BC2	19514
CoV|Q7TFA1.0.BC1	34891
CoV|Q7TFA1.0.BC2	16883
CoV|Q7TLC7.0.BC1	12470
CoV|Q7TLC7.0.BC2	4767
CoV|Q7TLC7.1.BC1	11333
CoV|Q7TLC7.1.BC2	6131
CoV|Q80872.0.BC1	5853
CoV|Q80872.0.BC2	13582
CoV|Q80872.1.BC1	23606
CoV|Q80872.1.BC2	28655
CoV|Q80872.2.BC1	8980
CoV|Q80872.2.BC2	23792
CoV|Q80872.3.BC1	26341
CoV|Q80872.3.BC2	19751
CoV|Q80872.4.BC1	21324
CoV|Q80872.4.BC2	30785
CoV|Q80872.5.BC1	4294
CoV|Q80872.5.BC2	5681
CoV|Q80872.6.BC1	8083
CoV|Q80872.6.BC2	13837
CoV|Q80872.7.BC1	12149
CoV|Q80872.7.BC2	17383
CoV|Q80872.8.BC1	15393
CoV|Q80872.8.BC2	13265
CoV|Q80H93.0.BC1	9471
CoV|Q80H93.0.BC2	16915
CoV|Q80H93.1.BC1	11966
CoV|Q80H93.1.BC2	19066
CoV|Q80H93.2.BC1	26372
CoV|Q80H93.2.BC2	19975
CoV|QHN73809.109.BC1	37879
CoV|QHN73809.109.BC2	27529
CoV|QHN73809.110.BC1	26426
CoV|QHN73809.110.BC2	28406
CoV|QHO60600.1.BC1	6543
CoV|QHO60600.1.BC2	8047
CoV|QHO60600.2.BC1	10956
CoV|QHO60600.2.BC2	10191
CoV|QHO60600.3.BC1	3558
CoV|QHO60600.3.BC2	33865
CoV|QHQ71962.14.BC1	38870
CoV|QHQ71962.14.BC2	15011
CoV|QHQ71962.15.BC1	14564
CoV|QHQ71962.15.BC2	13148
CoV|QHQ71969.1.BC1	7340
CoV|QHQ71969.1.BC2	8843
CoV|QHQ71969.2.BC1	19568
CoV|QHQ71969.2.BC2	20504
CoV|QHQ71972.198.BC1	18716
CoV|QHQ71972.198.BC2	17933
CoV|QHQ71972.199.BC1	7104
CoV|QHQ71972.199.BC2	10403
CoV|QHQ82463.0.BC1	21984
CoV|QHQ82463.0.BC2	28209
CoV|QHQ82463.1.BC1	34171
CoV|QHQ82463.1.BC2	17092
CoV|QHQ82463.10.BC1	34099
CoV|QHQ82463.10.BC2	22249
CoV|QHQ82463.100.BC1	26501
CoV|QHQ82463.100.BC2	42312
CoV|QHQ82463.101.BC1	13741
CoV|QHQ82463.101.BC2	8081
CoV|QHQ82463.102.BC1	14429
CoV|QHQ82463.102.BC2	203
CoV|QHQ82463.103.BC1	797
CoV|QHQ82463.103.BC2	905
CoV|QHQ82463.104.BC1	48452
CoV|QHQ82463.104.BC2	54295
CoV|QHQ82463.105.BC1	10416
CoV|QHQ82463.105.BC2	16145
CoV|QHQ82463.106.BC1	46120
CoV|QHQ82463.106.BC2	68133
CoV|QHQ82463.107.BC1	19370
CoV|QHQ82463.107.BC2	16550
CoV|QHQ82463.108.BC1	3019
CoV|QHQ82463.108.BC2	54533
CoV|QHQ82463.109.BC1	59439
CoV|QHQ82463.109.BC2	53680
CoV|QHQ82463.11.BC1	17124
CoV|QHQ82463.11.BC2	19757
CoV|QHQ82463.110.BC1	13332
CoV|QHQ82463.110.BC2	19308
CoV|QHQ82463.111.BC1	18076
CoV|QHQ82463.111.BC2	30584
CoV|QHQ82463.112.BC1	8921
CoV|QHQ82463.112.BC2	7934
CoV|QHQ82463.113.BC1	13393
CoV|QHQ82463.113.BC2	15351
CoV|QHQ82463.114.BC1	23546
CoV|QHQ82463.114.BC2	2243
CoV|QHQ82463.115.BC1	25737
CoV|QHQ82463.115.BC2	39101
CoV|QHQ82463.116.BC1	19663
CoV|QHQ82463.116.BC2	16667
CoV|QHQ82463.117.BC1	31932
CoV|QHQ82463.117.BC2	43834
CoV|QHQ82463.118.BC1	23333
CoV|QHQ82463.118.BC2	17040
CoV|QHQ82463.119.BC1	39531
CoV|QHQ82463.119.BC2	23700
CoV|QHQ82463.12.BC1	39307
CoV|QHQ82463.12.BC2	20342
CoV|QHQ82463.120.BC1	37758
CoV|QHQ82463.120.BC2	36779
CoV|QHQ82463.121.BC1	16579
CoV|QHQ82463.121.BC2	10418
CoV|QHQ82463.122.BC1	9541
CoV|QHQ82463.122.BC2	5289
CoV|QHQ82463.123.BC1	11867
CoV|QHQ82463.123.BC2	14152
CoV|QHQ82463.124.BC1	21543
CoV|QHQ82463.124.BC2	20301
CoV|QHQ82463.125.BC1	35616
CoV|QHQ82463.125.BC2	34144
CoV|QHQ82463.126.BC1	23083
CoV|QHQ82463.126.BC2	14633
CoV|QHQ82463.127.BC1	25401
CoV|QHQ82463.127.BC2	28771
CoV|QHQ82463.128.BC1	3774
CoV|QHQ82463.128.BC2	20341
CoV|QHQ82463.129.BC1	111922
CoV|QHQ82463.129.BC2	69892
CoV|QHQ82463.13.BC1	21952
CoV|QHQ82463.13.BC2	5840
CoV|QHQ82463.130.BC1	26176
CoV|QHQ82463.130.BC2	19576
CoV|QHQ82463.131.BC1	35915
CoV|QHQ82463.131.BC2	39021
CoV|QHQ82463.132.BC1	15646
CoV|QHQ82463.132.BC2	25249
CoV|QHQ82463.133.BC1	28995
CoV|QHQ82463.133.BC2	44267
CoV|QHQ82463.134.BC1	61239
CoV|QHQ82463.134.BC2	57800
CoV|QHQ82463.135.BC1	23384
CoV|QHQ82463.135.BC2	19400
CoV|QHQ82463.136.BC1	13072
CoV|QHQ82463.136.BC2	21192
CoV|QHQ82463.137.BC1	10469
CoV|QHQ82463.137.BC2	11890
CoV|QHQ82463.138.BC1	7823
CoV|QHQ82463.138.BC2	6655
CoV|QHQ82463.139.BC1	7448
CoV|QHQ82463.139.BC2	11114
CoV|QHQ82463.14.BC1	32481
CoV|QHQ82463.14.BC2	36496
CoV|QHQ82463.140.BC1	32504
CoV|QHQ82463.140.BC2	18058
CoV|QHQ82463.141.BC1	17926
CoV|QHQ82463.141.BC2	31615
CoV|QHQ82463.142.BC1	29886
CoV|QHQ82463.142.BC2	40264
CoV|QHQ82463.143.BC1	27938
CoV|QHQ82463.143.BC2	47224
CoV|QHQ82463.144.BC1	22536
CoV|QHQ82463.144.BC2	13995
CoV|QHQ82463.145.BC1	6768
CoV|QHQ82463.145.BC2	7883
CoV|QHQ82463.146.BC1	21696
CoV|QHQ82463.146.BC2	25458
CoV|QHQ82463.147.BC1	56522
CoV|QHQ82463.147.BC2	40304
CoV|QHQ82463.148.BC1	17167
CoV|QHQ82463.148.BC2	19828
CoV|QHQ82463.149.BC1	15968
CoV|QHQ82463.149.BC2	23180
CoV|QHQ82463.15.BC1	5502
CoV|QHQ82463.15.BC2	7252
CoV|QHQ82463.150.BC1	12625
CoV|QHQ82463.150.BC2	20972
CoV|QHQ82463.151.BC1	19134
CoV|QHQ82463.151.BC2	21122
CoV|QHQ82463.152.BC1	23972
CoV|QHQ82463.152.BC2	9578
CoV|QHQ82463.153.BC1	22525
CoV|QHQ82463.153.BC2	25835
CoV|QHQ82463.154.BC1	15146
CoV|QHQ82463.154.BC2	16840
CoV|QHQ82463.155.BC1	48578
CoV|QHQ82463.155.BC2	39222
CoV|QHQ82463.156.BC1	56445
CoV|QHQ82463.156.BC2	37039
CoV|QHQ82463.157.BC1	24628
CoV|QHQ82463.157.BC2	18624
CoV|QHQ82463.158.BC1	11507
CoV|QHQ82463.158.BC2	24630
CoV|QHQ82463.159.BC1	25841
CoV|QHQ82463.159.BC2	15177
CoV|QHQ82463.16.BC1	7107
CoV|QHQ82463.16.BC2	5300
CoV|QHQ82463.160.BC1	61140
CoV|QHQ82463.160.BC2	35659
CoV|QHQ82463.161.BC1	9714
CoV|QHQ82463.161.BC2	21242
CoV|QHQ82463.162.BC1	31113
CoV|QHQ82463.162.BC2	25364
CoV|QHQ82463.163.BC1	16244
CoV|QHQ82463.163.BC2	12747
CoV|QHQ82463.164.BC1	31465
CoV|QHQ82463.164.BC2	31182
CoV|QHQ82463.165.BC1	18330
CoV|QHQ82463.165.BC2	21714
CoV|QHQ82463.166.BC1	30594
CoV|QHQ82463.166.BC2	37075
CoV|QHQ82463.167.BC1	19251
CoV|QHQ82463.167.BC2	24185
CoV|QHQ82463.168.BC1	27553
CoV|QHQ82463.168.BC2	23057
CoV|QHQ82463.169.BC1	42736
CoV|QHQ82463.169.BC2	23236
CoV|QHQ82463.17.BC1	17686
CoV|QHQ82463.17.BC2	6300
CoV|QHQ82463.170.BC1	28860
CoV|QHQ82463.170.BC2	27552
CoV|QHQ82463.171.BC1	29700
CoV|QHQ82463.171.BC2	17678
CoV|QHQ82463.172.BC1	13822
CoV|QHQ82463.172.BC2	16795
CoV|QHQ82463.173.BC1	13335
CoV|QHQ82463.173.BC2	6293
CoV|QHQ82463.174.BC1	33123
CoV|QHQ82463.174.BC2	20482
CoV|QHQ82463.175.BC1	37956
CoV|QHQ82463.175.BC2	48408
CoV|QHQ82463.176.BC1	22287
CoV|QHQ82463.176.BC2	34621
CoV|QHQ82463.177.BC1	11169
CoV|QHQ82463.177.BC2	7151
CoV|QHQ82463.178.BC1	30579
CoV|QHQ82463.178.BC2	30234
CoV|QHQ82463.179.BC1	15953
CoV|QHQ82463.179.BC2	11421
CoV|QHQ82463.18.BC1	19493
CoV|QHQ82463.18.BC2	23248
CoV|QHQ82463.180.BC1	27009
CoV|QHQ82463.180.BC2	37949
CoV|QHQ82463.181.BC1	18355
CoV|QHQ82463.181.BC2	34036
CoV|QHQ82463.182.BC1	26953
CoV|QHQ82463.182.BC2	21926
CoV|QHQ82463.183.BC1	7138
CoV|QHQ82463.183.BC2	9436
CoV|QHQ82463.184.BC1	16857
CoV|QHQ82463.184.BC2	13334
CoV|QHQ82463.185.BC1	60219
CoV|QHQ82463.185.BC2	71270
CoV|QHQ82463.186.BC1	23088
CoV|QHQ82463.186.BC2	24904
CoV|QHQ82463.187.BC1	10182
CoV|QHQ82463.187.BC2	16071
CoV|QHQ82463.188.BC1	14891
CoV|QHQ82463.188.BC2	12402
CoV|QHQ82463.189.BC1	27143
CoV|QHQ82463.189.BC2	23853
CoV|QHQ82463.19.BC1	23908
CoV|QHQ82463.19.BC2	57801
CoV|QHQ82463.190.BC1	24346
CoV|QHQ82463.190.BC2	13112
CoV|QHQ82463.191.BC1	15292
CoV|QHQ82463.191.BC2	18700
CoV|QHQ82463.192.BC1	67305
CoV|QHQ82463.192.BC2	40885
CoV|QHQ82463.193.BC1	35538
CoV|QHQ82463.193.BC2	34697
CoV|QHQ82463.194.BC1	21639
CoV|QHQ82463.194.BC2	22254
CoV|QHQ82463.195.BC1	16507
CoV|QHQ82463.195.BC2	27586
CoV|QHQ82463.196.BC1	10956
CoV|QHQ82463.196.BC2	23592
CoV|QHQ82463.197.BC1	14563
CoV|QHQ82463.197.BC2	25797
CoV|QHQ82463.198.BC1	15826
CoV|QHQ82463.198.BC2	28516
CoV|QHQ82463.199.BC1	19131
CoV|QHQ82463.199.BC2	22978
CoV|QHQ82463.2.BC1	42752
CoV|QHQ82463.2.BC2	30099
CoV|QHQ82463.20.BC1	10427
CoV|QHQ82463.20.BC2	19383
CoV|QHQ82463.200.BC1	9696
CoV|QHQ82463.200.BC2	11339
CoV|QHQ82463.201.BC1	32681
CoV|QHQ82463.201.BC2	53013
CoV|QHQ82463.202.BC1	6894
CoV|QHQ82463.202.BC2	18387
CoV|QHQ82463.203.BC1	32526
CoV|QHQ82463.203.BC2	49608
CoV|QHQ82463.204.BC1	22227
CoV|QHQ82463.204.BC2	31785
CoV|QHQ82463.205.BC1	14488
CoV|QHQ82463.205.BC2	23853
CoV|QHQ82463.206.BC1	21501
CoV|QHQ82463.206.BC2	13109
CoV|QHQ82463.207.BC1	22487
CoV|QHQ82463.207.BC2	25285
CoV|QHQ82463.208.BC1	14862
CoV|QHQ82463.208.BC2	18729
CoV|QHQ82463.209.BC1	15345
CoV|QHQ82463.209.BC2	8245
CoV|QHQ82463.21.BC1	20169
CoV|QHQ82463.21.BC2	18665
CoV|QHQ82463.210.BC1	18222
CoV|QHQ82463.210.BC2	20045
CoV|QHQ82463.211.BC1	24529
CoV|QHQ82463.211.BC2	20932
CoV|QHQ82463.212.BC1	19541
CoV|QHQ82463.212.BC2	20674
CoV|QHQ82463.213.BC1	19093
CoV|QHQ82463.213.BC2	26251
CoV|QHQ82463.214.BC1	15078
CoV|QHQ82463.214.BC2	50240
CoV|QHQ82463.215.BC1	36329
CoV|QHQ82463.215.BC2	22128
CoV|QHQ82463.216.BC1	18309
CoV|QHQ82463.216.BC2	20501
CoV|QHQ82463.217.BC1	16022
CoV|QHQ82463.217.BC2	16889
CoV|QHQ82463.218.BC1	17562
CoV|QHQ82463.218.BC2	18747
CoV|QHQ82463.219.BC1	17074
CoV|QHQ82463.219.BC2	6235
CoV|QHQ82463.22.BC1	15759
CoV|QHQ82463.22.BC2	14660
CoV|QHQ82463.220.BC1	44492
CoV|QHQ82463.220.BC2	34431
CoV|QHQ82463.221.BC1	25915
CoV|QHQ82463.221.BC2	17424
CoV|QHQ82463.222.BC1	25026
CoV|QHQ82463.222.BC2	24997
CoV|QHQ82463.223.BC1	24095
CoV|QHQ82463.223.BC2	16964
CoV|QHQ82463.224.BC1	19028
CoV|QHQ82463.224.BC2	18874
CoV|QHQ82463.225.BC1	31677
CoV|QHQ82463.225.BC2	37869
CoV|QHQ82463.226.BC1	25790
CoV|QHQ82463.226.BC2	33885
CoV|QHQ82463.227.BC1	18293
CoV|QHQ82463.227.BC2	28697
CoV|QHQ82463.228.BC1	33606
CoV|QHQ82463.228.BC2	22067
CoV|QHQ82463.229.BC1	19610
CoV|QHQ82463.229.BC2	17104
CoV|QHQ82463.23.BC1	8375
CoV|QHQ82463.23.BC2	19506
CoV|QHQ82463.230.BC1	19723
CoV|QHQ82463.230.BC2	24758
CoV|QHQ82463.231.BC1	40582
CoV|QHQ82463.231.BC2	35005
CoV|QHQ82463.232.BC1	43260
CoV|QHQ82463.232.BC2	26378
CoV|QHQ82463.233.BC1	52271
CoV|QHQ82463.233.BC2	22656
CoV|QHQ82463.234.BC1	30645
CoV|QHQ82463.234.BC2	49188
CoV|QHQ82463.235.BC1	16902
CoV|QHQ82463.235.BC2	26582
CoV|QHQ82463.236.BC1	20683
CoV|QHQ82463.236.BC2	46869
CoV|QHQ82463.237.BC1	8543
CoV|QHQ82463.237.BC2	12397
CoV|QHQ82463.238.BC1	6311
CoV|QHQ82463.238.BC2	13527
CoV|QHQ82463.239.BC1	18758
CoV|QHQ82463.239.BC2	4702
CoV|QHQ82463.24.BC1	19061
CoV|QHQ82463.24.BC2	13717
CoV|QHQ82463.240.BC1	3806
CoV|QHQ82463.240.BC2	4946
CoV|QHQ82463.241.BC1	9638
CoV|QHQ82463.241.BC2	9530
CoV|QHQ82463.242.BC1	29413
CoV|QHQ82463.242.BC2	17280
CoV|QHQ82463.243.BC1	32478
CoV|QHQ82463.243.BC2	23063
CoV|QHQ82463.244.BC1	39875
CoV|QHQ82463.244.BC2	25461
CoV|QHQ82463.245.BC1	48578
CoV|QHQ82463.245.BC2	47569
CoV|QHQ82463.246.BC1	27323
CoV|QHQ82463.246.BC2	15582
CoV|QHQ82463.247.BC1	14593
CoV|QHQ82463.247.BC2	16313
CoV|QHQ82463.248.BC1	27824
CoV|QHQ82463.248.BC2	12787
CoV|QHQ82463.249.BC1	13002
CoV|QHQ82463.249.BC2	18371
CoV|QHQ82463.25.BC1	13720
CoV|QHQ82463.25.BC2	27828
CoV|QHQ82463.250.BC1	10734
CoV|QHQ82463.250.BC2	47053
CoV|QHQ82463.251.BC1	17801
CoV|QHQ82463.251.BC2	27370
CoV|QHQ82463.26.BC1	23092
CoV|QHQ82463.26.BC2	13513
CoV|QHQ82463.27.BC1	15541
CoV|QHQ82463.27.BC2	14598
CoV|QHQ82463.28.BC1	16889
CoV|QHQ82463.28.BC2	5749
CoV|QHQ82463.29.BC1	16809
CoV|QHQ82463.29.BC2	14220
CoV|QHQ82463.3.BC1	32901
CoV|QHQ82463.3.BC2	31863
CoV|QHQ82463.30.BC1	41406
CoV|QHQ82463.30.BC2	30326
CoV|QHQ82463.31.BC1	734
CoV|QHQ82463.31.BC2	9611
CoV|QHQ82463.32.BC1	13708
CoV|QHQ82463.32.BC2	14729
CoV|QHQ82463.33.BC1	25430
CoV|QHQ82463.33.BC2	20799
CoV|QHQ82463.34.BC1	32329
CoV|QHQ82463.34.BC2	25636
CoV|QHQ82463.35.BC1	27083
CoV|QHQ82463.35.BC2	26880
CoV|QHQ82463.36.BC1	11342
CoV|QHQ82463.36.BC2	21701
CoV|QHQ82463.37.BC1	2192
CoV|QHQ82463.37.BC2	37937
CoV|QHQ82463.38.BC1	57773
CoV|QHQ82463.38.BC2	34967
CoV|QHQ82463.39.BC1	39397
CoV|QHQ82463.39.BC2	48378
CoV|QHQ82463.4.BC1	21106
CoV|QHQ82463.4.BC2	8596
CoV|QHQ82463.40.BC1	12349
CoV|QHQ82463.40.BC2	13491
CoV|QHQ82463.41.BC1	9986
CoV|QHQ82463.41.BC2	3481
CoV|QHQ82463.42.BC1	11506
CoV|QHQ82463.42.BC2	8776
CoV|QHQ82463.43.BC1	11570
CoV|QHQ82463.43.BC2	10445
CoV|QHQ82463.44.BC1	10566
CoV|QHQ82463.44.BC2	13509
CoV|QHQ82463.45.BC1	25926
CoV|QHQ82463.45.BC2	19487
CoV|QHQ82463.46.BC1	18242
CoV|QHQ82463.46.BC2	18793
CoV|QHQ82463.47.BC1	21360
CoV|QHQ82463.47.BC2	12222
CoV|QHQ82463.48.BC1	21190
CoV|QHQ82463.48.BC2	28897
CoV|QHQ82463.49.BC1	7260
CoV|QHQ82463.49.BC2	16565
CoV|QHQ82463.5.BC1	39708
CoV|QHQ82463.5.BC2	35660
CoV|QHQ82463.50.BC1	7953
CoV|QHQ82463.50.BC2	3406
CoV|QHQ82463.51.BC1	54036
CoV|QHQ82463.51.BC2	47341
CoV|QHQ82463.52.BC1	26487
CoV|QHQ82463.52.BC2	20557
CoV|QHQ82463.53.BC1	16246
CoV|QHQ82463.53.BC2	14444
CoV|QHQ82463.54.BC1	24774
CoV|QHQ82463.54.BC2	21660
CoV|QHQ82463.55.BC1	16955
CoV|QHQ82463.55.BC2	8773
CoV|QHQ82463.56.BC1	35435
CoV|QHQ82463.56.BC2	44500
CoV|QHQ82463.57.BC1	16415
CoV|QHQ82463.57.BC2	14188
CoV|QHQ82463.58.BC1	10726
CoV|QHQ82463.58.BC2	16714
CoV|QHQ82463.59.BC1	18774
CoV|QHQ82463.59.BC2	26891
CoV|QHQ82463.6.BC1	42388
CoV|QHQ82463.6.BC2	42134
CoV|QHQ82463.60.BC1	589
CoV|QHQ82463.60.BC2	11947
CoV|QHQ82463.61.BC1	6604
CoV|QHQ82463.61.BC2	12282
CoV|QHQ82463.62.BC1	29271
CoV|QHQ82463.62.BC2	13928
CoV|QHQ82463.63.BC1	24458
CoV|QHQ82463.63.BC2	32823
CoV|QHQ82463.64.BC1	26456
CoV|QHQ82463.64.BC2	18124
CoV|QHQ82463.65.BC1	20785
CoV|QHQ82463.65.BC2	15389
CoV|QHQ82463.66.BC1	20999
CoV|QHQ82463.66.BC2	14960
CoV|QHQ82463.67.BC1	43627
CoV|QHQ82463.67.BC2	57093
CoV|QHQ82463.68.BC1	25790
CoV|QHQ82463.68.BC2	21978
CoV|QHQ82463.69.BC1	29871
CoV|QHQ82463.69.BC2	31771
CoV|QHQ82463.7.BC1	37001
CoV|QHQ82463.7.BC2	26652
CoV|QHQ82463.70.BC1	26982
CoV|QHQ82463.70.BC2	43520
CoV|QHQ82463.71.BC1	30311
CoV|QHQ82463.71.BC2	34266
CoV|QHQ82463.72.BC1	31132
CoV|QHQ82463.72.BC2	17838
CoV|QHQ82463.73.BC1	23465
CoV|QHQ82463.73.BC2	53874
CoV|QHQ82463.74.BC1	41787
CoV|QHQ82463.74.BC2	28162
CoV|QHQ82463.75.BC1	20944
CoV|QHQ82463.75.BC2	8594
CoV|QHQ82463.76.BC1	29670
CoV|QHQ82463.76.BC2	42726
CoV|QHQ82463.77.BC1	21378
CoV|QHQ82463.77.BC2	32053
CoV|QHQ82463.78.BC1	3006
CoV|QHQ82463.78.BC2	2904
CoV|QHQ82463.79.BC1	27384
CoV|QHQ82463.79.BC2	17983
CoV|QHQ82463.8.BC1	10231
CoV|QHQ82463.8.BC2	11237
CoV|QHQ82463.80.BC1	16450
CoV|QHQ82463.80.BC2	14648
CoV|QHQ82463.81.BC1	8000
CoV|QHQ82463.81.BC2	7909
CoV|QHQ82463.82.BC1	23343
CoV|QHQ82463.82.BC2	39368
CoV|QHQ82463.83.BC1	43487
CoV|QHQ82463.83.BC2	31042
CoV|QHQ82463.84.BC1	19013
CoV|QHQ82463.84.BC2	18737
CoV|QHQ82463.85.BC1	24324
CoV|QHQ82463.85.BC2	17979
CoV|QHQ82463.86.BC1	21040
CoV|QHQ82463.86.BC2	23152
CoV|QHQ82463.87.BC1	58116
CoV|QHQ82463.87.BC2	53051
CoV|QHQ82463.88.BC1	22450
CoV|QHQ82463.88.BC2	23332
CoV|QHQ82463.89.BC1	21257
CoV|QHQ82463.89.BC2	11265
CoV|QHQ82463.9.BC1	20901
CoV|QHQ82463.9.BC2	12477
CoV|QHQ82463.90.BC1	30619
CoV|QHQ82463.90.BC2	18733
CoV|QHQ82463.91.BC1	9031
CoV|QHQ82463.91.BC2	29252
CoV|QHQ82463.92.BC1	16141
CoV|QHQ82463.92.BC2	19245
CoV|QHQ82463.93.BC1	38211
CoV|QHQ82463.93.BC2	37950
CoV|QHQ82463.94.BC1	28230
CoV|QHQ82463.94.BC2	33442
CoV|QHQ82463.95.BC1	33258
CoV|QHQ82463.95.BC2	47193
CoV|QHQ82463.96.BC1	21048
CoV|QHQ82463.96.BC2	5942
CoV|QHQ82463.97.BC1	11668
CoV|QHQ82463.97.BC2	13449
CoV|QHQ82463.98.BC1	25036
CoV|QHQ82463.98.BC2	22738
CoV|QHQ82463.99.BC1	40340
CoV|QHQ82463.99.BC2	37418
CoV|QHQ82466.0.BC1	43988
CoV|QHQ82466.0.BC2	39820
CoV|QHQ82466.1.BC1	39894
CoV|QHQ82466.1.BC2	63191
CoV|QHQ82467.0.BC1	31771
CoV|QHQ82467.0.BC2	36383
CoV|QHQ82467.1.BC1	53403
CoV|QHQ82467.1.BC2	31219
CoV|QHQ82467.2.BC1	57541
CoV|QHQ82467.2.BC2	28960
CoV|QHQ82467.3.BC1	12357
CoV|QHQ82467.3.BC2	15225
CoV|QHQ82467.4.BC1	7566
CoV|QHQ82467.4.BC2	16005
CoV|QHQ82467.5.BC1	22480
CoV|QHQ82467.5.BC2	24512
CoV|QHQ82467.6.BC1	25109
CoV|QHQ82467.6.BC2	37311
CoV|QHQ82471.0.BC1	47449
CoV|QHQ82471.0.BC2	52030
CoV|QHQ82471.1.BC1	22949
CoV|QHQ82471.1.BC2	31595
CoV|QHQ82471.10.BC1	18336
CoV|QHQ82471.10.BC2	27697
CoV|QHQ82471.11.BC1	6781
CoV|QHQ82471.11.BC2	1469
CoV|QHQ82471.12.BC1	31505
CoV|QHQ82471.12.BC2	11411
CoV|QHQ82471.13.BC1	53496
CoV|QHQ82471.13.BC2	29282
CoV|QHQ82471.2.BC1	14889
CoV|QHQ82471.2.BC2	22579
CoV|QHQ82471.3.BC1	14588
CoV|QHQ82471.3.BC2	21412
CoV|QHQ82471.4.BC1	31362
CoV|QHQ82471.4.BC2	26862
CoV|QHQ82471.5.BC1	43594
CoV|QHQ82471.5.BC2	38422
CoV|QHQ82471.6.BC1	41005
CoV|QHQ82471.6.BC2	76161
CoV|QHQ82471.7.BC1	31163
CoV|QHQ82471.7.BC2	27545
CoV|QHQ82471.8.BC1	33142
CoV|QHQ82471.8.BC2	57349
CoV|QHQ82471.9.BC1	46133
CoV|QHQ82471.9.BC2	66736
CoV|QHR63249.249.BC1	12522
CoV|QHR63249.249.BC2	10928
CoV|QHR63249.250.BC1	14526
CoV|QHR63249.250.BC2	6711
CoV|QHR63260.0.BC1	14942
CoV|QHR63260.0.BC2	34891
CoV|QHR63260.1.BC1	9125
CoV|QHR63260.1.BC2	14004
CoV|QHR63260.10.BC1	32493
CoV|QHR63260.10.BC2	17935
CoV|QHR63260.11.BC1	40814
CoV|QHR63260.11.BC2	15956
CoV|QHR63260.12.BC1	28536
CoV|QHR63260.12.BC2	15007
CoV|QHR63260.13.BC1	29574
CoV|QHR63260.13.BC2	33382
CoV|QHR63260.14.BC1	21884
CoV|QHR63260.14.BC2	17496
CoV|QHR63260.15.BC1	19134
CoV|QHR63260.15.BC2	21703
CoV|QHR63260.16.BC1	20717
CoV|QHR63260.16.BC2	25166
CoV|QHR63260.17.BC1	10438
CoV|QHR63260.17.BC2	11783
CoV|QHR63260.18.BC1	9828
CoV|QHR63260.18.BC2	8874
CoV|QHR63260.19.BC1	31353
CoV|QHR63260.19.BC2	47952
CoV|QHR63260.2.BC1	11672
CoV|QHR63260.2.BC2	8068
CoV|QHR63260.20.BC1	27320
CoV|QHR63260.20.BC2	11313
CoV|QHR63260.21.BC1	45829
CoV|QHR63260.21.BC2	31085
CoV|QHR63260.22.BC1	45800
CoV|QHR63260.22.BC2	45725
CoV|QHR63260.23.BC1	21727
CoV|QHR63260.23.BC2	61143
CoV|QHR63260.24.BC1	23454
CoV|QHR63260.24.BC2	4626
CoV|QHR63260.25.BC1	8634
CoV|QHR63260.25.BC2	1449
CoV|QHR63260.26.BC1	19498
CoV|QHR63260.26.BC2	33545
CoV|QHR63260.27.BC1	14151
CoV|QHR63260.27.BC2	8271
CoV|QHR63260.28.BC1	14698
CoV|QHR63260.28.BC2	26977
CoV|QHR63260.29.BC1	32782
CoV|QHR63260.29.BC2	45340
CoV|QHR63260.3.BC1	5569
CoV|QHR63260.3.BC2	11520
CoV|QHR63260.30.BC1	23975
CoV|QHR63260.30.BC2	11332
CoV|QHR63260.31.BC1	24195
CoV|QHR63260.31.BC2	18649
CoV|QHR63260.32.BC1	10353
CoV|QHR63260.32.BC2	13575
CoV|QHR63260.33.BC1	4435
CoV|QHR63260.33.BC2	11700
CoV|QHR63260.34.BC1	7630
CoV|QHR63260.34.BC2	11953
CoV|QHR63260.35.BC1	40852
CoV|QHR63260.35.BC2	29733
CoV|QHR63260.36.BC1	22442
CoV|QHR63260.36.BC2	12502
CoV|QHR63260.37.BC1	27565
CoV|QHR63260.37.BC2	18731
CoV|QHR63260.38.BC1	26607
CoV|QHR63260.38.BC2	12605
CoV|QHR63260.39.BC1	16182
CoV|QHR63260.39.BC2	22543
CoV|QHR63260.4.BC1	6142
CoV|QHR63260.4.BC2	9491
CoV|QHR63260.40.BC1	51429
CoV|QHR63260.40.BC2	43784
CoV|QHR63260.41.BC1	12987
CoV|QHR63260.41.BC2	8292
CoV|QHR63260.42.BC1	14309
CoV|QHR63260.42.BC2	15385
CoV|QHR63260.43.BC1	19563
CoV|QHR63260.43.BC2	16352
CoV|QHR63260.44.BC1	19216
CoV|QHR63260.44.BC2	12395
CoV|QHR63260.5.BC1	16134
CoV|QHR63260.5.BC2	18526
CoV|QHR63260.6.BC1	24195
CoV|QHR63260.6.BC2	16803
CoV|QHR63260.7.BC1	17284
CoV|QHR63260.7.BC2	25075
CoV|QHR63260.8.BC1	8256
CoV|QHR63260.8.BC2	14136
CoV|QHR63260.9.BC1	24311
CoV|QHR63260.9.BC2	14568
CoV|QHR63261.0.BC1	22807
CoV|QHR63261.0.BC2	11388
CoV|QHR63261.1.BC1	9265
CoV|QHR63261.1.BC2	23568
CoV|QHR63261.2.BC1	27012
CoV|QHR63261.2.BC2	23285
CoV|QHR63261.3.BC1	34247
CoV|QHR63261.3.BC2	30848
CoV|QHR63261.4.BC1	18223
CoV|QHR63261.4.BC2	6927
CoV|QHR63261.5.BC1	11417
CoV|QHR63261.5.BC2	11489
CoV|QHR63261.6.BC1	14704
CoV|QHR63261.6.BC2	17428
CoV|QHR63261.7.BC1	1188
CoV|QHR63261.7.BC2	5757
CoV|QHR63261.8.BC1	25580
CoV|QHR63261.8.BC2	15424
CoV|QHR63264.0.BC1	2140
CoV|QHR63264.0.BC2	9478
CoV|QHR63264.1.BC1	13301
CoV|QHR63264.1.BC2	6759
CoV|QHR63265.0.BC1	14819
CoV|QHR63265.0.BC2	31965
CoV|QHR63265.1.BC1	24373
CoV|QHR63265.1.BC2	41689
CoV|QHR63265.2.BC1	36984
CoV|QHR63265.2.BC2	42085
CoV|QHR63265.3.BC1	19727
CoV|QHR63265.3.BC2	33150
CoV|QHR63267.0.BC1	13160
CoV|QHR63267.0.BC2	23280
CoV|QHR63267.1.BC1	11640
CoV|QHR63267.1.BC2	8607
CoV|QHR63267.2.BC1	15555
CoV|QHR63267.2.BC2	20949
CoV|QHR63267.3.BC1	14803
CoV|QHR63267.3.BC2	12363
CoV|QHR63269.247.BC1	12177
CoV|QHR63269.247.BC2	4845
CoV|QHR63269.248.BC1	21885
CoV|QHR63269.248.BC2	11575
CoV|QHR63269.79.BC1	16987
CoV|QHR63269.79.BC2	10305
CoV|QHR63269.80.BC1	16953
CoV|QHR63269.80.BC2	21099
CoV|QHR63276.0.BC1	54937
CoV|QHR63276.0.BC2	15284
CoV|QHR63289.109.BC1	63489
CoV|QHR63289.109.BC2	58915
CoV|QHR63289.110.BC1	44098
CoV|QHR63289.110.BC2	17779
CoV|QHR63289.91.BC1	11960
CoV|QHR63289.91.BC2	10570
CoV|QHR63289.92.BC1	19513
CoV|QHR63289.92.BC2	27139
CoV|QHR84449.7.BC1	37852
CoV|QHR84449.7.BC2	38345
CoV|QHR84449.8.BC1	13601
CoV|QHR84449.8.BC2	15175
CoV|QHU36823.102.BC1	24339
CoV|QHU36823.102.BC2	12269
CoV|QHU36823.103.BC1	33799
CoV|QHU36823.103.BC2	27205
CoV|QHU36823.95.BC1	32111
CoV|QHU36823.95.BC2	30192
CoV|QHU36823.96.BC1	6119
CoV|QHU36823.96.BC2	5108
CoV|QHU36843.79.BC1	18482
CoV|QHU36843.79.BC2	22243
CoV|QHU36843.80.BC1	31687
CoV|QHU36843.80.BC2	30012
CoV|QHU36863.89.BC1	28056
CoV|QHU36863.89.BC2	22814
CoV|QHU36863.90.BC1	36431
CoV|QHU36863.90.BC2	45585
CoV|QHU79172.156.BC1	64479
CoV|QHU79172.156.BC2	47209
CoV|QHU79173.0.BC1	1989
CoV|QHU79173.0.BC2	13913
CoV|QHU79174.3.BC1	16874
CoV|QHU79174.3.BC2	34734
CoV|QHU79174.4.BC1	7187
CoV|QHU79174.4.BC2	11926
CoV|QHW06048.127.BC1	12709
CoV|QHW06048.127.BC2	9806
CoV|QHW06048.128.BC1	6135
CoV|QHW06048.128.BC2	8586
CoV|QHW06048.3.BC1	33606
CoV|QHW06048.3.BC2	29478
CoV|QHW06048.4.BC1	20636
CoV|QHW06048.4.BC2	15818
CoV|QHW06048.56.BC1	32597
CoV|QHW06048.56.BC2	18965
CoV|QHW06048.57.BC1	20966
CoV|QHW06048.57.BC2	8215
CoV|QHW06056.5.BC1	68169
CoV|QHW06056.5.BC2	21814
CoV|QHW06056.6.BC1	48975
CoV|QHW06056.6.BC2	43403
CoV|QHW06057.0.BC1	46929
CoV|QHW06057.0.BC2	30623
CoV|QHW06058.20.BC1	22077
CoV|QHW06058.20.BC2	18925
CoV|QHW06058.21.BC1	18726
CoV|QHW06058.21.BC2	13548
CoV|QHW06059.0.BC1	38366
CoV|QHW06059.0.BC2	34433
CoV|QHW06059.1.BC1	23862
CoV|QHW06059.1.BC2	10976
CoV|QHZ00378.245.BC1	33178
CoV|QHZ00378.245.BC2	51859
CoV|QHZ00378.246.BC1	17536
CoV|QHZ00378.246.BC2	13397
CoV|QHZ00378.31.BC1	11989
CoV|QHZ00378.31.BC2	14061
CoV|QHZ00378.32.BC1	24227
CoV|QHZ00378.32.BC2	22866
CoV|QHZ00379.6.BC1	13327
CoV|QHZ00379.6.BC2	13613
CoV|QHZ00379.7.BC1	18030
CoV|QHZ00379.7.BC2	18935
CoV|QHZ00380.3.BC1	14892
CoV|QHZ00380.3.BC2	19395
CoV|QHZ00380.4.BC1	17191
CoV|QHZ00380.4.BC2	14857
CoV|QHZ00380.7.BC1	20328
CoV|QHZ00380.7.BC2	6121
CoV|QHZ00380.8.BC1	25063
CoV|QHZ00380.8.BC2	15138
CoV|QHZ00381.0.BC1	36845
CoV|QHZ00381.0.BC2	47039
CoV|QHZ00381.1.BC1	22119
CoV|QHZ00381.1.BC2	53732
CoV|QHZ00398.203.BC1	48193
CoV|QHZ00398.203.BC2	45547
CoV|QHZ00398.204.BC1	28427
CoV|QHZ00398.204.BC2	19519
CoV|QHZ00398.37.BC1	45617
CoV|QHZ00398.37.BC2	58754
CoV|QHZ00398.38.BC1	31337
CoV|QHZ00398.38.BC2	36148
CoV|QHZ87581.1.BC1	37345
CoV|QHZ87581.1.BC2	34574
CoV|QHZ87581.2.BC1	33217
CoV|QHZ87581.2.BC2	28280
CoV|QHZ87581.33.BC1	28386
CoV|QHZ87581.33.BC2	32039
CoV|QHZ87581.34.BC1	30325
CoV|QHZ87581.34.BC2	31529
CoV|QIA98605.108.BC1	18000
CoV|QIA98605.108.BC2	22005
CoV|QIA98605.109.BC1	31772
CoV|QIA98605.109.BC2	20505
CoV|QIC50514.6.BC1	42226
CoV|QIC50514.6.BC2	30451
CoV|QIC50514.7.BC1	23846
CoV|QIC50514.7.BC2	23902
CoV|QIC53203.153.BC1	32220
CoV|QIC53203.153.BC2	23480
CoV|QIC53203.154.BC1	17426
CoV|QIC53203.154.BC2	17784
CoV|QIC53203.28.BC1	34366
CoV|QIC53203.28.BC2	19031
CoV|QIC53203.29.BC1	10801
CoV|QIC53203.29.BC2	6185
CoV|QIC53204.27.BC1	19076
CoV|QIC53204.27.BC2	21962
CoV|QIC53204.28.BC1	21058
CoV|QIC53204.28.BC2	13645
CoV|QID21067.224.BC1	8403
CoV|QID21067.224.BC2	14196
CoV|QID21067.225.BC1	19932
CoV|QID21067.225.BC2	15147
CoV|QID21074.0.BC1	20757
CoV|QID21074.0.BC2	15298
CoV|QID98793.113.BC1	12988
CoV|QID98793.113.BC2	15725
CoV|QID98793.114.BC1	36211
CoV|QID98793.114.BC2	24897
CoV|R9UMC1.0.BC1	22208
CoV|R9UMC1.0.BC2	11287
CoV|R9UMC1.1.BC1	32893
CoV|R9UMC1.1.BC2	23971
CoV|R9UMC1.2.BC1	15193
CoV|R9UMC1.2.BC2	17489
CoV|R9UNX1.0.BC1	13865
CoV|R9UNX1.0.BC2	23267
CoV|R9UNX1.1.BC1	43993
CoV|R9UNX1.1.BC2	50629
CoV|R9UNX1.2.BC1	16904
CoV|R9UNX1.2.BC2	43356
CoV|R9UNX5.0.BC1	24695
CoV|R9UNX5.0.BC2	14408
CoV|R9UNX5.1.BC1	55606
CoV|R9UNX5.1.BC2	58157
CoV|R9UNX5.2.BC1	47499
CoV|R9UNX5.2.BC2	36739
CoV|R9UNX5.3.BC1	18874
CoV|R9UNX5.3.BC2	28568
CoV|R9UNX5.4.BC1	40694
CoV|R9UNX5.4.BC2	30885
CoV|R9UNX5.5.BC1	34702
CoV|R9UNX5.5.BC2	30503
CoV|R9UNX5.6.BC1	16350
CoV|R9UNX5.6.BC2	23012
CoV|R9UQ53.0.BC1	11661
CoV|R9UQ53.0.BC2	25108
CoV|R9UQ53.1.BC1	10023
CoV|R9UQ53.1.BC2	14947
CoV|R9UQ53.10.BC1	18864
CoV|R9UQ53.10.BC2	32286
CoV|R9UQ53.11.BC1	8929
CoV|R9UQ53.11.BC2	29108
CoV|R9UQ53.12.BC1	40319
CoV|R9UQ53.12.BC2	52818
CoV|R9UQ53.13.BC1	6444
CoV|R9UQ53.13.BC2	33233
CoV|R9UQ53.14.BC1	10060
CoV|R9UQ53.14.BC2	15398
CoV|R9UQ53.15.BC1	18068
CoV|R9UQ53.15.BC2	35205
CoV|R9UQ53.16.BC1	28085
CoV|R9UQ53.16.BC2	15761
CoV|R9UQ53.17.BC1	40852
CoV|R9UQ53.17.BC2	39806
CoV|R9UQ53.18.BC1	29481
CoV|R9UQ53.18.BC2	34567
CoV|R9UQ53.19.BC1	14646
CoV|R9UQ53.19.BC2	16930
CoV|R9UQ53.2.BC1	21945
CoV|R9UQ53.2.BC2	6860
CoV|R9UQ53.20.BC1	21756
CoV|R9UQ53.20.BC2	18455
CoV|R9UQ53.21.BC1	8928
CoV|R9UQ53.21.BC2	32329
CoV|R9UQ53.22.BC1	19673
CoV|R9UQ53.22.BC2	4228
CoV|R9UQ53.23.BC1	23607
CoV|R9UQ53.23.BC2	26158
CoV|R9UQ53.24.BC1	25907
CoV|R9UQ53.24.BC2	60168
CoV|R9UQ53.25.BC1	46738
CoV|R9UQ53.25.BC2	44062
CoV|R9UQ53.26.BC1	51066
CoV|R9UQ53.26.BC2	19962
CoV|R9UQ53.27.BC1	6565
CoV|R9UQ53.27.BC2	5678
CoV|R9UQ53.28.BC1	22419
CoV|R9UQ53.28.BC2	22832
CoV|R9UQ53.29.BC1	21094
CoV|R9UQ53.29.BC2	1702
CoV|R9UQ53.3.BC1	18188
CoV|R9UQ53.3.BC2	26089
CoV|R9UQ53.30.BC1	1926
CoV|R9UQ53.30.BC2	26772
CoV|R9UQ53.31.BC1	43533
CoV|R9UQ53.31.BC2	21599
CoV|R9UQ53.32.BC1	63986
CoV|R9UQ53.32.BC2	29445
CoV|R9UQ53.33.BC1	15829
CoV|R9UQ53.33.BC2	32629
CoV|R9UQ53.34.BC1	10584
CoV|R9UQ53.34.BC2	12905
CoV|R9UQ53.35.BC1	21147
CoV|R9UQ53.35.BC2	31491
CoV|R9UQ53.36.BC1	17063
CoV|R9UQ53.36.BC2	26098
CoV|R9UQ53.37.BC1	26866
CoV|R9UQ53.37.BC2	23550
CoV|R9UQ53.38.BC1	29814
CoV|R9UQ53.38.BC2	25608
CoV|R9UQ53.39.BC1	9027
CoV|R9UQ53.39.BC2	6700
CoV|R9UQ53.4.BC1	16106
CoV|R9UQ53.4.BC2	18348
CoV|R9UQ53.40.BC1	12264
CoV|R9UQ53.40.BC2	9468
CoV|R9UQ53.41.BC1	38452
CoV|R9UQ53.41.BC2	32602
CoV|R9UQ53.42.BC1	46290
CoV|R9UQ53.42.BC2	28633
CoV|R9UQ53.43.BC1	6353
CoV|R9UQ53.43.BC2	20136
CoV|R9UQ53.44.BC1	12635
CoV|R9UQ53.44.BC2	14373
CoV|R9UQ53.45.BC1	34995
CoV|R9UQ53.45.BC2	20112
CoV|R9UQ53.46.BC1	21540
CoV|R9UQ53.46.BC2	13086
CoV|R9UQ53.47.BC1	18721
CoV|R9UQ53.47.BC2	20828
CoV|R9UQ53.5.BC1	31335
CoV|R9UQ53.5.BC2	20068
CoV|R9UQ53.6.BC1	22539
CoV|R9UQ53.6.BC2	16898
CoV|R9UQ53.7.BC1	19023
CoV|R9UQ53.7.BC2	27951
CoV|R9UQ53.8.BC1	5439
CoV|R9UQ53.8.BC2	7510
CoV|R9UQ53.9.BC1	28526
CoV|R9UQ53.9.BC2	7868
CoV|R9UQM6.0.BC1	20743
CoV|R9UQM6.0.BC2	19518
CoV|R9UQM6.1.BC1	36615
CoV|R9UQM6.1.BC2	36486
CoV|R9UQM6.2.BC1	46254
CoV|R9UQM6.2.BC2	25739
CoV|R9UQM6.3.BC1	19984
CoV|R9UQM6.3.BC2	22452
CoV|R9UQM6.4.BC1	41268
CoV|R9UQM6.4.BC2	27823
CoV|R9UQM6.5.BC1	18852
CoV|R9UQM6.5.BC2	2986
CoV|R9UQM6.6.BC1	30670
CoV|R9UQM6.6.BC2	15210
CoV|R9UQM6.7.BC1	35030
CoV|R9UQM6.7.BC2	22743
CoV|R9UQN1.0.BC1	56704
CoV|R9UQN1.0.BC2	63683
CoV|R9UQN1.1.BC1	19112
CoV|R9UQN1.1.BC2	24405
CoV|R9UQP3.0.BC1	29291
CoV|R9UQP3.0.BC2	25834
CoV|R9UQP3.1.BC1	4701
CoV|R9UQP3.1.BC2	16409
CoV|R9UQP3.2.BC1	23039
CoV|R9UQP3.2.BC2	26390
CoV|R9UQP3.3.BC1	12656
CoV|R9UQP3.3.BC2	26677
CoV|R9UQP3.4.BC1	14390
CoV|R9UQP3.4.BC2	24272
CoV|R9UQP3.5.BC1	28476
CoV|R9UQP3.5.BC2	29421
CoV|R9UQP3.6.BC1	26844
CoV|R9UQP3.6.BC2	28300
CoV|R9UQP3.7.BC1	45078
CoV|R9UQP3.7.BC2	25407
CoV|T2B9I2.0.BC1	35399
CoV|T2B9I2.0.BC2	41553
CoV|T2B9I2.1.BC1	20258
CoV|T2B9I2.1.BC2	20875
CoV|T2B9I2.10.BC1	9899
CoV|T2B9I2.10.BC2	9887
CoV|T2B9I2.100.BC1	31126
CoV|T2B9I2.100.BC2	24000
CoV|T2B9I2.101.BC1	12751
CoV|T2B9I2.101.BC2	7410
CoV|T2B9I2.102.BC1	11839
CoV|T2B9I2.102.BC2	25777
CoV|T2B9I2.103.BC1	42536
CoV|T2B9I2.103.BC2	67541
CoV|T2B9I2.104.BC1	14488
CoV|T2B9I2.104.BC2	22922
CoV|T2B9I2.105.BC1	10581
CoV|T2B9I2.105.BC2	12874
CoV|T2B9I2.106.BC1	10826
CoV|T2B9I2.106.BC2	12722
CoV|T2B9I2.107.BC1	18431
CoV|T2B9I2.107.BC2	22052
CoV|T2B9I2.108.BC1	718
CoV|T2B9I2.108.BC2	37684
CoV|T2B9I2.109.BC1	1043
CoV|T2B9I2.109.BC2	47039
CoV|T2B9I2.11.BC1	15972
CoV|T2B9I2.11.BC2	11327
CoV|T2B9I2.110.BC1	40937
CoV|T2B9I2.110.BC2	44137
CoV|T2B9I2.111.BC1	28958
CoV|T2B9I2.111.BC2	19976
CoV|T2B9I2.112.BC1	16601
CoV|T2B9I2.112.BC2	5640
CoV|T2B9I2.113.BC1	35310
CoV|T2B9I2.113.BC2	31467
CoV|T2B9I2.114.BC1	25312
CoV|T2B9I2.114.BC2	33374
CoV|T2B9I2.115.BC1	24829
CoV|T2B9I2.115.BC2	39264
CoV|T2B9I2.116.BC1	24741
CoV|T2B9I2.116.BC2	27470
CoV|T2B9I2.117.BC1	18657
CoV|T2B9I2.117.BC2	32653
CoV|T2B9I2.118.BC1	32228
CoV|T2B9I2.118.BC2	23993
CoV|T2B9I2.119.BC1	11483
CoV|T2B9I2.119.BC2	6258
CoV|T2B9I2.12.BC1	30291
CoV|T2B9I2.12.BC2	29610
CoV|T2B9I2.120.BC1	8704
CoV|T2B9I2.120.BC2	10704
CoV|T2B9I2.121.BC1	8492
CoV|T2B9I2.121.BC2	18882
CoV|T2B9I2.122.BC1	32043
CoV|T2B9I2.122.BC2	29247
CoV|T2B9I2.123.BC1	14632
CoV|T2B9I2.123.BC2	12388
CoV|T2B9I2.124.BC1	4932
CoV|T2B9I2.124.BC2	3999
CoV|T2B9I2.125.BC1	4667
CoV|T2B9I2.125.BC2	5580
CoV|T2B9I2.126.BC1	11913
CoV|T2B9I2.126.BC2	16092
CoV|T2B9I2.127.BC1	3386
CoV|T2B9I2.127.BC2	21383
CoV|T2B9I2.128.BC1	20043
CoV|T2B9I2.128.BC2	39643
CoV|T2B9I2.129.BC1	33928
CoV|T2B9I2.129.BC2	30149
CoV|T2B9I2.13.BC1	20803
CoV|T2B9I2.13.BC2	44214
CoV|T2B9I2.130.BC1	26405
CoV|T2B9I2.130.BC2	26670
CoV|T2B9I2.131.BC1	11543
CoV|T2B9I2.131.BC2	36346
CoV|T2B9I2.132.BC1	24673
CoV|T2B9I2.132.BC2	26621
CoV|T2B9I2.133.BC1	22271
CoV|T2B9I2.133.BC2	16607
CoV|T2B9I2.134.BC1	21799
CoV|T2B9I2.134.BC2	26181
CoV|T2B9I2.135.BC1	17515
CoV|T2B9I2.135.BC2	7918
CoV|T2B9I2.136.BC1	12617
CoV|T2B9I2.136.BC2	8984
CoV|T2B9I2.137.BC1	20659
CoV|T2B9I2.137.BC2	18222
CoV|T2B9I2.138.BC1	11847
CoV|T2B9I2.138.BC2	11929
CoV|T2B9I2.139.BC1	11922
CoV|T2B9I2.139.BC2	11792
CoV|T2B9I2.14.BC1	16530
CoV|T2B9I2.14.BC2	3085
CoV|T2B9I2.140.BC1	25765
CoV|T2B9I2.140.BC2	15533
CoV|T2B9I2.141.BC1	26416
CoV|T2B9I2.141.BC2	23629
CoV|T2B9I2.142.BC1	46344
CoV|T2B9I2.142.BC2	29172
CoV|T2B9I2.143.BC1	28951
CoV|T2B9I2.143.BC2	24999
CoV|T2B9I2.144.BC1	6538
CoV|T2B9I2.144.BC2	3233
CoV|T2B9I2.145.BC1	23079
CoV|T2B9I2.145.BC2	1204
CoV|T2B9I2.146.BC1	32640
CoV|T2B9I2.146.BC2	33537
CoV|T2B9I2.147.BC1	36177
CoV|T2B9I2.147.BC2	10578
CoV|T2B9I2.148.BC1	26135
CoV|T2B9I2.148.BC2	30236
CoV|T2B9I2.149.BC1	18672
CoV|T2B9I2.149.BC2	17131
CoV|T2B9I2.15.BC1	4897
CoV|T2B9I2.15.BC2	13097
CoV|T2B9I2.150.BC1	12813
CoV|T2B9I2.150.BC2	20971
CoV|T2B9I2.151.BC1	30548
CoV|T2B9I2.151.BC2	40270
CoV|T2B9I2.152.BC1	641
CoV|T2B9I2.152.BC2	17787
CoV|T2B9I2.153.BC1	781
CoV|T2B9I2.153.BC2	8538
CoV|T2B9I2.154.BC1	28369
CoV|T2B9I2.154.BC2	36576
CoV|T2B9I2.155.BC1	48592
CoV|T2B9I2.155.BC2	46681
CoV|T2B9I2.16.BC1	33330
CoV|T2B9I2.16.BC2	11284
CoV|T2B9I2.17.BC1	19952
CoV|T2B9I2.17.BC2	4123
CoV|T2B9I2.18.BC1	22681
CoV|T2B9I2.18.BC2	21167
CoV|T2B9I2.19.BC1	29174
CoV|T2B9I2.19.BC2	41050
CoV|T2B9I2.2.BC1	23062
CoV|T2B9I2.2.BC2	11856
CoV|T2B9I2.20.BC1	42579
CoV|T2B9I2.20.BC2	36592
CoV|T2B9I2.21.BC1	8500
CoV|T2B9I2.21.BC2	25162
CoV|T2B9I2.22.BC1	13614
CoV|T2B9I2.22.BC2	17033
CoV|T2B9I2.23.BC1	23176
CoV|T2B9I2.23.BC2	26272
CoV|T2B9I2.24.BC1	20906
CoV|T2B9I2.24.BC2	20940
CoV|T2B9I2.25.BC1	20055
CoV|T2B9I2.25.BC2	4656
CoV|T2B9I2.26.BC1	14140
CoV|T2B9I2.26.BC2	17496
CoV|T2B9I2.27.BC1	42023
CoV|T2B9I2.27.BC2	17697
CoV|T2B9I2.28.BC1	27883
CoV|T2B9I2.28.BC2	13273
CoV|T2B9I2.29.BC1	22588
CoV|T2B9I2.29.BC2	42596
CoV|T2B9I2.3.BC1	15922
CoV|T2B9I2.3.BC2	16414
CoV|T2B9I2.30.BC1	13028
CoV|T2B9I2.30.BC2	44536
CoV|T2B9I2.31.BC1	14839
CoV|T2B9I2.31.BC2	9329
CoV|T2B9I2.32.BC1	6682
CoV|T2B9I2.32.BC2	28657
CoV|T2B9I2.33.BC1	31527
CoV|T2B9I2.33.BC2	29031
CoV|T2B9I2.34.BC1	35623
CoV|T2B9I2.34.BC2	26521
CoV|T2B9I2.35.BC1	38819
CoV|T2B9I2.35.BC2	16804
CoV|T2B9I2.36.BC1	18792
CoV|T2B9I2.36.BC2	23361
CoV|T2B9I2.37.BC1	49959
CoV|T2B9I2.37.BC2	27797
CoV|T2B9I2.38.BC1	33050
CoV|T2B9I2.38.BC2	23197
CoV|T2B9I2.39.BC1	22924
CoV|T2B9I2.39.BC2	32212
CoV|T2B9I2.4.BC1	25349
CoV|T2B9I2.4.BC2	31416
CoV|T2B9I2.40.BC1	28738
CoV|T2B9I2.40.BC2	18109
CoV|T2B9I2.41.BC1	43326
CoV|T2B9I2.41.BC2	23864
CoV|T2B9I2.42.BC1	26601
CoV|T2B9I2.42.BC2	52464
CoV|T2B9I2.43.BC1	25276
CoV|T2B9I2.43.BC2	13540
CoV|T2B9I2.44.BC1	17935
CoV|T2B9I2.44.BC2	7185
CoV|T2B9I2.45.BC1	21151
CoV|T2B9I2.45.BC2	12786
CoV|T2B9I2.46.BC1	23510
CoV|T2B9I2.46.BC2	21805
CoV|T2B9I2.47.BC1	43478
CoV|T2B9I2.47.BC2	18324
CoV|T2B9I2.48.BC1	26406
CoV|T2B9I2.48.BC2	23844
CoV|T2B9I2.49.BC1	32355
CoV|T2B9I2.49.BC2	40262
CoV|T2B9I2.5.BC1	18580
CoV|T2B9I2.5.BC2	36577
CoV|T2B9I2.50.BC1	24854
CoV|T2B9I2.50.BC2	9118
CoV|T2B9I2.51.BC1	30150
CoV|T2B9I2.51.BC2	26276
CoV|T2B9I2.52.BC1	5363
CoV|T2B9I2.52.BC2	6476
CoV|T2B9I2.53.BC1	37648
CoV|T2B9I2.53.BC2	27968
CoV|T2B9I2.54.BC1	9307
CoV|T2B9I2.54.BC2	38289
CoV|T2B9I2.55.BC1	26727
CoV|T2B9I2.55.BC2	21251
CoV|T2B9I2.56.BC1	15627
CoV|T2B9I2.56.BC2	10970
CoV|T2B9I2.57.BC1	16889
CoV|T2B9I2.57.BC2	12623
CoV|T2B9I2.58.BC1	13620
CoV|T2B9I2.58.BC2	8562
CoV|T2B9I2.59.BC1	15448
CoV|T2B9I2.59.BC2	12079
CoV|T2B9I2.6.BC1	26821
CoV|T2B9I2.6.BC2	44962
CoV|T2B9I2.60.BC1	21183
CoV|T2B9I2.60.BC2	19977
CoV|T2B9I2.61.BC1	16023
CoV|T2B9I2.61.BC2	18034
CoV|T2B9I2.62.BC1	20836
CoV|T2B9I2.62.BC2	14701
CoV|T2B9I2.63.BC1	26413
CoV|T2B9I2.63.BC2	36834
CoV|T2B9I2.64.BC1	32776
CoV|T2B9I2.64.BC2	44893
CoV|T2B9I2.65.BC1	2080
CoV|T2B9I2.65.BC2	38528
CoV|T2B9I2.66.BC1	15948
CoV|T2B9I2.66.BC2	31718
CoV|T2B9I2.67.BC1	43883
CoV|T2B9I2.67.BC2	24055
CoV|T2B9I2.68.BC1	28162
CoV|T2B9I2.68.BC2	32199
CoV|T2B9I2.69.BC1	33854
CoV|T2B9I2.69.BC2	12042
CoV|T2B9I2.7.BC1	35759
CoV|T2B9I2.7.BC2	46120
CoV|T2B9I2.70.BC1	30034
CoV|T2B9I2.70.BC2	31920
CoV|T2B9I2.71.BC1	26089
CoV|T2B9I2.71.BC2	22177
CoV|T2B9I2.72.BC1	30375
CoV|T2B9I2.72.BC2	30505
CoV|T2B9I2.73.BC1	16866
CoV|T2B9I2.73.BC2	20202
CoV|T2B9I2.74.BC1	37321
CoV|T2B9I2.74.BC2	30048
CoV|T2B9I2.75.BC1	15990
CoV|T2B9I2.75.BC2	14467
CoV|T2B9I2.76.BC1	4592
CoV|T2B9I2.76.BC2	19317
CoV|T2B9I2.77.BC1	27908
CoV|T2B9I2.77.BC2	32802
CoV|T2B9I2.78.BC1	8254
CoV|T2B9I2.78.BC2	13024
CoV|T2B9I2.79.BC1	14851
CoV|T2B9I2.79.BC2	15127
CoV|T2B9I2.8.BC1	37153
CoV|T2B9I2.8.BC2	18598
CoV|T2B9I2.80.BC1	12501
CoV|T2B9I2.80.BC2	4736
CoV|T2B9I2.81.BC1	43516
CoV|T2B9I2.81.BC2	29384
CoV|T2B9I2.82.BC1	27767
CoV|T2B9I2.82.BC2	52488
CoV|T2B9I2.83.BC1	27166
CoV|T2B9I2.83.BC2	36391
CoV|T2B9I2.84.BC1	8735
CoV|T2B9I2.84.BC2	18276
CoV|T2B9I2.85.BC1	22587
CoV|T2B9I2.85.BC2	17383
CoV|T2B9I2.86.BC1	34192
CoV|T2B9I2.86.BC2	22475
CoV|T2B9I2.87.BC1	11146
CoV|T2B9I2.87.BC2	9352
CoV|T2B9I2.88.BC1	18619
CoV|T2B9I2.88.BC2	21734
CoV|T2B9I2.89.BC1	30578
CoV|T2B9I2.89.BC2	15420
CoV|T2B9I2.9.BC1	13228
CoV|T2B9I2.9.BC2	20696
CoV|T2B9I2.90.BC1	8282
CoV|T2B9I2.90.BC2	10748
CoV|T2B9I2.91.BC1	45742
CoV|T2B9I2.91.BC2	20831
CoV|T2B9I2.92.BC1	48874
CoV|T2B9I2.92.BC2	45182
CoV|T2B9I2.93.BC1	26777
CoV|T2B9I2.93.BC2	57633
CoV|T2B9I2.94.BC1	25384
CoV|T2B9I2.94.BC2	37141
CoV|T2B9I2.95.BC1	20982
CoV|T2B9I2.95.BC2	15322
CoV|T2B9I2.96.BC1	23827
CoV|T2B9I2.96.BC2	24490
CoV|T2B9I2.97.BC1	64411
CoV|T2B9I2.97.BC2	31629
CoV|T2B9I2.98.BC1	30728
CoV|T2B9I2.98.BC2	22910
CoV|T2B9I2.99.BC1	15271
CoV|T2B9I2.99.BC2	25592
CoV|T2B9U0.155.BC1	25222
CoV|T2B9U0.155.BC2	24354
CoV|T2B9U0.156.BC1	24260
CoV|T2B9U0.156.BC2	36240
CoV|T2B9U0.157.BC1	3703
CoV|T2B9U0.157.BC2	12520
CoV|T2B9U0.158.BC1	49496
CoV|T2B9U0.158.BC2	37922
CoV|T2B9U0.159.BC1	29602
CoV|T2B9U0.159.BC2	26019
CoV|T2B9U0.160.BC1	22920
CoV|T2B9U0.160.BC2	11774
CoV|T2B9U0.161.BC1	16635
CoV|T2B9U0.161.BC2	15321
CoV|T2B9U0.162.BC1	23116
CoV|T2B9U0.162.BC2	36780
CoV|T2B9U0.163.BC1	21744
CoV|T2B9U0.163.BC2	12217
CoV|T2B9U0.164.BC1	25117
CoV|T2B9U0.164.BC2	22086
CoV|T2B9U0.165.BC1	18597
CoV|T2B9U0.165.BC2	13849
CoV|T2B9U0.166.BC1	26152
CoV|T2B9U0.166.BC2	8192
CoV|T2B9U0.167.BC1	11604
CoV|T2B9U0.167.BC2	12867
CoV|T2B9U0.168.BC1	25611
CoV|T2B9U0.168.BC2	3624
CoV|T2B9U0.169.BC1	46063
CoV|T2B9U0.169.BC2	24315
CoV|T2B9U0.170.BC1	11281
CoV|T2B9U0.170.BC2	1317
CoV|T2B9U0.171.BC1	12097
CoV|T2B9U0.171.BC2	12752
CoV|T2B9U0.172.BC1	12624
CoV|T2B9U0.172.BC2	16223
CoV|T2B9U0.173.BC1	14602
CoV|T2B9U0.173.BC2	8133
CoV|T2B9U0.174.BC1	22337
CoV|T2B9U0.174.BC2	33642
CoV|T2B9U0.175.BC1	28956
CoV|T2B9U0.175.BC2	46068
CoV|T2B9U0.176.BC1	9729
CoV|T2B9U0.176.BC2	25249
CoV|T2B9U0.177.BC1	42775
CoV|T2B9U0.177.BC2	51727
CoV|T2B9U0.178.BC1	13279
CoV|T2B9U0.178.BC2	24834
CoV|T2B9U0.179.BC1	12119
CoV|T2B9U0.179.BC2	31281
CoV|T2B9U0.180.BC1	24680
CoV|T2B9U0.180.BC2	26470
CoV|T2B9U0.181.BC1	15194
CoV|T2B9U0.181.BC2	16050
CoV|T2B9U0.182.BC1	21376
CoV|T2B9U0.182.BC2	9834
CoV|T2B9U0.183.BC1	6997
CoV|T2B9U0.183.BC2	10964
CoV|T2B9U0.184.BC1	19500
CoV|T2B9U0.184.BC2	19618
CoV|T2B9U0.185.BC1	36134
CoV|T2B9U0.185.BC2	32501
CoV|T2B9U0.186.BC1	9731
CoV|T2B9U0.186.BC2	7671
CoV|T2B9U0.187.BC1	5795
CoV|T2B9U0.187.BC2	12423
CoV|T2B9U0.188.BC1	20771
CoV|T2B9U0.188.BC2	21998
CoV|T2B9U0.189.BC1	20116
CoV|T2B9U0.189.BC2	10508
CoV|T2B9U0.190.BC1	28336
CoV|T2B9U0.190.BC2	29907
CoV|T2B9U0.191.BC1	58153
CoV|T2B9U0.191.BC2	29458
CoV|T2B9U0.192.BC1	33183
CoV|T2B9U0.192.BC2	36021
CoV|T2B9U0.193.BC1	38326
CoV|T2B9U0.193.BC2	27517
CoV|T2B9U0.194.BC1	18473
CoV|T2B9U0.194.BC2	12362
CoV|T2B9U0.195.BC1	8912
CoV|T2B9U0.195.BC2	8927
CoV|T2B9U0.196.BC1	7181
CoV|T2B9U0.196.BC2	8450
CoV|T2B9U0.197.BC1	12680
CoV|T2B9U0.197.BC2	5810
CoV|T2B9U0.198.BC1	32203
CoV|T2B9U0.198.BC2	23613
CoV|T2B9U0.199.BC1	13052
CoV|T2B9U0.199.BC2	22501
CoV|T2B9U0.200.BC1	8852
CoV|T2B9U0.200.BC2	12271
CoV|T2B9U0.201.BC1	29651
CoV|T2B9U0.201.BC2	20607
CoV|T2B9U0.202.BC1	33984
CoV|T2B9U0.202.BC2	306
CoV|T2B9U0.203.BC1	45435
CoV|T2B9U0.203.BC2	41037
CoV|T2B9U0.204.BC1	10674
CoV|T2B9U0.204.BC2	15922
CoV|T2B9U0.205.BC1	23387
CoV|T2B9U0.205.BC2	5669
CoV|T2B9U0.206.BC1	19961
CoV|T2B9U0.206.BC2	55501
CoV|T2B9U0.207.BC1	19312
CoV|T2B9U0.207.BC2	28717
CoV|T2B9U0.208.BC1	32388
CoV|T2B9U0.208.BC2	29587
CoV|T2B9U0.209.BC1	23195
CoV|T2B9U0.209.BC2	7538
CoV|T2B9U0.210.BC1	19933
CoV|T2B9U0.210.BC2	14987
CoV|T2B9U0.211.BC1	64634
CoV|T2B9U0.211.BC2	49399
CoV|T2B9U0.212.BC1	32620
CoV|T2B9U0.212.BC2	29717
CoV|T2B9U0.213.BC1	30679
CoV|T2B9U0.213.BC2	18710
CoV|T2B9U0.214.BC1	38863
CoV|T2B9U0.214.BC2	36846
CoV|T2B9U0.215.BC1	57480
CoV|T2B9U0.215.BC2	30855
CoV|T2B9U0.216.BC1	14966
CoV|T2B9U0.216.BC2	23664
CoV|T2B9U0.217.BC1	12250
CoV|T2B9U0.217.BC2	17227
CoV|T2B9U0.218.BC1	16264
CoV|T2B9U0.218.BC2	16081
CoV|T2B9U0.219.BC1	28226
CoV|T2B9U0.219.BC2	46044
CoV|T2B9U0.220.BC1	35374
CoV|T2B9U0.220.BC2	11091
CoV|T2B9U0.221.BC1	17697
CoV|T2B9U0.221.BC2	19631
CoV|T2B9U0.222.BC1	30827
CoV|T2B9U0.222.BC2	33272
CoV|T2B9U0.223.BC1	20434
CoV|T2B9U0.223.BC2	20423
CoV|T2B9U0.224.BC1	37647
CoV|T2B9U0.224.BC2	19095
CoV|T2B9U0.225.BC1	45389
CoV|T2B9U0.225.BC2	53307
CoV|T2B9U0.226.BC1	19610
CoV|T2B9U0.226.BC2	45587
CoV|T2B9U0.227.BC1	41661
CoV|T2B9U0.227.BC2	33607
CoV|T2B9U0.228.BC1	9585
CoV|T2B9U0.228.BC2	13820
CoV|T2B9U0.229.BC1	15745
CoV|T2B9U0.229.BC2	8033
CoV|T2B9U0.230.BC1	14941
CoV|T2B9U0.230.BC2	30748
CoV|T2B9U0.231.BC1	909
CoV|T2B9U0.231.BC2	3527
CoV|T2B9U0.232.BC2	557
CoV|T2B9U0.233.BC1	1488
CoV|T2B9U0.233.BC2	1073
CoV|T2B9U0.234.BC1	40071
CoV|T2B9U0.234.BC2	15118
CoV|T2B9U0.235.BC1	27465
CoV|T2B9U0.235.BC2	40907
CoV|T2B9U0.236.BC1	25705
CoV|T2B9U0.236.BC2	18618
CoV|T2B9U0.237.BC1	17529
CoV|T2B9U0.237.BC2	8400
CoV|T2B9U0.238.BC1	15239
CoV|T2B9U0.238.BC2	6723
CoV|T2B9U0.239.BC1	9372
CoV|T2B9U0.239.BC2	11091
CoV|T2B9U0.240.BC1	15566
CoV|T2B9U0.240.BC2	7914
CoV|T2B9U0.241.BC1	17413
CoV|T2B9U0.241.BC2	11719
CoV|T2B9U0.242.BC1	33859
CoV|T2B9U0.242.BC2	17550
CoV|T2B9U0.243.BC1	39443
CoV|T2B9U0.243.BC2	35575
CoV|T2B9U0.244.BC1	15709
CoV|T2B9U0.244.BC2	28684
CoV|T2B9U0.245.BC1	20664
CoV|T2B9U0.245.BC2	28878
CoV|T2B9U0.246.BC1	5412
CoV|T2B9U0.246.BC2	14124
CoV|T2B9U0.247.BC1	14318
CoV|T2B9U0.247.BC2	15697
CoV|T2B9U0.248.BC1	11919
CoV|T2B9U0.248.BC2	4073
CoV|T2B9U0.249.BC1	17081
CoV|T2B9U0.249.BC2	18576
CoV|T2B9U0.250.BC1	25135
CoV|T2B9U0.250.BC2	4475
CoV|T2B9U0.251.BC1	20347
CoV|T2B9U0.251.BC2	16876
CoV|T2B9U9.0.BC1	13652
CoV|T2B9U9.0.BC2	27403
CoV|T2B9U9.1.BC1	16508
CoV|T2B9U9.1.BC2	17861
CoV|T2B9U9.2.BC1	20525
CoV|T2B9U9.2.BC2	13960
CoV|T2B9U9.3.BC1	26428
CoV|T2B9U9.3.BC2	20730
CoV|T2BBK0.0.BC1	26183
CoV|T2BBK0.0.BC2	12532
CoV|T2BBK0.1.BC1	20799
CoV|T2BBK0.1.BC2	27586
CoV|T2BBK0.10.BC1	25126
CoV|T2BBK0.10.BC2	13397
CoV|T2BBK0.11.BC1	10646
CoV|T2BBK0.11.BC2	10489
CoV|T2BBK0.12.BC1	13000
CoV|T2BBK0.12.BC2	19859
CoV|T2BBK0.13.BC1	27312
CoV|T2BBK0.13.BC2	75132
CoV|T2BBK0.2.BC1	13659
CoV|T2BBK0.2.BC2	29610
CoV|T2BBK0.3.BC1	36606
CoV|T2BBK0.3.BC2	44879
CoV|T2BBK0.4.BC1	13319
CoV|T2BBK0.4.BC2	23364
CoV|T2BBK0.5.BC1	13117
CoV|T2BBK0.5.BC2	41601
CoV|T2BBK0.6.BC1	27589
CoV|T2BBK0.6.BC2	26307
CoV|T2BBK0.7.BC1	13081
CoV|T2BBK0.7.BC2	16883
CoV|T2BBK0.8.BC1	28027
CoV|T2BBK0.8.BC2	10205
CoV|T2BBK0.9.BC1	8668
CoV|T2BBK0.9.BC2	36812
CoV|YP_009725297.5.BC1	18414
CoV|YP_009725297.5.BC2	12638
CoV|YP_009725298.21.BC1	12015
CoV|YP_009725298.21.BC2	15667
CoV|YP_009725299.68.BC1	8922
CoV|YP_009725299.68.BC2	21085
CoV|YP_009725300.16.BC1	23462
CoV|YP_009725300.16.BC2	29846
CoV|YP_009725301.9.BC1	36423
CoV|YP_009725301.9.BC2	36015
CoV|YP_009725302.9.BC1	25602
CoV|YP_009725302.9.BC2	10257
CoV|YP_009725303.1.BC1	11812
CoV|YP_009725303.1.BC2	14164
CoV|YP_009725304.6.BC1	5882
CoV|YP_009725304.6.BC2	24326
CoV|YP_009725305.3.BC1	31629
CoV|YP_009725305.3.BC2	33246
CoV|YP_009725306.3.BC1	14168
CoV|YP_009725306.3.BC2	55259
CoV|YP_009725307.32.BC1	17696
CoV|YP_009725307.32.BC2	12298
CoV|YP_009725308.20.BC1	27575
CoV|YP_009725308.20.BC2	37866
CoV|YP_009725309.17.BC1	11494
CoV|YP_009725309.17.BC2	19946
CoV|YP_009725310.11.BC1	8180
CoV|YP_009725310.11.BC2	20866
CoV|YP_009725311.9.BC1	10428
CoV|YP_009725311.9.BC2	33904
CoV|YP_009725312.0.BC1	1807
CoV|YP_009725312.0.BC2	26921
Vir3|10077	2
Vir3|10138	1
Vir3|10181	1
Vir3|1026	1
Vir3|10265	1
Vir3|10331	1
Vir3|10338	1
Vir3|10454	1
Vir3|10497	1
Vir3|10677	1
Vir3|10743	1
Vir3|10745	1
Vir3|10770	1
Vir3|10779	1
Vir3|10864	1
Vir3|108656	1
Vir3|108679	1
Vir3|108685	2
Vir3|108725	1
Vir3|108786	1
Vir3|108803	1
Vir3|108838	1
Vir3|108897	1
Vir3|108922	1
Vir3|108937	1
Vir3|108955	1
Vir3|108964	2
Vir3|108974	1
Vir3|109029	1
Vir3|109058	1
Vir3|109111	1
Vir3|109154	1
Vir3|109217	1
Vir3|109263	1
Vir3|109283	1
Vir3|109299	1
Vir3|109316	1
Vir3|109366	1
Vir3|109412	3
Vir3|109430	1
Vir3|109477	1
Vir3|109508	1
Vir3|109519	1
Vir3|10955	1
Vir3|109616	1
Vir3|109618	4
Vir3|109627	1
Vir3|109635	1
Vir3|109685	1
Vir3|109699	1
Vir3|109703	1
Vir3|109720	3
Vir3|109778	3
Vir3|109782	3
Vir3|109807	1
Vir3|109810	1
Vir3|109819	1
Vir3|109820	1
Vir3|109858	6
Vir3|10987	1
Vir3|109936	1
Vir3|109946	2
Vir3|109947	9
Vir3|109950	2
Vir3|109982	1
Vir3|109990	1
Vir3|109991	1
Vir3|110000	1
Vir3|110057	1
Vir3|110069	1
Vir3|110096	1
Vir3|110098	1
Vir3|110118	2
Vir3|110223	1
Vir3|110277	1
Vir3|110279	1
Vir3|110357	1
Vir3|110359	2
Vir3|110402	1
Vir3|110427	2
Vir3|110429	1
Vir3|110444	1
Vir3|110508	1
Vir3|110533	1
Vir3|110546	1
Vir3|110547	1
Vir3|110553	1
Vir3|110578	3
Vir3|110612	1
Vir3|110653	1
Vir3|110723	1
Vir3|110736	2
Vir3|110790	1
Vir3|110799	1
Vir3|110815	1
Vir3|110820	1
Vir3|110833	1
Vir3|110886	1
Vir3|110890	1
Vir3|110933	2
Vir3|110963	1
Vir3|111017	1
Vir3|111019	1
Vir3|111024	1
Vir3|111037	1
Vir3|111051	1
Vir3|111061	1
Vir3|111134	1
Vir3|111185	1
Vir3|111276	1
Vir3|111306	1
Vir3|111347	1
Vir3|111394	1
Vir3|111482	1
Vir3|111540	1
Vir3|111582	1
Vir3|111630	1
Vir3|111642	1
Vir3|111680	1
Vir3|11171	1
Vir3|111790	1
Vir3|111902	1
Vir3|111923	1
Vir3|111927	1
Vir3|111970	1
Vir3|112044	1
Vir3|112101	1
Vir3|112106	1
Vir3|112144	1
Vir3|112148	1
Vir3|112194	1
Vir3|112327	1
Vir3|112402	1
Vir3|112430	1
Vir3|112456	1
Vir3|11251	1
Vir3|112561	1
Vir3|112582	1
Vir3|112586	1
Vir3|112589	1
Vir3|112607	9
Vir3|112614	3
Vir3|112769	1
Vir3|112785	1
Vir3|112816	1
Vir3|112833	1
Vir3|112958	2
Vir3|113069	1
Vir3|113085	1
Vir3|113140	1
Vir3|113155	1
Vir3|113306	1
Vir3|113329	1
Vir3|113366	1
Vir3|113421	1
Vir3|113460	1
Vir3|113495	1
Vir3|113509	1
Vir3|113602	1
Vir3|113650	1
Vir3|113651	1
Vir3|113657	1
Vir3|113660	1
Vir3|113661	1
Vir3|113690	1
Vir3|113694	1
Vir3|113768	2
Vir3|113802	1
Vir3|113827	1
Vir3|113839	1
Vir3|113866	1
Vir3|113927	2
Vir3|113931	1
Vir3|113945	1
Vir3|114010	1
Vir3|114013	1
Vir3|114044	1
Vir3|11409	1
Vir3|114121	1
Vir3|114229	2
Vir3|114231	1
Vir3|114354	1
Vir3|114406	2
Vir3|114418	1
Vir3|114420	1
Vir3|114450	1
Vir3|114472	1
Vir3|114478	1
Vir3|114620	1
Vir3|114674	2
Vir3|114690	2
Vir3|114780	1
Vir3|114995	1
Vir3|114996	1
Vir3|115007	1
Vir3|115019	1
Vir3|115026	1
Vir3|115067	1
Vir3|115127	1
Vir3|115217	1
Vir3|115273	1
Vir3|115316	2
Vir3|11532	1
Vir3|115379	1
Vir3|115406	1
Vir3|115420	1
Vir3|115440	1
Vir3|115445	1
Vir3|115507	1
Vir3|115585	1
Vir3|115687	1
Vir3|115725	1
Vir3|115765	1
Vir3|115774	1
Vir3|115815	1
Vir3|11583	1
Vir3|115838	1
Vir3|115858	1
Vir3|11589	1
Vir3|115947	1
Vir3|116035	1
Vir3|116040	1
Vir3|116317	1
Vir3|116439	1
Vir3|116472	1
Vir3|116492	1
Vir3|116596	1
Vir3|116665	1
Vir3|116721	1
Vir3|116734	1
Vir3|116777	1
Vir3|116808	1
Vir3|116823	1
Vir3|116856	1
Vir3|116868	1
Vir3|116889	1
Vir3|117011	1
Vir3|117042	2
Vir3|117113	1
Vir3|117203	1
Vir3|117209	1
Vir3|117210	1
Vir3|117373	1
Vir3|117408	1
Vir3|117441	2
Vir3|117484	1
Vir3|117544	1
Vir3|117562	1
Vir3|117616	1
Vir3|117622	1
Vir3|117736	1
Vir3|117743	1
Vir3|117772	1
Vir3|117803	1
Vir3|117806	1
Vir3|117875	1
Vir3|117894	1
Vir3|117923	1
Vir3|117952	2
Vir3|118018	1
Vir3|118101	1
Vir3|118136	1
Vir3|118162	1
Vir3|118163	1
Vir3|118167	1
Vir3|118191	1
Vir3|118227	1
Vir3|118228	1
Vir3|118284	2
Vir3|118296	1
Vir3|118300	1
Vir3|118388	1
Vir3|118429	1
Vir3|118454	1
Vir3|118462	1
Vir3|118562	1
Vir3|118563	1
Vir3|118576	1
Vir3|118613	1
Vir3|118615	1
Vir3|118625	7
Vir3|118655	1
Vir3|118670	1
Vir3|118712	1
Vir3|118730	1
Vir3|118756	1
Vir3|118776	1
Vir3|118836	1
Vir3|118856	1
Vir3|118912	1
Vir3|119056	1
Vir3|119094	1
Vir3|119106	1
Vir3|11928	1
Vir3|119368	1
Vir3|119385	1
Vir3|119413	1
Vir3|119447	1
Vir3|119489	1
Vir3|119530	1
Vir3|119576	1
Vir3|119586	1
Vir3|119694	1
Vir3|119717	374
Vir3|119730	1
Vir3|119750	1
Vir3|119754	1
Vir3|119762	1
Vir3|119825	1
Vir3|119828	1
Vir3|119862	1
Vir3|119877	1
Vir3|119926	1
Vir3|119994	1
Vir3|12001	1
Vir3|120012	1
Vir3|120018	1
Vir3|120064	1
Vir3|120117	1
Vir3|120148	1
Vir3|120290	1
Vir3|120354	1
Vir3|120401	1
Vir3|120481	1
Vir3|120620	1
Vir3|120621	1
Vir3|12063	1
Vir3|120731	1
Vir3|120743	1
Vir3|120818	1
Vir3|120838	1
Vir3|120872	1
Vir3|120882	1
Vir3|1209	1
Vir3|1210	1
Vir3|121047	1
Vir3|121060	1
Vir3|121079	1
Vir3|121116	1
Vir3|121160	1
Vir3|121169	1
Vir3|121192	2
Vir3|121193	1
Vir3|121201	1
Vir3|12132	1
Vir3|12137	1
Vir3|121542	22
Vir3|121568	1
Vir3|121584	1
Vir3|121629	1
Vir3|121633	1
Vir3|121703	2
Vir3|121714	1
Vir3|121797	1
Vir3|121809	1
Vir3|121811	1
Vir3|121843	1
Vir3|121849	1
Vir3|121907	1
Vir3|121914	1
Vir3|121983	1
Vir3|122027	1
Vir3|122074	1
Vir3|122076	1
Vir3|122099	1
Vir3|122133	1
Vir3|122189	1
Vir3|122201	1
Vir3|122210	1
Vir3|122215	1
Vir3|122272	1
Vir3|122285	1
Vir3|122291	1
Vir3|122310	1
Vir3|122372	1
Vir3|122479	2
Vir3|122578	2
Vir3|122613	1
Vir3|122615	1
Vir3|12262	1
Vir3|122676	1
Vir3|122775	1
Vir3|122779	1
Vir3|122786	1
Vir3|122788	1
Vir3|122813	1
Vir3|122818	1
Vir3|122867	254
Vir3|122931	1
Vir3|122949	1
Vir3|12295	1
Vir3|12296	1
Vir3|122970	1
Vir3|123026	1
Vir3|123104	2
Vir3|123135	1
Vir3|123184	1
Vir3|123215	2
Vir3|123327	2
Vir3|123353	1
Vir3|123393	1
Vir3|123410	1
Vir3|123428	1
Vir3|12346	1
Vir3|123461	1
Vir3|12347	1
Vir3|123488	1
Vir3|123516	1
Vir3|123545	1
Vir3|123617	1
Vir3|123659	1
Vir3|123666	1
Vir3|123675	1
Vir3|123700	1
Vir3|123702	1
Vir3|123721	2
Vir3|123723	1
Vir3|123739	1
Vir3|123781	1
Vir3|123809	1
Vir3|123839	1
Vir3|123873	2
Vir3|123881	1
Vir3|123904	1
Vir3|12391	1
Vir3|123915	1
Vir3|123998	1
Vir3|124022	1
Vir3|124055	1
Vir3|124113	1
Vir3|124179	1
Vir3|124229	1
Vir3|124266	1
Vir3|124387	1
Vir3|124401	1
Vir3|12447	1
Vir3|12448	1
Vir3|124482	1
Vir3|124496	1
Vir3|124541	1
Vir3|124554	1
Vir3|124685	1
Vir3|124719	1
Vir3|124823	1
Vir3|12483	1
Vir3|124838	1
Vir3|124881	1
Vir3|124917	1
Vir3|125030	1
Vir3|125035	1
Vir3|125118	1
Vir3|125146	2
Vir3|125207	1
Vir3|125246	1
Vir3|125267	1
Vir3|125268	1
Vir3|125343	2
Vir3|125365	1
Vir3|125454	1
Vir3|125471	1
Vir3|12549	1
Vir3|125561	1
Vir3|125600	1
Vir3|125646	1
Vir3|125653	1
Vir3|125655	1
Vir3|125683	2
Vir3|125723	1
Vir3|125726	1
Vir3|125809	1
Vir3|125831	1
Vir3|125851	1
Vir3|12587	1
Vir3|12589	1
Vir3|125924	1
Vir3|125947	1
Vir3|126029	1
Vir3|126094	1
Vir3|126108	1
Vir3|126124	1
Vir3|126139	110
Vir3|126234	1
Vir3|126288	1
Vir3|126417	1
Vir3|126428	1
Vir3|126430	1
Vir3|126433	1
Vir3|126450	1
Vir3|126478	1
Vir3|126510	1
Vir3|126550	1
Vir3|126649	1
Vir3|126676	1
Vir3|126764	1
Vir3|126782	1
Vir3|12683	1
Vir3|126832	1
Vir3|126842	1
Vir3|126861	1
Vir3|126876	1
Vir3|126918	1
Vir3|126920	1
Vir3|126939	2
Vir3|127022	1
Vir3|127034	1
Vir3|127036	1
Vir3|127052	1
Vir3|127077	1
Vir3|127088	1
Vir3|127213	1
Vir3|12724	1
Vir3|127328	1
Vir3|127362	1
Vir3|127370	1
Vir3|127384	1
Vir3|127440	1
Vir3|12746	1
Vir3|127485	2
Vir3|127508	1
Vir3|127619	1
Vir3|127720	1
Vir3|127733	1
Vir3|127748	1
Vir3|127833	1
Vir3|127883	1
Vir3|127933	1
Vir3|127938	1
Vir3|128005	1
Vir3|128014	1
Vir3|12807	2
Vir3|128111	1
Vir3|128119	1
Vir3|128169	1
Vir3|12858	1
Vir3|12926	1
Vir3|12938	1
Vir3|13020	1
Vir3|13065	1
Vir3|13091	1
Vir3|13177	1
Vir3|13219	1
Vir3|13221	1
Vir3|13379	1
Vir3|13418	1
Vir3|1347	1
Vir3|13474	1
Vir3|13559	1
Vir3|13602	1
Vir3|13672	1
Vir3|13703	1
Vir3|13784	1
Vir3|13785	1
Vir3|1396	1
Vir3|14022	1
Vir3|14026	1
Vir3|14094	1
Vir3|14214	1
Vir3|14264	1
Vir3|1428	1
Vir3|14413	1
Vir3|14440	1
Vir3|14517	1
Vir3|14703	1
Vir3|14714	1
Vir3|14775	1
Vir3|14804	1
Vir3|1487	1
Vir3|14911	1
Vir3|14956	1
Vir3|15029	1
Vir3|15077	1
Vir3|15131	1
Vir3|15214	1
Vir3|15227	1
Vir3|1523	1
Vir3|15284	1
Vir3|15335	1
Vir3|15354	1
Vir3|15355	1
Vir3|15381	1
Vir3|15386	1
Vir3|15419	1
Vir3|1564	1
Vir3|15647	1
Vir3|15751	1
Vir3|15801	1
Vir3|15898	1
Vir3|15910	1
Vir3|15940	1
Vir3|15978	1
Vir3|15982	1
Vir3|16003	1
Vir3|16030	1
Vir3|16067	1
Vir3|16092	1
Vir3|16116	1
Vir3|16129	1
Vir3|16152	1
Vir3|16200	2
Vir3|16204	2
Vir3|16230	2
Vir3|16417	1
Vir3|16578	1
Vir3|16664	1
Vir3|16675	1
Vir3|16681	1
Vir3|16691	1
Vir3|16719	1
Vir3|16756	1
Vir3|16762	1
Vir3|16796	1
Vir3|16818	1
Vir3|16867	1
Vir3|16921	1
Vir3|17	1
Vir3|17054	1
Vir3|17061	1
Vir3|17288	1
Vir3|17407	1
Vir3|17493	1
Vir3|17609	1
Vir3|17668	1
Vir3|17675	1
Vir3|17678	1
Vir3|17691	1
Vir3|17763	1
Vir3|17768	1
Vir3|17798	1
Vir3|17919	1
Vir3|17949	1
Vir3|18001	1
Vir3|18072	1
Vir3|18104	1
Vir3|18127	1
Vir3|18144	1
Vir3|18204	1
Vir3|18297	1
Vir3|18379	1
Vir3|18387	1
Vir3|18390	1
Vir3|18449	1
Vir3|18590	2
Vir3|18661	1
Vir3|18751	2
Vir3|18815	1
Vir3|18921	1
Vir3|19087	1
Vir3|19146	1
Vir3|19148	1
Vir3|19160	1
Vir3|1927	1
Vir3|1939	1
Vir3|19534	1
Vir3|19568	1
Vir3|19610	1
Vir3|19655	1
Vir3|19893	1
Vir3|19915	1
Vir3|19932	1
Vir3|19997	1
Vir3|20027	1
Vir3|20159	1
Vir3|20161	1
Vir3|2030	1
Vir3|20360	1
Vir3|20381	1
Vir3|20411	1
Vir3|20469	1
Vir3|20516	99
Vir3|20517	82
Vir3|20704	1
Vir3|20757	1
Vir3|20787	1
Vir3|20791	1
Vir3|20796	1
Vir3|20804	1
Vir3|20805	1
Vir3|20837	2
Vir3|20877	1
Vir3|20910	1
Vir3|20916	1
Vir3|20980	1
Vir3|20981	2
Vir3|21038	1
Vir3|2124	1
Vir3|21255	1
Vir3|21281	1
Vir3|21285	1
Vir3|213	1
Vir3|21303	1
Vir3|2132	1
Vir3|21380	1
Vir3|21426	1
Vir3|21473	1
Vir3|21518	1
Vir3|21524	1
Vir3|21559	1
Vir3|21560	1
Vir3|21562	1
Vir3|21587	1
Vir3|21623	1
Vir3|21624	1
Vir3|21638	2
Vir3|2169	1
Vir3|21797	1
Vir3|21830	1
Vir3|21842	1
Vir3|21888	1
Vir3|21893	1
Vir3|21935	1
Vir3|21961	1
Vir3|22006	1
Vir3|2216	1
Vir3|22163	1
Vir3|22216	1
Vir3|22236	1
Vir3|22337	1
Vir3|22339	1
Vir3|22340	1
Vir3|22354	1
Vir3|22370	1
Vir3|2249	1
Vir3|226	1
Vir3|22613	1
Vir3|22677	1
Vir3|227	1
Vir3|22701	1
Vir3|22702	1
Vir3|22797	1
Vir3|22850	1
Vir3|22876	1
Vir3|229	1
Vir3|22956	1
Vir3|22974	1
Vir3|23045	1
Vir3|23109	1
Vir3|23268	1
Vir3|23277	1
Vir3|23454	1
Vir3|23494	1
Vir3|23513	1
Vir3|23514	1
Vir3|23659	1
Vir3|23667	1
Vir3|23712	1
Vir3|23861	1
Vir3|24009	1
Vir3|24038	1
Vir3|24073	1
Vir3|24076	1
Vir3|24077	1
Vir3|24080	1
Vir3|24227	1
Vir3|24300	1
Vir3|24310	1
Vir3|24360	1
Vir3|24363	1
Vir3|24576	1
Vir3|24694	1
Vir3|2471	1
Vir3|24784	1
Vir3|24821	1
Vir3|24843	1
Vir3|24862	1
Vir3|249	1
Vir3|25010	1
Vir3|25057	1
Vir3|25073	1
Vir3|25131	1
Vir3|25132	1
Vir3|25170	1
Vir3|25174	1
Vir3|25263	1
Vir3|25313	1
Vir3|25329	1
Vir3|25405	1
Vir3|25431	1
Vir3|25455	1
Vir3|25504	1
Vir3|2562	1
Vir3|25803	1
Vir3|25825	1
Vir3|2588	1
Vir3|25957	1
Vir3|26006	1
Vir3|261	1
Vir3|2614	1
Vir3|26162	1
Vir3|26224	1
Vir3|26358	1
Vir3|26390	2
Vir3|26501	1
Vir3|26641	1
Vir3|26647	1
Vir3|26673	1
Vir3|26764	1
Vir3|26781	1
Vir3|26809	1
Vir3|26829	1
Vir3|26968	1
Vir3|26992	1
Vir3|27007	1
Vir3|27008	1
Vir3|27018	1
Vir3|2710	1
Vir3|2711	1
Vir3|272	1
Vir3|27325	1
Vir3|27489	1
Vir3|27493	1
Vir3|27498	2
Vir3|27628	1
Vir3|27636	1
Vir3|27637	75
Vir3|27638	95
Vir3|2766	1
Vir3|27662	1
Vir3|27731	1
Vir3|27732	1
Vir3|27734	1
Vir3|27801	1
Vir3|27810	1
Vir3|27814	1
Vir3|27862	1
Vir3|2789	1
Vir3|2790	1
Vir3|28008	2
Vir3|28009	3
Vir3|28010	2
Vir3|28018	1
Vir3|28019	2
Vir3|28031	1
Vir3|28037	1
Vir3|28049	3
Vir3|28053	3
Vir3|28054	2
Vir3|28095	3
Vir3|28097	1
Vir3|28104	1
Vir3|28113	1
Vir3|28117	2
Vir3|28121	2
Vir3|28122	1
Vir3|28123	1
Vir3|28124	2
Vir3|28150	2
Vir3|28154	1
Vir3|28162	2
Vir3|28163	7
Vir3|28164	1
Vir3|28168	4
Vir3|28169	1
Vir3|28174	1
Vir3|28179	3
Vir3|28180	1
Vir3|28183	3
Vir3|28184	2
Vir3|28189	2
Vir3|2819	2
Vir3|28191	1
Vir3|28196	1
Vir3|28202	2
Vir3|28204	8
Vir3|28205	1
Vir3|28206	1
Vir3|28207	4
Vir3|28214	2
Vir3|28215	1
Vir3|28217	1
Vir3|28225	2
Vir3|28233	1
Vir3|28237	1
Vir3|28241	1
Vir3|28242	3
Vir3|28244	1
Vir3|28246	38
Vir3|28247	23
Vir3|28251	1
Vir3|28267	1
Vir3|28282	1
Vir3|28284	1
Vir3|28328	2
Vir3|28329	1
Vir3|28330	1
Vir3|28357	1
Vir3|28359	1
Vir3|28372	22
Vir3|28373	15
Vir3|2839	1
Vir3|28396	1
Vir3|28405	1
Vir3|28442	1
Vir3|28443	2
Vir3|28460	1
Vir3|28461	3
Vir3|28473	1
Vir3|28474	1
Vir3|28491	1
Vir3|28494	1
Vir3|28509	1
Vir3|28530	3
Vir3|28536	1
Vir3|28574	17
Vir3|28575	25
Vir3|2859	1
Vir3|28612	1
Vir3|28618	6
Vir3|28619	4
Vir3|28672	2
Vir3|28673	3
Vir3|28731	1
Vir3|28755	1
Vir3|28770	1
Vir3|28771	3
Vir3|28775	1
Vir3|28785	1
Vir3|28844	1
Vir3|28899	1
Vir3|28911	3
Vir3|28912	2
Vir3|28918	1
Vir3|28927	1
Vir3|28937	1
Vir3|28943	1
Vir3|28944	2
Vir3|28945	2
Vir3|28960	1
Vir3|28967	1
Vir3|28970	1
Vir3|29005	3
Vir3|29012	2
Vir3|29039	1
Vir3|2904	1
Vir3|29051	1
Vir3|29052	1
Vir3|29101	1
Vir3|29102	6
Vir3|29129	1
Vir3|29163	3
Vir3|29164	2
Vir3|29181	3
Vir3|29192	1
Vir3|29211	1
Vir3|29227	1
Vir3|29231	2
Vir3|29232	2
Vir3|2925	1
Vir3|29250	1
Vir3|29251	1
Vir3|29291	1
Vir3|29329	2
Vir3|29358	1
Vir3|29387	1
Vir3|29398	1
Vir3|29424	1
Vir3|29437	1
Vir3|29447	5
Vir3|29448	6
Vir3|29461	1
Vir3|29497	1
Vir3|29500	3
Vir3|29525	1
Vir3|29528	2
Vir3|29529	1
Vir3|29574	1
Vir3|29592	1
Vir3|2960	1
Vir3|29613	1
Vir3|29646	1
Vir3|29676	1
Vir3|29677	1
Vir3|29714	7
Vir3|29715	4
Vir3|29941	1
Vir3|29954	1
Vir3|29969	1
Vir3|29971	1
Vir3|29983	1
Vir3|3013	1
Vir3|30197	1
Vir3|30198	1
Vir3|30236	1
Vir3|30287	1
Vir3|3043	1
Vir3|30534	1
Vir3|30538	1
Vir3|30609	1
Vir3|30613	1
Vir3|30642	1
Vir3|30718	1
Vir3|30812	1
Vir3|30819	1
Vir3|30822	1
Vir3|30833	1
Vir3|30865	1
Vir3|30977	1
Vir3|31044	1
Vir3|31051	1
Vir3|31247	1
Vir3|31270	1
Vir3|31344	1
Vir3|31345	1
Vir3|31422	1
Vir3|31509	1
Vir3|31552	1
Vir3|31632	1
Vir3|31679	1
Vir3|31712	1
Vir3|31741	1
Vir3|31791	1
Vir3|31829	1
Vir3|31830	1
Vir3|31965	1
Vir3|31992	1
Vir3|32088	1
Vir3|32121	1
Vir3|32139	1
Vir3|32198	1
Vir3|32203	1
Vir3|32227	1
Vir3|3241	1
Vir3|32561	1
Vir3|32595	1
Vir3|32810	1
Vir3|32838	1
Vir3|32850	1
Vir3|32898	1
Vir3|32935	1
Vir3|32945	1
Vir3|32988	1
Vir3|33005	1
Vir3|33019	1
Vir3|33107	1
Vir3|33287	1
Vir3|33335	1
Vir3|33366	18
Vir3|33493	1
Vir3|33495	1
Vir3|335	1
Vir3|3350	1
Vir3|33606	1
Vir3|33610	1
Vir3|33612	1
Vir3|33698	1
Vir3|33721	1
Vir3|33743	1
Vir3|3386	1
Vir3|34009	1
Vir3|34082	1
Vir3|34180	1
Vir3|34265	1
Vir3|34468	1
Vir3|34556	1
Vir3|34764	1
Vir3|34765	1
Vir3|34800	1
Vir3|34815	1
Vir3|34928	1
Vir3|34991	1
Vir3|35189	1
Vir3|35210	1
Vir3|35259	1
Vir3|35265	1
Vir3|35330	1
Vir3|35378	1
Vir3|35381	1
Vir3|35386	1
Vir3|35432	1
Vir3|35540	1
Vir3|35561	1
Vir3|35584	2
Vir3|35585	1
Vir3|35630	1
Vir3|35648	1
Vir3|35744	8
Vir3|35745	17
Vir3|35778	1
Vir3|35801	1
Vir3|36027	2
Vir3|36040	1
Vir3|36109	1
Vir3|36246	1
Vir3|36396	1
Vir3|36416	1
Vir3|36496	1
Vir3|36522	1
Vir3|36634	1
Vir3|36761	1
Vir3|36781	1
Vir3|3680	1
Vir3|36848	1
Vir3|36921	1
Vir3|36956	1
Vir3|36964	1
Vir3|36967	1
Vir3|37058	1
Vir3|37067	1
Vir3|37118	1
Vir3|37266	1
Vir3|37294	1
Vir3|37295	1
Vir3|37323	1
Vir3|37409	1
Vir3|37417	1
Vir3|3766	1
Vir3|37660	1
Vir3|37759	1
Vir3|3782	1
Vir3|37830	1
Vir3|37837	1
Vir3|3784	1
Vir3|37874	1
Vir3|37966	1
Vir3|37967	1
Vir3|38303	1
Vir3|38379	1
Vir3|38394	1
Vir3|38452	1
Vir3|38515	1
Vir3|38657	1
Vir3|38704	1
Vir3|38876	1
Vir3|38889	1
Vir3|38915	1
Vir3|39273	1
Vir3|39339	1
Vir3|39494	1
Vir3|39664	1
Vir3|39712	1
Vir3|39737	1
Vir3|39891	1
Vir3|40028	1
Vir3|40057	1
Vir3|40069	1
Vir3|40093	1
Vir3|40107	1
Vir3|40116	1
Vir3|40123	1
Vir3|40177	1
Vir3|40185	1
Vir3|40263	1
Vir3|40293	1
Vir3|40488	1
Vir3|40495	1
Vir3|40515	1
Vir3|4058	1
Vir3|40602	1
Vir3|40660	1
Vir3|40681	1
Vir3|4069	1
Vir3|40851	1
Vir3|40908	1
Vir3|41004	1
Vir3|41130	1
Vir3|41402	1
Vir3|4149	1
Vir3|41530	1
Vir3|41553	1
Vir3|41585	2
Vir3|41704	3
Vir3|41785	1
Vir3|41789	1
Vir3|4195	1
Vir3|41978	1
Vir3|4200	1
Vir3|4201	1
Vir3|42118	1
Vir3|42172	1
Vir3|42235	1
Vir3|42257	1
Vir3|42301	2
Vir3|42314	1
Vir3|42335	1
Vir3|42427	1
Vir3|42428	1
Vir3|42525	1
Vir3|42540	1
Vir3|42559	1
Vir3|42713	1
Vir3|42877	1
Vir3|42887	1
Vir3|42917	1
Vir3|42960	1
Vir3|42980	190
Vir3|42981	218
Vir3|43101	1
Vir3|43102	1
Vir3|43111	1
Vir3|43121	1
Vir3|43225	1
Vir3|43284	1
Vir3|43479	1
Vir3|43504	1
Vir3|43537	1
Vir3|43614	1
Vir3|43676	1
Vir3|43679	1
Vir3|43769	1
Vir3|43827	1
Vir3|43852	1
Vir3|43940	1
Vir3|43954	1
Vir3|43977	1
Vir3|43989	1
Vir3|44155	1
Vir3|44205	1
Vir3|44232	1
Vir3|4425	1
Vir3|44289	1
Vir3|44345	1
Vir3|44393	1
Vir3|44411	1
Vir3|44691	1
Vir3|44699	1
Vir3|44701	1
Vir3|44821	1
Vir3|44915	1
Vir3|44934	1
Vir3|44995	1
Vir3|45028	1
Vir3|4513	26
Vir3|4514	31
Vir3|45263	1
Vir3|45300	1
Vir3|45329	1
Vir3|45388	1
Vir3|45421	1
Vir3|45426	1
Vir3|45464	1
Vir3|45551	1
Vir3|45591	1
Vir3|45605	2
Vir3|45688	1
Vir3|45735	1
Vir3|45796	1
Vir3|45818	1
Vir3|45819	1
Vir3|45827	1
Vir3|45832	1
Vir3|45887	1
Vir3|45917	1
Vir3|45928	1
Vir3|46085	1
Vir3|46174	1
Vir3|46217	1
Vir3|46270	1
Vir3|4634	1
Vir3|4650	1
Vir3|46508	1
Vir3|46541	1
Vir3|46830	1
Vir3|46867	1
Vir3|46936	1
Vir3|46990	1
Vir3|47049	1
Vir3|47052	1
Vir3|47076	1
Vir3|4711	1
Vir3|47197	2
Vir3|47339	1
Vir3|47403	1
Vir3|47433	1
Vir3|47437	1
Vir3|47475	2
Vir3|47477	2
Vir3|47479	1
Vir3|47481	1
Vir3|47489	2
Vir3|47490	2
Vir3|47504	3
Vir3|47508	1
Vir3|47510	3
Vir3|47513	1
Vir3|47531	1
Vir3|47556	1
Vir3|47560	1
Vir3|4758	1
Vir3|47634	1
Vir3|47647	1
Vir3|47648	1
Vir3|47718	1
Vir3|47759	1
Vir3|47851	1
Vir3|47865	1
Vir3|47867	1
Vir3|47949	1
Vir3|47950	1
Vir3|47982	1
Vir3|48015	1
Vir3|48042	1
Vir3|481	1
Vir3|48160	1
Vir3|48164	1
Vir3|48324	1
Vir3|48332	1
Vir3|48413	1
Vir3|48425	1
Vir3|48436	1
Vir3|48486	1
Vir3|48542	1
Vir3|48552	1
Vir3|48563	1
Vir3|48574	1
Vir3|48594	1
Vir3|48609	1
Vir3|48624	1
Vir3|48764	1
Vir3|48772	1
Vir3|48797	1
Vir3|48800	1
Vir3|48856	1
Vir3|48860	1
Vir3|48892	1
Vir3|48910	1
Vir3|48918	1
Vir3|48923	1
Vir3|49102	1
Vir3|49112	1
Vir3|49160	1
Vir3|4917	1
Vir3|49191	1
Vir3|49199	1
Vir3|4920	1
Vir3|49238	1
Vir3|49258	1
Vir3|49305	1
Vir3|49361	1
Vir3|49429	1
Vir3|49507	1
Vir3|49535	1
Vir3|49645	1
Vir3|49648	1
Vir3|49653	1
Vir3|49673	1
Vir3|49684	2
Vir3|49696	1
Vir3|49782	1
Vir3|49882	1
Vir3|49922	2
Vir3|49939	1
Vir3|49954	1
Vir3|49966	2
Vir3|50003	1
Vir3|50200	1
Vir3|50203	1
Vir3|50304	1
Vir3|50322	1
Vir3|50330	1
Vir3|50356	1
Vir3|50437	1
Vir3|50473	1
Vir3|50492	1
Vir3|50536	1
Vir3|50571	1
Vir3|50572	1
Vir3|50574	1
Vir3|50661	1
Vir3|5069	1
Vir3|50761	1
Vir3|50793	1
Vir3|50813	1
Vir3|50825	1
Vir3|50832	1
Vir3|50892	1
Vir3|50922	1
Vir3|50952	1
Vir3|50960	1
Vir3|50963	1
Vir3|51027	1
Vir3|51060	1
Vir3|51115	1
Vir3|51134	1
Vir3|51137	1
Vir3|51366	1
Vir3|51376	1
Vir3|51378	1
Vir3|51466	1
Vir3|51472	1
Vir3|51519	1
Vir3|5160	1
Vir3|51644	1
Vir3|51699	1
Vir3|51714	1
Vir3|51770	1
Vir3|51791	1
Vir3|51798	1
Vir3|5181	1
Vir3|51846	1
Vir3|51911	1
Vir3|51937	1
Vir3|5201	1
Vir3|52034	2
Vir3|52036	1
Vir3|52053	1
Vir3|52065	1
Vir3|52075	1
Vir3|5208	1
Vir3|52104	1
Vir3|52110	3
Vir3|52128	24
Vir3|52178	2
Vir3|52184	1
Vir3|52200	1
Vir3|52266	1
Vir3|52268	1
Vir3|52282	1
Vir3|52283	1
Vir3|52331	9
Vir3|52332	8
Vir3|52409	1
Vir3|52431	1
Vir3|52458	1
Vir3|52482	3
Vir3|52483	2
Vir3|52585	2
Vir3|52606	1
Vir3|52702	1
Vir3|52703	1
Vir3|52709	1
Vir3|52745	1
Vir3|52816	1
Vir3|52823	1
Vir3|52830	1
Vir3|52850	1
Vir3|52870	1
Vir3|52893	1
Vir3|52897	1
Vir3|52901	1
Vir3|52970	1
Vir3|52975	1
Vir3|52990	1
Vir3|53156	1
Vir3|53208	1
Vir3|5323	1
Vir3|53234	1
Vir3|53292	18
Vir3|53293	3
Vir3|53305	1
Vir3|53451	1
Vir3|53688	1
Vir3|53728	1
Vir3|53751	1
Vir3|53754	1
Vir3|53798	1
Vir3|53804	1
Vir3|53823	1
Vir3|53872	1
Vir3|53881	1
Vir3|53929	1
Vir3|53970	1
Vir3|54023	1
Vir3|54075	1
Vir3|54113	1
Vir3|54128	1
Vir3|54233	1
Vir3|54277	1
Vir3|54322	1
Vir3|54330	1
Vir3|54350	1
Vir3|54417	1
Vir3|54459	1
Vir3|54496	1
Vir3|5453	1
Vir3|54597	1
Vir3|54601	1
Vir3|54645	1
Vir3|54742	1
Vir3|54789	1
Vir3|54814	1
Vir3|54903	1
Vir3|54974	1
Vir3|550	1
Vir3|55029	1
Vir3|55097	1
Vir3|55098	1
Vir3|55099	1
Vir3|5520	1
Vir3|55201	1
Vir3|55202	1
Vir3|55227	1
Vir3|5530	1
Vir3|55460	1
Vir3|55475	1
Vir3|55554	1
Vir3|55614	1
Vir3|55645	1
Vir3|55704	1
Vir3|55713	1
Vir3|5572	1
Vir3|55762	1
Vir3|55815	1
Vir3|55948	1
Vir3|56002	1
Vir3|56003	1
Vir3|56028	1
Vir3|56045	1
Vir3|56167	1
Vir3|56251	1
Vir3|56273	1
Vir3|56305	1
Vir3|5636	1
Vir3|56395	1
Vir3|56416	1
Vir3|56447	1
Vir3|56526	1
Vir3|56557	1
Vir3|56559	1
Vir3|56582	1
Vir3|56598	1
Vir3|56680	1
Vir3|56803	1
Vir3|56830	1
Vir3|56866	1
Vir3|56916	1
Vir3|57071	1
Vir3|57118	1
Vir3|57206	2
Vir3|57384	1
Vir3|57401	1
Vir3|57495	1
Vir3|57564	1
Vir3|57568	1
Vir3|57695	1
Vir3|57704	1
Vir3|57909	1
Vir3|57910	1
Vir3|57994	1
Vir3|57999	2
Vir3|58044	1
Vir3|58116	1
Vir3|58117	1
Vir3|58118	1
Vir3|58174	1
Vir3|58186	1
Vir3|58227	1
Vir3|58322	1
Vir3|58338	1
Vir3|58348	1
Vir3|58352	1
Vir3|58365	1
Vir3|58458	1
Vir3|58495	1
Vir3|58588	1
Vir3|58602	1
Vir3|58695	1
Vir3|58788	1
Vir3|58838	1
Vir3|58914	1
Vir3|59002	1
Vir3|59094	1
Vir3|59126	1
Vir3|59127	1
Vir3|59129	1
Vir3|59149	1
Vir3|59169	1
Vir3|59234	1
Vir3|59291	1
Vir3|59297	1
Vir3|59304	1
Vir3|59341	1
Vir3|59346	1
Vir3|59352	1
Vir3|5952	1
Vir3|59553	1
Vir3|59663	1
Vir3|59694	2
Vir3|59703	1
Vir3|59709	1
Vir3|5972	1
Vir3|59749	1
Vir3|59792	1
Vir3|5981	1
Vir3|5989	2
Vir3|59927	1
Vir3|59975	1
Vir3|6009	1
Vir3|60147	1
Vir3|60157	1
Vir3|60222	1
Vir3|60315	1
Vir3|60327	2
Vir3|60340	1
Vir3|60346	1
Vir3|60352	1
Vir3|60370	1
Vir3|60447	1
Vir3|60465	1
Vir3|60530	1
Vir3|60648	2
Vir3|60701	1
Vir3|6083	1
Vir3|6088	1
Vir3|61004	1
Vir3|61006	1
Vir3|61207	1
Vir3|61302	1
Vir3|61371	1
Vir3|61377	1
Vir3|61399	1
Vir3|61446	2
Vir3|61491	1
Vir3|61543	1
Vir3|6155	1
Vir3|6157	1
Vir3|61579	1
Vir3|61821	1
Vir3|61849	1
Vir3|61861	1
Vir3|61877	1
Vir3|61928	1
Vir3|62049	1
Vir3|62069	1
Vir3|62114	1
Vir3|62133	1
Vir3|62139	1
Vir3|62157	1
Vir3|62251	1
Vir3|62316	1
Vir3|62334	1
Vir3|62340	1
Vir3|6255	1
Vir3|62698	1
Vir3|62798	1
Vir3|62866	1
Vir3|62896	1
Vir3|62939	1
Vir3|62972	1
Vir3|631	1
Vir3|632	1
Vir3|63245	1
Vir3|63351	1
Vir3|63362	1
Vir3|63376	1
Vir3|63393	1
Vir3|63542	1
Vir3|63555	1
Vir3|63732	1
Vir3|63780	1
Vir3|63781	1
Vir3|63813	1
Vir3|63838	1
Vir3|6391	1
Vir3|63980	2
Vir3|63983	1
Vir3|64075	1
Vir3|64089	1
Vir3|64162	1
Vir3|64172	1
Vir3|64175	1
Vir3|64178	1
Vir3|64195	1
Vir3|64252	1
Vir3|64309	1
Vir3|64310	1
Vir3|64311	1
Vir3|6435	1
Vir3|64381	1
Vir3|6443	1
Vir3|64507	1
Vir3|64627	1
Vir3|64628	1
Vir3|64680	1
Vir3|64743	1
Vir3|64744	1
Vir3|64816	1
Vir3|6482	1
Vir3|64904	1
Vir3|64927	1
Vir3|64952	1
Vir3|64992	1
Vir3|65016	1
Vir3|65049	1
Vir3|65091	2
Vir3|65170	1
Vir3|65339	1
Vir3|65358	1
Vir3|65409	1
Vir3|65543	1
Vir3|65734	1
Vir3|6576	1
Vir3|65784	1
Vir3|65836	1
Vir3|65854	1
Vir3|65856	1
Vir3|65886	1
Vir3|65900	1
Vir3|65927	1
Vir3|65940	1
Vir3|66015	1
Vir3|66039	1
Vir3|66055	1
Vir3|66073	1
Vir3|66099	1
Vir3|66208	1
Vir3|66384	1
Vir3|66581	1
Vir3|66910	1
Vir3|66961	1
Vir3|66979	1
Vir3|67287	1
Vir3|67320	1
Vir3|67433	1
Vir3|67516	1
Vir3|67574	2
Vir3|67605	1
Vir3|67635	1
Vir3|67666	1
Vir3|67667	1
Vir3|67712	1
Vir3|67837	1
Vir3|67914	1
Vir3|67915	1
Vir3|67928	1
Vir3|67956	1
Vir3|6799	1
Vir3|6802	1
Vir3|68091	1
Vir3|68098	1
Vir3|68101	1
Vir3|68138	1
Vir3|68216	1
Vir3|68354	1
Vir3|68359	1
Vir3|68364	1
Vir3|68452	1
Vir3|68474	1
Vir3|68498	1
Vir3|68610	1
Vir3|68612	1
Vir3|68649	1
Vir3|68698	1
Vir3|68703	1
Vir3|68723	2
Vir3|68793	1
Vir3|68966	1
Vir3|69001	1
Vir3|69203	1
Vir3|69310	1
Vir3|69356	1
Vir3|69445	1
Vir3|69492	1
Vir3|69598	1
Vir3|69789	1
Vir3|69823	1
Vir3|69918	1
Vir3|69975	1
Vir3|69988	1
Vir3|70011	1
Vir3|70043	1
Vir3|70174	1
Vir3|7047	1
Vir3|70521	1
Vir3|7080	1
Vir3|70838	1
Vir3|70839	1
Vir3|7084	1
Vir3|70884	1
Vir3|70927	1
Vir3|70949	1
Vir3|70983	1
Vir3|71079	1
Vir3|71154	1
Vir3|71282	1
Vir3|71293	1
Vir3|71353	1
Vir3|71396	1
Vir3|71410	1
Vir3|71478	1
Vir3|71574	1
Vir3|71660	1
Vir3|71876	1
Vir3|71936	1
Vir3|7210	1
Vir3|72159	1
Vir3|72160	1
Vir3|72188	1
Vir3|72383	1
Vir3|72460	1
Vir3|72485	1
Vir3|72542	1
Vir3|72755	1
Vir3|72772	1
Vir3|72826	1
Vir3|72897	1
Vir3|72904	1
Vir3|72922	1
Vir3|72980	1
Vir3|73043	308
Vir3|73044	263
Vir3|73049	1
Vir3|73196	1
Vir3|73298	2
Vir3|73343	1
Vir3|7335	1
Vir3|7337	1
Vir3|73418	1
Vir3|73486	1
Vir3|73510	1
Vir3|73532	1
Vir3|73539	1
Vir3|7356	1
Vir3|73618	1
Vir3|73743	2
Vir3|73744	1
Vir3|73768	1
Vir3|73769	1
Vir3|73798	1
Vir3|74040	1
Vir3|74044	1
Vir3|74075	1
Vir3|74080	2
Vir3|74087	1
Vir3|74138	1
Vir3|74226	1
Vir3|74236	1
Vir3|74266	1
Vir3|74349	1
Vir3|74381	1
Vir3|74433	1
Vir3|74486	1
Vir3|74548	1
Vir3|74595	1
Vir3|74677	1
Vir3|74713	1
Vir3|74850	1
Vir3|74864	1
Vir3|74901	1
Vir3|74923	1
Vir3|75036	1
Vir3|751	1
Vir3|7526	1
Vir3|75287	1
Vir3|75301	1
Vir3|75304	1
Vir3|75402	1
Vir3|75436	1
Vir3|75466	1
Vir3|75505	1
Vir3|75506	1
Vir3|75507	1
Vir3|75583	1
Vir3|75659	1
Vir3|75961	1
Vir3|76018	1
Vir3|76041	1
Vir3|76149	1
Vir3|762	1
Vir3|7632	1
Vir3|76330	1
Vir3|76361	1
Vir3|76370	1
Vir3|76453	1
Vir3|76486	1
Vir3|76507	1
Vir3|76639	1
Vir3|76647	2
Vir3|76676	1
Vir3|76686	1
Vir3|76758	1
Vir3|76868	1
Vir3|76880	1
Vir3|77056	1
Vir3|77124	1
Vir3|77277	1
Vir3|77294	1
Vir3|77298	1
Vir3|77361	1
Vir3|77417	1
Vir3|77444	1
Vir3|77577	1
Vir3|77609	1
Vir3|77658	1
Vir3|77751	1
Vir3|77847	1
Vir3|77871	1
Vir3|77957	1
Vir3|78006	1
Vir3|78062	2
Vir3|78071	1
Vir3|78078	1
Vir3|78324	1
Vir3|78488	1
Vir3|78616	1
Vir3|78637	2
Vir3|7875	1
Vir3|78903	1
Vir3|78914	1
Vir3|78917	1
Vir3|78921	1
Vir3|78926	1
Vir3|78987	2
Vir3|79010	1
Vir3|79054	1
Vir3|79088	1
Vir3|79099	1
Vir3|79106	1
Vir3|79111	1
Vir3|79143	1
Vir3|7938	1
Vir3|79458	1
Vir3|7947	1
Vir3|7967	1
Vir3|79860	1
Vir3|79912	1
Vir3|79932	1
Vir3|79971	1
Vir3|79983	1
Vir3|80120	1
Vir3|80143	1
Vir3|80213	1
Vir3|80268	1
Vir3|80270	2
Vir3|80342	1
Vir3|8035	1
Vir3|80420	1
Vir3|80477	1
Vir3|8048	1
Vir3|80607	1
Vir3|8061	1
Vir3|80614	2
Vir3|80618	1
Vir3|80634	1
Vir3|80769	1
Vir3|80819	2
Vir3|80847	1
Vir3|80870	1
Vir3|80928	1
Vir3|8116	1
Vir3|81246	1
Vir3|81250	1
Vir3|81290	1
Vir3|81320	1
Vir3|81451	1
Vir3|81544	1
Vir3|8157	1
Vir3|81613	1
Vir3|81617	1
Vir3|8164	1
Vir3|81673	1
Vir3|81697	1
Vir3|8170	1
Vir3|81847	1
Vir3|81939	1
Vir3|81985	1
Vir3|82093	1
Vir3|82168	1
Vir3|82242	2
Vir3|82269	1
Vir3|82349	1
Vir3|82506	1
Vir3|82551	1
Vir3|8260	1
Vir3|82620	1
Vir3|82708	1
Vir3|82716	1
Vir3|82744	1
Vir3|82751	2
Vir3|82761	1
Vir3|82870	1
Vir3|83015	1
Vir3|83109	1
Vir3|83240	1
Vir3|83326	1
Vir3|83421	1
Vir3|83430	1
Vir3|83442	1
Vir3|83443	1
Vir3|83477	1
Vir3|83488	1
Vir3|83543	1
Vir3|83595	1
Vir3|83641	1
Vir3|83664	1
Vir3|83689	1
Vir3|83727	1
Vir3|83780	1
Vir3|83840	2
Vir3|84030	1
Vir3|84031	1
Vir3|84034	1
Vir3|84052	1
Vir3|84120	1
Vir3|84138	1
Vir3|84205	1
Vir3|84210	1
Vir3|84212	2
Vir3|84519	1
Vir3|84526	1
Vir3|84531	1
Vir3|84713	1
Vir3|84735	1
Vir3|84750	1
Vir3|84786	2
Vir3|84868	1
Vir3|84871	1
Vir3|84965	1
Vir3|84981	1
Vir3|85048	1
Vir3|85052	1
Vir3|85115	1
Vir3|85150	1
Vir3|85272	1
Vir3|85281	1
Vir3|85321	1
Vir3|85330	1
Vir3|85358	1
Vir3|85406	1
Vir3|8541	1
Vir3|8546	1
Vir3|85482	1
Vir3|85538	1
Vir3|85646	1
Vir3|85664	1
Vir3|85678	1
Vir3|85720	1
Vir3|85776	1
Vir3|85853	1
Vir3|85979	1
Vir3|86022	1
Vir3|86125	1
Vir3|86151	2
Vir3|8616	1
Vir3|86267	1
Vir3|86364	167
Vir3|86365	1
Vir3|8654	1
Vir3|86615	1
Vir3|86688	1
Vir3|8685	1
Vir3|86872	1
Vir3|86930	1
Vir3|87002	1
Vir3|87129	2
Vir3|87140	1
Vir3|87144	1
Vir3|87174	1
Vir3|87234	1
Vir3|87256	1
Vir3|87339	1
Vir3|87579	1
Vir3|87639	1
Vir3|87652	1
Vir3|87722	1
Vir3|87906	1
Vir3|8799	1
Vir3|88057	1
Vir3|88106	1
Vir3|88165	1
Vir3|88187	1
Vir3|88301	1
Vir3|88490	1
Vir3|88495	1
Vir3|8855	1
Vir3|88576	1
Vir3|88597	1
Vir3|88627	1
Vir3|88628	1
Vir3|88641	1
Vir3|88753	2
Vir3|8880	1
Vir3|88937	697
Vir3|88988	2
Vir3|89109	1
Vir3|89168	1
Vir3|89273	1
Vir3|89382	1
Vir3|89399	1
Vir3|89446	1
Vir3|89462	1
Vir3|89485	1
Vir3|89564	2
Vir3|8958	1
Vir3|89597	1
Vir3|89611	1
Vir3|89659	1
Vir3|8968	1
Vir3|89686	1
Vir3|89742	1
Vir3|89755	1
Vir3|89762	1
Vir3|89879	1
Vir3|90029	1
Vir3|90047	1
Vir3|90052	1
Vir3|90095	1
Vir3|90126	1
Vir3|90240	1
Vir3|90279	1
Vir3|90314	1
Vir3|90346	1
Vir3|90359	1
Vir3|90407	1
Vir3|90443	1
Vir3|90499	1
Vir3|90515	1
Vir3|90563	1
Vir3|90591	1
Vir3|90598	1
Vir3|90625	1
Vir3|90699	1
Vir3|90714	1
Vir3|90778	1
Vir3|90799	1
Vir3|90841	2
Vir3|90910	1
Vir3|90925	1
Vir3|90942	2
Vir3|91032	1
Vir3|9105	1
Vir3|9106	1
Vir3|91072	1
Vir3|91107	1
Vir3|91166	1
Vir3|91444	2
Vir3|91449	1
Vir3|91501	1
Vir3|91687	1
Vir3|91695	1
Vir3|91769	1
Vir3|91846	1
Vir3|91944	1
Vir3|91957	1
Vir3|92010	1
Vir3|92022	1
Vir3|92027	1
Vir3|92055	1
Vir3|92100	1
Vir3|92109	1
Vir3|92277	1
Vir3|92366	1
Vir3|9237	1
Vir3|92386	1
Vir3|92426	1
Vir3|92436	1
Vir3|92520	1
Vir3|92525	1
Vir3|92539	1
Vir3|92590	1
Vir3|92830	2
Vir3|9285	1
Vir3|92987	1
Vir3|9301	1
Vir3|9309	1
Vir3|93150	1
Vir3|93281	1
Vir3|93287	1
Vir3|93333	1
Vir3|93335	1
Vir3|9338	1
Vir3|93406	2
Vir3|93417	1
Vir3|93457	1
Vir3|93464	1
Vir3|93472	1
Vir3|93483	1
Vir3|93541	1
Vir3|93564	1
Vir3|93578	1
Vir3|93613	2
Vir3|93614	1
Vir3|93662	1
Vir3|93808	1
Vir3|93878	1
Vir3|93956	1
Vir3|93959	1
Vir3|93965	1
Vir3|93975	1
Vir3|94026	1
Vir3|94066	1
Vir3|9407	1
Vir3|94082	1
Vir3|94160	1
Vir3|94184	1
Vir3|94214	1
Vir3|94217	1
Vir3|94235	1
Vir3|94255	1
Vir3|94392	1
Vir3|94463	1
Vir3|94560	1
Vir3|94590	1
Vir3|94624	1
Vir3|94692	1
Vir3|94718	1
Vir3|9478	1
Vir3|95033	1
Vir3|95113	1
Vir3|95187	1
Vir3|95233	1
Vir3|95237	1
Vir3|95251	1
Vir3|95275	1
Vir3|9534	1
Vir3|95353	1
Vir3|95363	1
Vir3|95373	1
Vir3|95389	1
Vir3|95470	1
Vir3|95472	1
Vir3|95582	1
Vir3|95601	1
Vir3|95621	1
Vir3|95655	1
Vir3|95684	1
Vir3|95686	1
Vir3|95788	1
Vir3|95792	1
Vir3|95805	1
Vir3|95841	1
Vir3|96061	1
Vir3|96099	1
Vir3|96114	1
Vir3|9630	1
Vir3|964	1
Vir3|9671	1
Vir3|9718	1
Vir3|9753	1
Vir3|9840	2
Vir3|9917	1
