CoV|BCA25643.133.BC1	24537
CoV|BCA25643.133.BC2	24883
CoV|BCA25643.134.BC1	40937
CoV|BCA25643.134.BC2	30476
CoV|BCA25651.11.BC1	3207
CoV|BCA25651.11.BC2	5596
CoV|BCA25651.12.BC1	19139
CoV|BCA25651.12.BC2	27476
CoV|BCA25653.40.BC1	7942
CoV|BCA25653.40.BC2	12832
CoV|BCA25653.41.BC1	8470
CoV|BCA25653.41.BC2	3369
CoV|H9EJ24.0.BC1	11470
CoV|H9EJ24.0.BC2	19462
CoV|H9EJ24.1.BC1	40133
CoV|H9EJ24.1.BC2	35339
CoV|H9EJ24.2.BC1	42912
CoV|H9EJ24.2.BC2	39580
CoV|H9EJ24.3.BC1	32566
CoV|H9EJ24.3.BC2	23857
CoV|H9EJ24.4.BC1	15535
CoV|H9EJ24.4.BC2	14681
CoV|H9EJ24.5.BC1	6405
CoV|H9EJ24.5.BC2	13072
CoV|H9EJ24.6.BC1	12770
CoV|H9EJ24.6.BC2	21787
CoV|H9EJ24.7.BC1	16502
CoV|H9EJ24.7.BC2	11156
CoV|H9EJ42.0.BC1	21767
CoV|H9EJ42.0.BC2	21951
CoV|H9EJ42.1.BC1	15908
CoV|H9EJ42.1.BC2	19837
CoV|H9EJ42.10.BC1	27278
CoV|H9EJ42.10.BC2	14739
CoV|H9EJ42.100.BC1	8897
CoV|H9EJ42.100.BC2	20427
CoV|H9EJ42.101.BC1	9499
CoV|H9EJ42.101.BC2	8686
CoV|H9EJ42.102.BC1	26614
CoV|H9EJ42.102.BC2	16651
CoV|H9EJ42.103.BC1	19492
CoV|H9EJ42.103.BC2	41413
CoV|H9EJ42.104.BC1	20697
CoV|H9EJ42.104.BC2	42007
CoV|H9EJ42.105.BC1	24852
CoV|H9EJ42.105.BC2	34672
CoV|H9EJ42.106.BC1	19575
CoV|H9EJ42.106.BC2	21119
CoV|H9EJ42.107.BC1	7487
CoV|H9EJ42.107.BC2	10243
CoV|H9EJ42.108.BC1	17958
CoV|H9EJ42.108.BC2	17054
CoV|H9EJ42.109.BC1	5307
CoV|H9EJ42.109.BC2	12599
CoV|H9EJ42.11.BC1	11611
CoV|H9EJ42.11.BC2	8028
CoV|H9EJ42.110.BC1	24213
CoV|H9EJ42.110.BC2	24299
CoV|H9EJ42.111.BC1	20093
CoV|H9EJ42.111.BC2	33006
CoV|H9EJ42.112.BC1	20345
CoV|H9EJ42.112.BC2	26571
CoV|H9EJ42.113.BC1	15332
CoV|H9EJ42.113.BC2	23339
CoV|H9EJ42.114.BC1	9516
CoV|H9EJ42.114.BC2	6531
CoV|H9EJ42.115.BC1	17555
CoV|H9EJ42.115.BC2	16751
CoV|H9EJ42.116.BC1	20103
CoV|H9EJ42.116.BC2	12333
CoV|H9EJ42.117.BC1	33461
CoV|H9EJ42.117.BC2	6469
CoV|H9EJ42.118.BC1	50961
CoV|H9EJ42.118.BC2	50528
CoV|H9EJ42.119.BC1	50669
CoV|H9EJ42.119.BC2	36995
CoV|H9EJ42.12.BC1	39632
CoV|H9EJ42.12.BC2	17941
CoV|H9EJ42.120.BC1	28389
CoV|H9EJ42.120.BC2	29986
CoV|H9EJ42.121.BC1	23896
CoV|H9EJ42.121.BC2	30839
CoV|H9EJ42.122.BC1	32837
CoV|H9EJ42.122.BC2	10799
CoV|H9EJ42.123.BC1	24769
CoV|H9EJ42.123.BC2	25484
CoV|H9EJ42.124.BC1	14254
CoV|H9EJ42.124.BC2	17693
CoV|H9EJ42.125.BC1	27819
CoV|H9EJ42.125.BC2	11890
CoV|H9EJ42.126.BC1	18686
CoV|H9EJ42.126.BC2	8785
CoV|H9EJ42.127.BC1	23156
CoV|H9EJ42.127.BC2	12377
CoV|H9EJ42.128.BC1	28482
CoV|H9EJ42.128.BC2	13629
CoV|H9EJ42.129.BC1	52558
CoV|H9EJ42.129.BC2	38295
CoV|H9EJ42.13.BC1	14286
CoV|H9EJ42.13.BC2	23526
CoV|H9EJ42.130.BC1	30849
CoV|H9EJ42.130.BC2	22300
CoV|H9EJ42.131.BC1	20903
CoV|H9EJ42.131.BC2	27414
CoV|H9EJ42.132.BC1	48691
CoV|H9EJ42.132.BC2	42816
CoV|H9EJ42.133.BC1	21258
CoV|H9EJ42.133.BC2	6177
CoV|H9EJ42.134.BC1	49856
CoV|H9EJ42.134.BC2	53024
CoV|H9EJ42.135.BC1	23899
CoV|H9EJ42.135.BC2	21895
CoV|H9EJ42.136.BC1	13652
CoV|H9EJ42.136.BC2	25101
CoV|H9EJ42.137.BC1	13731
CoV|H9EJ42.137.BC2	9162
CoV|H9EJ42.138.BC1	14945
CoV|H9EJ42.138.BC2	13052
CoV|H9EJ42.139.BC1	17134
CoV|H9EJ42.139.BC2	11346
CoV|H9EJ42.14.BC1	42453
CoV|H9EJ42.14.BC2	37425
CoV|H9EJ42.140.BC1	23014
CoV|H9EJ42.140.BC2	25201
CoV|H9EJ42.141.BC1	12719
CoV|H9EJ42.141.BC2	29270
CoV|H9EJ42.142.BC1	12334
CoV|H9EJ42.142.BC2	16795
CoV|H9EJ42.143.BC1	43256
CoV|H9EJ42.143.BC2	33347
CoV|H9EJ42.144.BC1	35558
CoV|H9EJ42.144.BC2	30461
CoV|H9EJ42.145.BC1	15233
CoV|H9EJ42.145.BC2	25264
CoV|H9EJ42.146.BC1	24332
CoV|H9EJ42.146.BC2	23098
CoV|H9EJ42.147.BC1	26382
CoV|H9EJ42.147.BC2	13161
CoV|H9EJ42.148.BC1	25491
CoV|H9EJ42.148.BC2	13913
CoV|H9EJ42.149.BC1	8740
CoV|H9EJ42.149.BC2	26425
CoV|H9EJ42.15.BC1	53513
CoV|H9EJ42.15.BC2	32546
CoV|H9EJ42.150.BC1	13732
CoV|H9EJ42.150.BC2	10074
CoV|H9EJ42.151.BC1	18794
CoV|H9EJ42.151.BC2	20020
CoV|H9EJ42.152.BC1	15203
CoV|H9EJ42.152.BC2	18380
CoV|H9EJ42.153.BC1	9831
CoV|H9EJ42.153.BC2	19075
CoV|H9EJ42.154.BC1	37612
CoV|H9EJ42.154.BC2	14153
CoV|H9EJ42.155.BC1	19863
CoV|H9EJ42.155.BC2	15887
CoV|H9EJ42.156.BC1	6502
CoV|H9EJ42.156.BC2	13418
CoV|H9EJ42.157.BC1	8407
CoV|H9EJ42.157.BC2	19970
CoV|H9EJ42.158.BC1	491
CoV|H9EJ42.158.BC2	8982
CoV|H9EJ42.159.BC1	9513
CoV|H9EJ42.159.BC2	16106
CoV|H9EJ42.16.BC1	12503
CoV|H9EJ42.16.BC2	16585
CoV|H9EJ42.160.BC1	14179
CoV|H9EJ42.160.BC2	8354
CoV|H9EJ42.161.BC1	5194
CoV|H9EJ42.161.BC2	8133
CoV|H9EJ42.162.BC1	35524
CoV|H9EJ42.162.BC2	20375
CoV|H9EJ42.163.BC1	30754
CoV|H9EJ42.163.BC2	14766
CoV|H9EJ42.164.BC1	13558
CoV|H9EJ42.164.BC2	6566
CoV|H9EJ42.165.BC1	20369
CoV|H9EJ42.165.BC2	8253
CoV|H9EJ42.166.BC1	16213
CoV|H9EJ42.166.BC2	5861
CoV|H9EJ42.167.BC1	15685
CoV|H9EJ42.167.BC2	15842
CoV|H9EJ42.168.BC1	35082
CoV|H9EJ42.168.BC2	31290
CoV|H9EJ42.169.BC1	27787
CoV|H9EJ42.169.BC2	27211
CoV|H9EJ42.17.BC1	14062
CoV|H9EJ42.17.BC2	13823
CoV|H9EJ42.170.BC1	15013
CoV|H9EJ42.170.BC2	21256
CoV|H9EJ42.171.BC1	13174
CoV|H9EJ42.171.BC2	12195
CoV|H9EJ42.172.BC1	13422
CoV|H9EJ42.172.BC2	13837
CoV|H9EJ42.173.BC1	18261
CoV|H9EJ42.173.BC2	20933
CoV|H9EJ42.174.BC1	15946
CoV|H9EJ42.174.BC2	9923
CoV|H9EJ42.175.BC1	8065
CoV|H9EJ42.175.BC2	6680
CoV|H9EJ42.176.BC1	12980
CoV|H9EJ42.176.BC2	20980
CoV|H9EJ42.177.BC1	22304
CoV|H9EJ42.177.BC2	15639
CoV|H9EJ42.178.BC1	17069
CoV|H9EJ42.178.BC2	28106
CoV|H9EJ42.179.BC1	45831
CoV|H9EJ42.179.BC2	39338
CoV|H9EJ42.18.BC1	11861
CoV|H9EJ42.18.BC2	10742
CoV|H9EJ42.180.BC1	24728
CoV|H9EJ42.180.BC2	24235
CoV|H9EJ42.181.BC1	22715
CoV|H9EJ42.181.BC2	30958
CoV|H9EJ42.182.BC1	29963
CoV|H9EJ42.182.BC2	32123
CoV|H9EJ42.183.BC1	15234
CoV|H9EJ42.183.BC2	11500
CoV|H9EJ42.184.BC1	23043
CoV|H9EJ42.184.BC2	27736
CoV|H9EJ42.185.BC1	8128
CoV|H9EJ42.185.BC2	36540
CoV|H9EJ42.186.BC1	15487
CoV|H9EJ42.186.BC2	19653
CoV|H9EJ42.187.BC1	12275
CoV|H9EJ42.187.BC2	12613
CoV|H9EJ42.188.BC1	23769
CoV|H9EJ42.188.BC2	15221
CoV|H9EJ42.189.BC1	49740
CoV|H9EJ42.189.BC2	27005
CoV|H9EJ42.19.BC1	14113
CoV|H9EJ42.19.BC2	12037
CoV|H9EJ42.190.BC1	18121
CoV|H9EJ42.190.BC2	4152
CoV|H9EJ42.191.BC1	32676
CoV|H9EJ42.191.BC2	32138
CoV|H9EJ42.192.BC1	14079
CoV|H9EJ42.192.BC2	14628
CoV|H9EJ42.193.BC1	5932
CoV|H9EJ42.193.BC2	19140
CoV|H9EJ42.194.BC1	32348
CoV|H9EJ42.194.BC2	7853
CoV|H9EJ42.195.BC1	12178
CoV|H9EJ42.195.BC2	26688
CoV|H9EJ42.196.BC1	14570
CoV|H9EJ42.196.BC2	23258
CoV|H9EJ42.197.BC1	26693
CoV|H9EJ42.197.BC2	30221
CoV|H9EJ42.198.BC1	7236
CoV|H9EJ42.198.BC2	51379
CoV|H9EJ42.199.BC1	28922
CoV|H9EJ42.199.BC2	14108
CoV|H9EJ42.2.BC1	20491
CoV|H9EJ42.2.BC2	24112
CoV|H9EJ42.20.BC1	8973
CoV|H9EJ42.20.BC2	5298
CoV|H9EJ42.200.BC1	16820
CoV|H9EJ42.200.BC2	16960
CoV|H9EJ42.201.BC1	21681
CoV|H9EJ42.201.BC2	13594
CoV|H9EJ42.202.BC1	28212
CoV|H9EJ42.202.BC2	33801
CoV|H9EJ42.203.BC1	25023
CoV|H9EJ42.203.BC2	32466
CoV|H9EJ42.204.BC1	17084
CoV|H9EJ42.204.BC2	16848
CoV|H9EJ42.205.BC1	8434
CoV|H9EJ42.205.BC2	22492
CoV|H9EJ42.206.BC1	26782
CoV|H9EJ42.206.BC2	32871
CoV|H9EJ42.207.BC1	59863
CoV|H9EJ42.207.BC2	44929
CoV|H9EJ42.208.BC1	20820
CoV|H9EJ42.208.BC2	21249
CoV|H9EJ42.209.BC1	34491
CoV|H9EJ42.209.BC2	17134
CoV|H9EJ42.21.BC1	18247
CoV|H9EJ42.21.BC2	5466
CoV|H9EJ42.210.BC1	34626
CoV|H9EJ42.210.BC2	19875
CoV|H9EJ42.211.BC1	16293
CoV|H9EJ42.211.BC2	24499
CoV|H9EJ42.212.BC1	17608
CoV|H9EJ42.212.BC2	15222
CoV|H9EJ42.213.BC1	49637
CoV|H9EJ42.213.BC2	51478
CoV|H9EJ42.214.BC1	29680
CoV|H9EJ42.214.BC2	27293
CoV|H9EJ42.215.BC1	27121
CoV|H9EJ42.215.BC2	22927
CoV|H9EJ42.216.BC1	8073
CoV|H9EJ42.216.BC2	8668
CoV|H9EJ42.217.BC1	32490
CoV|H9EJ42.217.BC2	20744
CoV|H9EJ42.218.BC1	22520
CoV|H9EJ42.218.BC2	31024
CoV|H9EJ42.219.BC1	23027
CoV|H9EJ42.219.BC2	13723
CoV|H9EJ42.22.BC1	33734
CoV|H9EJ42.22.BC2	27686
CoV|H9EJ42.220.BC1	1350
CoV|H9EJ42.220.BC2	11081
CoV|H9EJ42.221.BC1	11627
CoV|H9EJ42.221.BC2	20336
CoV|H9EJ42.222.BC1	22022
CoV|H9EJ42.222.BC2	14661
CoV|H9EJ42.223.BC1	23599
CoV|H9EJ42.223.BC2	23059
CoV|H9EJ42.224.BC1	17716
CoV|H9EJ42.224.BC2	34723
CoV|H9EJ42.225.BC1	17327
CoV|H9EJ42.225.BC2	4557
CoV|H9EJ42.226.BC1	16316
CoV|H9EJ42.226.BC2	7850
CoV|H9EJ42.227.BC1	8068
CoV|H9EJ42.227.BC2	10857
CoV|H9EJ42.228.BC1	17535
CoV|H9EJ42.228.BC2	13017
CoV|H9EJ42.229.BC1	24835
CoV|H9EJ42.229.BC2	19837
CoV|H9EJ42.23.BC1	19675
CoV|H9EJ42.23.BC2	19788
CoV|H9EJ42.230.BC1	12040
CoV|H9EJ42.230.BC2	24453
CoV|H9EJ42.231.BC1	4811
CoV|H9EJ42.231.BC2	19103
CoV|H9EJ42.232.BC1	17186
CoV|H9EJ42.232.BC2	14778
CoV|H9EJ42.233.BC1	18300
CoV|H9EJ42.233.BC2	9696
CoV|H9EJ42.234.BC1	4850
CoV|H9EJ42.234.BC2	7548
CoV|H9EJ42.235.BC1	16058
CoV|H9EJ42.235.BC2	5055
CoV|H9EJ42.236.BC1	10863
CoV|H9EJ42.236.BC2	12309
CoV|H9EJ42.237.BC1	19055
CoV|H9EJ42.237.BC2	18544
CoV|H9EJ42.238.BC1	15359
CoV|H9EJ42.238.BC2	22198
CoV|H9EJ42.239.BC1	6540
CoV|H9EJ42.239.BC2	14596
CoV|H9EJ42.24.BC1	28688
CoV|H9EJ42.24.BC2	21188
CoV|H9EJ42.25.BC1	14443
CoV|H9EJ42.25.BC2	23098
CoV|H9EJ42.26.BC1	17054
CoV|H9EJ42.26.BC2	25806
CoV|H9EJ42.27.BC1	56040
CoV|H9EJ42.27.BC2	7613
CoV|H9EJ42.28.BC1	40056
CoV|H9EJ42.28.BC2	32866
CoV|H9EJ42.29.BC1	9018
CoV|H9EJ42.29.BC2	20279
CoV|H9EJ42.3.BC1	17137
CoV|H9EJ42.3.BC2	13488
CoV|H9EJ42.30.BC1	16694
CoV|H9EJ42.30.BC2	17891
CoV|H9EJ42.31.BC1	7601
CoV|H9EJ42.31.BC2	3773
CoV|H9EJ42.32.BC1	15371
CoV|H9EJ42.32.BC2	7557
CoV|H9EJ42.33.BC1	19582
CoV|H9EJ42.33.BC2	14346
CoV|H9EJ42.34.BC1	36946
CoV|H9EJ42.34.BC2	29579
CoV|H9EJ42.35.BC1	52273
CoV|H9EJ42.35.BC2	39767
CoV|H9EJ42.36.BC1	42955
CoV|H9EJ42.36.BC2	34060
CoV|H9EJ42.37.BC1	7583
CoV|H9EJ42.37.BC2	5586
CoV|H9EJ42.38.BC1	8596
CoV|H9EJ42.38.BC2	19139
CoV|H9EJ42.39.BC1	11882
CoV|H9EJ42.39.BC2	5172
CoV|H9EJ42.4.BC1	37092
CoV|H9EJ42.4.BC2	28728
CoV|H9EJ42.40.BC1	8018
CoV|H9EJ42.40.BC2	13962
CoV|H9EJ42.41.BC1	34555
CoV|H9EJ42.41.BC2	3703
CoV|H9EJ42.42.BC1	26217
CoV|H9EJ42.42.BC2	32928
CoV|H9EJ42.43.BC1	20439
CoV|H9EJ42.43.BC2	155
CoV|H9EJ42.44.BC1	18047
CoV|H9EJ42.44.BC2	30301
CoV|H9EJ42.45.BC1	34715
CoV|H9EJ42.45.BC2	12217
CoV|H9EJ42.46.BC1	18797
CoV|H9EJ42.46.BC2	51805
CoV|H9EJ42.47.BC1	17311
CoV|H9EJ42.47.BC2	37983
CoV|H9EJ42.48.BC1	8605
CoV|H9EJ42.48.BC2	22897
CoV|H9EJ42.49.BC1	12784
CoV|H9EJ42.49.BC2	10936
CoV|H9EJ42.5.BC1	19077
CoV|H9EJ42.5.BC2	23349
CoV|H9EJ42.50.BC1	30835
CoV|H9EJ42.50.BC2	19061
CoV|H9EJ42.51.BC1	12869
CoV|H9EJ42.51.BC2	20082
CoV|H9EJ42.52.BC1	5281
CoV|H9EJ42.52.BC2	5968
CoV|H9EJ42.53.BC1	12058
CoV|H9EJ42.53.BC2	6676
CoV|H9EJ42.54.BC1	14169
CoV|H9EJ42.54.BC2	18739
CoV|H9EJ42.55.BC1	7107
CoV|H9EJ42.55.BC2	4793
CoV|H9EJ42.56.BC1	40006
CoV|H9EJ42.56.BC2	65282
CoV|H9EJ42.57.BC1	17014
CoV|H9EJ42.57.BC2	33084
CoV|H9EJ42.58.BC1	10927
CoV|H9EJ42.58.BC2	9876
CoV|H9EJ42.59.BC1	12916
CoV|H9EJ42.59.BC2	8405
CoV|H9EJ42.6.BC1	22063
CoV|H9EJ42.6.BC2	25857
CoV|H9EJ42.60.BC1	3845
CoV|H9EJ42.60.BC2	15273
CoV|H9EJ42.61.BC1	6166
CoV|H9EJ42.61.BC2	7108
CoV|H9EJ42.62.BC1	31575
CoV|H9EJ42.62.BC2	12425
CoV|H9EJ42.63.BC1	43795
CoV|H9EJ42.63.BC2	16944
CoV|H9EJ42.64.BC1	10492
CoV|H9EJ42.64.BC2	23150
CoV|H9EJ42.65.BC1	28634
CoV|H9EJ42.65.BC2	20059
CoV|H9EJ42.66.BC1	3163
CoV|H9EJ42.66.BC2	8818
CoV|H9EJ42.67.BC1	30107
CoV|H9EJ42.67.BC2	40679
CoV|H9EJ42.68.BC1	12851
CoV|H9EJ42.68.BC2	28630
CoV|H9EJ42.69.BC1	20793
CoV|H9EJ42.69.BC2	60694
CoV|H9EJ42.7.BC1	11933
CoV|H9EJ42.7.BC2	11160
CoV|H9EJ42.70.BC1	33577
CoV|H9EJ42.70.BC2	41789
CoV|H9EJ42.71.BC1	21592
CoV|H9EJ42.71.BC2	20427
CoV|H9EJ42.72.BC1	22954
CoV|H9EJ42.72.BC2	22209
CoV|H9EJ42.73.BC1	2847
CoV|H9EJ42.73.BC2	1295
CoV|H9EJ42.74.BC1	17825
CoV|H9EJ42.74.BC2	38439
CoV|H9EJ42.75.BC1	19038
CoV|H9EJ42.75.BC2	28994
CoV|H9EJ42.76.BC1	31070
CoV|H9EJ42.76.BC2	38024
CoV|H9EJ42.77.BC1	34036
CoV|H9EJ42.77.BC2	35439
CoV|H9EJ42.78.BC1	35068
CoV|H9EJ42.78.BC2	27484
CoV|H9EJ42.79.BC1	17071
CoV|H9EJ42.79.BC2	17680
CoV|H9EJ42.8.BC1	21167
CoV|H9EJ42.8.BC2	22948
CoV|H9EJ42.80.BC1	14554
CoV|H9EJ42.80.BC2	7208
CoV|H9EJ42.81.BC1	12190
CoV|H9EJ42.81.BC2	15113
CoV|H9EJ42.82.BC1	36913
CoV|H9EJ42.82.BC2	17677
CoV|H9EJ42.83.BC1	29041
CoV|H9EJ42.83.BC2	31436
CoV|H9EJ42.84.BC1	7522
CoV|H9EJ42.84.BC2	17719
CoV|H9EJ42.85.BC1	29351
CoV|H9EJ42.85.BC2	13894
CoV|H9EJ42.86.BC1	16789
CoV|H9EJ42.86.BC2	31734
CoV|H9EJ42.87.BC1	29846
CoV|H9EJ42.87.BC2	40097
CoV|H9EJ42.88.BC1	36080
CoV|H9EJ42.88.BC2	21024
CoV|H9EJ42.89.BC1	31210
CoV|H9EJ42.89.BC2	15408
CoV|H9EJ42.9.BC1	32073
CoV|H9EJ42.9.BC2	13229
CoV|H9EJ42.90.BC1	7023
CoV|H9EJ42.90.BC2	13804
CoV|H9EJ42.91.BC1	11102
CoV|H9EJ42.91.BC2	9535
CoV|H9EJ42.92.BC1	32801
CoV|H9EJ42.92.BC2	15186
CoV|H9EJ42.93.BC1	40703
CoV|H9EJ42.93.BC2	16002
CoV|H9EJ42.94.BC1	15407
CoV|H9EJ42.94.BC2	25029
CoV|H9EJ42.95.BC1	10526
CoV|H9EJ42.95.BC2	22322
CoV|H9EJ42.96.BC1	17028
CoV|H9EJ42.96.BC2	30177
CoV|H9EJ42.97.BC1	18629
CoV|H9EJ42.97.BC2	31188
CoV|H9EJ42.98.BC1	12062
CoV|H9EJ42.98.BC2	25935
CoV|H9EJ42.99.BC1	24161
CoV|H9EJ42.99.BC2	41729
CoV|H9EJ43.143.BC1	42511
CoV|H9EJ43.143.BC2	9624
CoV|H9EJ43.144.BC1	45208
CoV|H9EJ43.144.BC2	54610
CoV|H9EJ44.0.BC1	17781
CoV|H9EJ44.0.BC2	38254
CoV|H9EJ44.1.BC1	16955
CoV|H9EJ44.1.BC2	9577
CoV|H9EJ44.10.BC1	18159
CoV|H9EJ44.10.BC2	20858
CoV|H9EJ44.11.BC1	1680
CoV|H9EJ44.11.BC2	13621
CoV|H9EJ44.12.BC1	10239
CoV|H9EJ44.12.BC2	19193
CoV|H9EJ44.13.BC1	9262
CoV|H9EJ44.13.BC2	4922
CoV|H9EJ44.14.BC1	589
CoV|H9EJ44.14.BC2	1716
CoV|H9EJ44.15.BC1	27958
CoV|H9EJ44.15.BC2	14634
CoV|H9EJ44.16.BC1	30869
CoV|H9EJ44.16.BC2	11576
CoV|H9EJ44.17.BC1	21495
CoV|H9EJ44.17.BC2	12198
CoV|H9EJ44.18.BC1	3211
CoV|H9EJ44.18.BC2	16556
CoV|H9EJ44.19.BC1	19807
CoV|H9EJ44.19.BC2	27738
CoV|H9EJ44.2.BC1	797
CoV|H9EJ44.2.BC2	11507
CoV|H9EJ44.20.BC1	7197
CoV|H9EJ44.20.BC2	1922
CoV|H9EJ44.21.BC1	24078
CoV|H9EJ44.21.BC2	7297
CoV|H9EJ44.22.BC1	8736
CoV|H9EJ44.22.BC2	16536
CoV|H9EJ44.23.BC1	24530
CoV|H9EJ44.23.BC2	17682
CoV|H9EJ44.24.BC1	6268
CoV|H9EJ44.24.BC2	20209
CoV|H9EJ44.25.BC1	34614
CoV|H9EJ44.25.BC2	15251
CoV|H9EJ44.26.BC1	11041
CoV|H9EJ44.26.BC2	1108
CoV|H9EJ44.27.BC1	14360
CoV|H9EJ44.27.BC2	7063
CoV|H9EJ44.28.BC1	31518
CoV|H9EJ44.28.BC2	39856
CoV|H9EJ44.29.BC1	54643
CoV|H9EJ44.29.BC2	46729
CoV|H9EJ44.3.BC1	5484
CoV|H9EJ44.3.BC2	8555
CoV|H9EJ44.30.BC1	44063
CoV|H9EJ44.30.BC2	18960
CoV|H9EJ44.31.BC1	32559
CoV|H9EJ44.31.BC2	59866
CoV|H9EJ44.32.BC1	33993
CoV|H9EJ44.32.BC2	40011
CoV|H9EJ44.33.BC1	12811
CoV|H9EJ44.33.BC2	11447
CoV|H9EJ44.34.BC1	24526
CoV|H9EJ44.34.BC2	15977
CoV|H9EJ44.35.BC1	3907
CoV|H9EJ44.35.BC2	10032
CoV|H9EJ44.36.BC1	24598
CoV|H9EJ44.36.BC2	21889
CoV|H9EJ44.37.BC1	30136
CoV|H9EJ44.37.BC2	5105
CoV|H9EJ44.38.BC1	39246
CoV|H9EJ44.38.BC2	25346
CoV|H9EJ44.39.BC1	10084
CoV|H9EJ44.39.BC2	6355
CoV|H9EJ44.4.BC1	11329
CoV|H9EJ44.4.BC2	17745
CoV|H9EJ44.40.BC1	6520
CoV|H9EJ44.40.BC2	24240
CoV|H9EJ44.41.BC1	15983
CoV|H9EJ44.41.BC2	26774
CoV|H9EJ44.42.BC1	10975
CoV|H9EJ44.42.BC2	3976
CoV|H9EJ44.43.BC1	38827
CoV|H9EJ44.43.BC2	28061
CoV|H9EJ44.44.BC1	6947
CoV|H9EJ44.44.BC2	4771
CoV|H9EJ44.45.BC1	12755
CoV|H9EJ44.45.BC2	17807
CoV|H9EJ44.46.BC1	34232
CoV|H9EJ44.46.BC2	31519
CoV|H9EJ44.47.BC1	30823
CoV|H9EJ44.47.BC2	23841
CoV|H9EJ44.5.BC1	21200
CoV|H9EJ44.5.BC2	8594
CoV|H9EJ44.6.BC1	7166
CoV|H9EJ44.6.BC2	4569
CoV|H9EJ44.7.BC1	23629
CoV|H9EJ44.7.BC2	23211
CoV|H9EJ44.8.BC1	54034
CoV|H9EJ44.8.BC2	25259
CoV|H9EJ44.9.BC1	18641
CoV|H9EJ44.9.BC2	9858
CoV|H9EJ69.0.BC1	30974
CoV|H9EJ69.0.BC2	13196
CoV|H9EJ69.1.BC1	22365
CoV|H9EJ69.1.BC2	24675
CoV|H9EJ69.10.BC1	14138
CoV|H9EJ69.10.BC2	3815
CoV|H9EJ69.11.BC1	49908
CoV|H9EJ69.11.BC2	34879
CoV|H9EJ69.12.BC1	74037
CoV|H9EJ69.12.BC2	20597
CoV|H9EJ69.2.BC1	22992
CoV|H9EJ69.2.BC2	13077
CoV|H9EJ69.3.BC1	16524
CoV|H9EJ69.3.BC2	19610
CoV|H9EJ69.4.BC1	44678
CoV|H9EJ69.4.BC2	23126
CoV|H9EJ69.5.BC1	27982
CoV|H9EJ69.5.BC2	32429
CoV|H9EJ69.6.BC1	19234
CoV|H9EJ69.6.BC2	28535
CoV|H9EJ69.7.BC1	32190
CoV|H9EJ69.7.BC2	16294
CoV|H9EJ69.8.BC1	66461
CoV|H9EJ69.8.BC2	44379
CoV|H9EJ69.9.BC1	48528
CoV|H9EJ69.9.BC2	32353
CoV|H9EJA2.0.BC1	48506
CoV|H9EJA2.0.BC2	40387
CoV|H9EJA2.1.BC1	52580
CoV|H9EJA2.1.BC2	32162
CoV|P0C5A6.0.BC1	14667
CoV|P0C5A6.0.BC2	22144
CoV|P0C5A6.1.BC1	15363
CoV|P0C5A6.1.BC2	14091
CoV|P0C5A6.2.BC1	27749
CoV|P0C5A6.2.BC2	23378
CoV|P0C5A9.0.BC1	36436
CoV|P0C5A9.0.BC2	32089
CoV|P0C5B5.0.BC1	15593
CoV|P0C5B5.0.BC2	20945
CoV|P0C5B5.1.BC1	12007
CoV|P0C5B5.1.BC2	14730
CoV|P0C5B5.2.BC1	6676
CoV|P0C5B5.2.BC2	3019
CoV|P0C5B5.3.BC1	16413
CoV|P0C5B5.3.BC2	31770
CoV|P0C5B5.4.BC1	23166
CoV|P0C5B5.4.BC2	24499
CoV|P0C5B5.5.BC1	25596
CoV|P0C5B5.5.BC2	24453
CoV|P0C5B5.6.BC1	23090
CoV|P0C5B5.6.BC2	14648
CoV|P0C6F5.0.BC1	26986
CoV|P0C6F5.0.BC2	30258
CoV|P0C6F5.1.BC1	24062
CoV|P0C6F5.1.BC2	44362
CoV|P0C6F5.100.BC1	12445
CoV|P0C6F5.100.BC2	13212
CoV|P0C6F5.101.BC1	630
CoV|P0C6F5.101.BC2	8377
CoV|P0C6F5.102.BC1	29136
CoV|P0C6F5.102.BC2	19038
CoV|P0C6F5.103.BC1	40833
CoV|P0C6F5.103.BC2	23508
CoV|P0C6F5.104.BC1	15221
CoV|P0C6F5.104.BC2	13094
CoV|P0C6F5.105.BC1	20587
CoV|P0C6F5.105.BC2	19012
CoV|P0C6F5.106.BC1	14035
CoV|P0C6F5.106.BC2	36178
CoV|P0C6F5.107.BC1	21590
CoV|P0C6F5.107.BC2	12720
CoV|P0C6F5.108.BC1	57543
CoV|P0C6F5.108.BC2	51102
CoV|P0C6F5.109.BC1	45905
CoV|P0C6F5.109.BC2	27674
CoV|P0C6F5.11.BC1	35567
CoV|P0C6F5.11.BC2	26601
CoV|P0C6F5.110.BC1	54634
CoV|P0C6F5.110.BC2	33712
CoV|P0C6F5.111.BC1	33893
CoV|P0C6F5.111.BC2	41987
CoV|P0C6F5.112.BC1	18732
CoV|P0C6F5.112.BC2	11129
CoV|P0C6F5.113.BC1	26087
CoV|P0C6F5.113.BC2	18078
CoV|P0C6F5.114.BC1	26437
CoV|P0C6F5.114.BC2	19170
CoV|P0C6F5.115.BC1	23462
CoV|P0C6F5.115.BC2	26806
CoV|P0C6F5.116.BC1	28723
CoV|P0C6F5.116.BC2	30814
CoV|P0C6F5.117.BC1	28795
CoV|P0C6F5.117.BC2	25846
CoV|P0C6F5.118.BC1	24488
CoV|P0C6F5.118.BC2	27295
CoV|P0C6F5.119.BC1	25982
CoV|P0C6F5.119.BC2	29668
CoV|P0C6F5.12.BC1	32479
CoV|P0C6F5.12.BC2	24470
CoV|P0C6F5.120.BC1	21712
CoV|P0C6F5.120.BC2	18691
CoV|P0C6F5.121.BC1	36178
CoV|P0C6F5.121.BC2	16666
CoV|P0C6F5.122.BC1	9784
CoV|P0C6F5.122.BC2	21282
CoV|P0C6F5.123.BC1	15830
CoV|P0C6F5.123.BC2	13129
CoV|P0C6F5.124.BC1	30026
CoV|P0C6F5.124.BC2	21048
CoV|P0C6F5.125.BC1	27527
CoV|P0C6F5.125.BC2	22459
CoV|P0C6F5.126.BC1	17023
CoV|P0C6F5.126.BC2	23225
CoV|P0C6F5.127.BC1	28844
CoV|P0C6F5.127.BC2	59655
CoV|P0C6F5.128.BC1	20110
CoV|P0C6F5.128.BC2	40619
CoV|P0C6F5.129.BC1	19406
CoV|P0C6F5.129.BC2	20936
CoV|P0C6F5.13.BC1	20651
CoV|P0C6F5.13.BC2	13284
CoV|P0C6F5.130.BC1	64650
CoV|P0C6F5.130.BC2	42047
CoV|P0C6F5.131.BC1	33686
CoV|P0C6F5.131.BC2	35678
CoV|P0C6F5.132.BC1	36922
CoV|P0C6F5.132.BC2	20605
CoV|P0C6F5.133.BC1	43310
CoV|P0C6F5.133.BC2	58639
CoV|P0C6F5.134.BC1	38739
CoV|P0C6F5.134.BC2	55337
CoV|P0C6F5.135.BC1	23240
CoV|P0C6F5.135.BC2	7093
CoV|P0C6F5.136.BC1	16003
CoV|P0C6F5.136.BC2	20269
CoV|P0C6F5.137.BC1	16373
CoV|P0C6F5.137.BC2	13208
CoV|P0C6F5.138.BC1	10533
CoV|P0C6F5.138.BC2	12252
CoV|P0C6F5.139.BC1	17334
CoV|P0C6F5.139.BC2	24093
CoV|P0C6F5.14.BC1	18480
CoV|P0C6F5.14.BC2	9856
CoV|P0C6F5.140.BC1	21096
CoV|P0C6F5.140.BC2	10197
CoV|P0C6F5.141.BC1	29457
CoV|P0C6F5.141.BC2	37555
CoV|P0C6F5.142.BC1	7297
CoV|P0C6F5.142.BC2	36062
CoV|P0C6F5.143.BC1	17333
CoV|P0C6F5.143.BC2	22500
CoV|P0C6F5.144.BC1	22489
CoV|P0C6F5.144.BC2	21626
CoV|P0C6F5.145.BC1	29235
CoV|P0C6F5.145.BC2	14643
CoV|P0C6F5.146.BC1	16539
CoV|P0C6F5.146.BC2	33382
CoV|P0C6F5.147.BC1	32142
CoV|P0C6F5.147.BC2	43639
CoV|P0C6F5.148.BC1	18784
CoV|P0C6F5.148.BC2	22675
CoV|P0C6F5.149.BC1	30184
CoV|P0C6F5.149.BC2	30935
CoV|P0C6F5.15.BC1	23835
CoV|P0C6F5.15.BC2	22479
CoV|P0C6F5.150.BC1	27962
CoV|P0C6F5.150.BC2	22575
CoV|P0C6F5.151.BC1	22516
CoV|P0C6F5.151.BC2	14657
CoV|P0C6F5.152.BC1	25066
CoV|P0C6F5.152.BC2	22213
CoV|P0C6F5.153.BC1	31698
CoV|P0C6F5.153.BC2	19214
CoV|P0C6F5.154.BC1	67744
CoV|P0C6F5.154.BC2	37348
CoV|P0C6F5.155.BC1	31219
CoV|P0C6F5.155.BC2	38768
CoV|P0C6F5.16.BC1	8738
CoV|P0C6F5.16.BC2	12368
CoV|P0C6F5.17.BC1	39665
CoV|P0C6F5.17.BC2	28042
CoV|P0C6F5.18.BC1	19720
CoV|P0C6F5.18.BC2	27399
CoV|P0C6F5.19.BC1	26056
CoV|P0C6F5.19.BC2	27243
CoV|P0C6F5.2.BC1	20968
CoV|P0C6F5.2.BC2	19334
CoV|P0C6F5.20.BC1	23720
CoV|P0C6F5.20.BC2	24952
CoV|P0C6F5.21.BC1	20881
CoV|P0C6F5.21.BC2	9019
CoV|P0C6F5.22.BC1	10089
CoV|P0C6F5.22.BC2	7967
CoV|P0C6F5.23.BC1	4804
CoV|P0C6F5.23.BC2	16716
CoV|P0C6F5.24.BC1	10565
CoV|P0C6F5.24.BC2	17552
CoV|P0C6F5.25.BC1	25477
CoV|P0C6F5.25.BC2	16086
CoV|P0C6F5.26.BC1	14195
CoV|P0C6F5.26.BC2	30403
CoV|P0C6F5.27.BC1	29419
CoV|P0C6F5.27.BC2	36977
CoV|P0C6F5.28.BC1	30088
CoV|P0C6F5.28.BC2	44365
CoV|P0C6F5.29.BC1	22612
CoV|P0C6F5.29.BC2	15670
CoV|P0C6F5.3.BC1	34793
CoV|P0C6F5.3.BC2	20144
CoV|P0C6F5.30.BC1	19240
CoV|P0C6F5.30.BC2	24587
CoV|P0C6F5.31.BC1	16526
CoV|P0C6F5.31.BC2	25252
CoV|P0C6F5.32.BC1	20826
CoV|P0C6F5.32.BC2	21134
CoV|P0C6F5.33.BC1	11393
CoV|P0C6F5.33.BC2	14514
CoV|P0C6F5.34.BC1	15263
CoV|P0C6F5.34.BC2	11665
CoV|P0C6F5.35.BC1	19004
CoV|P0C6F5.35.BC2	33355
CoV|P0C6F5.36.BC1	34658
CoV|P0C6F5.36.BC2	28455
CoV|P0C6F5.37.BC1	39432
CoV|P0C6F5.37.BC2	27311
CoV|P0C6F5.38.BC1	43163
CoV|P0C6F5.38.BC2	36028
CoV|P0C6F5.39.BC1	30603
CoV|P0C6F5.39.BC2	33788
CoV|P0C6F5.4.BC1	13864
CoV|P0C6F5.4.BC2	16158
CoV|P0C6F5.40.BC1	11478
CoV|P0C6F5.40.BC2	15127
CoV|P0C6F5.41.BC1	10153
CoV|P0C6F5.41.BC2	38826
CoV|P0C6F5.42.BC1	15858
CoV|P0C6F5.42.BC2	13634
CoV|P0C6F5.43.BC1	18371
CoV|P0C6F5.43.BC2	17342
CoV|P0C6F5.44.BC1	18771
CoV|P0C6F5.44.BC2	13678
CoV|P0C6F5.45.BC1	26903
CoV|P0C6F5.45.BC2	28324
CoV|P0C6F5.46.BC1	37555
CoV|P0C6F5.46.BC2	22251
CoV|P0C6F5.47.BC1	19853
CoV|P0C6F5.47.BC2	21301
CoV|P0C6F5.48.BC1	14548
CoV|P0C6F5.48.BC2	12298
CoV|P0C6F5.49.BC1	6405
CoV|P0C6F5.49.BC2	11371
CoV|P0C6F5.5.BC1	22167
CoV|P0C6F5.5.BC2	13963
CoV|P0C6F5.50.BC1	18920
CoV|P0C6F5.50.BC2	25634
CoV|P0C6F5.51.BC1	33863
CoV|P0C6F5.51.BC2	38715
CoV|P0C6F5.52.BC1	24486
CoV|P0C6F5.52.BC2	26744
CoV|P0C6F5.53.BC1	35917
CoV|P0C6F5.53.BC2	25714
CoV|P0C6F5.54.BC1	8422
CoV|P0C6F5.54.BC2	12949
CoV|P0C6F5.55.BC1	13315
CoV|P0C6F5.55.BC2	11208
CoV|P0C6F5.56.BC1	20019
CoV|P0C6F5.56.BC2	47829
CoV|P0C6F5.57.BC1	16577
CoV|P0C6F5.57.BC2	23705
CoV|P0C6F5.58.BC1	25495
CoV|P0C6F5.58.BC2	22838
CoV|P0C6F5.59.BC1	12245
CoV|P0C6F5.59.BC2	14375
CoV|P0C6F5.6.BC1	21017
CoV|P0C6F5.6.BC2	24114
CoV|P0C6F5.60.BC1	9222
CoV|P0C6F5.60.BC2	6831
CoV|P0C6F5.61.BC1	24039
CoV|P0C6F5.61.BC2	23978
CoV|P0C6F5.62.BC1	26447
CoV|P0C6F5.62.BC2	26223
CoV|P0C6F5.63.BC1	20367
CoV|P0C6F5.63.BC2	23612
CoV|P0C6F5.64.BC1	15838
CoV|P0C6F5.64.BC2	22499
CoV|P0C6F5.65.BC1	10625
CoV|P0C6F5.65.BC2	9411
CoV|P0C6F5.66.BC1	13006
CoV|P0C6F5.66.BC2	38492
CoV|P0C6F5.67.BC1	33909
CoV|P0C6F5.67.BC2	40579
CoV|P0C6F5.68.BC1	25283
CoV|P0C6F5.68.BC2	34695
CoV|P0C6F5.69.BC1	20482
CoV|P0C6F5.69.BC2	18909
CoV|P0C6F5.7.BC1	14521
CoV|P0C6F5.7.BC2	7116
CoV|P0C6F5.70.BC1	16909
CoV|P0C6F5.70.BC2	25635
CoV|P0C6F5.71.BC1	17550
CoV|P0C6F5.71.BC2	17132
CoV|P0C6F5.72.BC1	48902
CoV|P0C6F5.72.BC2	27906
CoV|P0C6F5.73.BC1	35668
CoV|P0C6F5.73.BC2	21190
CoV|P0C6F5.74.BC1	24412
CoV|P0C6F5.74.BC2	12147
CoV|P0C6F5.75.BC1	28105
CoV|P0C6F5.75.BC2	35158
CoV|P0C6F5.76.BC1	27313
CoV|P0C6F5.76.BC2	25707
CoV|P0C6F5.77.BC1	20348
CoV|P0C6F5.77.BC2	7426
CoV|P0C6F5.78.BC1	26435
CoV|P0C6F5.78.BC2	40806
CoV|P0C6F5.79.BC1	24034
CoV|P0C6F5.79.BC2	18230
CoV|P0C6F5.8.BC1	6512
CoV|P0C6F5.8.BC2	19953
CoV|P0C6F5.80.BC1	23307
CoV|P0C6F5.80.BC2	14626
CoV|P0C6F5.81.BC1	27689
CoV|P0C6F5.81.BC2	20001
CoV|P0C6F5.82.BC1	25375
CoV|P0C6F5.82.BC2	18219
CoV|P0C6F5.83.BC1	20747
CoV|P0C6F5.83.BC2	48291
CoV|P0C6F5.84.BC1	7230
CoV|P0C6F5.84.BC2	21348
CoV|P0C6F5.85.BC1	29794
CoV|P0C6F5.85.BC2	15923
CoV|P0C6F5.86.BC1	17813
CoV|P0C6F5.86.BC2	46408
CoV|P0C6F5.87.BC1	30308
CoV|P0C6F5.87.BC2	18913
CoV|P0C6F5.88.BC1	33051
CoV|P0C6F5.88.BC2	28446
CoV|P0C6F5.89.BC1	21890
CoV|P0C6F5.89.BC2	655
CoV|P0C6F5.90.BC1	20726
CoV|P0C6F5.90.BC2	44013
CoV|P0C6F5.91.BC1	12106
CoV|P0C6F5.91.BC2	24111
CoV|P0C6F5.92.BC1	7958
CoV|P0C6F5.92.BC2	15302
CoV|P0C6F5.93.BC1	29947
CoV|P0C6F5.93.BC2	37334
CoV|P0C6F5.94.BC1	25858
CoV|P0C6F5.94.BC2	33696
CoV|P0C6F5.95.BC1	33767
CoV|P0C6F5.95.BC2	18236
CoV|P0C6F5.96.BC1	19899
CoV|P0C6F5.96.BC2	24021
CoV|P0C6F5.97.BC1	21566
CoV|P0C6F5.97.BC2	31066
CoV|P0C6F5.98.BC1	15434
CoV|P0C6F5.98.BC2	18910
CoV|P0C6F5.99.BC1	41405
CoV|P0C6F5.99.BC2	36135
CoV|P0C6T7.0.BC1	30593
CoV|P0C6T7.0.BC2	15612
CoV|P0C6T7.1.BC1	35361
CoV|P0C6T7.1.BC2	26804
CoV|P0C6T7.10.BC1	50337
CoV|P0C6T7.10.BC2	24151
CoV|P0C6T7.100.BC1	12002
CoV|P0C6T7.100.BC2	17654
CoV|P0C6T7.101.BC1	21104
CoV|P0C6T7.101.BC2	21620
CoV|P0C6T7.102.BC1	23486
CoV|P0C6T7.102.BC2	1422
CoV|P0C6T7.103.BC1	45116
CoV|P0C6T7.103.BC2	19659
CoV|P0C6T7.104.BC1	26310
CoV|P0C6T7.104.BC2	38560
CoV|P0C6T7.105.BC1	16968
CoV|P0C6T7.105.BC2	31364
CoV|P0C6T7.106.BC1	35737
CoV|P0C6T7.106.BC2	17421
CoV|P0C6T7.107.BC1	25031
CoV|P0C6T7.107.BC2	17332
CoV|P0C6T7.108.BC1	12671
CoV|P0C6T7.108.BC2	13988
CoV|P0C6T7.109.BC1	39680
CoV|P0C6T7.109.BC2	31415
CoV|P0C6T7.11.BC1	27313
CoV|P0C6T7.11.BC2	35052
CoV|P0C6T7.110.BC1	45122
CoV|P0C6T7.110.BC2	20988
CoV|P0C6T7.111.BC1	14387
CoV|P0C6T7.111.BC2	13299
CoV|P0C6T7.112.BC1	12437
CoV|P0C6T7.112.BC2	4077
CoV|P0C6T7.113.BC1	21694
CoV|P0C6T7.113.BC2	16070
CoV|P0C6T7.114.BC1	17312
CoV|P0C6T7.114.BC2	23169
CoV|P0C6T7.115.BC1	11983
CoV|P0C6T7.115.BC2	9065
CoV|P0C6T7.116.BC1	3077
CoV|P0C6T7.116.BC2	4777
CoV|P0C6T7.117.BC1	11844
CoV|P0C6T7.117.BC2	32400
CoV|P0C6T7.118.BC1	9345
CoV|P0C6T7.118.BC2	41045
CoV|P0C6T7.119.BC1	24622
CoV|P0C6T7.119.BC2	20889
CoV|P0C6T7.12.BC1	19049
CoV|P0C6T7.12.BC2	47441
CoV|P0C6T7.120.BC1	33476
CoV|P0C6T7.120.BC2	21284
CoV|P0C6T7.121.BC1	30017
CoV|P0C6T7.121.BC2	39393
CoV|P0C6T7.122.BC1	13886
CoV|P0C6T7.122.BC2	22775
CoV|P0C6T7.123.BC1	11536
CoV|P0C6T7.123.BC2	16945
CoV|P0C6T7.124.BC1	23129
CoV|P0C6T7.124.BC2	26054
CoV|P0C6T7.125.BC1	25892
CoV|P0C6T7.125.BC2	4932
CoV|P0C6T7.126.BC1	15552
CoV|P0C6T7.126.BC2	21645
CoV|P0C6T7.127.BC1	15017
CoV|P0C6T7.127.BC2	9297
CoV|P0C6T7.128.BC1	11636
CoV|P0C6T7.128.BC2	50796
CoV|P0C6T7.129.BC1	26018
CoV|P0C6T7.129.BC2	14833
CoV|P0C6T7.13.BC1	15591
CoV|P0C6T7.13.BC2	11204
CoV|P0C6T7.130.BC1	51944
CoV|P0C6T7.130.BC2	36899
CoV|P0C6T7.131.BC1	12007
CoV|P0C6T7.131.BC2	14010
CoV|P0C6T7.132.BC1	27875
CoV|P0C6T7.132.BC2	46243
CoV|P0C6T7.133.BC1	53593
CoV|P0C6T7.133.BC2	47179
CoV|P0C6T7.134.BC1	6279
CoV|P0C6T7.134.BC2	19903
CoV|P0C6T7.135.BC1	13950
CoV|P0C6T7.135.BC2	18837
CoV|P0C6T7.136.BC1	34364
CoV|P0C6T7.136.BC2	11278
CoV|P0C6T7.137.BC1	7303
CoV|P0C6T7.137.BC2	11148
CoV|P0C6T7.138.BC1	11256
CoV|P0C6T7.138.BC2	19356
CoV|P0C6T7.139.BC1	49596
CoV|P0C6T7.139.BC2	56268
CoV|P0C6T7.140.BC1	12352
CoV|P0C6T7.140.BC2	47069
CoV|P0C6T7.141.BC1	39263
CoV|P0C6T7.141.BC2	9056
CoV|P0C6T7.142.BC1	41386
CoV|P0C6T7.142.BC2	13703
CoV|P0C6T7.143.BC1	30827
CoV|P0C6T7.143.BC2	15198
CoV|P0C6T7.144.BC1	11881
CoV|P0C6T7.144.BC2	14974
CoV|P0C6T7.145.BC1	16776
CoV|P0C6T7.145.BC2	17801
CoV|P0C6T7.146.BC1	40892
CoV|P0C6T7.146.BC2	38350
CoV|P0C6T7.147.BC1	44693
CoV|P0C6T7.147.BC2	50611
CoV|P0C6T7.148.BC1	45763
CoV|P0C6T7.148.BC2	33976
CoV|P0C6T7.149.BC1	29350
CoV|P0C6T7.149.BC2	20579
CoV|P0C6T7.15.BC1	5472
CoV|P0C6T7.15.BC2	5704
CoV|P0C6T7.150.BC1	4548
CoV|P0C6T7.150.BC2	20778
CoV|P0C6T7.151.BC1	9640
CoV|P0C6T7.151.BC2	9591
CoV|P0C6T7.152.BC1	23848
CoV|P0C6T7.152.BC2	28793
CoV|P0C6T7.153.BC1	30001
CoV|P0C6T7.153.BC2	10853
CoV|P0C6T7.154.BC1	45386
CoV|P0C6T7.154.BC2	15906
CoV|P0C6T7.155.BC1	51863
CoV|P0C6T7.155.BC2	30148
CoV|P0C6T7.16.BC1	6969
CoV|P0C6T7.16.BC2	8958
CoV|P0C6T7.17.BC1	25980
CoV|P0C6T7.17.BC2	26696
CoV|P0C6T7.18.BC1	40952
CoV|P0C6T7.18.BC2	25850
CoV|P0C6T7.19.BC1	20372
CoV|P0C6T7.19.BC2	32187
CoV|P0C6T7.2.BC1	26429
CoV|P0C6T7.2.BC2	43004
CoV|P0C6T7.20.BC1	6432
CoV|P0C6T7.20.BC2	19706
CoV|P0C6T7.21.BC1	18251
CoV|P0C6T7.21.BC2	28102
CoV|P0C6T7.22.BC1	8349
CoV|P0C6T7.22.BC2	7175
CoV|P0C6T7.23.BC1	8351
CoV|P0C6T7.23.BC2	5395
CoV|P0C6T7.24.BC1	11704
CoV|P0C6T7.24.BC2	10384
CoV|P0C6T7.26.BC1	44809
CoV|P0C6T7.26.BC2	28322
CoV|P0C6T7.27.BC1	33970
CoV|P0C6T7.27.BC2	38914
CoV|P0C6T7.28.BC1	20706
CoV|P0C6T7.28.BC2	22050
CoV|P0C6T7.29.BC1	24198
CoV|P0C6T7.29.BC2	18825
CoV|P0C6T7.3.BC1	23699
CoV|P0C6T7.3.BC2	35258
CoV|P0C6T7.31.BC1	6256
CoV|P0C6T7.31.BC2	11385
CoV|P0C6T7.32.BC1	17063
CoV|P0C6T7.32.BC2	13481
CoV|P0C6T7.33.BC1	22741
CoV|P0C6T7.33.BC2	18363
CoV|P0C6T7.34.BC1	34014
CoV|P0C6T7.34.BC2	15168
CoV|P0C6T7.35.BC1	24325
CoV|P0C6T7.35.BC2	46500
CoV|P0C6T7.36.BC1	47330
CoV|P0C6T7.36.BC2	12624
CoV|P0C6T7.37.BC1	36273
CoV|P0C6T7.37.BC2	35771
CoV|P0C6T7.38.BC1	31074
CoV|P0C6T7.38.BC2	30839
CoV|P0C6T7.39.BC1	15173
CoV|P0C6T7.39.BC2	27142
CoV|P0C6T7.40.BC1	10903
CoV|P0C6T7.40.BC2	14744
CoV|P0C6T7.41.BC1	21379
CoV|P0C6T7.41.BC2	43726
CoV|P0C6T7.42.BC1	8569
CoV|P0C6T7.42.BC2	32185
CoV|P0C6T7.43.BC1	11931
CoV|P0C6T7.43.BC2	11897
CoV|P0C6T7.44.BC1	25494
CoV|P0C6T7.44.BC2	20655
CoV|P0C6T7.45.BC1	33897
CoV|P0C6T7.45.BC2	29288
CoV|P0C6T7.46.BC1	19370
CoV|P0C6T7.46.BC2	27804
CoV|P0C6T7.47.BC1	31297
CoV|P0C6T7.47.BC2	38733
CoV|P0C6T7.48.BC1	8011
CoV|P0C6T7.48.BC2	13846
CoV|P0C6T7.49.BC1	22259
CoV|P0C6T7.49.BC2	25988
CoV|P0C6T7.5.BC1	42203
CoV|P0C6T7.5.BC2	14091
CoV|P0C6T7.50.BC1	48464
CoV|P0C6T7.50.BC2	54423
CoV|P0C6T7.51.BC1	27069
CoV|P0C6T7.51.BC2	28253
CoV|P0C6T7.52.BC1	26288
CoV|P0C6T7.52.BC2	18604
CoV|P0C6T7.53.BC1	34713
CoV|P0C6T7.53.BC2	19062
CoV|P0C6T7.54.BC1	21625
CoV|P0C6T7.54.BC2	31751
CoV|P0C6T7.55.BC1	12352
CoV|P0C6T7.55.BC2	37178
CoV|P0C6T7.56.BC1	32351
CoV|P0C6T7.56.BC2	32346
CoV|P0C6T7.57.BC1	13588
CoV|P0C6T7.57.BC2	24599
CoV|P0C6T7.58.BC1	20681
CoV|P0C6T7.58.BC2	26520
CoV|P0C6T7.59.BC1	10251
CoV|P0C6T7.59.BC2	10304
CoV|P0C6T7.6.BC1	27511
CoV|P0C6T7.6.BC2	12479
CoV|P0C6T7.60.BC1	23355
CoV|P0C6T7.60.BC2	9801
CoV|P0C6T7.61.BC1	19624
CoV|P0C6T7.61.BC2	19420
CoV|P0C6T7.62.BC1	24433
CoV|P0C6T7.62.BC2	13976
CoV|P0C6T7.63.BC1	3614
CoV|P0C6T7.63.BC2	18673
CoV|P0C6T7.64.BC1	20483
CoV|P0C6T7.64.BC2	26959
CoV|P0C6T7.65.BC1	28832
CoV|P0C6T7.65.BC2	28936
CoV|P0C6T7.66.BC1	10857
CoV|P0C6T7.66.BC2	9610
CoV|P0C6T7.67.BC1	36710
CoV|P0C6T7.67.BC2	31269
CoV|P0C6T7.68.BC1	21819
CoV|P0C6T7.68.BC2	24372
CoV|P0C6T7.69.BC1	21643
CoV|P0C6T7.69.BC2	26657
CoV|P0C6T7.7.BC1	5004
CoV|P0C6T7.7.BC2	22247
CoV|P0C6T7.70.BC1	25027
CoV|P0C6T7.70.BC2	50769
CoV|P0C6T7.71.BC1	31705
CoV|P0C6T7.71.BC2	26155
CoV|P0C6T7.72.BC1	32504
CoV|P0C6T7.72.BC2	32547
CoV|P0C6T7.73.BC1	27170
CoV|P0C6T7.73.BC2	39630
CoV|P0C6T7.74.BC1	21472
CoV|P0C6T7.74.BC2	27294
CoV|P0C6T7.75.BC1	38842
CoV|P0C6T7.75.BC2	28877
CoV|P0C6T7.76.BC1	24098
CoV|P0C6T7.76.BC2	26329
CoV|P0C6T7.77.BC1	2668
CoV|P0C6T7.77.BC2	15204
CoV|P0C6T7.78.BC1	32504
CoV|P0C6T7.78.BC2	10700
CoV|P0C6T7.79.BC1	6970
CoV|P0C6T7.79.BC2	27165
CoV|P0C6T7.8.BC1	22022
CoV|P0C6T7.8.BC2	9803
CoV|P0C6T7.80.BC1	7335
CoV|P0C6T7.80.BC2	10417
CoV|P0C6T7.81.BC1	13248
CoV|P0C6T7.81.BC2	17201
CoV|P0C6T7.82.BC1	26725
CoV|P0C6T7.82.BC2	30298
CoV|P0C6T7.83.BC1	18624
CoV|P0C6T7.83.BC2	35825
CoV|P0C6T7.84.BC1	18710
CoV|P0C6T7.84.BC2	12990
CoV|P0C6T7.85.BC1	23422
CoV|P0C6T7.85.BC2	31243
CoV|P0C6T7.86.BC1	31427
CoV|P0C6T7.86.BC2	21278
CoV|P0C6T7.87.BC1	32227
CoV|P0C6T7.87.BC2	42955
CoV|P0C6T7.88.BC1	28760
CoV|P0C6T7.88.BC2	15188
CoV|P0C6T7.89.BC1	18927
CoV|P0C6T7.89.BC2	54015
CoV|P0C6T7.90.BC1	5075
CoV|P0C6T7.90.BC2	39560
CoV|P0C6T7.91.BC1	20082
CoV|P0C6T7.91.BC2	8444
CoV|P0C6T7.92.BC1	12424
CoV|P0C6T7.92.BC2	16873
CoV|P0C6T7.93.BC1	21763
CoV|P0C6T7.93.BC2	30880
CoV|P0C6T7.94.BC1	48817
CoV|P0C6T7.94.BC2	57312
CoV|P0C6T7.95.BC1	19914
CoV|P0C6T7.95.BC2	21990
CoV|P0C6T7.96.BC1	17719
CoV|P0C6T7.96.BC2	10016
CoV|P0C6T7.97.BC1	36906
CoV|P0C6T7.97.BC2	55416
CoV|P0C6T7.98.BC1	27893
CoV|P0C6T7.98.BC2	24402
CoV|P0C6T7.99.BC1	36621
CoV|P0C6T7.99.BC2	32370
CoV|P0C6U2.0.BC1	38454
CoV|P0C6U2.0.BC2	43018
CoV|P0C6U2.1.BC1	21010
CoV|P0C6U2.1.BC2	13054
CoV|P0C6U2.10.BC1	11914
CoV|P0C6U2.10.BC2	10892
CoV|P0C6U2.100.BC1	46245
CoV|P0C6U2.100.BC2	41409
CoV|P0C6U2.101.BC1	21579
CoV|P0C6U2.101.BC2	19627
CoV|P0C6U2.102.BC1	16213
CoV|P0C6U2.102.BC2	24933
CoV|P0C6U2.103.BC1	21678
CoV|P0C6U2.103.BC2	19391
CoV|P0C6U2.104.BC1	17221
CoV|P0C6U2.104.BC2	14737
CoV|P0C6U2.105.BC1	27530
CoV|P0C6U2.105.BC2	15426
CoV|P0C6U2.106.BC1	11986
CoV|P0C6U2.106.BC2	11519
CoV|P0C6U2.107.BC1	17700
CoV|P0C6U2.107.BC2	18099
CoV|P0C6U2.108.BC1	18261
CoV|P0C6U2.108.BC2	23598
CoV|P0C6U2.109.BC1	33674
CoV|P0C6U2.109.BC2	22989
CoV|P0C6U2.11.BC1	26438
CoV|P0C6U2.11.BC2	22834
CoV|P0C6U2.110.BC1	9794
CoV|P0C6U2.110.BC2	5383
CoV|P0C6U2.111.BC1	30507
CoV|P0C6U2.111.BC2	18251
CoV|P0C6U2.112.BC1	10458
CoV|P0C6U2.112.BC2	15683
CoV|P0C6U2.113.BC1	9890
CoV|P0C6U2.113.BC2	13292
CoV|P0C6U2.114.BC1	11328
CoV|P0C6U2.114.BC2	11558
CoV|P0C6U2.115.BC1	14219
CoV|P0C6U2.115.BC2	10530
CoV|P0C6U2.116.BC1	17738
CoV|P0C6U2.116.BC2	15463
CoV|P0C6U2.117.BC1	3567
CoV|P0C6U2.117.BC2	23583
CoV|P0C6U2.118.BC1	20183
CoV|P0C6U2.118.BC2	24958
CoV|P0C6U2.119.BC1	31354
CoV|P0C6U2.119.BC2	33592
CoV|P0C6U2.12.BC1	41282
CoV|P0C6U2.12.BC2	34937
CoV|P0C6U2.120.BC1	21864
CoV|P0C6U2.120.BC2	22914
CoV|P0C6U2.121.BC1	69499
CoV|P0C6U2.121.BC2	41565
CoV|P0C6U2.122.BC1	28680
CoV|P0C6U2.122.BC2	56293
CoV|P0C6U2.123.BC1	40252
CoV|P0C6U2.123.BC2	39726
CoV|P0C6U2.124.BC1	14740
CoV|P0C6U2.124.BC2	24945
CoV|P0C6U2.125.BC1	16837
CoV|P0C6U2.125.BC2	20464
CoV|P0C6U2.126.BC1	15788
CoV|P0C6U2.126.BC2	16549
CoV|P0C6U2.127.BC1	13789
CoV|P0C6U2.127.BC2	10088
CoV|P0C6U2.128.BC1	14478
CoV|P0C6U2.128.BC2	18956
CoV|P0C6U2.129.BC1	1452
CoV|P0C6U2.129.BC2	37443
CoV|P0C6U2.13.BC1	50572
CoV|P0C6U2.13.BC2	26347
CoV|P0C6U2.130.BC1	22402
CoV|P0C6U2.130.BC2	18270
CoV|P0C6U2.131.BC1	11084
CoV|P0C6U2.131.BC2	24146
CoV|P0C6U2.132.BC1	41750
CoV|P0C6U2.132.BC2	20285
CoV|P0C6U2.133.BC1	19397
CoV|P0C6U2.133.BC2	18610
CoV|P0C6U2.134.BC1	9219
CoV|P0C6U2.134.BC2	3446
CoV|P0C6U2.135.BC1	9374
CoV|P0C6U2.135.BC2	21753
CoV|P0C6U2.136.BC1	25752
CoV|P0C6U2.136.BC2	41059
CoV|P0C6U2.137.BC1	46726
CoV|P0C6U2.137.BC2	19082
CoV|P0C6U2.138.BC1	21760
CoV|P0C6U2.138.BC2	25293
CoV|P0C6U2.139.BC1	16464
CoV|P0C6U2.139.BC2	16249
CoV|P0C6U2.14.BC1	20691
CoV|P0C6U2.14.BC2	26606
CoV|P0C6U2.140.BC1	39238
CoV|P0C6U2.140.BC2	34279
CoV|P0C6U2.141.BC1	34563
CoV|P0C6U2.141.BC2	19259
CoV|P0C6U2.142.BC1	12842
CoV|P0C6U2.142.BC2	10675
CoV|P0C6U2.143.BC1	22494
CoV|P0C6U2.143.BC2	15346
CoV|P0C6U2.144.BC1	39263
CoV|P0C6U2.144.BC2	35688
CoV|P0C6U2.15.BC1	20051
CoV|P0C6U2.15.BC2	14084
CoV|P0C6U2.16.BC1	29413
CoV|P0C6U2.16.BC2	27536
CoV|P0C6U2.17.BC1	13635
CoV|P0C6U2.17.BC2	18900
CoV|P0C6U2.18.BC1	13355
CoV|P0C6U2.18.BC2	45522
CoV|P0C6U2.19.BC1	17485
CoV|P0C6U2.19.BC2	18589
CoV|P0C6U2.2.BC1	9034
CoV|P0C6U2.2.BC2	4187
CoV|P0C6U2.20.BC1	23075
CoV|P0C6U2.20.BC2	18595
CoV|P0C6U2.21.BC1	15819
CoV|P0C6U2.21.BC2	5866
CoV|P0C6U2.22.BC1	18275
CoV|P0C6U2.22.BC2	22589
CoV|P0C6U2.23.BC1	28141
CoV|P0C6U2.23.BC2	36307
CoV|P0C6U2.24.BC1	17633
CoV|P0C6U2.24.BC2	36748
CoV|P0C6U2.25.BC1	20329
CoV|P0C6U2.25.BC2	46445
CoV|P0C6U2.26.BC1	17167
CoV|P0C6U2.26.BC2	13137
CoV|P0C6U2.27.BC1	23592
CoV|P0C6U2.27.BC2	16057
CoV|P0C6U2.28.BC1	10521
CoV|P0C6U2.28.BC2	25199
CoV|P0C6U2.29.BC1	25789
CoV|P0C6U2.29.BC2	42254
CoV|P0C6U2.3.BC1	32798
CoV|P0C6U2.3.BC2	10027
CoV|P0C6U2.30.BC1	27531
CoV|P0C6U2.30.BC2	32038
CoV|P0C6U2.31.BC1	23842
CoV|P0C6U2.31.BC2	29983
CoV|P0C6U2.32.BC1	17882
CoV|P0C6U2.32.BC2	21642
CoV|P0C6U2.33.BC1	10017
CoV|P0C6U2.33.BC2	29995
CoV|P0C6U2.34.BC1	40613
CoV|P0C6U2.34.BC2	23475
CoV|P0C6U2.35.BC1	45437
CoV|P0C6U2.35.BC2	51039
CoV|P0C6U2.36.BC1	14823
CoV|P0C6U2.36.BC2	27001
CoV|P0C6U2.37.BC1	8007
CoV|P0C6U2.37.BC2	7062
CoV|P0C6U2.38.BC1	28240
CoV|P0C6U2.38.BC2	26495
CoV|P0C6U2.39.BC1	9448
CoV|P0C6U2.39.BC2	9545
CoV|P0C6U2.4.BC1	18261
CoV|P0C6U2.4.BC2	21116
CoV|P0C6U2.40.BC1	8936
CoV|P0C6U2.40.BC2	12779
CoV|P0C6U2.41.BC1	26370
CoV|P0C6U2.41.BC2	22107
CoV|P0C6U2.42.BC1	22913
CoV|P0C6U2.42.BC2	29242
CoV|P0C6U2.43.BC1	12464
CoV|P0C6U2.43.BC2	12808
CoV|P0C6U2.44.BC1	42131
CoV|P0C6U2.44.BC2	19240
CoV|P0C6U2.45.BC1	35897
CoV|P0C6U2.45.BC2	56877
CoV|P0C6U2.46.BC1	39645
CoV|P0C6U2.46.BC2	12459
CoV|P0C6U2.47.BC1	33215
CoV|P0C6U2.47.BC2	25349
CoV|P0C6U2.48.BC1	35316
CoV|P0C6U2.48.BC2	38314
CoV|P0C6U2.49.BC1	2251
CoV|P0C6U2.49.BC2	6156
CoV|P0C6U2.5.BC1	34427
CoV|P0C6U2.5.BC2	29269
CoV|P0C6U2.50.BC1	10041
CoV|P0C6U2.50.BC2	11814
CoV|P0C6U2.51.BC1	40530
CoV|P0C6U2.51.BC2	13352
CoV|P0C6U2.52.BC1	27127
CoV|P0C6U2.52.BC2	26542
CoV|P0C6U2.53.BC1	14963
CoV|P0C6U2.53.BC2	15753
CoV|P0C6U2.54.BC1	2650
CoV|P0C6U2.54.BC2	6322
CoV|P0C6U2.55.BC1	15645
CoV|P0C6U2.55.BC2	15400
CoV|P0C6U2.56.BC1	10238
CoV|P0C6U2.56.BC2	9034
CoV|P0C6U2.57.BC1	30374
CoV|P0C6U2.57.BC2	48704
CoV|P0C6U2.58.BC1	31613
CoV|P0C6U2.58.BC2	29194
CoV|P0C6U2.59.BC1	26648
CoV|P0C6U2.59.BC2	20479
CoV|P0C6U2.6.BC1	37912
CoV|P0C6U2.6.BC2	15522
CoV|P0C6U2.60.BC1	11370
CoV|P0C6U2.60.BC2	10086
CoV|P0C6U2.61.BC1	9029
CoV|P0C6U2.61.BC2	10296
CoV|P0C6U2.62.BC1	7052
CoV|P0C6U2.62.BC2	14196
CoV|P0C6U2.63.BC1	24312
CoV|P0C6U2.63.BC2	17596
CoV|P0C6U2.64.BC1	11492
CoV|P0C6U2.64.BC2	23114
CoV|P0C6U2.65.BC1	18099
CoV|P0C6U2.65.BC2	9319
CoV|P0C6U2.66.BC1	26950
CoV|P0C6U2.66.BC2	25335
CoV|P0C6U2.67.BC1	4270
CoV|P0C6U2.67.BC2	12624
CoV|P0C6U2.68.BC1	28305
CoV|P0C6U2.68.BC2	21094
CoV|P0C6U2.69.BC1	14446
CoV|P0C6U2.69.BC2	14179
CoV|P0C6U2.7.BC1	7831
CoV|P0C6U2.7.BC2	13510
CoV|P0C6U2.70.BC1	23999
CoV|P0C6U2.70.BC2	34338
CoV|P0C6U2.71.BC1	9931
CoV|P0C6U2.71.BC2	23413
CoV|P0C6U2.72.BC1	22847
CoV|P0C6U2.72.BC2	9314
CoV|P0C6U2.73.BC1	8016
CoV|P0C6U2.73.BC2	14326
CoV|P0C6U2.74.BC1	26980
CoV|P0C6U2.74.BC2	9721
CoV|P0C6U2.75.BC1	43872
CoV|P0C6U2.75.BC2	18554
CoV|P0C6U2.76.BC1	19720
CoV|P0C6U2.76.BC2	22223
CoV|P0C6U2.77.BC1	44742
CoV|P0C6U2.77.BC2	19012
CoV|P0C6U2.78.BC1	21760
CoV|P0C6U2.78.BC2	21820
CoV|P0C6U2.79.BC1	19840
CoV|P0C6U2.79.BC2	12066
CoV|P0C6U2.8.BC1	32128
CoV|P0C6U2.8.BC2	18790
CoV|P0C6U2.80.BC1	7566
CoV|P0C6U2.80.BC2	9766
CoV|P0C6U2.81.BC1	30942
CoV|P0C6U2.81.BC2	28729
CoV|P0C6U2.82.BC1	27738
CoV|P0C6U2.82.BC2	36036
CoV|P0C6U2.83.BC1	36341
CoV|P0C6U2.83.BC2	38777
CoV|P0C6U2.84.BC1	47198
CoV|P0C6U2.84.BC2	26815
CoV|P0C6U2.85.BC1	28876
CoV|P0C6U2.85.BC2	53130
CoV|P0C6U2.86.BC1	21959
CoV|P0C6U2.86.BC2	27326
CoV|P0C6U2.87.BC1	27752
CoV|P0C6U2.87.BC2	28986
CoV|P0C6U2.88.BC1	50639
CoV|P0C6U2.88.BC2	29544
CoV|P0C6U2.89.BC1	20469
CoV|P0C6U2.89.BC2	22497
CoV|P0C6U2.9.BC1	24327
CoV|P0C6U2.9.BC2	15667
CoV|P0C6U2.90.BC1	30788
CoV|P0C6U2.90.BC2	17306
CoV|P0C6U2.91.BC1	5353
CoV|P0C6U2.91.BC2	5682
CoV|P0C6U2.92.BC1	6030
CoV|P0C6U2.92.BC2	10795
CoV|P0C6U2.93.BC1	19006
CoV|P0C6U2.93.BC2	18152
CoV|P0C6U2.94.BC1	48386
CoV|P0C6U2.94.BC2	25151
CoV|P0C6U2.95.BC1	19877
CoV|P0C6U2.95.BC2	17830
CoV|P0C6U2.96.BC1	16050
CoV|P0C6U2.96.BC2	13724
CoV|P0C6U2.97.BC1	61341
CoV|P0C6U2.97.BC2	30265
CoV|P0C6U2.98.BC1	29938
CoV|P0C6U2.98.BC2	21504
CoV|P0C6U2.99.BC1	53880
CoV|P0C6U2.99.BC2	54767
CoV|P0C6U4.157.BC1	36593
CoV|P0C6U4.157.BC2	36577
CoV|P0C6U7.0.BC1	26341
CoV|P0C6U7.0.BC2	36776
CoV|P0C6U7.1.BC1	24568
CoV|P0C6U7.1.BC2	19248
CoV|P0C6U7.10.BC1	7924
CoV|P0C6U7.10.BC2	20175
CoV|P0C6U7.100.BC1	37233
CoV|P0C6U7.100.BC2	25444
CoV|P0C6U7.101.BC1	5765
CoV|P0C6U7.101.BC2	16103
CoV|P0C6U7.102.BC1	11112
CoV|P0C6U7.102.BC2	13776
CoV|P0C6U7.103.BC1	47084
CoV|P0C6U7.103.BC2	32161
CoV|P0C6U7.104.BC1	48594
CoV|P0C6U7.104.BC2	31182
CoV|P0C6U7.105.BC1	15503
CoV|P0C6U7.105.BC2	5598
CoV|P0C6U7.106.BC1	15700
CoV|P0C6U7.106.BC2	2259
CoV|P0C6U7.107.BC1	40510
CoV|P0C6U7.107.BC2	34962
CoV|P0C6U7.108.BC1	30490
CoV|P0C6U7.108.BC2	30785
CoV|P0C6U7.109.BC1	42147
CoV|P0C6U7.109.BC2	59126
CoV|P0C6U7.11.BC1	24042
CoV|P0C6U7.11.BC2	18721
CoV|P0C6U7.110.BC1	43472
CoV|P0C6U7.110.BC2	858
CoV|P0C6U7.111.BC1	26292
CoV|P0C6U7.111.BC2	38401
CoV|P0C6U7.112.BC1	13646
CoV|P0C6U7.112.BC2	9397
CoV|P0C6U7.113.BC1	27697
CoV|P0C6U7.113.BC2	41890
CoV|P0C6U7.114.BC1	22886
CoV|P0C6U7.114.BC2	14316
CoV|P0C6U7.115.BC1	19107
CoV|P0C6U7.115.BC2	22014
CoV|P0C6U7.116.BC1	31620
CoV|P0C6U7.116.BC2	19984
CoV|P0C6U7.117.BC1	23256
CoV|P0C6U7.117.BC2	16093
CoV|P0C6U7.118.BC1	12700
CoV|P0C6U7.118.BC2	13283
CoV|P0C6U7.119.BC1	13862
CoV|P0C6U7.119.BC2	10160
CoV|P0C6U7.12.BC1	16250
CoV|P0C6U7.12.BC2	19490
CoV|P0C6U7.120.BC1	13028
CoV|P0C6U7.120.BC2	11156
CoV|P0C6U7.121.BC1	12934
CoV|P0C6U7.121.BC2	12108
CoV|P0C6U7.122.BC1	10124
CoV|P0C6U7.122.BC2	13543
CoV|P0C6U7.123.BC1	9597
CoV|P0C6U7.123.BC2	13532
CoV|P0C6U7.124.BC1	15368
CoV|P0C6U7.124.BC2	16225
CoV|P0C6U7.125.BC1	18604
CoV|P0C6U7.125.BC2	25486
CoV|P0C6U7.126.BC1	35762
CoV|P0C6U7.126.BC2	30345
CoV|P0C6U7.127.BC1	45003
CoV|P0C6U7.127.BC2	66167
CoV|P0C6U7.128.BC1	26871
CoV|P0C6U7.128.BC2	43086
CoV|P0C6U7.129.BC1	25540
CoV|P0C6U7.129.BC2	26660
CoV|P0C6U7.13.BC1	24066
CoV|P0C6U7.13.BC2	26581
CoV|P0C6U7.130.BC1	19702
CoV|P0C6U7.130.BC2	35684
CoV|P0C6U7.131.BC1	10399
CoV|P0C6U7.131.BC2	16963
CoV|P0C6U7.132.BC1	19916
CoV|P0C6U7.132.BC2	16307
CoV|P0C6U7.133.BC1	13754
CoV|P0C6U7.133.BC2	2828
CoV|P0C6U7.134.BC1	20704
CoV|P0C6U7.134.BC2	31068
CoV|P0C6U7.135.BC1	17414
CoV|P0C6U7.135.BC2	20314
CoV|P0C6U7.136.BC1	5151
CoV|P0C6U7.136.BC2	7570
CoV|P0C6U7.137.BC1	5268
CoV|P0C6U7.137.BC2	9780
CoV|P0C6U7.138.BC1	12306
CoV|P0C6U7.138.BC2	13337
CoV|P0C6U7.139.BC1	23011
CoV|P0C6U7.139.BC2	20727
CoV|P0C6U7.14.BC1	25084
CoV|P0C6U7.14.BC2	26052
CoV|P0C6U7.140.BC1	27398
CoV|P0C6U7.140.BC2	11893
CoV|P0C6U7.141.BC1	56860
CoV|P0C6U7.141.BC2	54209
CoV|P0C6U7.142.BC1	12879
CoV|P0C6U7.142.BC2	29024
CoV|P0C6U7.143.BC1	10093
CoV|P0C6U7.143.BC2	32104
CoV|P0C6U7.144.BC1	22270
CoV|P0C6U7.144.BC2	17721
CoV|P0C6U7.145.BC1	14908
CoV|P0C6U7.145.BC2	6476
CoV|P0C6U7.146.BC1	11971
CoV|P0C6U7.146.BC2	15363
CoV|P0C6U7.147.BC1	22953
CoV|P0C6U7.147.BC2	22395
CoV|P0C6U7.148.BC1	21604
CoV|P0C6U7.148.BC2	45930
CoV|P0C6U7.149.BC1	14978
CoV|P0C6U7.149.BC2	17554
CoV|P0C6U7.15.BC1	24360
CoV|P0C6U7.15.BC2	12659
CoV|P0C6U7.150.BC1	19333
CoV|P0C6U7.150.BC2	20362
CoV|P0C6U7.151.BC1	19472
CoV|P0C6U7.151.BC2	53173
CoV|P0C6U7.152.BC1	12624
CoV|P0C6U7.152.BC2	40152
CoV|P0C6U7.153.BC1	17190
CoV|P0C6U7.153.BC2	14875
CoV|P0C6U7.154.BC1	38358
CoV|P0C6U7.154.BC2	34098
CoV|P0C6U7.155.BC1	44324
CoV|P0C6U7.155.BC2	22293
CoV|P0C6U7.16.BC1	12953
CoV|P0C6U7.16.BC2	8246
CoV|P0C6U7.17.BC1	21026
CoV|P0C6U7.17.BC2	15021
CoV|P0C6U7.18.BC1	21443
CoV|P0C6U7.18.BC2	18060
CoV|P0C6U7.19.BC1	14940
CoV|P0C6U7.19.BC2	17635
CoV|P0C6U7.2.BC1	24585
CoV|P0C6U7.2.BC2	37241
CoV|P0C6U7.20.BC1	21282
CoV|P0C6U7.20.BC2	21182
CoV|P0C6U7.21.BC1	15634
CoV|P0C6U7.21.BC2	10644
CoV|P0C6U7.22.BC1	11034
CoV|P0C6U7.22.BC2	20415
CoV|P0C6U7.23.BC1	23699
CoV|P0C6U7.23.BC2	28530
CoV|P0C6U7.24.BC1	24545
CoV|P0C6U7.24.BC2	31392
CoV|P0C6U7.25.BC1	119
CoV|P0C6U7.25.BC2	23816
CoV|P0C6U7.26.BC1	29798
CoV|P0C6U7.26.BC2	26870
CoV|P0C6U7.27.BC1	35408
CoV|P0C6U7.27.BC2	50132
CoV|P0C6U7.28.BC1	11101
CoV|P0C6U7.28.BC2	41307
CoV|P0C6U7.29.BC1	22067
CoV|P0C6U7.29.BC2	35550
CoV|P0C6U7.3.BC1	13305
CoV|P0C6U7.3.BC2	19558
CoV|P0C6U7.30.BC1	15949
CoV|P0C6U7.30.BC2	18529
CoV|P0C6U7.31.BC1	10234
CoV|P0C6U7.31.BC2	20833
CoV|P0C6U7.32.BC1	15429
CoV|P0C6U7.32.BC2	25011
CoV|P0C6U7.33.BC1	9291
CoV|P0C6U7.33.BC2	30412
CoV|P0C6U7.34.BC1	31946
CoV|P0C6U7.34.BC2	17227
CoV|P0C6U7.35.BC1	64886
CoV|P0C6U7.35.BC2	26385
CoV|P0C6U7.36.BC1	18757
CoV|P0C6U7.36.BC2	16869
CoV|P0C6U7.37.BC1	11111
CoV|P0C6U7.37.BC2	6868
CoV|P0C6U7.38.BC1	10168
CoV|P0C6U7.38.BC2	9534
CoV|P0C6U7.39.BC1	6339
CoV|P0C6U7.39.BC2	29924
CoV|P0C6U7.4.BC1	25524
CoV|P0C6U7.4.BC2	14709
CoV|P0C6U7.40.BC1	14308
CoV|P0C6U7.40.BC2	12495
CoV|P0C6U7.41.BC1	13925
CoV|P0C6U7.41.BC2	23994
CoV|P0C6U7.42.BC1	19673
CoV|P0C6U7.42.BC2	8104
CoV|P0C6U7.43.BC1	10182
CoV|P0C6U7.43.BC2	12198
CoV|P0C6U7.44.BC1	16451
CoV|P0C6U7.44.BC2	11017
CoV|P0C6U7.45.BC1	18360
CoV|P0C6U7.45.BC2	21770
CoV|P0C6U7.46.BC1	21986
CoV|P0C6U7.46.BC2	33347
CoV|P0C6U7.47.BC1	40661
CoV|P0C6U7.47.BC2	30401
CoV|P0C6U7.48.BC1	11657
CoV|P0C6U7.48.BC2	14889
CoV|P0C6U7.49.BC1	15252
CoV|P0C6U7.49.BC2	15811
CoV|P0C6U7.5.BC1	6013
CoV|P0C6U7.5.BC2	16050
CoV|P0C6U7.50.BC1	22537
CoV|P0C6U7.50.BC2	50492
CoV|P0C6U7.51.BC1	27424
CoV|P0C6U7.51.BC2	33428
CoV|P0C6U7.52.BC1	33337
CoV|P0C6U7.52.BC2	39007
CoV|P0C6U7.53.BC1	7363
CoV|P0C6U7.53.BC2	22409
CoV|P0C6U7.54.BC1	12149
CoV|P0C6U7.54.BC2	6040
CoV|P0C6U7.55.BC1	17730
CoV|P0C6U7.55.BC2	16888
CoV|P0C6U7.56.BC1	17392
CoV|P0C6U7.56.BC2	14696
CoV|P0C6U7.57.BC1	15286
CoV|P0C6U7.57.BC2	12291
CoV|P0C6U7.58.BC1	14430
CoV|P0C6U7.58.BC2	18380
CoV|P0C6U7.59.BC1	18046
CoV|P0C6U7.59.BC2	24333
CoV|P0C6U7.6.BC1	21241
CoV|P0C6U7.6.BC2	20627
CoV|P0C6U7.60.BC1	12876
CoV|P0C6U7.60.BC2	10114
CoV|P0C6U7.61.BC1	10013
CoV|P0C6U7.61.BC2	14989
CoV|P0C6U7.62.BC1	12075
CoV|P0C6U7.62.BC2	14284
CoV|P0C6U7.63.BC1	13281
CoV|P0C6U7.63.BC2	19206
CoV|P0C6U7.64.BC1	19879
CoV|P0C6U7.64.BC2	22711
CoV|P0C6U7.65.BC1	28252
CoV|P0C6U7.65.BC2	22387
CoV|P0C6U7.66.BC1	24590
CoV|P0C6U7.66.BC2	32491
CoV|P0C6U7.67.BC1	15293
CoV|P0C6U7.67.BC2	11502
CoV|P0C6U7.68.BC1	31250
CoV|P0C6U7.68.BC2	23148
CoV|P0C6U7.69.BC1	33935
CoV|P0C6U7.69.BC2	21024
CoV|P0C6U7.7.BC1	33565
CoV|P0C6U7.7.BC2	50550
CoV|P0C6U7.70.BC1	36118
CoV|P0C6U7.70.BC2	16856
CoV|P0C6U7.71.BC1	21597
CoV|P0C6U7.71.BC2	28463
CoV|P0C6U7.72.BC1	35751
CoV|P0C6U7.72.BC2	25960
CoV|P0C6U7.73.BC1	28972
CoV|P0C6U7.73.BC2	32694
CoV|P0C6U7.74.BC1	17579
CoV|P0C6U7.74.BC2	18448
CoV|P0C6U7.75.BC1	27751
CoV|P0C6U7.75.BC2	16763
CoV|P0C6U7.76.BC1	25125
CoV|P0C6U7.76.BC2	17592
CoV|P0C6U7.77.BC1	9380
CoV|P0C6U7.77.BC2	25847
CoV|P0C6U7.78.BC1	6571
CoV|P0C6U7.78.BC2	25981
CoV|P0C6U7.79.BC1	14497
CoV|P0C6U7.79.BC2	10059
CoV|P0C6U7.8.BC1	35114
CoV|P0C6U7.8.BC2	28184
CoV|P0C6U7.80.BC1	29854
CoV|P0C6U7.80.BC2	16240
CoV|P0C6U7.81.BC1	19302
CoV|P0C6U7.81.BC2	27695
CoV|P0C6U7.82.BC1	29487
CoV|P0C6U7.82.BC2	27665
CoV|P0C6U7.83.BC1	13073
CoV|P0C6U7.83.BC2	20769
CoV|P0C6U7.84.BC1	25226
CoV|P0C6U7.84.BC2	27993
CoV|P0C6U7.85.BC1	18177
CoV|P0C6U7.85.BC2	55294
CoV|P0C6U7.86.BC1	12078
CoV|P0C6U7.86.BC2	26612
CoV|P0C6U7.87.BC1	31575
CoV|P0C6U7.87.BC2	33871
CoV|P0C6U7.88.BC1	38619
CoV|P0C6U7.88.BC2	42488
CoV|P0C6U7.89.BC1	29903
CoV|P0C6U7.89.BC2	25677
CoV|P0C6U7.9.BC1	21856
CoV|P0C6U7.9.BC2	12376
CoV|P0C6U7.90.BC1	27401
CoV|P0C6U7.90.BC2	27288
CoV|P0C6U7.91.BC1	21711
CoV|P0C6U7.91.BC2	37651
CoV|P0C6U7.92.BC1	14319
CoV|P0C6U7.92.BC2	15610
CoV|P0C6U7.93.BC1	17243
CoV|P0C6U7.93.BC2	39102
CoV|P0C6U7.94.BC1	48505
CoV|P0C6U7.94.BC2	38735
CoV|P0C6U7.95.BC1	13389
CoV|P0C6U7.95.BC2	9175
CoV|P0C6U7.96.BC1	25383
CoV|P0C6U7.96.BC2	37462
CoV|P0C6U7.97.BC1	31212
CoV|P0C6U7.97.BC2	62773
CoV|P0C6U7.98.BC1	39080
CoV|P0C6U7.98.BC2	44064
CoV|P0C6U7.99.BC1	52895
CoV|P0C6U7.99.BC2	14893
CoV|P0C6U8.0.BC1	31743
CoV|P0C6U8.0.BC2	15130
CoV|P0C6U8.1.BC1	21401
CoV|P0C6U8.1.BC2	14379
CoV|P0C6U8.10.BC1	24087
CoV|P0C6U8.10.BC2	57963
CoV|P0C6U8.100.BC1	19533
CoV|P0C6U8.100.BC2	19550
CoV|P0C6U8.101.BC1	9720
CoV|P0C6U8.101.BC2	16490
CoV|P0C6U8.102.BC1	27707
CoV|P0C6U8.102.BC2	34369
CoV|P0C6U8.103.BC1	60012
CoV|P0C6U8.103.BC2	16386
CoV|P0C6U8.104.BC1	8180
CoV|P0C6U8.104.BC2	22919
CoV|P0C6U8.105.BC1	8219
CoV|P0C6U8.105.BC2	11863
CoV|P0C6U8.106.BC1	26005
CoV|P0C6U8.106.BC2	18338
CoV|P0C6U8.107.BC1	3678
CoV|P0C6U8.107.BC2	30693
CoV|P0C6U8.108.BC1	36723
CoV|P0C6U8.108.BC2	24555
CoV|P0C6U8.109.BC1	64518
CoV|P0C6U8.109.BC2	13664
CoV|P0C6U8.11.BC1	31820
CoV|P0C6U8.11.BC2	46084
CoV|P0C6U8.110.BC1	43277
CoV|P0C6U8.110.BC2	9114
CoV|P0C6U8.111.BC1	4367
CoV|P0C6U8.111.BC2	34245
CoV|P0C6U8.112.BC1	15899
CoV|P0C6U8.112.BC2	8230
CoV|P0C6U8.113.BC1	23507
CoV|P0C6U8.113.BC2	18511
CoV|P0C6U8.114.BC1	19531
CoV|P0C6U8.114.BC2	14039
CoV|P0C6U8.115.BC1	15407
CoV|P0C6U8.115.BC2	29349
CoV|P0C6U8.116.BC1	24432
CoV|P0C6U8.116.BC2	19545
CoV|P0C6U8.117.BC1	41722
CoV|P0C6U8.117.BC2	20591
CoV|P0C6U8.118.BC1	25191
CoV|P0C6U8.118.BC2	24388
CoV|P0C6U8.119.BC1	25578
CoV|P0C6U8.119.BC2	13504
CoV|P0C6U8.12.BC1	45083
CoV|P0C6U8.12.BC2	22106
CoV|P0C6U8.120.BC1	22213
CoV|P0C6U8.120.BC2	35453
CoV|P0C6U8.121.BC1	14961
CoV|P0C6U8.121.BC2	11789
CoV|P0C6U8.122.BC1	18171
CoV|P0C6U8.122.BC2	20604
CoV|P0C6U8.123.BC1	15818
CoV|P0C6U8.123.BC2	15657
CoV|P0C6U8.124.BC1	25839
CoV|P0C6U8.124.BC2	33368
CoV|P0C6U8.125.BC1	23903
CoV|P0C6U8.125.BC2	11012
CoV|P0C6U8.126.BC1	19710
CoV|P0C6U8.126.BC2	25062
CoV|P0C6U8.127.BC1	51159
CoV|P0C6U8.127.BC2	35619
CoV|P0C6U8.128.BC1	45096
CoV|P0C6U8.128.BC2	60759
CoV|P0C6U8.129.BC1	34809
CoV|P0C6U8.129.BC2	21606
CoV|P0C6U8.13.BC1	16717
CoV|P0C6U8.13.BC2	19292
CoV|P0C6U8.130.BC1	46640
CoV|P0C6U8.130.BC2	27197
CoV|P0C6U8.131.BC1	24359
CoV|P0C6U8.131.BC2	24923
CoV|P0C6U8.132.BC1	35257
CoV|P0C6U8.132.BC2	36241
CoV|P0C6U8.133.BC1	50473
CoV|P0C6U8.133.BC2	48276
CoV|P0C6U8.134.BC1	10677
CoV|P0C6U8.134.BC2	24512
CoV|P0C6U8.135.BC1	13023
CoV|P0C6U8.135.BC2	10939
CoV|P0C6U8.136.BC1	15256
CoV|P0C6U8.136.BC2	17132
CoV|P0C6U8.137.BC1	7674
CoV|P0C6U8.137.BC2	15026
CoV|P0C6U8.138.BC1	18237
CoV|P0C6U8.138.BC2	19122
CoV|P0C6U8.139.BC1	30183
CoV|P0C6U8.139.BC2	23904
CoV|P0C6U8.14.BC1	18561
CoV|P0C6U8.14.BC2	13465
CoV|P0C6U8.140.BC1	20500
CoV|P0C6U8.140.BC2	41660
CoV|P0C6U8.141.BC1	60672
CoV|P0C6U8.141.BC2	35525
CoV|P0C6U8.142.BC1	42450
CoV|P0C6U8.142.BC2	20136
CoV|P0C6U8.143.BC1	43446
CoV|P0C6U8.143.BC2	17636
CoV|P0C6U8.144.BC1	10619
CoV|P0C6U8.144.BC2	4243
CoV|P0C6U8.145.BC1	23290
CoV|P0C6U8.145.BC2	10257
CoV|P0C6U8.146.BC1	54909
CoV|P0C6U8.146.BC2	38971
CoV|P0C6U8.147.BC1	48629
CoV|P0C6U8.147.BC2	32644
CoV|P0C6U8.148.BC1	22933
CoV|P0C6U8.148.BC2	28478
CoV|P0C6U8.149.BC1	20287
CoV|P0C6U8.149.BC2	21220
CoV|P0C6U8.15.BC1	7829
CoV|P0C6U8.15.BC2	15148
CoV|P0C6U8.150.BC1	21261
CoV|P0C6U8.150.BC2	18822
CoV|P0C6U8.151.BC1	16468
CoV|P0C6U8.151.BC2	24552
CoV|P0C6U8.152.BC1	18138
CoV|P0C6U8.152.BC2	19286
CoV|P0C6U8.153.BC1	23022
CoV|P0C6U8.153.BC2	14231
CoV|P0C6U8.154.BC1	27350
CoV|P0C6U8.154.BC2	38041
CoV|P0C6U8.155.BC1	36341
CoV|P0C6U8.155.BC2	46051
CoV|P0C6U8.16.BC1	14604
CoV|P0C6U8.16.BC2	6557
CoV|P0C6U8.17.BC1	20649
CoV|P0C6U8.17.BC2	32840
CoV|P0C6U8.18.BC1	40901
CoV|P0C6U8.18.BC2	41764
CoV|P0C6U8.19.BC1	24213
CoV|P0C6U8.19.BC2	12909
CoV|P0C6U8.2.BC1	32265
CoV|P0C6U8.2.BC2	24218
CoV|P0C6U8.20.BC1	7470
CoV|P0C6U8.20.BC2	17382
CoV|P0C6U8.21.BC1	22858
CoV|P0C6U8.21.BC2	10960
CoV|P0C6U8.22.BC1	4839
CoV|P0C6U8.22.BC2	9830
CoV|P0C6U8.23.BC1	6381
CoV|P0C6U8.23.BC2	10192
CoV|P0C6U8.24.BC1	13240
CoV|P0C6U8.24.BC2	12368
CoV|P0C6U8.25.BC1	21366
CoV|P0C6U8.25.BC2	23656
CoV|P0C6U8.26.BC1	32070
CoV|P0C6U8.26.BC2	29575
CoV|P0C6U8.27.BC1	34275
CoV|P0C6U8.27.BC2	43001
CoV|P0C6U8.28.BC1	38352
CoV|P0C6U8.28.BC2	7011
CoV|P0C6U8.29.BC1	20910
CoV|P0C6U8.29.BC2	36859
CoV|P0C6U8.3.BC1	11461
CoV|P0C6U8.3.BC2	30241
CoV|P0C6U8.30.BC1	21644
CoV|P0C6U8.30.BC2	14455
CoV|P0C6U8.31.BC1	21144
CoV|P0C6U8.31.BC2	8174
CoV|P0C6U8.32.BC1	24581
CoV|P0C6U8.32.BC2	4781
CoV|P0C6U8.33.BC1	19982
CoV|P0C6U8.33.BC2	31734
CoV|P0C6U8.34.BC1	31110
CoV|P0C6U8.34.BC2	16712
CoV|P0C6U8.35.BC1	38065
CoV|P0C6U8.35.BC2	31320
CoV|P0C6U8.36.BC1	19617
CoV|P0C6U8.36.BC2	36351
CoV|P0C6U8.37.BC1	43835
CoV|P0C6U8.37.BC2	14700
CoV|P0C6U8.38.BC1	21886
CoV|P0C6U8.38.BC2	13279
CoV|P0C6U8.39.BC1	11671
CoV|P0C6U8.39.BC2	16791
CoV|P0C6U8.4.BC1	9453
CoV|P0C6U8.4.BC2	38500
CoV|P0C6U8.40.BC1	16274
CoV|P0C6U8.40.BC2	7651
CoV|P0C6U8.41.BC1	4136
CoV|P0C6U8.41.BC2	31852
CoV|P0C6U8.42.BC1	13332
CoV|P0C6U8.42.BC2	18862
CoV|P0C6U8.43.BC1	38613
CoV|P0C6U8.43.BC2	17334
CoV|P0C6U8.44.BC1	43280
CoV|P0C6U8.44.BC2	32136
CoV|P0C6U8.45.BC1	25186
CoV|P0C6U8.45.BC2	20147
CoV|P0C6U8.46.BC1	25022
CoV|P0C6U8.46.BC2	15303
CoV|P0C6U8.47.BC1	30849
CoV|P0C6U8.47.BC2	43507
CoV|P0C6U8.48.BC1	8150
CoV|P0C6U8.48.BC2	1915
CoV|P0C6U8.49.BC1	19473
CoV|P0C6U8.49.BC2	9456
CoV|P0C6U8.5.BC1	26726
CoV|P0C6U8.5.BC2	28734
CoV|P0C6U8.50.BC1	35259
CoV|P0C6U8.50.BC2	39669
CoV|P0C6U8.51.BC1	43912
CoV|P0C6U8.51.BC2	24730
CoV|P0C6U8.52.BC1	12246
CoV|P0C6U8.52.BC2	32395
CoV|P0C6U8.53.BC1	32151
CoV|P0C6U8.53.BC2	24626
CoV|P0C6U8.54.BC1	15288
CoV|P0C6U8.54.BC2	21552
CoV|P0C6U8.55.BC1	30846
CoV|P0C6U8.55.BC2	14987
CoV|P0C6U8.56.BC1	32928
CoV|P0C6U8.56.BC2	18923
CoV|P0C6U8.57.BC1	11646
CoV|P0C6U8.57.BC2	25271
CoV|P0C6U8.58.BC1	19433
CoV|P0C6U8.58.BC2	10268
CoV|P0C6U8.59.BC1	7969
CoV|P0C6U8.59.BC2	12581
CoV|P0C6U8.6.BC1	24758
CoV|P0C6U8.6.BC2	13490
CoV|P0C6U8.60.BC1	17120
CoV|P0C6U8.60.BC2	20272
CoV|P0C6U8.61.BC1	33026
CoV|P0C6U8.61.BC2	24143
CoV|P0C6U8.62.BC1	28913
CoV|P0C6U8.62.BC2	22936
CoV|P0C6U8.63.BC1	28685
CoV|P0C6U8.63.BC2	23103
CoV|P0C6U8.64.BC1	19894
CoV|P0C6U8.64.BC2	24243
CoV|P0C6U8.65.BC1	24619
CoV|P0C6U8.65.BC2	29813
CoV|P0C6U8.66.BC1	24813
CoV|P0C6U8.66.BC2	53405
CoV|P0C6U8.67.BC1	15393
CoV|P0C6U8.67.BC2	47229
CoV|P0C6U8.68.BC1	25129
CoV|P0C6U8.68.BC2	21375
CoV|P0C6U8.69.BC1	30322
CoV|P0C6U8.69.BC2	21351
CoV|P0C6U8.7.BC1	7865
CoV|P0C6U8.7.BC2	11514
CoV|P0C6U8.70.BC1	18919
CoV|P0C6U8.70.BC2	34248
CoV|P0C6U8.71.BC1	21242
CoV|P0C6U8.71.BC2	18677
CoV|P0C6U8.72.BC1	14429
CoV|P0C6U8.72.BC2	41459
CoV|P0C6U8.73.BC1	41084
CoV|P0C6U8.73.BC2	21758
CoV|P0C6U8.74.BC1	14944
CoV|P0C6U8.74.BC2	41347
CoV|P0C6U8.75.BC1	18099
CoV|P0C6U8.75.BC2	35979
CoV|P0C6U8.76.BC1	27076
CoV|P0C6U8.76.BC2	13627
CoV|P0C6U8.77.BC1	7543
CoV|P0C6U8.77.BC2	16518
CoV|P0C6U8.78.BC1	35886
CoV|P0C6U8.78.BC2	28732
CoV|P0C6U8.79.BC1	14189
CoV|P0C6U8.79.BC2	7110
CoV|P0C6U8.8.BC1	29058
CoV|P0C6U8.8.BC2	24542
CoV|P0C6U8.80.BC1	17804
CoV|P0C6U8.80.BC2	18745
CoV|P0C6U8.81.BC1	29501
CoV|P0C6U8.81.BC2	26601
CoV|P0C6U8.82.BC1	29947
CoV|P0C6U8.82.BC2	41043
CoV|P0C6U8.83.BC1	25699
CoV|P0C6U8.83.BC2	37584
CoV|P0C6U8.84.BC1	20861
CoV|P0C6U8.84.BC2	11572
CoV|P0C6U8.85.BC1	37350
CoV|P0C6U8.85.BC2	25042
CoV|P0C6U8.86.BC1	24063
CoV|P0C6U8.86.BC2	49997
CoV|P0C6U8.87.BC1	17867
CoV|P0C6U8.87.BC2	29354
CoV|P0C6U8.88.BC1	13352
CoV|P0C6U8.88.BC2	9370
CoV|P0C6U8.89.BC1	7148
CoV|P0C6U8.89.BC2	19148
CoV|P0C6U8.9.BC1	19400
CoV|P0C6U8.9.BC2	17444
CoV|P0C6U8.90.BC1	36603
CoV|P0C6U8.90.BC2	22126
CoV|P0C6U8.91.BC1	9496
CoV|P0C6U8.91.BC2	34159
CoV|P0C6U8.92.BC1	21622
CoV|P0C6U8.92.BC2	13529
CoV|P0C6U8.93.BC1	27385
CoV|P0C6U8.93.BC2	19784
CoV|P0C6U8.94.BC1	54150
CoV|P0C6U8.94.BC2	46132
CoV|P0C6U8.95.BC1	14458
CoV|P0C6U8.95.BC2	24294
CoV|P0C6U8.96.BC1	16588
CoV|P0C6U8.96.BC2	19480
CoV|P0C6U8.97.BC1	47869
CoV|P0C6U8.97.BC2	32235
CoV|P0C6U8.98.BC1	16388
CoV|P0C6U8.98.BC2	28844
CoV|P0C6U8.99.BC1	20459
CoV|P0C6U8.99.BC2	22212
CoV|P0C6V9.155.BC1	55420
CoV|P0C6V9.155.BC2	63862
CoV|P0C6V9.156.BC1	32167
CoV|P0C6V9.156.BC2	33583
CoV|P0C6V9.157.BC1	13675
CoV|P0C6V9.157.BC2	21293
CoV|P0C6V9.158.BC1	12486
CoV|P0C6V9.158.BC2	26381
CoV|P0C6V9.159.BC1	28820
CoV|P0C6V9.159.BC2	24193
CoV|P0C6V9.160.BC1	24367
CoV|P0C6V9.160.BC2	15732
CoV|P0C6V9.161.BC1	15676
CoV|P0C6V9.161.BC2	16963
CoV|P0C6V9.162.BC1	18613
CoV|P0C6V9.162.BC2	11261
CoV|P0C6V9.163.BC1	36704
CoV|P0C6V9.163.BC2	35249
CoV|P0C6V9.164.BC1	13994
CoV|P0C6V9.164.BC2	35187
CoV|P0C6V9.165.BC1	20554
CoV|P0C6V9.165.BC2	31929
CoV|P0C6V9.166.BC1	11657
CoV|P0C6V9.166.BC2	27360
CoV|P0C6V9.167.BC1	21873
CoV|P0C6V9.167.BC2	8477
CoV|P0C6V9.168.BC1	14221
CoV|P0C6V9.168.BC2	28404
CoV|P0C6V9.169.BC1	37140
CoV|P0C6V9.169.BC2	43739
CoV|P0C6V9.170.BC1	20196
CoV|P0C6V9.170.BC2	34548
CoV|P0C6V9.171.BC1	12846
CoV|P0C6V9.171.BC2	19918
CoV|P0C6V9.172.BC1	7983
CoV|P0C6V9.172.BC2	6665
CoV|P0C6V9.173.BC1	27633
CoV|P0C6V9.173.BC2	16130
CoV|P0C6V9.174.BC1	18288
CoV|P0C6V9.174.BC2	10031
CoV|P0C6V9.175.BC1	13581
CoV|P0C6V9.175.BC2	3193
CoV|P0C6V9.176.BC1	2034
CoV|P0C6V9.176.BC2	2370
CoV|P0C6V9.177.BC1	29166
CoV|P0C6V9.177.BC2	37186
CoV|P0C6V9.178.BC1	10418
CoV|P0C6V9.178.BC2	11099
CoV|P0C6V9.179.BC1	25835
CoV|P0C6V9.179.BC2	16950
CoV|P0C6V9.180.BC1	17704
CoV|P0C6V9.180.BC2	6332
CoV|P0C6V9.181.BC1	16483
CoV|P0C6V9.181.BC2	14267
CoV|P0C6V9.182.BC1	16810
CoV|P0C6V9.182.BC2	20439
CoV|P0C6V9.183.BC1	17408
CoV|P0C6V9.183.BC2	7228
CoV|P0C6V9.184.BC1	34926
CoV|P0C6V9.184.BC2	26353
CoV|P0C6V9.185.BC1	30040
CoV|P0C6V9.185.BC2	31219
CoV|P0C6V9.186.BC1	13364
CoV|P0C6V9.186.BC2	7502
CoV|P0C6V9.187.BC1	9604
CoV|P0C6V9.187.BC2	5882
CoV|P0C6V9.188.BC1	27501
CoV|P0C6V9.188.BC2	34202
CoV|P0C6V9.189.BC1	28977
CoV|P0C6V9.189.BC2	38238
CoV|P0C6V9.190.BC1	12277
CoV|P0C6V9.190.BC2	30745
CoV|P0C6V9.191.BC1	27397
CoV|P0C6V9.191.BC2	16685
CoV|P0C6V9.192.BC1	31200
CoV|P0C6V9.192.BC2	42898
CoV|P0C6V9.193.BC1	31764
CoV|P0C6V9.193.BC2	26508
CoV|P0C6V9.194.BC1	22730
CoV|P0C6V9.194.BC2	19773
CoV|P0C6V9.195.BC1	8658
CoV|P0C6V9.195.BC2	25211
CoV|P0C6V9.196.BC1	18850
CoV|P0C6V9.196.BC2	12829
CoV|P0C6V9.197.BC1	20399
CoV|P0C6V9.197.BC2	17744
CoV|P0C6V9.198.BC1	19682
CoV|P0C6V9.198.BC2	33620
CoV|P0C6V9.199.BC1	32439
CoV|P0C6V9.199.BC2	36160
CoV|P0C6V9.200.BC1	15747
CoV|P0C6V9.200.BC2	23592
CoV|P0C6V9.201.BC1	25775
CoV|P0C6V9.201.BC2	35404
CoV|P0C6V9.202.BC1	28566
CoV|P0C6V9.202.BC2	16080
CoV|P0C6V9.203.BC1	24318
CoV|P0C6V9.203.BC2	58027
CoV|P0C6V9.204.BC1	41876
CoV|P0C6V9.204.BC2	30525
CoV|P0C6V9.205.BC1	19371
CoV|P0C6V9.205.BC2	19539
CoV|P0C6V9.206.BC1	43704
CoV|P0C6V9.206.BC2	49881
CoV|P0C6V9.207.BC1	35271
CoV|P0C6V9.207.BC2	14628
CoV|P0C6V9.208.BC1	16331
CoV|P0C6V9.208.BC2	9792
CoV|P0C6V9.209.BC1	14196
CoV|P0C6V9.209.BC2	17177
CoV|P0C6V9.210.BC1	41281
CoV|P0C6V9.210.BC2	41597
CoV|P0C6V9.211.BC1	47470
CoV|P0C6V9.211.BC2	1544
CoV|P0C6V9.212.BC1	23458
CoV|P0C6V9.212.BC2	11658
CoV|P0C6V9.213.BC1	35050
CoV|P0C6V9.213.BC2	27877
CoV|P0C6V9.214.BC1	33108
CoV|P0C6V9.214.BC2	20828
CoV|P0C6V9.215.BC1	9392
CoV|P0C6V9.215.BC2	15386
CoV|P0C6V9.216.BC1	10522
CoV|P0C6V9.216.BC2	14098
CoV|P0C6V9.217.BC1	17591
CoV|P0C6V9.217.BC2	12573
CoV|P0C6V9.218.BC1	11027
CoV|P0C6V9.218.BC2	6260
CoV|P0C6V9.219.BC1	33085
CoV|P0C6V9.219.BC2	30238
CoV|P0C6V9.220.BC1	32310
CoV|P0C6V9.220.BC2	40880
CoV|P0C6V9.221.BC1	36043
CoV|P0C6V9.221.BC2	25618
CoV|P0C6V9.222.BC1	39479
CoV|P0C6V9.222.BC2	27637
CoV|P0C6V9.223.BC1	17020
CoV|P0C6V9.223.BC2	9342
CoV|P0C6V9.224.BC1	22616
CoV|P0C6V9.224.BC2	14946
CoV|P0C6V9.225.BC1	26819
CoV|P0C6V9.225.BC2	42824
CoV|P0C6V9.226.BC1	37833
CoV|P0C6V9.226.BC2	26646
CoV|P0C6V9.227.BC1	52961
CoV|P0C6V9.227.BC2	40166
CoV|P0C6V9.228.BC1	19781
CoV|P0C6V9.228.BC2	14647
CoV|P0C6V9.229.BC1	7652
CoV|P0C6V9.229.BC2	8250
CoV|P0C6V9.230.BC1	38071
CoV|P0C6V9.230.BC2	36800
CoV|P0C6V9.231.BC1	30773
CoV|P0C6V9.231.BC2	22445
CoV|P0C6V9.232.BC1	21142
CoV|P0C6V9.232.BC2	26796
CoV|P0C6V9.233.BC1	72041
CoV|P0C6V9.233.BC2	61308
CoV|P0C6V9.234.BC1	21145
CoV|P0C6V9.234.BC2	32045
CoV|P0C6V9.235.BC1	15649
CoV|P0C6V9.235.BC2	25532
CoV|P0C6V9.236.BC1	17670
CoV|P0C6V9.236.BC2	27178
CoV|P0C6V9.237.BC1	14526
CoV|P0C6V9.237.BC2	9745
CoV|P0C6V9.238.BC1	19782
CoV|P0C6V9.238.BC2	24876
CoV|P0C6V9.239.BC1	27198
CoV|P0C6V9.239.BC2	9111
CoV|P0C6V9.240.BC1	2094
CoV|P0C6V9.240.BC2	18620
CoV|P0C6V9.241.BC1	6873
CoV|P0C6V9.241.BC2	6273
CoV|P0C6V9.242.BC1	20941
CoV|P0C6V9.242.BC2	16319
CoV|P0C6V9.243.BC1	26904
CoV|P0C6V9.243.BC2	30519
CoV|P0C6V9.244.BC1	44670
CoV|P0C6V9.244.BC2	48545
CoV|P0C6V9.245.BC1	20706
CoV|P0C6V9.245.BC2	27930
CoV|P0C6V9.246.BC1	13501
CoV|P0C6V9.246.BC2	13995
CoV|P0C6V9.247.BC1	14090
CoV|P0C6V9.247.BC2	23141
CoV|P0C6V9.248.BC1	7576
CoV|P0C6V9.248.BC2	2440
CoV|P0C6V9.249.BC1	13060
CoV|P0C6V9.249.BC2	12094
CoV|P0C6V9.250.BC1	22903
CoV|P0C6V9.250.BC2	17067
CoV|P0C6V9.251.BC1	17185
CoV|P0C6V9.251.BC2	25781
CoV|P0C6W2.10.BC1	24196
CoV|P0C6W2.10.BC2	21619
CoV|P0C6W2.100.BC1	8592
CoV|P0C6W2.100.BC2	17912
CoV|P0C6W2.101.BC1	17778
CoV|P0C6W2.101.BC2	17018
CoV|P0C6W2.102.BC1	8807
CoV|P0C6W2.102.BC2	24582
CoV|P0C6W2.103.BC1	41774
CoV|P0C6W2.103.BC2	26296
CoV|P0C6W2.104.BC1	14288
CoV|P0C6W2.104.BC2	23557
CoV|P0C6W2.105.BC1	28863
CoV|P0C6W2.105.BC2	34453
CoV|P0C6W2.106.BC1	17510
CoV|P0C6W2.106.BC2	19824
CoV|P0C6W2.107.BC1	25454
CoV|P0C6W2.107.BC2	29101
CoV|P0C6W2.108.BC1	45482
CoV|P0C6W2.108.BC2	41751
CoV|P0C6W2.109.BC1	50781
CoV|P0C6W2.109.BC2	40290
CoV|P0C6W2.11.BC1	48263
CoV|P0C6W2.11.BC2	49637
CoV|P0C6W2.110.BC1	26658
CoV|P0C6W2.110.BC2	27886
CoV|P0C6W2.111.BC1	683
CoV|P0C6W2.111.BC2	17552
CoV|P0C6W2.112.BC1	14280
CoV|P0C6W2.112.BC2	11211
CoV|P0C6W2.113.BC1	15676
CoV|P0C6W2.113.BC2	21093
CoV|P0C6W2.114.BC1	37421
CoV|P0C6W2.114.BC2	23726
CoV|P0C6W2.115.BC1	52577
CoV|P0C6W2.115.BC2	16076
CoV|P0C6W2.116.BC1	12096
CoV|P0C6W2.116.BC2	33142
CoV|P0C6W2.117.BC1	12318
CoV|P0C6W2.117.BC2	15552
CoV|P0C6W2.118.BC1	15742
CoV|P0C6W2.118.BC2	21917
CoV|P0C6W2.119.BC1	16651
CoV|P0C6W2.119.BC2	34969
CoV|P0C6W2.12.BC1	20923
CoV|P0C6W2.12.BC2	16584
CoV|P0C6W2.120.BC1	20166
CoV|P0C6W2.120.BC2	22489
CoV|P0C6W2.121.BC1	20693
CoV|P0C6W2.121.BC2	9528
CoV|P0C6W2.122.BC1	9546
CoV|P0C6W2.122.BC2	16040
CoV|P0C6W2.123.BC1	19723
CoV|P0C6W2.123.BC2	29668
CoV|P0C6W2.124.BC1	18236
CoV|P0C6W2.124.BC2	18911
CoV|P0C6W2.125.BC1	18932
CoV|P0C6W2.125.BC2	14687
CoV|P0C6W2.126.BC1	30423
CoV|P0C6W2.126.BC2	8198
CoV|P0C6W2.127.BC1	35179
CoV|P0C6W2.127.BC2	24144
CoV|P0C6W2.128.BC1	30767
CoV|P0C6W2.128.BC2	43636
CoV|P0C6W2.129.BC1	25700
CoV|P0C6W2.129.BC2	38296
CoV|P0C6W2.13.BC1	17150
CoV|P0C6W2.13.BC2	18212
CoV|P0C6W2.130.BC1	27544
CoV|P0C6W2.130.BC2	26539
CoV|P0C6W2.131.BC1	29942
CoV|P0C6W2.131.BC2	19414
CoV|P0C6W2.132.BC1	33931
CoV|P0C6W2.132.BC2	32738
CoV|P0C6W2.133.BC1	79957
CoV|P0C6W2.133.BC2	63536
CoV|P0C6W2.134.BC1	19219
CoV|P0C6W2.134.BC2	9576
CoV|P0C6W2.135.BC1	25775
CoV|P0C6W2.135.BC2	20458
CoV|P0C6W2.136.BC1	14153
CoV|P0C6W2.136.BC2	12396
CoV|P0C6W2.137.BC1	6450
CoV|P0C6W2.137.BC2	14465
CoV|P0C6W2.138.BC1	9529
CoV|P0C6W2.138.BC2	10704
CoV|P0C6W2.139.BC1	27262
CoV|P0C6W2.139.BC2	44125
CoV|P0C6W2.14.BC1	13543
CoV|P0C6W2.14.BC2	20217
CoV|P0C6W2.140.BC1	24484
CoV|P0C6W2.140.BC2	41764
CoV|P0C6W2.141.BC1	42981
CoV|P0C6W2.141.BC2	45317
CoV|P0C6W2.142.BC1	39030
CoV|P0C6W2.142.BC2	31623
CoV|P0C6W2.143.BC1	18577
CoV|P0C6W2.143.BC2	22788
CoV|P0C6W2.144.BC1	30362
CoV|P0C6W2.144.BC2	19069
CoV|P0C6W2.145.BC1	36291
CoV|P0C6W2.145.BC2	35612
CoV|P0C6W2.146.BC1	53241
CoV|P0C6W2.146.BC2	29605
CoV|P0C6W2.147.BC1	26259
CoV|P0C6W2.147.BC2	37059
CoV|P0C6W2.148.BC1	22025
CoV|P0C6W2.148.BC2	17964
CoV|P0C6W2.149.BC1	27359
CoV|P0C6W2.149.BC2	19753
CoV|P0C6W2.15.BC1	17118
CoV|P0C6W2.15.BC2	9407
CoV|P0C6W2.150.BC1	17663
CoV|P0C6W2.150.BC2	5758
CoV|P0C6W2.151.BC1	21192
CoV|P0C6W2.151.BC2	24031
CoV|P0C6W2.152.BC1	16691
CoV|P0C6W2.152.BC2	23152
CoV|P0C6W2.153.BC1	18051
CoV|P0C6W2.153.BC2	15997
CoV|P0C6W2.154.BC1	22150
CoV|P0C6W2.154.BC2	23160
CoV|P0C6W2.155.BC1	46546
CoV|P0C6W2.155.BC2	36330
CoV|P0C6W2.156.BC1	12628
CoV|P0C6W2.156.BC2	29912
CoV|P0C6W2.157.BC1	11033
CoV|P0C6W2.157.BC2	8927
CoV|P0C6W2.158.BC1	34445
CoV|P0C6W2.158.BC2	15274
CoV|P0C6W2.159.BC1	11168
CoV|P0C6W2.159.BC2	40334
CoV|P0C6W2.16.BC1	5007
CoV|P0C6W2.16.BC2	6559
CoV|P0C6W2.160.BC1	22373
CoV|P0C6W2.160.BC2	15909
CoV|P0C6W2.161.BC1	3917
CoV|P0C6W2.161.BC2	26395
CoV|P0C6W2.162.BC1	11768
CoV|P0C6W2.162.BC2	29296
CoV|P0C6W2.163.BC1	17738
CoV|P0C6W2.163.BC2	12267
CoV|P0C6W2.164.BC1	16812
CoV|P0C6W2.164.BC2	18198
CoV|P0C6W2.165.BC1	4949
CoV|P0C6W2.165.BC2	8984
CoV|P0C6W2.166.BC1	21030
CoV|P0C6W2.166.BC2	12465
CoV|P0C6W2.167.BC1	27107
CoV|P0C6W2.167.BC2	19204
CoV|P0C6W2.168.BC1	19726
CoV|P0C6W2.168.BC2	43445
CoV|P0C6W2.169.BC1	25801
CoV|P0C6W2.169.BC2	53692
CoV|P0C6W2.17.BC1	33325
CoV|P0C6W2.17.BC2	33663
CoV|P0C6W2.170.BC1	32915
CoV|P0C6W2.170.BC2	27265
CoV|P0C6W2.171.BC1	9982
CoV|P0C6W2.171.BC2	13232
CoV|P0C6W2.172.BC1	6369
CoV|P0C6W2.172.BC2	5292
CoV|P0C6W2.173.BC1	44071
CoV|P0C6W2.173.BC2	47452
CoV|P0C6W2.174.BC1	32909
CoV|P0C6W2.174.BC2	21386
CoV|P0C6W2.175.BC1	21292
CoV|P0C6W2.175.BC2	16465
CoV|P0C6W2.176.BC1	25106
CoV|P0C6W2.176.BC2	29992
CoV|P0C6W2.177.BC1	34801
CoV|P0C6W2.177.BC2	15930
CoV|P0C6W2.178.BC1	3529
CoV|P0C6W2.178.BC2	14420
CoV|P0C6W2.179.BC1	22894
CoV|P0C6W2.179.BC2	33161
CoV|P0C6W2.18.BC1	613
CoV|P0C6W2.18.BC2	43253
CoV|P0C6W2.180.BC1	46077
CoV|P0C6W2.180.BC2	21320
CoV|P0C6W2.181.BC1	15300
CoV|P0C6W2.181.BC2	17742
CoV|P0C6W2.182.BC1	13171
CoV|P0C6W2.182.BC2	22115
CoV|P0C6W2.183.BC1	12158
CoV|P0C6W2.183.BC2	15186
CoV|P0C6W2.184.BC1	35587
CoV|P0C6W2.184.BC2	41144
CoV|P0C6W2.185.BC1	20122
CoV|P0C6W2.185.BC2	21935
CoV|P0C6W2.186.BC1	7808
CoV|P0C6W2.186.BC2	5482
CoV|P0C6W2.187.BC1	30343
CoV|P0C6W2.187.BC2	11006
CoV|P0C6W2.188.BC1	9164
CoV|P0C6W2.188.BC2	53914
CoV|P0C6W2.189.BC1	45556
CoV|P0C6W2.189.BC2	22523
CoV|P0C6W2.19.BC1	27709
CoV|P0C6W2.19.BC2	33078
CoV|P0C6W2.190.BC1	4080
CoV|P0C6W2.190.BC2	2142
CoV|P0C6W2.191.BC1	32537
CoV|P0C6W2.191.BC2	46265
CoV|P0C6W2.192.BC1	42053
CoV|P0C6W2.192.BC2	40195
CoV|P0C6W2.193.BC1	14063
CoV|P0C6W2.193.BC2	15144
CoV|P0C6W2.194.BC1	8102
CoV|P0C6W2.194.BC2	20163
CoV|P0C6W2.195.BC1	15812
CoV|P0C6W2.195.BC2	11837
CoV|P0C6W2.196.BC1	20901
CoV|P0C6W2.196.BC2	19709
CoV|P0C6W2.197.BC1	18956
CoV|P0C6W2.197.BC2	19461
CoV|P0C6W2.198.BC1	19947
CoV|P0C6W2.198.BC2	12665
CoV|P0C6W2.199.BC1	12893
CoV|P0C6W2.199.BC2	10315
CoV|P0C6W2.2.BC1	20001
CoV|P0C6W2.2.BC2	19196
CoV|P0C6W2.20.BC1	8896
CoV|P0C6W2.20.BC2	13283
CoV|P0C6W2.200.BC1	31065
CoV|P0C6W2.200.BC2	31346
CoV|P0C6W2.201.BC1	18004
CoV|P0C6W2.201.BC2	17211
CoV|P0C6W2.202.BC1	42952
CoV|P0C6W2.202.BC2	27917
CoV|P0C6W2.203.BC1	40581
CoV|P0C6W2.203.BC2	30535
CoV|P0C6W2.204.BC1	26740
CoV|P0C6W2.204.BC2	32355
CoV|P0C6W2.205.BC1	25312
CoV|P0C6W2.205.BC2	19172
CoV|P0C6W2.206.BC1	28210
CoV|P0C6W2.206.BC2	26735
CoV|P0C6W2.207.BC1	26145
CoV|P0C6W2.207.BC2	22074
CoV|P0C6W2.208.BC1	1308
CoV|P0C6W2.208.BC2	11328
CoV|P0C6W2.209.BC1	24024
CoV|P0C6W2.209.BC2	25738
CoV|P0C6W2.21.BC1	6486
CoV|P0C6W2.21.BC2	39791
CoV|P0C6W2.210.BC1	26842
CoV|P0C6W2.210.BC2	23878
CoV|P0C6W2.211.BC1	16093
CoV|P0C6W2.211.BC2	15452
CoV|P0C6W2.212.BC1	26106
CoV|P0C6W2.212.BC2	27609
CoV|P0C6W2.213.BC1	32233
CoV|P0C6W2.213.BC2	36600
CoV|P0C6W2.214.BC1	19175
CoV|P0C6W2.214.BC2	22158
CoV|P0C6W2.215.BC1	8972
CoV|P0C6W2.215.BC2	34154
CoV|P0C6W2.216.BC1	11062
CoV|P0C6W2.216.BC2	18013
CoV|P0C6W2.217.BC1	18470
CoV|P0C6W2.217.BC2	14443
CoV|P0C6W2.218.BC1	9433
CoV|P0C6W2.218.BC2	12360
CoV|P0C6W2.219.BC1	30761
CoV|P0C6W2.219.BC2	25614
CoV|P0C6W2.22.BC1	5244
CoV|P0C6W2.22.BC2	15164
CoV|P0C6W2.220.BC1	28111
CoV|P0C6W2.220.BC2	18208
CoV|P0C6W2.221.BC1	33534
CoV|P0C6W2.221.BC2	10818
CoV|P0C6W2.222.BC1	36506
CoV|P0C6W2.222.BC2	21337
CoV|P0C6W2.223.BC1	17079
CoV|P0C6W2.223.BC2	17674
CoV|P0C6W2.224.BC1	25812
CoV|P0C6W2.224.BC2	40502
CoV|P0C6W2.225.BC1	29471
CoV|P0C6W2.225.BC2	32756
CoV|P0C6W2.226.BC1	56996
CoV|P0C6W2.226.BC2	44696
CoV|P0C6W2.227.BC1	19600
CoV|P0C6W2.227.BC2	15392
CoV|P0C6W2.228.BC1	15989
CoV|P0C6W2.228.BC2	13088
CoV|P0C6W2.229.BC1	20316
CoV|P0C6W2.229.BC2	28435
CoV|P0C6W2.23.BC1	11200
CoV|P0C6W2.23.BC2	13388
CoV|P0C6W2.230.BC1	16209
CoV|P0C6W2.230.BC2	21365
CoV|P0C6W2.231.BC1	47453
CoV|P0C6W2.231.BC2	26876
CoV|P0C6W2.232.BC1	21211
CoV|P0C6W2.232.BC2	32303
CoV|P0C6W2.233.BC1	20179
CoV|P0C6W2.233.BC2	26619
CoV|P0C6W2.234.BC1	23435
CoV|P0C6W2.234.BC2	20342
CoV|P0C6W2.235.BC1	22097
CoV|P0C6W2.235.BC2	25381
CoV|P0C6W2.236.BC1	13632
CoV|P0C6W2.236.BC2	2971
CoV|P0C6W2.237.BC1	9640
CoV|P0C6W2.237.BC2	17691
CoV|P0C6W2.238.BC1	28909
CoV|P0C6W2.238.BC2	18025
CoV|P0C6W2.239.BC1	9946
CoV|P0C6W2.239.BC2	15955
CoV|P0C6W2.24.BC1	13493
CoV|P0C6W2.24.BC2	8916
CoV|P0C6W2.240.BC1	16547
CoV|P0C6W2.240.BC2	9147
CoV|P0C6W2.241.BC1	38441
CoV|P0C6W2.241.BC2	16680
CoV|P0C6W2.242.BC1	18305
CoV|P0C6W2.242.BC2	41669
CoV|P0C6W2.243.BC1	22092
CoV|P0C6W2.243.BC2	25774
CoV|P0C6W2.244.BC1	48287
CoV|P0C6W2.244.BC2	38853
CoV|P0C6W2.245.BC1	26921
CoV|P0C6W2.245.BC2	23913
CoV|P0C6W2.246.BC1	8253
CoV|P0C6W2.246.BC2	9497
CoV|P0C6W2.247.BC1	9511
CoV|P0C6W2.247.BC2	8431
CoV|P0C6W2.248.BC1	9108
CoV|P0C6W2.248.BC2	10268
CoV|P0C6W2.249.BC1	9654
CoV|P0C6W2.249.BC2	21948
CoV|P0C6W2.25.BC1	11995
CoV|P0C6W2.25.BC2	5181
CoV|P0C6W2.250.BC1	18575
CoV|P0C6W2.250.BC2	22114
CoV|P0C6W2.251.BC1	46294
CoV|P0C6W2.251.BC2	36483
CoV|P0C6W2.26.BC1	22673
CoV|P0C6W2.26.BC2	27972
CoV|P0C6W2.27.BC1	45804
CoV|P0C6W2.27.BC2	26859
CoV|P0C6W2.28.BC1	20396
CoV|P0C6W2.28.BC2	26201
CoV|P0C6W2.29.BC1	33681
CoV|P0C6W2.29.BC2	15709
CoV|P0C6W2.3.BC1	20126
CoV|P0C6W2.3.BC2	22152
CoV|P0C6W2.30.BC1	14410
CoV|P0C6W2.30.BC2	21011
CoV|P0C6W2.31.BC1	9605
CoV|P0C6W2.31.BC2	2296
CoV|P0C6W2.32.BC1	17230
CoV|P0C6W2.32.BC2	21292
CoV|P0C6W2.33.BC1	13070
CoV|P0C6W2.33.BC2	31709
CoV|P0C6W2.34.BC1	22303
CoV|P0C6W2.34.BC2	24335
CoV|P0C6W2.35.BC1	16502
CoV|P0C6W2.35.BC2	24161
CoV|P0C6W2.36.BC1	33375
CoV|P0C6W2.36.BC2	30005
CoV|P0C6W2.37.BC1	46293
CoV|P0C6W2.37.BC2	36130
CoV|P0C6W2.38.BC1	51392
CoV|P0C6W2.38.BC2	45419
CoV|P0C6W2.39.BC1	7811
CoV|P0C6W2.39.BC2	8211
CoV|P0C6W2.4.BC1	21388
CoV|P0C6W2.4.BC2	25107
CoV|P0C6W2.40.BC1	16922
CoV|P0C6W2.40.BC2	9226
CoV|P0C6W2.41.BC1	14496
CoV|P0C6W2.41.BC2	26948
CoV|P0C6W2.42.BC1	5181
CoV|P0C6W2.42.BC2	20326
CoV|P0C6W2.43.BC1	32164
CoV|P0C6W2.43.BC2	28609
CoV|P0C6W2.44.BC1	29607
CoV|P0C6W2.44.BC2	36047
CoV|P0C6W2.45.BC1	28981
CoV|P0C6W2.45.BC2	40791
CoV|P0C6W2.46.BC1	29372
CoV|P0C6W2.46.BC2	24559
CoV|P0C6W2.47.BC1	13179
CoV|P0C6W2.47.BC2	9658
CoV|P0C6W2.48.BC1	15018
CoV|P0C6W2.48.BC2	9392
CoV|P0C6W2.49.BC1	22263
CoV|P0C6W2.49.BC2	23971
CoV|P0C6W2.5.BC1	18672
CoV|P0C6W2.5.BC2	49850
CoV|P0C6W2.50.BC1	34808
CoV|P0C6W2.50.BC2	36632
CoV|P0C6W2.51.BC1	26034
CoV|P0C6W2.51.BC2	41902
CoV|P0C6W2.52.BC1	37670
CoV|P0C6W2.52.BC2	26686
CoV|P0C6W2.53.BC1	21647
CoV|P0C6W2.53.BC2	16263
CoV|P0C6W2.54.BC1	10847
CoV|P0C6W2.54.BC2	20791
CoV|P0C6W2.55.BC1	31875
CoV|P0C6W2.55.BC2	19624
CoV|P0C6W2.56.BC1	28714
CoV|P0C6W2.56.BC2	27509
CoV|P0C6W2.57.BC1	17049
CoV|P0C6W2.57.BC2	14149
CoV|P0C6W2.58.BC1	23594
CoV|P0C6W2.58.BC2	12402
CoV|P0C6W2.59.BC1	3132
CoV|P0C6W2.59.BC2	13116
CoV|P0C6W2.6.BC1	9093
CoV|P0C6W2.6.BC2	5391
CoV|P0C6W2.60.BC1	6565
CoV|P0C6W2.60.BC2	14839
CoV|P0C6W2.61.BC1	33525
CoV|P0C6W2.61.BC2	35434
CoV|P0C6W2.62.BC1	35467
CoV|P0C6W2.62.BC2	10586
CoV|P0C6W2.63.BC1	20523
CoV|P0C6W2.63.BC2	15492
CoV|P0C6W2.64.BC1	9321
CoV|P0C6W2.64.BC2	20622
CoV|P0C6W2.65.BC1	34806
CoV|P0C6W2.65.BC2	23894
CoV|P0C6W2.66.BC1	32044
CoV|P0C6W2.66.BC2	18528
CoV|P0C6W2.67.BC1	36130
CoV|P0C6W2.67.BC2	55738
CoV|P0C6W2.68.BC1	19755
CoV|P0C6W2.68.BC2	8804
CoV|P0C6W2.69.BC1	24533
CoV|P0C6W2.69.BC2	11189
CoV|P0C6W2.7.BC1	11293
CoV|P0C6W2.7.BC2	3919
CoV|P0C6W2.70.BC1	20373
CoV|P0C6W2.70.BC2	24755
CoV|P0C6W2.71.BC1	14936
CoV|P0C6W2.71.BC2	21037
CoV|P0C6W2.72.BC1	23843
CoV|P0C6W2.72.BC2	40051
CoV|P0C6W2.73.BC1	37062
CoV|P0C6W2.73.BC2	27215
CoV|P0C6W2.74.BC1	13437
CoV|P0C6W2.74.BC2	18417
CoV|P0C6W2.75.BC1	21159
CoV|P0C6W2.75.BC2	24236
CoV|P0C6W2.76.BC1	10912
CoV|P0C6W2.76.BC2	567
CoV|P0C6W2.77.BC1	15158
CoV|P0C6W2.77.BC2	9994
CoV|P0C6W2.78.BC1	39864
CoV|P0C6W2.78.BC2	33806
CoV|P0C6W2.79.BC1	17322
CoV|P0C6W2.79.BC2	27514
CoV|P0C6W2.8.BC1	13409
CoV|P0C6W2.8.BC2	30950
CoV|P0C6W2.80.BC1	11957
CoV|P0C6W2.80.BC2	18160
CoV|P0C6W2.81.BC1	16880
CoV|P0C6W2.81.BC2	37621
CoV|P0C6W2.82.BC1	11832
CoV|P0C6W2.82.BC2	13117
CoV|P0C6W2.83.BC1	13638
CoV|P0C6W2.83.BC2	46121
CoV|P0C6W2.84.BC1	21563
CoV|P0C6W2.84.BC2	9551
CoV|P0C6W2.85.BC1	49394
CoV|P0C6W2.85.BC2	16223
CoV|P0C6W2.86.BC1	40896
CoV|P0C6W2.86.BC2	10887
CoV|P0C6W2.87.BC1	19302
CoV|P0C6W2.87.BC2	18248
CoV|P0C6W2.88.BC1	22613
CoV|P0C6W2.88.BC2	34294
CoV|P0C6W2.89.BC1	27136
CoV|P0C6W2.89.BC2	21103
CoV|P0C6W2.9.BC1	22234
CoV|P0C6W2.9.BC2	19801
CoV|P0C6W2.90.BC1	28515
CoV|P0C6W2.90.BC2	19646
CoV|P0C6W2.91.BC1	14009
CoV|P0C6W2.91.BC2	9887
CoV|P0C6W2.92.BC1	29472
CoV|P0C6W2.92.BC2	32157
CoV|P0C6W2.93.BC1	26965
CoV|P0C6W2.93.BC2	30390
CoV|P0C6W2.94.BC1	17168
CoV|P0C6W2.94.BC2	34262
CoV|P0C6W2.95.BC1	18219
CoV|P0C6W2.95.BC2	44479
CoV|P0C6W2.96.BC1	11945
CoV|P0C6W2.96.BC2	4351
CoV|P0C6W2.97.BC1	21292
CoV|P0C6W2.97.BC2	22517
CoV|P0C6W2.98.BC1	22624
CoV|P0C6W2.98.BC2	33115
CoV|P0C6W2.99.BC1	21219
CoV|P0C6W2.99.BC2	40574
CoV|P0C6W6.155.BC1	46615
CoV|P0C6W6.155.BC2	39341
CoV|P0C6W6.156.BC1	24467
CoV|P0C6W6.156.BC2	13301
CoV|P0C6W6.157.BC1	18619
CoV|P0C6W6.157.BC2	23272
CoV|P0C6W6.158.BC1	22582
CoV|P0C6W6.158.BC2	19259
CoV|P0C6W6.159.BC1	27834
CoV|P0C6W6.159.BC2	25319
CoV|P0C6W6.160.BC1	4500
CoV|P0C6W6.160.BC2	19228
CoV|P0C6W6.161.BC1	15621
CoV|P0C6W6.161.BC2	22005
CoV|P0C6W6.162.BC1	23523
CoV|P0C6W6.162.BC2	7028
CoV|P0C6W6.163.BC1	16698
CoV|P0C6W6.163.BC2	10038
CoV|P0C6W6.164.BC1	23990
CoV|P0C6W6.164.BC2	18472
CoV|P0C6W6.165.BC1	25259
CoV|P0C6W6.165.BC2	13361
CoV|P0C6W6.166.BC1	15293
CoV|P0C6W6.166.BC2	10336
CoV|P0C6W6.167.BC1	18285
CoV|P0C6W6.167.BC2	26803
CoV|P0C6W6.168.BC1	22644
CoV|P0C6W6.168.BC2	21651
CoV|P0C6W6.169.BC1	13820
CoV|P0C6W6.169.BC2	28384
CoV|P0C6W6.170.BC1	20016
CoV|P0C6W6.170.BC2	9180
CoV|P0C6W6.171.BC1	27671
CoV|P0C6W6.171.BC2	18562
CoV|P0C6W6.172.BC1	11010
CoV|P0C6W6.172.BC2	7458
CoV|P0C6W6.173.BC1	31139
CoV|P0C6W6.173.BC2	32254
CoV|P0C6W6.174.BC1	16784
CoV|P0C6W6.174.BC2	32503
CoV|P0C6W6.175.BC1	10920
CoV|P0C6W6.175.BC2	9063
CoV|P0C6W6.176.BC1	14948
CoV|P0C6W6.176.BC2	21936
CoV|P0C6W6.177.BC1	41175
CoV|P0C6W6.177.BC2	22988
CoV|P0C6W6.178.BC1	9567
CoV|P0C6W6.178.BC2	16271
CoV|P0C6W6.179.BC1	10287
CoV|P0C6W6.179.BC2	15934
CoV|P0C6W6.180.BC1	72279
CoV|P0C6W6.180.BC2	41770
CoV|P0C6W6.181.BC1	15758
CoV|P0C6W6.181.BC2	25400
CoV|P0C6W6.182.BC1	8847
CoV|P0C6W6.182.BC2	12502
CoV|P0C6W6.183.BC1	24687
CoV|P0C6W6.183.BC2	9319
CoV|P0C6W6.184.BC1	23873
CoV|P0C6W6.184.BC2	29643
CoV|P0C6W6.185.BC1	46548
CoV|P0C6W6.185.BC2	40106
CoV|P0C6W6.186.BC1	13321
CoV|P0C6W6.186.BC2	9509
CoV|P0C6W6.187.BC1	9798
CoV|P0C6W6.187.BC2	11115
CoV|P0C6W6.188.BC1	26495
CoV|P0C6W6.188.BC2	9333
CoV|P0C6W6.189.BC1	27244
CoV|P0C6W6.189.BC2	29780
CoV|P0C6W6.190.BC1	25573
CoV|P0C6W6.190.BC2	34190
CoV|P0C6W6.191.BC1	33072
CoV|P0C6W6.191.BC2	47886
CoV|P0C6W6.192.BC1	24671
CoV|P0C6W6.192.BC2	23893
CoV|P0C6W6.193.BC1	14572
CoV|P0C6W6.193.BC2	20390
CoV|P0C6W6.194.BC1	30998
CoV|P0C6W6.194.BC2	27349
CoV|P0C6W6.195.BC1	12434
CoV|P0C6W6.195.BC2	10543
CoV|P0C6W6.196.BC1	21612
CoV|P0C6W6.196.BC2	18673
CoV|P0C6W6.197.BC1	18994
CoV|P0C6W6.197.BC2	17851
CoV|P0C6W6.198.BC1	18270
CoV|P0C6W6.198.BC2	35410
CoV|P0C6W6.199.BC1	19956
CoV|P0C6W6.199.BC2	9277
CoV|P0C6W6.200.BC1	40399
CoV|P0C6W6.200.BC2	31921
CoV|P0C6W6.201.BC1	21439
CoV|P0C6W6.201.BC2	24260
CoV|P0C6W6.202.BC1	34992
CoV|P0C6W6.202.BC2	39199
CoV|P0C6W6.203.BC1	42126
CoV|P0C6W6.203.BC2	25185
CoV|P0C6W6.204.BC1	22853
CoV|P0C6W6.204.BC2	18728
CoV|P0C6W6.205.BC1	33111
CoV|P0C6W6.205.BC2	28835
CoV|P0C6W6.206.BC1	16953
CoV|P0C6W6.206.BC2	40808
CoV|P0C6W6.207.BC1	33101
CoV|P0C6W6.207.BC2	15144
CoV|P0C6W6.208.BC1	12604
CoV|P0C6W6.208.BC2	14093
CoV|P0C6W6.209.BC1	16968
CoV|P0C6W6.209.BC2	21537
CoV|P0C6W6.210.BC1	27034
CoV|P0C6W6.210.BC2	25783
CoV|P0C6W6.211.BC1	17988
CoV|P0C6W6.211.BC2	17188
CoV|P0C6W6.212.BC1	15374
CoV|P0C6W6.212.BC2	36817
CoV|P0C6W6.213.BC1	15809
CoV|P0C6W6.213.BC2	25075
CoV|P0C6W6.214.BC1	23819
CoV|P0C6W6.214.BC2	13285
CoV|P0C6W6.215.BC1	26714
CoV|P0C6W6.215.BC2	9858
CoV|P0C6W6.216.BC1	14009
CoV|P0C6W6.216.BC2	13895
CoV|P0C6W6.217.BC1	13436
CoV|P0C6W6.217.BC2	29203
CoV|P0C6W6.218.BC1	39595
CoV|P0C6W6.218.BC2	11981
CoV|P0C6W6.219.BC1	32729
CoV|P0C6W6.219.BC2	31490
CoV|P0C6W6.220.BC1	19778
CoV|P0C6W6.220.BC2	26241
CoV|P0C6W6.221.BC1	28673
CoV|P0C6W6.221.BC2	21314
CoV|P0C6W6.222.BC1	27160
CoV|P0C6W6.222.BC2	19000
CoV|P0C6W6.223.BC1	18864
CoV|P0C6W6.223.BC2	16592
CoV|P0C6W6.224.BC1	39127
CoV|P0C6W6.224.BC2	18153
CoV|P0C6W6.225.BC1	27186
CoV|P0C6W6.225.BC2	25806
CoV|P0C6W6.226.BC1	36209
CoV|P0C6W6.226.BC2	33464
CoV|P0C6W6.227.BC1	15331
CoV|P0C6W6.227.BC2	7666
CoV|P0C6W6.228.BC1	7625
CoV|P0C6W6.228.BC2	10377
CoV|P0C6W6.229.BC1	25407
CoV|P0C6W6.229.BC2	27147
CoV|P0C6W6.230.BC1	30728
CoV|P0C6W6.230.BC2	34957
CoV|P0C6W6.231.BC1	29030
CoV|P0C6W6.231.BC2	41970
CoV|P0C6W6.232.BC1	27427
CoV|P0C6W6.232.BC2	34396
CoV|P0C6W6.233.BC1	48490
CoV|P0C6W6.233.BC2	38312
CoV|P0C6W6.234.BC1	17283
CoV|P0C6W6.234.BC2	27286
CoV|P0C6W6.235.BC1	34542
CoV|P0C6W6.235.BC2	2368
CoV|P0C6W6.236.BC1	3401
CoV|P0C6W6.236.BC2	10713
CoV|P0C6W6.237.BC1	4188
CoV|P0C6W6.237.BC2	7688
CoV|P0C6W6.238.BC1	33273
CoV|P0C6W6.238.BC2	21957
CoV|P0C6W6.239.BC1	12562
CoV|P0C6W6.239.BC2	17956
CoV|P0C6W6.240.BC1	11042
CoV|P0C6W6.240.BC2	12520
CoV|P0C6W6.241.BC1	14712
CoV|P0C6W6.241.BC2	12999
CoV|P0C6W6.242.BC1	6593
CoV|P0C6W6.242.BC2	7927
CoV|P0C6W6.243.BC1	19020
CoV|P0C6W6.243.BC2	44754
CoV|P0C6W6.244.BC1	48358
CoV|P0C6W6.244.BC2	44471
CoV|P0C6W6.245.BC1	20915
CoV|P0C6W6.245.BC2	23165
CoV|P0C6W6.246.BC1	18337
CoV|P0C6W6.246.BC2	4400
CoV|P0C6W6.247.BC1	15218
CoV|P0C6W6.247.BC2	15420
CoV|P0C6W6.248.BC1	7557
CoV|P0C6W6.248.BC2	9972
CoV|P0C6W6.249.BC1	21468
CoV|P0C6W6.249.BC2	15519
CoV|P0C6W6.250.BC1	28413
CoV|P0C6W6.250.BC2	11101
CoV|P0C6X1.144.BC1	28532
CoV|P0C6X1.144.BC2	51955
CoV|P0C6X1.145.BC1	17072
CoV|P0C6X1.145.BC2	17604
CoV|P0C6X1.146.BC1	24602
CoV|P0C6X1.146.BC2	4072
CoV|P0C6X1.147.BC1	13855
CoV|P0C6X1.147.BC2	2381
CoV|P0C6X1.148.BC1	31001
CoV|P0C6X1.148.BC2	25605
CoV|P0C6X1.149.BC1	10094
CoV|P0C6X1.149.BC2	12163
CoV|P0C6X1.150.BC1	11534
CoV|P0C6X1.150.BC2	11400
CoV|P0C6X1.151.BC1	8847
CoV|P0C6X1.151.BC2	15524
CoV|P0C6X1.152.BC1	17905
CoV|P0C6X1.152.BC2	34026
CoV|P0C6X1.153.BC1	16925
CoV|P0C6X1.153.BC2	24056
CoV|P0C6X1.154.BC1	19250
CoV|P0C6X1.154.BC2	15296
CoV|P0C6X1.155.BC1	36893
CoV|P0C6X1.155.BC2	37434
CoV|P0C6X1.156.BC1	15501
CoV|P0C6X1.156.BC2	13139
CoV|P0C6X1.157.BC1	17201
CoV|P0C6X1.157.BC2	9042
CoV|P0C6X1.158.BC1	23213
CoV|P0C6X1.158.BC2	17345
CoV|P0C6X1.159.BC1	18709
CoV|P0C6X1.159.BC2	16700
CoV|P0C6X1.160.BC1	28158
CoV|P0C6X1.160.BC2	15615
CoV|P0C6X1.161.BC1	20289
CoV|P0C6X1.161.BC2	14921
CoV|P0C6X1.162.BC1	15350
CoV|P0C6X1.162.BC2	27555
CoV|P0C6X1.163.BC1	27781
CoV|P0C6X1.163.BC2	24551
CoV|P0C6X1.164.BC1	40339
CoV|P0C6X1.164.BC2	33567
CoV|P0C6X1.165.BC1	22927
CoV|P0C6X1.165.BC2	29014
CoV|P0C6X1.166.BC1	33629
CoV|P0C6X1.166.BC2	22409
CoV|P0C6X1.167.BC1	29125
CoV|P0C6X1.167.BC2	21301
CoV|P0C6X1.168.BC1	9573
CoV|P0C6X1.168.BC2	15688
CoV|P0C6X1.169.BC1	16796
CoV|P0C6X1.169.BC2	13057
CoV|P0C6X1.170.BC1	8494
CoV|P0C6X1.170.BC2	16797
CoV|P0C6X1.171.BC1	16368
CoV|P0C6X1.171.BC2	34801
CoV|P0C6X1.172.BC1	22040
CoV|P0C6X1.172.BC2	14498
CoV|P0C6X1.173.BC1	16800
CoV|P0C6X1.173.BC2	10545
CoV|P0C6X1.174.BC1	15536
CoV|P0C6X1.174.BC2	25826
CoV|P0C6X1.175.BC1	5452
CoV|P0C6X1.175.BC2	13929
CoV|P0C6X1.176.BC1	5290
CoV|P0C6X1.176.BC2	7758
CoV|P0C6X1.177.BC1	13296
CoV|P0C6X1.177.BC2	11807
CoV|P0C6X1.178.BC1	10914
CoV|P0C6X1.178.BC2	23831
CoV|P0C6X1.179.BC1	8768
CoV|P0C6X1.179.BC2	18334
CoV|P0C6X1.180.BC1	36484
CoV|P0C6X1.180.BC2	54434
CoV|P0C6X1.181.BC1	38337
CoV|P0C6X1.181.BC2	33831
CoV|P0C6X1.182.BC1	27456
CoV|P0C6X1.182.BC2	22433
CoV|P0C6X1.183.BC1	19653
CoV|P0C6X1.183.BC2	22591
CoV|P0C6X1.184.BC1	21476
CoV|P0C6X1.184.BC2	23903
CoV|P0C6X1.185.BC1	15540
CoV|P0C6X1.185.BC2	23390
CoV|P0C6X1.186.BC1	13630
CoV|P0C6X1.186.BC2	878
CoV|P0C6X1.187.BC1	32070
CoV|P0C6X1.187.BC2	21881
CoV|P0C6X1.188.BC1	29548
CoV|P0C6X1.188.BC2	22624
CoV|P0C6X1.189.BC1	30668
CoV|P0C6X1.189.BC2	14981
CoV|P0C6X1.190.BC1	46982
CoV|P0C6X1.190.BC2	20568
CoV|P0C6X1.191.BC1	24234
CoV|P0C6X1.191.BC2	23271
CoV|P0C6X1.192.BC1	22602
CoV|P0C6X1.192.BC2	45994
CoV|P0C6X1.193.BC1	18163
CoV|P0C6X1.193.BC2	30671
CoV|P0C6X1.194.BC1	16181
CoV|P0C6X1.194.BC2	21198
CoV|P0C6X1.195.BC1	26077
CoV|P0C6X1.195.BC2	20511
CoV|P0C6X1.196.BC1	26837
CoV|P0C6X1.196.BC2	26635
CoV|P0C6X1.197.BC1	24291
CoV|P0C6X1.197.BC2	28716
CoV|P0C6X1.198.BC1	29203
CoV|P0C6X1.198.BC2	35320
CoV|P0C6X1.199.BC1	36129
CoV|P0C6X1.199.BC2	50493
CoV|P0C6X1.200.BC1	28649
CoV|P0C6X1.200.BC2	39501
CoV|P0C6X1.201.BC1	53331
CoV|P0C6X1.201.BC2	33737
CoV|P0C6X1.202.BC1	51200
CoV|P0C6X1.202.BC2	29696
CoV|P0C6X1.203.BC1	30856
CoV|P0C6X1.203.BC2	38836
CoV|P0C6X1.204.BC1	38566
CoV|P0C6X1.204.BC2	10807
CoV|P0C6X1.205.BC1	18775
CoV|P0C6X1.205.BC2	23484
CoV|P0C6X1.206.BC1	10871
CoV|P0C6X1.206.BC2	20429
CoV|P0C6X1.207.BC1	22793
CoV|P0C6X1.207.BC2	32934
CoV|P0C6X1.208.BC1	20181
CoV|P0C6X1.208.BC2	23174
CoV|P0C6X1.209.BC1	32658
CoV|P0C6X1.209.BC2	11186
CoV|P0C6X1.210.BC1	48357
CoV|P0C6X1.210.BC2	19311
CoV|P0C6X1.211.BC1	32308
CoV|P0C6X1.211.BC2	25284
CoV|P0C6X1.212.BC1	17842
CoV|P0C6X1.212.BC2	27153
CoV|P0C6X1.213.BC1	14866
CoV|P0C6X1.213.BC2	23699
CoV|P0C6X1.214.BC1	50298
CoV|P0C6X1.214.BC2	60458
CoV|P0C6X1.215.BC1	40198
CoV|P0C6X1.215.BC2	21967
CoV|P0C6X1.216.BC1	10445
CoV|P0C6X1.216.BC2	19235
CoV|P0C6X1.217.BC1	10622
CoV|P0C6X1.217.BC2	14685
CoV|P0C6X1.218.BC1	35517
CoV|P0C6X1.218.BC2	33266
CoV|P0C6X1.219.BC1	25361
CoV|P0C6X1.219.BC2	35279
CoV|P0C6X1.220.BC1	23693
CoV|P0C6X1.220.BC2	22779
CoV|P0C6X1.221.BC1	28652
CoV|P0C6X1.221.BC2	25682
CoV|P0C6X1.222.BC1	23161
CoV|P0C6X1.222.BC2	27083
CoV|P0C6X1.223.BC1	24670
CoV|P0C6X1.223.BC2	35376
CoV|P0C6X1.224.BC1	31001
CoV|P0C6X1.224.BC2	33954
CoV|P0C6X1.225.BC1	18281
CoV|P0C6X1.225.BC2	28311
CoV|P0C6X1.226.BC1	10836
CoV|P0C6X1.226.BC2	19617
CoV|P0C6X1.227.BC1	9984
CoV|P0C6X1.227.BC2	14976
CoV|P0C6X1.228.BC1	5485
CoV|P0C6X1.228.BC2	6271
CoV|P0C6X1.229.BC1	12935
CoV|P0C6X1.229.BC2	10476
CoV|P0C6X1.230.BC1	11868
CoV|P0C6X1.230.BC2	19797
CoV|P0C6X1.231.BC1	21031
CoV|P0C6X1.231.BC2	33412
CoV|P0C6X1.232.BC1	47598
CoV|P0C6X1.232.BC2	41029
CoV|P0C6X1.233.BC1	36419
CoV|P0C6X1.233.BC2	23871
CoV|P0C6X1.234.BC1	38012
CoV|P0C6X1.234.BC2	37792
CoV|P0C6X1.235.BC1	1739
CoV|P0C6X1.235.BC2	3308
CoV|P0C6X1.236.BC1	257
CoV|P0C6X1.236.BC2	9942
CoV|P0C6X1.237.BC1	16574
CoV|P0C6X1.237.BC2	19504
CoV|P0C6X1.238.BC1	8189
CoV|P0C6X1.238.BC2	17003
CoV|P0C6X1.239.BC1	27338
CoV|P0C6X1.239.BC2	10047
CoV|P0C6X1.240.BC1	14928
CoV|P0C6X1.240.BC2	28907
CoV|P0C6X3.0.BC1	46608
CoV|P0C6X3.0.BC2	37037
CoV|P0C6X3.1.BC1	19263
CoV|P0C6X3.1.BC2	28911
CoV|P0C6X3.10.BC1	8131
CoV|P0C6X3.10.BC2	8515
CoV|P0C6X3.100.BC1	491
CoV|P0C6X3.100.BC2	16997
CoV|P0C6X3.101.BC1	31551
CoV|P0C6X3.101.BC2	5135
CoV|P0C6X3.102.BC1	9959
CoV|P0C6X3.102.BC2	20767
CoV|P0C6X3.103.BC1	3243
CoV|P0C6X3.103.BC2	23716
CoV|P0C6X3.104.BC1	20943
CoV|P0C6X3.104.BC2	13046
CoV|P0C6X3.105.BC1	23982
CoV|P0C6X3.105.BC2	31956
CoV|P0C6X3.106.BC1	23320
CoV|P0C6X3.106.BC2	52421
CoV|P0C6X3.107.BC1	20716
CoV|P0C6X3.107.BC2	1
CoV|P0C6X3.108.BC1	3097
CoV|P0C6X3.108.BC2	806
CoV|P0C6X3.109.BC1	628
CoV|P0C6X3.109.BC2	4659
CoV|P0C6X3.11.BC1	17387
CoV|P0C6X3.11.BC2	15141
CoV|P0C6X3.110.BC1	33627
CoV|P0C6X3.110.BC2	32294
CoV|P0C6X3.111.BC1	18477
CoV|P0C6X3.111.BC2	35930
CoV|P0C6X3.112.BC1	40087
CoV|P0C6X3.112.BC2	32728
CoV|P0C6X3.113.BC1	25824
CoV|P0C6X3.113.BC2	16070
CoV|P0C6X3.114.BC1	21056
CoV|P0C6X3.114.BC2	10249
CoV|P0C6X3.115.BC1	29973
CoV|P0C6X3.115.BC2	31686
CoV|P0C6X3.116.BC1	29103
CoV|P0C6X3.116.BC2	12175
CoV|P0C6X3.117.BC1	50170
CoV|P0C6X3.117.BC2	34315
CoV|P0C6X3.118.BC1	37142
CoV|P0C6X3.118.BC2	8456
CoV|P0C6X3.119.BC1	16679
CoV|P0C6X3.119.BC2	16139
CoV|P0C6X3.12.BC1	34877
CoV|P0C6X3.12.BC2	28022
CoV|P0C6X3.120.BC1	15173
CoV|P0C6X3.120.BC2	20687
CoV|P0C6X3.121.BC1	5713
CoV|P0C6X3.121.BC2	1107
CoV|P0C6X3.122.BC1	16183
CoV|P0C6X3.122.BC2	8027
CoV|P0C6X3.123.BC1	30010
CoV|P0C6X3.123.BC2	23867
CoV|P0C6X3.124.BC1	16877
CoV|P0C6X3.124.BC2	27720
CoV|P0C6X3.125.BC1	12030
CoV|P0C6X3.125.BC2	20955
CoV|P0C6X3.126.BC1	18098
CoV|P0C6X3.126.BC2	7245
CoV|P0C6X3.127.BC1	5508
CoV|P0C6X3.127.BC2	11892
CoV|P0C6X3.128.BC1	24192
CoV|P0C6X3.128.BC2	22641
CoV|P0C6X3.129.BC1	36475
CoV|P0C6X3.129.BC2	45276
CoV|P0C6X3.13.BC1	21580
CoV|P0C6X3.13.BC2	18419
CoV|P0C6X3.130.BC1	32620
CoV|P0C6X3.130.BC2	17440
CoV|P0C6X3.131.BC1	43356
CoV|P0C6X3.131.BC2	32700
CoV|P0C6X3.132.BC1	24714
CoV|P0C6X3.132.BC2	27341
CoV|P0C6X3.133.BC1	46150
CoV|P0C6X3.133.BC2	29201
CoV|P0C6X3.134.BC1	22475
CoV|P0C6X3.134.BC2	13122
CoV|P0C6X3.135.BC1	16855
CoV|P0C6X3.135.BC2	22698
CoV|P0C6X3.136.BC1	1395
CoV|P0C6X3.136.BC2	27200
CoV|P0C6X3.137.BC1	15253
CoV|P0C6X3.137.BC2	15960
CoV|P0C6X3.138.BC1	13698
CoV|P0C6X3.138.BC2	15151
CoV|P0C6X3.139.BC1	26326
CoV|P0C6X3.139.BC2	2347
CoV|P0C6X3.14.BC1	28521
CoV|P0C6X3.14.BC2	23315
CoV|P0C6X3.140.BC1	11932
CoV|P0C6X3.140.BC2	19628
CoV|P0C6X3.141.BC1	4732
CoV|P0C6X3.141.BC2	13569
CoV|P0C6X3.142.BC1	22966
CoV|P0C6X3.142.BC2	29266
CoV|P0C6X3.143.BC1	46386
CoV|P0C6X3.143.BC2	18207
CoV|P0C6X3.144.BC1	9534
CoV|P0C6X3.144.BC2	16808
CoV|P0C6X3.145.BC1	11433
CoV|P0C6X3.145.BC2	12258
CoV|P0C6X3.146.BC1	10069
CoV|P0C6X3.146.BC2	24137
CoV|P0C6X3.147.BC1	7072
CoV|P0C6X3.147.BC2	15622
CoV|P0C6X3.148.BC1	18555
CoV|P0C6X3.148.BC2	20921
CoV|P0C6X3.149.BC1	40248
CoV|P0C6X3.149.BC2	35979
CoV|P0C6X3.15.BC1	22130
CoV|P0C6X3.15.BC2	15542
CoV|P0C6X3.150.BC1	11796
CoV|P0C6X3.150.BC2	32399
CoV|P0C6X3.151.BC1	5033
CoV|P0C6X3.151.BC2	16569
CoV|P0C6X3.152.BC1	16887
CoV|P0C6X3.152.BC2	15457
CoV|P0C6X3.153.BC1	15811
CoV|P0C6X3.153.BC2	20981
CoV|P0C6X3.154.BC1	10956
CoV|P0C6X3.154.BC2	16564
CoV|P0C6X3.155.BC1	12931
CoV|P0C6X3.155.BC2	12188
CoV|P0C6X3.156.BC1	13881
CoV|P0C6X3.156.BC2	23960
CoV|P0C6X3.157.BC1	46693
CoV|P0C6X3.157.BC2	38051
CoV|P0C6X3.158.BC1	20630
CoV|P0C6X3.158.BC2	27428
CoV|P0C6X3.159.BC1	10328
CoV|P0C6X3.159.BC2	12227
CoV|P0C6X3.16.BC1	19760
CoV|P0C6X3.16.BC2	30484
CoV|P0C6X3.160.BC1	25892
CoV|P0C6X3.160.BC2	30059
CoV|P0C6X3.161.BC1	32573
CoV|P0C6X3.161.BC2	22261
CoV|P0C6X3.162.BC1	20510
CoV|P0C6X3.162.BC2	17112
CoV|P0C6X3.163.BC1	26139
CoV|P0C6X3.163.BC2	14091
CoV|P0C6X3.164.BC1	11416
CoV|P0C6X3.164.BC2	13526
CoV|P0C6X3.165.BC1	23398
CoV|P0C6X3.165.BC2	6852
CoV|P0C6X3.166.BC1	18588
CoV|P0C6X3.166.BC2	2417
CoV|P0C6X3.167.BC1	29650
CoV|P0C6X3.167.BC2	13842
CoV|P0C6X3.168.BC1	21113
CoV|P0C6X3.168.BC2	22141
CoV|P0C6X3.169.BC1	22899
CoV|P0C6X3.169.BC2	11076
CoV|P0C6X3.17.BC1	7519
CoV|P0C6X3.17.BC2	16148
CoV|P0C6X3.170.BC1	25612
CoV|P0C6X3.170.BC2	26569
CoV|P0C6X3.171.BC1	3376
CoV|P0C6X3.171.BC2	11383
CoV|P0C6X3.172.BC1	10768
CoV|P0C6X3.172.BC2	23447
CoV|P0C6X3.173.BC1	4680
CoV|P0C6X3.173.BC2	11544
CoV|P0C6X3.174.BC1	22937
CoV|P0C6X3.174.BC2	8652
CoV|P0C6X3.175.BC1	16435
CoV|P0C6X3.175.BC2	33056
CoV|P0C6X3.176.BC1	32674
CoV|P0C6X3.176.BC2	32402
CoV|P0C6X3.177.BC1	25461
CoV|P0C6X3.177.BC2	33786
CoV|P0C6X3.178.BC1	20134
CoV|P0C6X3.178.BC2	20688
CoV|P0C6X3.179.BC1	17774
CoV|P0C6X3.179.BC2	28852
CoV|P0C6X3.18.BC1	20128
CoV|P0C6X3.18.BC2	28664
CoV|P0C6X3.180.BC1	11329
CoV|P0C6X3.180.BC2	6774
CoV|P0C6X3.181.BC1	18108
CoV|P0C6X3.181.BC2	13394
CoV|P0C6X3.182.BC1	23660
CoV|P0C6X3.182.BC2	23623
CoV|P0C6X3.183.BC1	6021
CoV|P0C6X3.183.BC2	7500
CoV|P0C6X3.184.BC1	24928
CoV|P0C6X3.184.BC2	14132
CoV|P0C6X3.185.BC1	7883
CoV|P0C6X3.185.BC2	7705
CoV|P0C6X3.186.BC1	11773
CoV|P0C6X3.186.BC2	13988
CoV|P0C6X3.187.BC1	25298
CoV|P0C6X3.187.BC2	25432
CoV|P0C6X3.188.BC1	2070
CoV|P0C6X3.188.BC2	6029
CoV|P0C6X3.189.BC1	9136
CoV|P0C6X3.189.BC2	10975
CoV|P0C6X3.19.BC1	22114
CoV|P0C6X3.19.BC2	13101
CoV|P0C6X3.190.BC1	20030
CoV|P0C6X3.190.BC2	36678
CoV|P0C6X3.191.BC1	12141
CoV|P0C6X3.191.BC2	26037
CoV|P0C6X3.192.BC1	35940
CoV|P0C6X3.192.BC2	21667
CoV|P0C6X3.193.BC1	17867
CoV|P0C6X3.193.BC2	9545
CoV|P0C6X3.194.BC1	14388
CoV|P0C6X3.194.BC2	6291
CoV|P0C6X3.195.BC1	24883
CoV|P0C6X3.195.BC2	27795
CoV|P0C6X3.196.BC1	25365
CoV|P0C6X3.196.BC2	19971
CoV|P0C6X3.197.BC1	9941
CoV|P0C6X3.197.BC2	9343
CoV|P0C6X3.198.BC1	7612
CoV|P0C6X3.198.BC2	12144
CoV|P0C6X3.199.BC1	18741
CoV|P0C6X3.199.BC2	17188
CoV|P0C6X3.2.BC1	21151
CoV|P0C6X3.2.BC2	19098
CoV|P0C6X3.20.BC1	35767
CoV|P0C6X3.20.BC2	22179
CoV|P0C6X3.200.BC1	8608
CoV|P0C6X3.200.BC2	12321
CoV|P0C6X3.201.BC1	11589
CoV|P0C6X3.201.BC2	18086
CoV|P0C6X3.202.BC1	49225
CoV|P0C6X3.202.BC2	30165
CoV|P0C6X3.203.BC1	8955
CoV|P0C6X3.203.BC2	9099
CoV|P0C6X3.204.BC1	31327
CoV|P0C6X3.204.BC2	21446
CoV|P0C6X3.205.BC1	29913
CoV|P0C6X3.205.BC2	40724
CoV|P0C6X3.206.BC1	12893
CoV|P0C6X3.206.BC2	13740
CoV|P0C6X3.207.BC1	15596
CoV|P0C6X3.207.BC2	14347
CoV|P0C6X3.208.BC1	11881
CoV|P0C6X3.208.BC2	11258
CoV|P0C6X3.209.BC1	22617
CoV|P0C6X3.209.BC2	12388
CoV|P0C6X3.21.BC1	20038
CoV|P0C6X3.21.BC2	38452
CoV|P0C6X3.210.BC1	9163
CoV|P0C6X3.210.BC2	14207
CoV|P0C6X3.211.BC1	22966
CoV|P0C6X3.211.BC2	798
CoV|P0C6X3.212.BC1	13741
CoV|P0C6X3.212.BC2	22587
CoV|P0C6X3.213.BC1	24620
CoV|P0C6X3.213.BC2	36370
CoV|P0C6X3.214.BC1	23762
CoV|P0C6X3.214.BC2	26757
CoV|P0C6X3.215.BC1	14418
CoV|P0C6X3.215.BC2	18583
CoV|P0C6X3.216.BC1	18777
CoV|P0C6X3.216.BC2	19235
CoV|P0C6X3.217.BC1	27982
CoV|P0C6X3.217.BC2	17539
CoV|P0C6X3.218.BC1	7722
CoV|P0C6X3.218.BC2	17809
CoV|P0C6X3.219.BC1	11553
CoV|P0C6X3.219.BC2	13336
CoV|P0C6X3.22.BC1	31070
CoV|P0C6X3.22.BC2	20488
CoV|P0C6X3.220.BC1	35995
CoV|P0C6X3.220.BC2	26080
CoV|P0C6X3.221.BC1	20875
CoV|P0C6X3.221.BC2	25508
CoV|P0C6X3.222.BC1	2066
CoV|P0C6X3.222.BC2	16556
CoV|P0C6X3.223.BC1	37696
CoV|P0C6X3.223.BC2	11533
CoV|P0C6X3.224.BC1	33361
CoV|P0C6X3.224.BC2	70848
CoV|P0C6X3.225.BC1	21380
CoV|P0C6X3.225.BC2	22366
CoV|P0C6X3.226.BC1	46590
CoV|P0C6X3.226.BC2	20239
CoV|P0C6X3.227.BC1	36579
CoV|P0C6X3.227.BC2	68159
CoV|P0C6X3.228.BC1	49051
CoV|P0C6X3.228.BC2	46032
CoV|P0C6X3.229.BC1	14824
CoV|P0C6X3.229.BC2	12592
CoV|P0C6X3.23.BC1	10375
CoV|P0C6X3.23.BC2	34826
CoV|P0C6X3.230.BC1	16326
CoV|P0C6X3.230.BC2	3878
CoV|P0C6X3.231.BC1	6551
CoV|P0C6X3.231.BC2	6439
CoV|P0C6X3.232.BC1	13718
CoV|P0C6X3.232.BC2	15265
CoV|P0C6X3.233.BC1	2472
CoV|P0C6X3.233.BC2	3138
CoV|P0C6X3.234.BC1	14308
CoV|P0C6X3.234.BC2	8868
CoV|P0C6X3.235.BC1	29518
CoV|P0C6X3.235.BC2	34456
CoV|P0C6X3.236.BC1	25081
CoV|P0C6X3.236.BC2	25411
CoV|P0C6X3.237.BC1	21566
CoV|P0C6X3.237.BC2	12503
CoV|P0C6X3.238.BC1	14366
CoV|P0C6X3.238.BC2	26892
CoV|P0C6X3.239.BC1	3922
CoV|P0C6X3.239.BC2	20709
CoV|P0C6X3.24.BC1	22562
CoV|P0C6X3.24.BC2	15147
CoV|P0C6X3.240.BC1	15508
CoV|P0C6X3.240.BC2	8119
CoV|P0C6X3.241.BC1	9359
CoV|P0C6X3.241.BC2	5243
CoV|P0C6X3.242.BC1	11595
CoV|P0C6X3.242.BC2	11206
CoV|P0C6X3.243.BC1	5582
CoV|P0C6X3.243.BC2	15635
CoV|P0C6X3.244.BC1	14697
CoV|P0C6X3.244.BC2	31559
CoV|P0C6X3.245.BC1	7260
CoV|P0C6X3.245.BC2	11643
CoV|P0C6X3.246.BC1	26199
CoV|P0C6X3.246.BC2	26490
CoV|P0C6X3.247.BC1	61821
CoV|P0C6X3.247.BC2	66667
CoV|P0C6X3.248.BC1	15744
CoV|P0C6X3.248.BC2	22314
CoV|P0C6X3.249.BC1	262
CoV|P0C6X3.249.BC2	15328
CoV|P0C6X3.25.BC1	24468
CoV|P0C6X3.25.BC2	35198
CoV|P0C6X3.250.BC1	751
CoV|P0C6X3.250.BC2	553
CoV|P0C6X3.251.BC1	17123
CoV|P0C6X3.251.BC2	19083
CoV|P0C6X3.252.BC1	22019
CoV|P0C6X3.252.BC2	14137
CoV|P0C6X3.253.BC1	14431
CoV|P0C6X3.253.BC2	14853
CoV|P0C6X3.254.BC1	18489
CoV|P0C6X3.254.BC2	24831
CoV|P0C6X3.26.BC1	37859
CoV|P0C6X3.26.BC2	16433
CoV|P0C6X3.27.BC1	37116
CoV|P0C6X3.27.BC2	13893
CoV|P0C6X3.28.BC1	19030
CoV|P0C6X3.28.BC2	16519
CoV|P0C6X3.29.BC1	20643
CoV|P0C6X3.29.BC2	12775
CoV|P0C6X3.3.BC1	22179
CoV|P0C6X3.3.BC2	21471
CoV|P0C6X3.30.BC1	5299
CoV|P0C6X3.30.BC2	7596
CoV|P0C6X3.31.BC1	20927
CoV|P0C6X3.31.BC2	3084
CoV|P0C6X3.32.BC1	44437
CoV|P0C6X3.32.BC2	31233
CoV|P0C6X3.33.BC1	57869
CoV|P0C6X3.33.BC2	43204
CoV|P0C6X3.34.BC1	48868
CoV|P0C6X3.34.BC2	45860
CoV|P0C6X3.35.BC1	44639
CoV|P0C6X3.35.BC2	53322
CoV|P0C6X3.36.BC1	29631
CoV|P0C6X3.36.BC2	41108
CoV|P0C6X3.37.BC1	43145
CoV|P0C6X3.37.BC2	50648
CoV|P0C6X3.38.BC1	10082
CoV|P0C6X3.38.BC2	14339
CoV|P0C6X3.39.BC1	5300
CoV|P0C6X3.39.BC2	15033
CoV|P0C6X3.4.BC1	8914
CoV|P0C6X3.4.BC2	10358
CoV|P0C6X3.40.BC1	14176
CoV|P0C6X3.40.BC2	18796
CoV|P0C6X3.41.BC1	26240
CoV|P0C6X3.41.BC2	19299
CoV|P0C6X3.42.BC1	19319
CoV|P0C6X3.42.BC2	19602
CoV|P0C6X3.43.BC1	31342
CoV|P0C6X3.43.BC2	39130
CoV|P0C6X3.44.BC1	20326
CoV|P0C6X3.44.BC2	13196
CoV|P0C6X3.45.BC1	16559
CoV|P0C6X3.45.BC2	6874
CoV|P0C6X3.46.BC1	11322
CoV|P0C6X3.46.BC2	9640
CoV|P0C6X3.47.BC1	3407
CoV|P0C6X3.47.BC2	23073
CoV|P0C6X3.48.BC1	41060
CoV|P0C6X3.48.BC2	30638
CoV|P0C6X3.49.BC1	31275
CoV|P0C6X3.49.BC2	26676
CoV|P0C6X3.5.BC1	12739
CoV|P0C6X3.5.BC2	4478
CoV|P0C6X3.50.BC1	14246
CoV|P0C6X3.50.BC2	9762
CoV|P0C6X3.51.BC1	15260
CoV|P0C6X3.51.BC2	12769
CoV|P0C6X3.52.BC1	2300
CoV|P0C6X3.52.BC2	5632
CoV|P0C6X3.53.BC1	20016
CoV|P0C6X3.53.BC2	5337
CoV|P0C6X3.54.BC1	9935
CoV|P0C6X3.54.BC2	675
CoV|P0C6X3.55.BC1	14446
CoV|P0C6X3.56.BC1	16767
CoV|P0C6X3.56.BC2	13542
CoV|P0C6X3.57.BC1	413
CoV|P0C6X3.57.BC2	17881
CoV|P0C6X3.58.BC1	12899
CoV|P0C6X3.58.BC2	11439
CoV|P0C6X3.59.BC1	10998
CoV|P0C6X3.59.BC2	9383
CoV|P0C6X3.6.BC1	8206
CoV|P0C6X3.6.BC2	32855
CoV|P0C6X3.60.BC1	15025
CoV|P0C6X3.60.BC2	15774
CoV|P0C6X3.61.BC1	15197
CoV|P0C6X3.61.BC2	20105
CoV|P0C6X3.62.BC1	9253
CoV|P0C6X3.62.BC2	11172
CoV|P0C6X3.63.BC1	9060
CoV|P0C6X3.63.BC2	14245
CoV|P0C6X3.64.BC1	8299
CoV|P0C6X3.64.BC2	16768
CoV|P0C6X3.65.BC1	37060
CoV|P0C6X3.65.BC2	24009
CoV|P0C6X3.66.BC1	24188
CoV|P0C6X3.66.BC2	28714
CoV|P0C6X3.67.BC1	24213
CoV|P0C6X3.67.BC2	10806
CoV|P0C6X3.68.BC1	21159
CoV|P0C6X3.68.BC2	10546
CoV|P0C6X3.69.BC1	18229
CoV|P0C6X3.69.BC2	40702
CoV|P0C6X3.7.BC1	19681
CoV|P0C6X3.7.BC2	23072
CoV|P0C6X3.70.BC1	30610
CoV|P0C6X3.70.BC2	21599
CoV|P0C6X3.71.BC1	20017
CoV|P0C6X3.71.BC2	21005
CoV|P0C6X3.72.BC1	27915
CoV|P0C6X3.72.BC2	15843
CoV|P0C6X3.73.BC1	44988
CoV|P0C6X3.73.BC2	33621
CoV|P0C6X3.74.BC1	35992
CoV|P0C6X3.74.BC2	35176
CoV|P0C6X3.75.BC1	14412
CoV|P0C6X3.75.BC2	11074
CoV|P0C6X3.76.BC1	21747
CoV|P0C6X3.76.BC2	16169
CoV|P0C6X3.77.BC1	6607
CoV|P0C6X3.77.BC2	12889
CoV|P0C6X3.78.BC1	12079
CoV|P0C6X3.78.BC2	998
CoV|P0C6X3.79.BC1	30553
CoV|P0C6X3.79.BC2	631
CoV|P0C6X3.8.BC1	15268
CoV|P0C6X3.8.BC2	34658
CoV|P0C6X3.80.BC1	36529
CoV|P0C6X3.80.BC2	41787
CoV|P0C6X3.81.BC1	35670
CoV|P0C6X3.81.BC2	11817
CoV|P0C6X3.82.BC1	14253
CoV|P0C6X3.82.BC2	24782
CoV|P0C6X3.83.BC1	24103
CoV|P0C6X3.83.BC2	34154
CoV|P0C6X3.84.BC1	31418
CoV|P0C6X3.84.BC2	21888
CoV|P0C6X3.85.BC1	40258
CoV|P0C6X3.85.BC2	5514
CoV|P0C6X3.86.BC1	33944
CoV|P0C6X3.86.BC2	44215
CoV|P0C6X3.87.BC1	15283
CoV|P0C6X3.87.BC2	18130
CoV|P0C6X3.88.BC1	15070
CoV|P0C6X3.88.BC2	9858
CoV|P0C6X3.89.BC1	15163
CoV|P0C6X3.89.BC2	14954
CoV|P0C6X3.9.BC1	16828
CoV|P0C6X3.9.BC2	9591
CoV|P0C6X3.90.BC1	39497
CoV|P0C6X3.90.BC2	42406
CoV|P0C6X3.91.BC1	17491
CoV|P0C6X3.91.BC2	12766
CoV|P0C6X3.92.BC1	9280
CoV|P0C6X3.92.BC2	11520
CoV|P0C6X3.93.BC1	33609
CoV|P0C6X3.93.BC2	21320
CoV|P0C6X3.94.BC1	2900
CoV|P0C6X3.94.BC2	21134
CoV|P0C6X3.95.BC1	38516
CoV|P0C6X3.95.BC2	9227
CoV|P0C6X3.96.BC1	35689
CoV|P0C6X3.96.BC2	32611
CoV|P0C6X3.97.BC1	33015
CoV|P0C6X3.97.BC2	35660
CoV|P0C6X3.98.BC1	38055
CoV|P0C6X3.98.BC2	29744
CoV|P0C6X3.99.BC1	801
CoV|P0C6X3.99.BC2	37782
CoV|P0C6X6.155.BC1	39605
CoV|P0C6X6.155.BC2	51327
CoV|P0C6X6.156.BC1	10273
CoV|P0C6X6.156.BC2	12026
CoV|P0C6X6.157.BC1	5977
CoV|P0C6X6.157.BC2	12289
CoV|P0C6X6.158.BC1	25455
CoV|P0C6X6.158.BC2	12583
CoV|P0C6X6.159.BC1	58957
CoV|P0C6X6.159.BC2	39286
CoV|P0C6X6.160.BC1	23443
CoV|P0C6X6.160.BC2	16268
CoV|P0C6X6.161.BC1	14889
CoV|P0C6X6.161.BC2	21803
CoV|P0C6X6.162.BC1	14304
CoV|P0C6X6.162.BC2	10755
CoV|P0C6X6.163.BC1	20062
CoV|P0C6X6.163.BC2	28593
CoV|P0C6X6.164.BC1	7592
CoV|P0C6X6.164.BC2	24544
CoV|P0C6X6.165.BC1	25585
CoV|P0C6X6.165.BC2	25729
CoV|P0C6X6.166.BC1	28970
CoV|P0C6X6.166.BC2	18863
CoV|P0C6X6.167.BC1	5362
CoV|P0C6X6.167.BC2	12125
CoV|P0C6X6.168.BC1	10602
CoV|P0C6X6.168.BC2	13133
CoV|P0C6X6.169.BC1	22976
CoV|P0C6X6.169.BC2	10739
CoV|P0C6X6.170.BC1	23220
CoV|P0C6X6.170.BC2	36125
CoV|P0C6X6.171.BC1	18140
CoV|P0C6X6.171.BC2	10043
CoV|P0C6X6.172.BC1	4657
CoV|P0C6X6.172.BC2	13973
CoV|P0C6X6.173.BC1	37235
CoV|P0C6X6.173.BC2	24967
CoV|P0C6X6.174.BC1	18505
CoV|P0C6X6.174.BC2	21287
CoV|P0C6X6.175.BC1	37071
CoV|P0C6X6.175.BC2	22237
CoV|P0C6X6.176.BC1	16367
CoV|P0C6X6.176.BC2	12635
CoV|P0C6X6.177.BC1	25760
CoV|P0C6X6.177.BC2	57207
CoV|P0C6X6.178.BC1	13859
CoV|P0C6X6.178.BC2	14786
CoV|P0C6X6.179.BC1	17997
CoV|P0C6X6.179.BC2	27470
CoV|P0C6X6.180.BC1	26865
CoV|P0C6X6.180.BC2	24291
CoV|P0C6X6.181.BC1	18934
CoV|P0C6X6.181.BC2	20549
CoV|P0C6X6.182.BC1	11947
CoV|P0C6X6.182.BC2	3626
CoV|P0C6X6.183.BC1	20098
CoV|P0C6X6.183.BC2	8357
CoV|P0C6X6.184.BC1	63220
CoV|P0C6X6.184.BC2	48857
CoV|P0C6X6.185.BC1	31235
CoV|P0C6X6.185.BC2	12321
CoV|P0C6X6.186.BC1	8206
CoV|P0C6X6.186.BC2	10778
CoV|P0C6X6.187.BC1	18193
CoV|P0C6X6.187.BC2	1049
CoV|P0C6X6.188.BC1	14081
CoV|P0C6X6.188.BC2	36786
CoV|P0C6X6.189.BC1	29749
CoV|P0C6X6.189.BC2	40600
CoV|P0C6X6.190.BC1	40784
CoV|P0C6X6.190.BC2	15898
CoV|P0C6X6.191.BC1	16418
CoV|P0C6X6.191.BC2	15220
CoV|P0C6X6.192.BC1	11692
CoV|P0C6X6.192.BC2	15446
CoV|P0C6X6.193.BC1	38015
CoV|P0C6X6.193.BC2	30628
CoV|P0C6X6.194.BC1	15117
CoV|P0C6X6.194.BC2	14158
CoV|P0C6X6.195.BC1	15183
CoV|P0C6X6.195.BC2	18559
CoV|P0C6X6.196.BC1	11581
CoV|P0C6X6.196.BC2	10713
CoV|P0C6X6.197.BC1	23047
CoV|P0C6X6.197.BC2	20169
CoV|P0C6X6.198.BC1	15356
CoV|P0C6X6.198.BC2	9402
CoV|P0C6X6.199.BC1	14495
CoV|P0C6X6.199.BC2	5747
CoV|P0C6X6.200.BC1	28897
CoV|P0C6X6.200.BC2	25240
CoV|P0C6X6.201.BC1	18718
CoV|P0C6X6.201.BC2	27623
CoV|P0C6X6.202.BC1	28257
CoV|P0C6X6.202.BC2	13646
CoV|P0C6X6.203.BC1	31563
CoV|P0C6X6.203.BC2	28383
CoV|P0C6X6.204.BC1	15327
CoV|P0C6X6.204.BC2	9847
CoV|P0C6X6.205.BC1	115
CoV|P0C6X6.205.BC2	6161
CoV|P0C6X6.206.BC1	35799
CoV|P0C6X6.206.BC2	18647
CoV|P0C6X6.207.BC1	43589
CoV|P0C6X6.207.BC2	20472
CoV|P0C6X6.208.BC1	27103
CoV|P0C6X6.208.BC2	16679
CoV|P0C6X6.209.BC1	6787
CoV|P0C6X6.209.BC2	9066
CoV|P0C6X6.210.BC1	50160
CoV|P0C6X6.210.BC2	22939
CoV|P0C6X6.211.BC1	25191
CoV|P0C6X6.211.BC2	30321
CoV|P0C6X6.212.BC1	10643
CoV|P0C6X6.212.BC2	14266
CoV|P0C6X6.213.BC1	13345
CoV|P0C6X6.213.BC2	19326
CoV|P0C6X6.214.BC1	14736
CoV|P0C6X6.214.BC2	18990
CoV|P0C6X6.215.BC1	21599
CoV|P0C6X6.215.BC2	32166
CoV|P0C6X6.216.BC1	21136
CoV|P0C6X6.216.BC2	9074
CoV|P0C6X6.217.BC1	14492
CoV|P0C6X6.217.BC2	15469
CoV|P0C6X6.218.BC1	21493
CoV|P0C6X6.218.BC2	6344
CoV|P0C6X6.219.BC1	20893
CoV|P0C6X6.219.BC2	19851
CoV|P0C6X6.220.BC1	19686
CoV|P0C6X6.220.BC2	20396
CoV|P0C6X6.221.BC1	18782
CoV|P0C6X6.221.BC2	17842
CoV|P0C6X6.222.BC1	740
CoV|P0C6X6.222.BC2	33756
CoV|P0C6X6.223.BC1	17900
CoV|P0C6X6.223.BC2	25493
CoV|P0C6X6.224.BC1	33683
CoV|P0C6X6.224.BC2	50675
CoV|P0C6X6.225.BC1	38210
CoV|P0C6X6.225.BC2	24220
CoV|P0C6X6.226.BC1	39515
CoV|P0C6X6.226.BC2	36221
CoV|P0C6X6.227.BC1	6350
CoV|P0C6X6.227.BC2	16810
CoV|P0C6X6.228.BC1	10411
CoV|P0C6X6.228.BC2	8676
CoV|P0C6X6.229.BC1	8824
CoV|P0C6X6.229.BC2	11220
CoV|P0C6X6.230.BC1	19592
CoV|P0C6X6.230.BC2	30431
CoV|P0C6X6.231.BC1	25814
CoV|P0C6X6.231.BC2	23143
CoV|P0C6X6.232.BC1	14350
CoV|P0C6X6.232.BC2	17852
CoV|P0C6X6.233.BC1	20341
CoV|P0C6X6.233.BC2	18346
CoV|P0C6X6.234.BC1	51247
CoV|P0C6X6.234.BC2	47353
CoV|P0C6X6.235.BC1	31926
CoV|P0C6X6.235.BC2	22063
CoV|P0C6X6.236.BC1	35459
CoV|P0C6X6.236.BC2	34897
CoV|P0C6X6.237.BC1	4360
CoV|P0C6X6.237.BC2	2841
CoV|P0C6X6.238.BC1	23405
CoV|P0C6X6.238.BC2	6808
CoV|P0C6X6.239.BC1	9413
CoV|P0C6X6.239.BC2	12373
CoV|P0C6X6.240.BC1	11604
CoV|P0C6X6.240.BC2	10232
CoV|P0C6X6.241.BC1	12252
CoV|P0C6X6.241.BC2	20740
CoV|P0C6X6.242.BC1	21755
CoV|P0C6X6.242.BC2	15400
CoV|P0C6X6.243.BC1	30644
CoV|P0C6X6.243.BC2	15428
CoV|P0C6X6.244.BC1	33323
CoV|P0C6X6.244.BC2	34751
CoV|P0C6X6.245.BC1	34447
CoV|P0C6X6.245.BC2	28233
CoV|P0C6X6.246.BC1	27210
CoV|P0C6X6.246.BC2	18607
CoV|P0C6X6.247.BC1	9967
CoV|P0C6X6.247.BC2	9950
CoV|P0C6X6.248.BC1	10074
CoV|P0C6X6.248.BC2	17512
CoV|P0C6X6.249.BC1	19715
CoV|P0C6X6.249.BC2	12338
CoV|P0C6X6.250.BC1	853
CoV|P0C6X6.250.BC2	17723
CoV|P0C6X6.251.BC1	25920
CoV|P0C6X6.251.BC2	8154
CoV|P0C6X6.252.BC1	19574
CoV|P0C6X6.252.BC2	15242
CoV|P0C6X7.155.BC1	81132
CoV|P0C6X7.155.BC2	39828
CoV|P0C6X7.156.BC1	23541
CoV|P0C6X7.156.BC2	25263
CoV|P0C6X7.157.BC1	25489
CoV|P0C6X7.157.BC2	22773
CoV|P0C6X7.158.BC1	11167
CoV|P0C6X7.158.BC2	16204
CoV|P0C6X7.159.BC1	29702
CoV|P0C6X7.159.BC2	31837
CoV|P0C6X7.160.BC1	17246
CoV|P0C6X7.160.BC2	16381
CoV|P0C6X7.161.BC1	24863
CoV|P0C6X7.161.BC2	32775
CoV|P0C6X7.162.BC1	45640
CoV|P0C6X7.162.BC2	11421
CoV|P0C6X7.163.BC1	26647
CoV|P0C6X7.163.BC2	38908
CoV|P0C6X7.164.BC1	13983
CoV|P0C6X7.164.BC2	18353
CoV|P0C6X7.165.BC1	27410
CoV|P0C6X7.165.BC2	25110
CoV|P0C6X7.166.BC1	15418
CoV|P0C6X7.166.BC2	29083
CoV|P0C6X7.167.BC1	12821
CoV|P0C6X7.167.BC2	17361
CoV|P0C6X7.168.BC1	37786
CoV|P0C6X7.168.BC2	41490
CoV|P0C6X7.169.BC1	28032
CoV|P0C6X7.169.BC2	21370
CoV|P0C6X7.170.BC1	23291
CoV|P0C6X7.170.BC2	19149
CoV|P0C6X7.171.BC1	10394
CoV|P0C6X7.171.BC2	12123
CoV|P0C6X7.172.BC1	6918
CoV|P0C6X7.172.BC2	4654
CoV|P0C6X7.173.BC1	20684
CoV|P0C6X7.173.BC2	33257
CoV|P0C6X7.174.BC1	32487
CoV|P0C6X7.174.BC2	34918
CoV|P0C6X7.175.BC1	16077
CoV|P0C6X7.175.BC2	10844
CoV|P0C6X7.176.BC1	24729
CoV|P0C6X7.176.BC2	18080
CoV|P0C6X7.177.BC1	23499
CoV|P0C6X7.177.BC2	27541
CoV|P0C6X7.178.BC1	6681
CoV|P0C6X7.178.BC2	7520
CoV|P0C6X7.179.BC1	16007
CoV|P0C6X7.179.BC2	10047
CoV|P0C6X7.180.BC1	39184
CoV|P0C6X7.180.BC2	35135
CoV|P0C6X7.181.BC1	22356
CoV|P0C6X7.181.BC2	6997
CoV|P0C6X7.182.BC1	9817
CoV|P0C6X7.182.BC2	6121
CoV|P0C6X7.183.BC1	19086
CoV|P0C6X7.183.BC2	17308
CoV|P0C6X7.184.BC1	12105
CoV|P0C6X7.184.BC2	20798
CoV|P0C6X7.185.BC1	19667
CoV|P0C6X7.185.BC2	18656
CoV|P0C6X7.186.BC1	10105
CoV|P0C6X7.186.BC2	8592
CoV|P0C6X7.187.BC1	25057
CoV|P0C6X7.187.BC2	11419
CoV|P0C6X7.188.BC1	28289
CoV|P0C6X7.188.BC2	23512
CoV|P0C6X7.189.BC1	22641
CoV|P0C6X7.189.BC2	36101
CoV|P0C6X7.190.BC1	26620
CoV|P0C6X7.190.BC2	27795
CoV|P0C6X7.191.BC1	35451
CoV|P0C6X7.191.BC2	21451
CoV|P0C6X7.192.BC1	42876
CoV|P0C6X7.192.BC2	40370
CoV|P0C6X7.193.BC1	10966
CoV|P0C6X7.193.BC2	9828
CoV|P0C6X7.194.BC1	34001
CoV|P0C6X7.194.BC2	22106
CoV|P0C6X7.195.BC1	23457
CoV|P0C6X7.195.BC2	15436
CoV|P0C6X7.196.BC1	32865
CoV|P0C6X7.196.BC2	19644
CoV|P0C6X7.197.BC1	28209
CoV|P0C6X7.197.BC2	19458
CoV|P0C6X7.198.BC1	20064
CoV|P0C6X7.198.BC2	17072
CoV|P0C6X7.199.BC1	15069
CoV|P0C6X7.199.BC2	14619
CoV|P0C6X7.200.BC1	24375
CoV|P0C6X7.200.BC2	31319
CoV|P0C6X7.201.BC1	24774
CoV|P0C6X7.201.BC2	25998
CoV|P0C6X7.202.BC1	26059
CoV|P0C6X7.202.BC2	28277
CoV|P0C6X7.203.BC1	24751
CoV|P0C6X7.203.BC2	34294
CoV|P0C6X7.204.BC1	22281
CoV|P0C6X7.204.BC2	28558
CoV|P0C6X7.205.BC1	32984
CoV|P0C6X7.205.BC2	35552
CoV|P0C6X7.206.BC1	50569
CoV|P0C6X7.206.BC2	37978
CoV|P0C6X7.207.BC1	27288
CoV|P0C6X7.207.BC2	17870
CoV|P0C6X7.208.BC1	1488
CoV|P0C6X7.208.BC2	12147
CoV|P0C6X7.209.BC1	32436
CoV|P0C6X7.209.BC2	8737
CoV|P0C6X7.210.BC1	24880
CoV|P0C6X7.210.BC2	45118
CoV|P0C6X7.211.BC1	22057
CoV|P0C6X7.211.BC2	19476
CoV|P0C6X7.212.BC1	23198
CoV|P0C6X7.212.BC2	30687
CoV|P0C6X7.213.BC1	12546
CoV|P0C6X7.213.BC2	27226
CoV|P0C6X7.214.BC1	15761
CoV|P0C6X7.214.BC2	33681
CoV|P0C6X7.215.BC1	17879
CoV|P0C6X7.215.BC2	6908
CoV|P0C6X7.216.BC1	17627
CoV|P0C6X7.216.BC2	13839
CoV|P0C6X7.217.BC1	11805
CoV|P0C6X7.217.BC2	10417
CoV|P0C6X7.218.BC1	19569
CoV|P0C6X7.218.BC2	20135
CoV|P0C6X7.219.BC1	20927
CoV|P0C6X7.219.BC2	13908
CoV|P0C6X7.220.BC1	36153
CoV|P0C6X7.220.BC2	55155
CoV|P0C6X7.221.BC1	33536
CoV|P0C6X7.221.BC2	35061
CoV|P0C6X7.222.BC1	18990
CoV|P0C6X7.222.BC2	13984
CoV|P0C6X7.223.BC1	14882
CoV|P0C6X7.223.BC2	17080
CoV|P0C6X7.224.BC1	31975
CoV|P0C6X7.224.BC2	21388
CoV|P0C6X7.225.BC1	54415
CoV|P0C6X7.225.BC2	33713
CoV|P0C6X7.226.BC1	64443
CoV|P0C6X7.226.BC2	46992
CoV|P0C6X7.227.BC1	22564
CoV|P0C6X7.227.BC2	7157
CoV|P0C6X7.228.BC1	12407
CoV|P0C6X7.228.BC2	9378
CoV|P0C6X7.229.BC1	16642
CoV|P0C6X7.229.BC2	42023
CoV|P0C6X7.230.BC1	32128
CoV|P0C6X7.230.BC2	37372
CoV|P0C6X7.231.BC1	7218
CoV|P0C6X7.231.BC2	20501
CoV|P0C6X7.232.BC1	10698
CoV|P0C6X7.232.BC2	17777
CoV|P0C6X7.233.BC1	38804
CoV|P0C6X7.233.BC2	25122
CoV|P0C6X7.234.BC1	27593
CoV|P0C6X7.234.BC2	38397
CoV|P0C6X7.235.BC1	31355
CoV|P0C6X7.235.BC2	39438
CoV|P0C6X7.236.BC1	17451
CoV|P0C6X7.236.BC2	17277
CoV|P0C6X7.237.BC1	16215
CoV|P0C6X7.237.BC2	10999
CoV|P0C6X7.238.BC1	15336
CoV|P0C6X7.238.BC2	31308
CoV|P0C6X7.239.BC1	11560
CoV|P0C6X7.239.BC2	9259
CoV|P0C6X7.240.BC1	12551
CoV|P0C6X7.240.BC2	15144
CoV|P0C6X7.241.BC1	10125
CoV|P0C6X7.241.BC2	8540
CoV|P0C6X7.242.BC1	34061
CoV|P0C6X7.242.BC2	20453
CoV|P0C6X7.243.BC1	18730
CoV|P0C6X7.243.BC2	28963
CoV|P0C6X7.244.BC1	24616
CoV|P0C6X7.244.BC2	37257
CoV|P0C6X7.245.BC1	29235
CoV|P0C6X7.245.BC2	40115
CoV|P0C6X7.246.BC1	16929
CoV|P0C6X7.246.BC2	5514
CoV|P0C6X7.247.BC1	12221
CoV|P0C6X7.247.BC2	13876
CoV|P0C6X7.248.BC1	15614
CoV|P0C6X7.248.BC2	19632
CoV|P0C6X7.249.BC1	5437
CoV|P0C6X7.249.BC2	5655
CoV|P0C6X7.250.BC1	42483
CoV|P0C6X7.250.BC2	12603
CoV|P0DTD2.0.BC1	18458
CoV|P0DTD2.0.BC2	37376
CoV|P0DTD2.1.BC1	19182
CoV|P0DTD2.1.BC2	14463
CoV|P0DTD2.2.BC1	28536
CoV|P0DTD2.2.BC2	26284
CoV|P0DTD3.0.BC1	18750
CoV|P0DTD3.0.BC2	27765
CoV|P0DTD3.1.BC1	41528
CoV|P0DTD3.1.BC2	31367
CoV|P15130.0.BC1	27082
CoV|P15130.0.BC2	20606
CoV|P15130.1.BC1	17889
CoV|P15130.1.BC2	18132
CoV|P15130.10.BC1	19076
CoV|P15130.10.BC2	21269
CoV|P15130.11.BC1	7050
CoV|P15130.11.BC2	5677
CoV|P15130.12.BC1	15709
CoV|P15130.12.BC2	3809
CoV|P15130.2.BC1	18607
CoV|P15130.2.BC2	16213
CoV|P15130.3.BC1	23048
CoV|P15130.3.BC2	23342
CoV|P15130.4.BC1	26659
CoV|P15130.4.BC2	25267
CoV|P15130.5.BC1	29563
CoV|P15130.5.BC2	13970
CoV|P15130.6.BC1	25521
CoV|P15130.6.BC2	32964
CoV|P15130.7.BC1	31938
CoV|P15130.7.BC2	29939
CoV|P15130.8.BC1	39399
CoV|P15130.8.BC2	51417
CoV|P15130.9.BC1	36445
CoV|P15130.9.BC2	30755
CoV|P15422.0.BC1	20897
CoV|P15422.0.BC2	49031
CoV|P15422.1.BC1	31018
CoV|P15422.1.BC2	11893
CoV|P15422.2.BC1	44646
CoV|P15422.2.BC2	43194
CoV|P15422.3.BC1	27326
CoV|P15422.3.BC2	18293
CoV|P15422.4.BC1	13556
CoV|P15422.4.BC2	7617
CoV|P15422.5.BC1	12106
CoV|P15422.5.BC2	14076
CoV|P15422.6.BC1	11554
CoV|P15422.6.BC2	25203
CoV|P15422.7.BC1	11996
CoV|P15422.7.BC2	14442
CoV|P15423.0.BC1	17153
CoV|P15423.0.BC2	8245
CoV|P15423.1.BC1	24943
CoV|P15423.1.BC2	14210
CoV|P15423.10.BC1	5141
CoV|P15423.10.BC2	6917
CoV|P15423.11.BC1	12591
CoV|P15423.11.BC2	11035
CoV|P15423.12.BC1	10699
CoV|P15423.12.BC2	15290
CoV|P15423.13.BC1	18253
CoV|P15423.13.BC2	14347
CoV|P15423.14.BC1	18695
CoV|P15423.14.BC2	13888
CoV|P15423.15.BC1	19461
CoV|P15423.15.BC2	26347
CoV|P15423.16.BC1	34523
CoV|P15423.16.BC2	32097
CoV|P15423.17.BC1	14056
CoV|P15423.17.BC2	17761
CoV|P15423.18.BC1	20634
CoV|P15423.18.BC2	19763
CoV|P15423.19.BC1	18889
CoV|P15423.19.BC2	21506
CoV|P15423.2.BC1	31152
CoV|P15423.2.BC2	23306
CoV|P15423.20.BC1	8358
CoV|P15423.20.BC2	16589
CoV|P15423.21.BC1	8576
CoV|P15423.21.BC2	25805
CoV|P15423.22.BC1	40242
CoV|P15423.22.BC2	10866
CoV|P15423.23.BC1	35764
CoV|P15423.23.BC2	28087
CoV|P15423.24.BC1	46799
CoV|P15423.24.BC2	32785
CoV|P15423.25.BC1	34797
CoV|P15423.25.BC2	34525
CoV|P15423.26.BC1	21677
CoV|P15423.26.BC2	17868
CoV|P15423.27.BC1	8548
CoV|P15423.27.BC2	19021
CoV|P15423.28.BC1	8078
CoV|P15423.28.BC2	12212
CoV|P15423.29.BC1	10650
CoV|P15423.29.BC2	10271
CoV|P15423.3.BC1	20291
CoV|P15423.3.BC2	10570
CoV|P15423.30.BC1	17019
CoV|P15423.30.BC2	11842
CoV|P15423.31.BC1	14858
CoV|P15423.31.BC2	22206
CoV|P15423.32.BC1	17512
CoV|P15423.32.BC2	13982
CoV|P15423.33.BC1	15195
CoV|P15423.33.BC2	6716
CoV|P15423.34.BC1	40338
CoV|P15423.34.BC2	30317
CoV|P15423.35.BC1	13799
CoV|P15423.35.BC2	23373
CoV|P15423.36.BC1	14832
CoV|P15423.36.BC2	31811
CoV|P15423.37.BC1	8890
CoV|P15423.37.BC2	14444
CoV|P15423.38.BC1	7531
CoV|P15423.38.BC2	5221
CoV|P15423.39.BC1	42248
CoV|P15423.39.BC2	56367
CoV|P15423.4.BC1	13611
CoV|P15423.4.BC2	20228
CoV|P15423.40.BC1	25781
CoV|P15423.40.BC2	27602
CoV|P15423.5.BC1	10792
CoV|P15423.5.BC2	10567
CoV|P15423.6.BC1	20776
CoV|P15423.6.BC2	4828
CoV|P15423.7.BC1	15900
CoV|P15423.7.BC2	9870
CoV|P15423.8.BC1	29923
CoV|P15423.8.BC2	16279
CoV|P15423.9.BC1	15280
CoV|P15423.9.BC2	17329
CoV|P19739.0.BC1	22911
CoV|P19739.0.BC2	31277
CoV|P19739.1.BC1	37067
CoV|P19739.1.BC2	60638
CoV|P19739.2.BC1	38370
CoV|P19739.2.BC2	57730
CoV|P19739.3.BC1	35034
CoV|P19739.3.BC2	38357
CoV|P19740.0.BC1	18419
CoV|P19740.0.BC2	27363
CoV|P19740.1.BC1	16783
CoV|P19740.1.BC2	29276
CoV|P19740.2.BC1	22745
CoV|P19740.2.BC2	11180
CoV|P19741.0.BC1	37593
CoV|P19741.0.BC2	25770
CoV|P19741.1.BC1	20134
CoV|P19741.1.BC2	40295
CoV|P30215.0.BC1	20416
CoV|P30215.0.BC2	8619
CoV|P30215.1.BC1	22014
CoV|P30215.1.BC2	12531
CoV|P30215.10.BC1	14373
CoV|P30215.10.BC2	43590
CoV|P30215.11.BC1	37072
CoV|P30215.11.BC2	24358
CoV|P30215.12.BC1	22617
CoV|P30215.12.BC2	31580
CoV|P30215.13.BC1	48095
CoV|P30215.13.BC2	29524
CoV|P30215.14.BC1	61287
CoV|P30215.14.BC2	38022
CoV|P30215.2.BC1	12506
CoV|P30215.2.BC2	16491
CoV|P30215.3.BC1	14141
CoV|P30215.3.BC2	13885
CoV|P30215.4.BC1	856
CoV|P30215.4.BC2	11231
CoV|P30215.5.BC1	48932
CoV|P30215.5.BC2	27560
CoV|P30215.6.BC1	8473
CoV|P30215.6.BC2	22081
CoV|P30215.7.BC1	16378
CoV|P30215.7.BC2	5985
CoV|P30215.8.BC1	6457
CoV|P30215.8.BC2	11208
CoV|P30215.9.BC1	28290
CoV|P30215.9.BC2	1182
CoV|P33469.0.BC1	56371
CoV|P33469.0.BC2	31852
CoV|P33469.1.BC1	23385
CoV|P33469.1.BC2	32315
CoV|P33469.10.BC1	18006
CoV|P33469.10.BC2	11687
CoV|P33469.11.BC1	17637
CoV|P33469.11.BC2	13876
CoV|P33469.12.BC1	19684
CoV|P33469.12.BC2	34023
CoV|P33469.13.BC1	38757
CoV|P33469.13.BC2	47947
CoV|P33469.14.BC1	27898
CoV|P33469.14.BC2	48740
CoV|P33469.15.BC1	27060
CoV|P33469.15.BC2	40749
CoV|P33469.2.BC1	11133
CoV|P33469.2.BC2	24542
CoV|P33469.3.BC1	23233
CoV|P33469.3.BC2	19671
CoV|P33469.4.BC1	19265
CoV|P33469.4.BC2	29036
CoV|P33469.5.BC1	12296
CoV|P33469.5.BC2	29714
CoV|P33469.6.BC1	6406
CoV|P33469.6.BC2	43697
CoV|P33469.7.BC1	35137
CoV|P33469.7.BC2	39528
CoV|P33469.8.BC1	13761
CoV|P33469.8.BC2	15555
CoV|P33469.9.BC1	21271
CoV|P33469.9.BC2	17627
CoV|P36334.0.BC1	21710
CoV|P36334.0.BC2	21287
CoV|P36334.1.BC1	24513
CoV|P36334.1.BC2	8561
CoV|P36334.10.BC1	56327
CoV|P36334.10.BC2	19879
CoV|P36334.11.BC1	25387
CoV|P36334.11.BC2	25542
CoV|P36334.12.BC1	13996
CoV|P36334.12.BC2	21400
CoV|P36334.13.BC1	13270
CoV|P36334.13.BC2	12422
CoV|P36334.14.BC1	14997
CoV|P36334.14.BC2	18893
CoV|P36334.15.BC1	44016
CoV|P36334.15.BC2	43044
CoV|P36334.16.BC1	13046
CoV|P36334.16.BC2	39656
CoV|P36334.17.BC1	24044
CoV|P36334.17.BC2	16669
CoV|P36334.18.BC1	17832
CoV|P36334.18.BC2	38885
CoV|P36334.19.BC1	30754
CoV|P36334.19.BC2	19704
CoV|P36334.2.BC1	10925
CoV|P36334.2.BC2	5533
CoV|P36334.20.BC1	15113
CoV|P36334.20.BC2	17628
CoV|P36334.21.BC1	11461
CoV|P36334.21.BC2	10165
CoV|P36334.22.BC1	30935
CoV|P36334.22.BC2	10599
CoV|P36334.23.BC1	12317
CoV|P36334.23.BC2	11095
CoV|P36334.24.BC1	20426
CoV|P36334.24.BC2	41834
CoV|P36334.25.BC1	20988
CoV|P36334.25.BC2	16721
CoV|P36334.26.BC1	31368
CoV|P36334.26.BC2	22251
CoV|P36334.27.BC1	3808
CoV|P36334.27.BC2	8452
CoV|P36334.28.BC1	29321
CoV|P36334.28.BC2	22629
CoV|P36334.29.BC1	27191
CoV|P36334.29.BC2	26670
CoV|P36334.3.BC1	13444
CoV|P36334.3.BC2	10586
CoV|P36334.30.BC1	16172
CoV|P36334.30.BC2	33443
CoV|P36334.31.BC1	28748
CoV|P36334.31.BC2	15482
CoV|P36334.32.BC1	34052
CoV|P36334.32.BC2	23257
CoV|P36334.33.BC1	19283
CoV|P36334.33.BC2	21044
CoV|P36334.34.BC1	9900
CoV|P36334.34.BC2	11387
CoV|P36334.35.BC1	12245
CoV|P36334.35.BC2	15759
CoV|P36334.36.BC1	9415
CoV|P36334.36.BC2	2017
CoV|P36334.37.BC1	9898
CoV|P36334.37.BC2	7280
CoV|P36334.38.BC1	26758
CoV|P36334.38.BC2	30291
CoV|P36334.39.BC1	18143
CoV|P36334.39.BC2	25784
CoV|P36334.4.BC1	5953
CoV|P36334.4.BC2	17124
CoV|P36334.40.BC1	9601
CoV|P36334.40.BC2	17575
CoV|P36334.41.BC1	14170
CoV|P36334.41.BC2	26153
CoV|P36334.42.BC1	22251
CoV|P36334.42.BC2	22731
CoV|P36334.43.BC1	10273
CoV|P36334.43.BC2	9477
CoV|P36334.44.BC1	6173
CoV|P36334.44.BC2	8391
CoV|P36334.45.BC1	31315
CoV|P36334.45.BC2	30455
CoV|P36334.46.BC1	11505
CoV|P36334.46.BC2	27129
CoV|P36334.47.BC1	18599
CoV|P36334.47.BC2	2557
CoV|P36334.5.BC1	40662
CoV|P36334.5.BC2	37218
CoV|P36334.6.BC1	12454
CoV|P36334.6.BC2	19503
CoV|P36334.7.BC1	17584
CoV|P36334.7.BC2	19564
CoV|P36334.8.BC1	12179
CoV|P36334.8.BC2	3411
CoV|P36334.9.BC1	4098
CoV|P36334.9.BC2	7819
CoV|P59594.0.BC1	23862
CoV|P59594.0.BC2	7323
CoV|P59594.1.BC1	7104
CoV|P59594.1.BC2	38891
CoV|P59594.10.BC1	38076
CoV|P59594.10.BC2	23018
CoV|P59594.11.BC1	14062
CoV|P59594.11.BC2	14500
CoV|P59594.12.BC1	14351
CoV|P59594.12.BC2	13546
CoV|P59594.13.BC1	39968
CoV|P59594.13.BC2	39054
CoV|P59594.14.BC1	21241
CoV|P59594.14.BC2	29159
CoV|P59594.15.BC1	29998
CoV|P59594.15.BC2	60117
CoV|P59594.16.BC1	12012
CoV|P59594.16.BC2	17458
CoV|P59594.17.BC1	5837
CoV|P59594.17.BC2	6530
CoV|P59594.18.BC1	29368
CoV|P59594.18.BC2	38691
CoV|P59594.19.BC1	30595
CoV|P59594.19.BC2	18060
CoV|P59594.2.BC1	20064
CoV|P59594.2.BC2	22573
CoV|P59594.20.BC1	18671
CoV|P59594.20.BC2	44642
CoV|P59594.21.BC1	42173
CoV|P59594.21.BC2	34621
CoV|P59594.22.BC1	35130
CoV|P59594.22.BC2	34726
CoV|P59594.23.BC1	14374
CoV|P59594.23.BC2	6018
CoV|P59594.24.BC1	12408
CoV|P59594.24.BC2	11684
CoV|P59594.25.BC1	20399
CoV|P59594.25.BC2	25145
CoV|P59594.26.BC1	7310
CoV|P59594.26.BC2	25534
CoV|P59594.27.BC1	22537
CoV|P59594.27.BC2	14183
CoV|P59594.28.BC1	24070
CoV|P59594.28.BC2	28801
CoV|P59594.29.BC1	37991
CoV|P59594.29.BC2	32055
CoV|P59594.3.BC1	14152
CoV|P59594.3.BC2	16705
CoV|P59594.30.BC1	22617
CoV|P59594.30.BC2	17616
CoV|P59594.31.BC1	10190
CoV|P59594.31.BC2	19431
CoV|P59594.32.BC1	5481
CoV|P59594.32.BC2	4432
CoV|P59594.33.BC1	11093
CoV|P59594.33.BC2	6223
CoV|P59594.34.BC1	785
CoV|P59594.34.BC2	11499
CoV|P59594.35.BC1	41515
CoV|P59594.35.BC2	20436
CoV|P59594.36.BC1	28637
CoV|P59594.36.BC2	25861
CoV|P59594.37.BC1	9384
CoV|P59594.37.BC2	1062
CoV|P59594.38.BC1	9567
CoV|P59594.38.BC2	12287
CoV|P59594.39.BC1	7038
CoV|P59594.39.BC2	25874
CoV|P59594.4.BC1	13091
CoV|P59594.4.BC2	19395
CoV|P59594.40.BC1	18993
CoV|P59594.40.BC2	15577
CoV|P59594.41.BC1	11236
CoV|P59594.41.BC2	8240
CoV|P59594.42.BC1	47448
CoV|P59594.42.BC2	34579
CoV|P59594.5.BC1	16911
CoV|P59594.5.BC2	11787
CoV|P59594.6.BC1	15766
CoV|P59594.6.BC2	24811
CoV|P59594.7.BC1	20451
CoV|P59594.7.BC2	14773
CoV|P59594.8.BC1	20927
CoV|P59594.8.BC2	17430
CoV|P59594.9.BC1	11799
CoV|P59594.9.BC2	27120
CoV|P59595.0.BC1	35336
CoV|P59595.0.BC2	43306
CoV|P59595.1.BC1	26214
CoV|P59595.1.BC2	33500
CoV|P59595.10.BC1	15452
CoV|P59595.10.BC2	12152
CoV|P59595.11.BC1	7687
CoV|P59595.11.BC2	7
CoV|P59595.12.BC1	9606
CoV|P59595.12.BC2	39671
CoV|P59595.13.BC1	51605
CoV|P59595.13.BC2	45057
CoV|P59595.14.BC1	47122
CoV|P59595.14.BC2	22852
CoV|P59595.2.BC1	11531
CoV|P59595.2.BC2	17303
CoV|P59595.3.BC1	21241
CoV|P59595.3.BC2	18506
CoV|P59595.4.BC1	28707
CoV|P59595.4.BC2	24460
CoV|P59595.5.BC1	31244
CoV|P59595.5.BC2	44358
CoV|P59595.6.BC1	54809
CoV|P59595.6.BC2	61162
CoV|P59595.7.BC1	31325
CoV|P59595.7.BC2	29266
CoV|P59595.8.BC1	52917
CoV|P59595.8.BC2	31137
CoV|P59595.9.BC1	35710
CoV|P59595.9.BC2	34034
CoV|P59596.0.BC1	29964
CoV|P59596.0.BC2	16796
CoV|P59596.3.BC1	23725
CoV|P59596.3.BC2	13130
CoV|P59596.4.BC1	7403
CoV|P59596.4.BC2	12318
CoV|P59596.6.BC1	33207
CoV|P59596.6.BC2	40031
CoV|P59632.0.BC1	20585
CoV|P59632.0.BC2	22413
CoV|P59632.1.BC1	49434
CoV|P59632.1.BC2	22920
CoV|P59632.2.BC1	3419
CoV|P59632.2.BC2	51163
CoV|P59632.3.BC1	1289
CoV|P59632.3.BC2	24932
CoV|P59632.4.BC1	13297
CoV|P59632.4.BC2	26142
CoV|P59632.5.BC1	30581
CoV|P59632.5.BC2	23618
CoV|P59632.6.BC1	5855
CoV|P59632.6.BC2	10588
CoV|P59632.7.BC1	1879
CoV|P59632.7.BC2	3747
CoV|P59632.8.BC1	37238
CoV|P59632.8.BC2	42587
CoV|P59633.0.BC1	9416
CoV|P59633.0.BC2	8093
CoV|P59633.1.BC1	15231
CoV|P59633.1.BC2	9199
CoV|P59633.2.BC1	17972
CoV|P59633.2.BC2	9632
CoV|P59633.3.BC1	25545
CoV|P59633.3.BC2	19001
CoV|P59633.4.BC1	19567
CoV|P59633.4.BC2	19535
CoV|P59634.0.BC1	5761
CoV|P59634.0.BC2	24197
CoV|P59634.1.BC1	17685
CoV|P59634.1.BC2	19689
CoV|P59635.0.BC1	25947
CoV|P59635.0.BC2	34870
CoV|P59635.2.BC1	31856
CoV|P59635.2.BC2	29904
CoV|P59635.3.BC1	17111
CoV|P59635.3.BC2	21861
CoV|P59636.0.BC1	14782
CoV|P59636.0.BC2	16438
CoV|P59636.1.BC1	12384
CoV|P59636.1.BC2	19136
CoV|P59636.2.BC1	11897
CoV|P59636.2.BC2	18865
CoV|Q01455.0.BC1	32122
CoV|Q01455.0.BC2	23628
CoV|Q01455.1.BC1	33209
CoV|Q01455.1.BC2	26482
CoV|Q01455.2.BC1	50157
CoV|Q01455.2.BC2	69086
CoV|Q01455.3.BC1	13476
CoV|Q01455.3.BC2	16098
CoV|Q01455.4.BC1	16054
CoV|Q01455.4.BC2	9196
CoV|Q01455.5.BC1	9567
CoV|Q01455.5.BC2	7784
CoV|Q01455.6.BC1	34888
CoV|Q01455.6.BC2	22562
CoV|Q01455.7.BC1	39764
CoV|Q01455.7.BC2	21970
CoV|Q04853.0.BC1	20901
CoV|Q04853.0.BC2	27978
CoV|Q04853.1.BC1	7135
CoV|Q04853.1.BC2	16848
CoV|Q04853.2.BC1	28579
CoV|Q04853.2.BC2	15738
CoV|Q04854.0.BC1	2725
CoV|Q04854.0.BC2	63659
CoV|Q04854.1.BC1	28338
CoV|Q04854.1.BC2	21015
CoV|Q04854.2.BC1	20799
CoV|Q04854.2.BC2	23285
CoV|Q0Q468.0.BC1	31070
CoV|Q0Q468.0.BC2	25506
CoV|Q0Q468.1.BC1	39339
CoV|Q0Q468.1.BC2	44128
CoV|Q0Q468.10.BC1	22737
CoV|Q0Q468.10.BC2	6801
CoV|Q0Q468.11.BC1	16461
CoV|Q0Q468.11.BC2	7480
CoV|Q0Q468.12.BC1	14808
CoV|Q0Q468.12.BC2	26668
CoV|Q0Q468.13.BC1	49970
CoV|Q0Q468.13.BC2	25866
CoV|Q0Q468.14.BC1	40797
CoV|Q0Q468.14.BC2	45191
CoV|Q0Q468.2.BC1	5785
CoV|Q0Q468.2.BC2	8098
CoV|Q0Q468.3.BC1	18136
CoV|Q0Q468.3.BC2	6161
CoV|Q0Q468.4.BC1	27123
CoV|Q0Q468.4.BC2	28048
CoV|Q0Q468.5.BC1	32288
CoV|Q0Q468.5.BC2	27802
CoV|Q0Q468.6.BC1	35979
CoV|Q0Q468.6.BC2	52470
CoV|Q0Q468.7.BC1	17692
CoV|Q0Q468.7.BC2	14036
CoV|Q0Q468.8.BC1	28228
CoV|Q0Q468.8.BC2	23089
CoV|Q0Q468.9.BC1	46800
CoV|Q0Q468.9.BC2	37266
CoV|Q0Q469.0.BC1	6209
CoV|Q0Q469.0.BC2	12330
CoV|Q0Q469.1.BC1	9460
CoV|Q0Q469.1.BC2	12203
CoV|Q0Q469.2.BC1	18581
CoV|Q0Q469.2.BC2	13567
CoV|Q0Q469.3.BC1	25122
CoV|Q0Q469.3.BC2	13182
CoV|Q0Q470.0.BC1	18905
CoV|Q0Q470.0.BC2	13307
CoV|Q0Q470.1.BC1	35009
CoV|Q0Q470.1.BC2	41533
CoV|Q0Q470.2.BC1	11075
CoV|Q0Q470.2.BC2	24371
CoV|Q0Q470.3.BC1	33798
CoV|Q0Q470.3.BC2	20674
CoV|Q0Q472.0.BC1	21950
CoV|Q0Q472.0.BC2	13480
CoV|Q0Q472.3.BC1	19511
CoV|Q0Q472.3.BC2	10095
CoV|Q0Q472.4.BC1	16213
CoV|Q0Q472.4.BC2	20827
CoV|Q0Q472.5.BC1	19340
CoV|Q0Q472.5.BC2	21298
CoV|Q0Q472.6.BC1	20960
CoV|Q0Q472.6.BC2	33167
CoV|Q0Q473.0.BC1	49452
CoV|Q0Q473.0.BC2	44279
CoV|Q0Q473.1.BC1	15975
CoV|Q0Q473.1.BC2	30134
CoV|Q0Q474.0.BC1	11145
CoV|Q0Q474.0.BC2	16587
CoV|Q0Q474.1.BC1	16429
CoV|Q0Q474.1.BC2	34890
CoV|Q0Q474.2.BC1	20897
CoV|Q0Q474.2.BC2	43867
CoV|Q0Q474.3.BC1	26980
CoV|Q0Q474.3.BC2	24885
CoV|Q0Q474.4.BC1	35096
CoV|Q0Q474.4.BC2	16785
CoV|Q0Q474.5.BC1	19514
CoV|Q0Q474.5.BC2	18429
CoV|Q0Q474.6.BC1	7212
CoV|Q0Q474.6.BC2	9116
CoV|Q0Q474.7.BC1	8641
CoV|Q0Q474.7.BC2	10894
CoV|Q0Q474.8.BC1	26311
CoV|Q0Q474.8.BC2	22364
CoV|Q0Q475.0.BC1	13799
CoV|Q0Q475.0.BC2	28783
CoV|Q0Q475.1.BC1	13808
CoV|Q0Q475.1.BC2	20626
CoV|Q0Q475.10.BC1	28790
CoV|Q0Q475.10.BC2	39411
CoV|Q0Q475.11.BC1	10384
CoV|Q0Q475.11.BC2	22735
CoV|Q0Q475.14.BC1	27907
CoV|Q0Q475.14.BC2	20781
CoV|Q0Q475.15.BC1	54001
CoV|Q0Q475.15.BC2	50121
CoV|Q0Q475.16.BC1	8882
CoV|Q0Q475.16.BC2	6273
CoV|Q0Q475.17.BC1	10592
CoV|Q0Q475.17.BC2	10161
CoV|Q0Q475.18.BC1	25208
CoV|Q0Q475.18.BC2	10593
CoV|Q0Q475.2.BC1	10850
CoV|Q0Q475.2.BC2	12663
CoV|Q0Q475.20.BC1	21738
CoV|Q0Q475.20.BC2	37315
CoV|Q0Q475.21.BC1	66319
CoV|Q0Q475.21.BC2	44112
CoV|Q0Q475.22.BC1	48942
CoV|Q0Q475.22.BC2	32033
CoV|Q0Q475.23.BC1	27184
CoV|Q0Q475.23.BC2	16727
CoV|Q0Q475.24.BC1	7844
CoV|Q0Q475.24.BC2	14984
CoV|Q0Q475.25.BC1	21820
CoV|Q0Q475.25.BC2	12715
CoV|Q0Q475.26.BC1	12165
CoV|Q0Q475.26.BC2	33226
CoV|Q0Q475.3.BC1	7070
CoV|Q0Q475.3.BC2	8119
CoV|Q0Q475.31.BC1	21024
CoV|Q0Q475.31.BC2	28088
CoV|Q0Q475.32.BC1	9733
CoV|Q0Q475.32.BC2	10927
CoV|Q0Q475.38.BC1	15258
CoV|Q0Q475.38.BC2	20926
CoV|Q0Q475.39.BC1	19328
CoV|Q0Q475.39.BC2	40218
CoV|Q0Q475.4.BC1	5503
CoV|Q0Q475.4.BC2	20817
CoV|Q0Q475.5.BC1	21697
CoV|Q0Q475.5.BC2	21831
CoV|Q0Q475.6.BC1	23917
CoV|Q0Q475.6.BC2	21225
CoV|Q0Q475.7.BC1	21397
CoV|Q0Q475.7.BC2	15404
CoV|Q0Q475.8.BC1	10792
CoV|Q0Q475.8.BC2	7431
CoV|Q0Q475.9.BC1	10353
CoV|Q0Q475.9.BC2	6732
CoV|Q14EA6.0.BC1	14002
CoV|Q14EA6.0.BC2	18316
CoV|Q14EA6.1.BC1	11167
CoV|Q14EA6.1.BC2	11802
CoV|Q14EA6.10.BC1	23923
CoV|Q14EA6.10.BC2	9345
CoV|Q14EA6.11.BC1	21121
CoV|Q14EA6.11.BC2	8572
CoV|Q14EA6.12.BC1	5652
CoV|Q14EA6.12.BC2	4305
CoV|Q14EA6.13.BC1	13269
CoV|Q14EA6.13.BC2	35182
CoV|Q14EA6.14.BC1	63988
CoV|Q14EA6.14.BC2	30674
CoV|Q14EA6.2.BC1	9498
CoV|Q14EA6.2.BC2	25151
CoV|Q14EA6.3.BC1	10853
CoV|Q14EA6.3.BC2	33604
CoV|Q14EA6.4.BC1	11584
CoV|Q14EA6.4.BC2	20777
CoV|Q14EA6.5.BC1	24346
CoV|Q14EA6.5.BC2	22639
CoV|Q14EA6.6.BC1	27172
CoV|Q14EA6.6.BC2	29792
CoV|Q14EA6.7.BC1	43814
CoV|Q14EA6.7.BC2	21790
CoV|Q14EA6.8.BC1	25790
CoV|Q14EA6.8.BC2	16822
CoV|Q14EA6.9.BC1	29343
CoV|Q14EA6.9.BC2	5437
CoV|Q14EA7.0.BC1	11498
CoV|Q14EA7.0.BC2	20035
CoV|Q14EA7.1.BC1	38840
CoV|Q14EA7.1.BC2	47895
CoV|Q14EA7.2.BC1	36350
CoV|Q14EA7.2.BC2	47553
CoV|Q14EA7.3.BC1	21586
CoV|Q14EA7.3.BC2	25431
CoV|Q14EA7.4.BC1	12476
CoV|Q14EA7.4.BC2	11861
CoV|Q14EA7.5.BC1	13898
CoV|Q14EA7.5.BC2	17557
CoV|Q14EA7.6.BC1	16411
CoV|Q14EA7.6.BC2	23587
CoV|Q14EA8.0.BC1	48768
CoV|Q14EA8.0.BC2	46474
CoV|Q14EA8.1.BC1	16390
CoV|Q14EA8.1.BC2	19413
CoV|Q14EA9.0.BC1	44623
CoV|Q14EA9.0.BC2	12131
CoV|Q14EA9.1.BC1	18560
CoV|Q14EA9.1.BC2	23322
CoV|Q14EA9.2.BC1	22582
CoV|Q14EA9.2.BC2	23634
CoV|Q14EB0.0.BC1	36882
CoV|Q14EB0.0.BC2	34712
CoV|Q14EB0.1.BC1	6852
CoV|Q14EB0.1.BC2	8413
CoV|Q14EB0.10.BC1	27978
CoV|Q14EB0.10.BC2	30339
CoV|Q14EB0.11.BC1	27118
CoV|Q14EB0.11.BC2	14861
CoV|Q14EB0.12.BC1	12228
CoV|Q14EB0.12.BC2	11375
CoV|Q14EB0.13.BC1	26818
CoV|Q14EB0.13.BC2	9180
CoV|Q14EB0.14.BC1	8761
CoV|Q14EB0.14.BC2	4952
CoV|Q14EB0.15.BC1	19563
CoV|Q14EB0.15.BC2	24952
CoV|Q14EB0.16.BC1	33736
CoV|Q14EB0.16.BC2	30874
CoV|Q14EB0.17.BC1	42995
CoV|Q14EB0.17.BC2	18059
CoV|Q14EB0.18.BC1	7230
CoV|Q14EB0.18.BC2	10714
CoV|Q14EB0.19.BC1	38488
CoV|Q14EB0.19.BC2	27954
CoV|Q14EB0.2.BC1	6749
CoV|Q14EB0.2.BC2	13805
CoV|Q14EB0.20.BC1	17036
CoV|Q14EB0.20.BC2	25169
CoV|Q14EB0.21.BC1	12953
CoV|Q14EB0.21.BC2	15038
CoV|Q14EB0.22.BC1	21973
CoV|Q14EB0.22.BC2	21940
CoV|Q14EB0.23.BC1	25729
CoV|Q14EB0.23.BC2	31969
CoV|Q14EB0.24.BC1	16778
CoV|Q14EB0.24.BC2	11300
CoV|Q14EB0.25.BC1	30093
CoV|Q14EB0.25.BC2	19045
CoV|Q14EB0.26.BC1	25536
CoV|Q14EB0.26.BC2	30656
CoV|Q14EB0.27.BC1	15929
CoV|Q14EB0.27.BC2	5681
CoV|Q14EB0.28.BC1	31549
CoV|Q14EB0.28.BC2	40638
CoV|Q14EB0.29.BC1	12590
CoV|Q14EB0.29.BC2	7237
CoV|Q14EB0.3.BC1	12482
CoV|Q14EB0.3.BC2	10310
CoV|Q14EB0.30.BC1	23047
CoV|Q14EB0.30.BC2	18634
CoV|Q14EB0.31.BC1	39307
CoV|Q14EB0.31.BC2	6514
CoV|Q14EB0.32.BC1	45914
CoV|Q14EB0.32.BC2	24044
CoV|Q14EB0.33.BC1	31334
CoV|Q14EB0.33.BC2	36052
CoV|Q14EB0.34.BC1	13819
CoV|Q14EB0.34.BC2	10586
CoV|Q14EB0.35.BC1	14870
CoV|Q14EB0.35.BC2	19157
CoV|Q14EB0.36.BC1	16639
CoV|Q14EB0.36.BC2	23250
CoV|Q14EB0.37.BC1	11872
CoV|Q14EB0.37.BC2	9120
CoV|Q14EB0.38.BC1	23935
CoV|Q14EB0.38.BC2	41453
CoV|Q14EB0.39.BC1	3566
CoV|Q14EB0.39.BC2	12473
CoV|Q14EB0.4.BC1	11568
CoV|Q14EB0.4.BC2	8457
CoV|Q14EB0.40.BC1	6558
CoV|Q14EB0.40.BC2	9858
CoV|Q14EB0.41.BC1	9102
CoV|Q14EB0.41.BC2	15728
CoV|Q14EB0.42.BC1	14503
CoV|Q14EB0.42.BC2	13525
CoV|Q14EB0.43.BC1	23322
CoV|Q14EB0.43.BC2	20290
CoV|Q14EB0.44.BC1	8166
CoV|Q14EB0.44.BC2	10929
CoV|Q14EB0.45.BC1	15318
CoV|Q14EB0.45.BC2	8200
CoV|Q14EB0.46.BC1	43910
CoV|Q14EB0.46.BC2	30537
CoV|Q14EB0.47.BC1	44753
CoV|Q14EB0.47.BC2	26601
CoV|Q14EB0.5.BC1	34902
CoV|Q14EB0.5.BC2	17385
CoV|Q14EB0.6.BC1	7896
CoV|Q14EB0.6.BC2	1747
CoV|Q14EB0.7.BC1	34527
CoV|Q14EB0.7.BC2	19632
CoV|Q14EB0.8.BC1	12083
CoV|Q14EB0.8.BC2	14001
CoV|Q14EB0.9.BC1	13933
CoV|Q14EB0.9.BC2	22723
CoV|Q14EB1.0.BC1	26839
CoV|Q14EB1.0.BC2	18981
CoV|Q14EB1.1.BC1	21389
CoV|Q14EB1.1.BC2	11191
CoV|Q14EB1.10.BC1	10861
CoV|Q14EB1.10.BC2	12969
CoV|Q14EB1.11.BC1	26246
CoV|Q14EB1.11.BC2	31816
CoV|Q14EB1.12.BC1	28536
CoV|Q14EB1.12.BC2	33765
CoV|Q14EB1.2.BC1	13352
CoV|Q14EB1.2.BC2	12172
CoV|Q14EB1.3.BC1	5809
CoV|Q14EB1.3.BC2	25146
CoV|Q14EB1.4.BC1	3610
CoV|Q14EB1.4.BC2	13978
CoV|Q14EB1.5.BC1	9363
CoV|Q14EB1.5.BC2	8039
CoV|Q14EB1.6.BC1	13459
CoV|Q14EB1.6.BC2	8941
CoV|Q14EB1.7.BC1	12512
CoV|Q14EB1.7.BC2	13191
CoV|Q14EB1.8.BC1	32138
CoV|Q14EB1.8.BC2	30940
CoV|Q14EB1.9.BC1	29230
CoV|Q14EB1.9.BC2	33257
CoV|Q2HZW9.0.BC1	26533
CoV|Q2HZW9.0.BC2	29561
CoV|Q2HZW9.1.BC1	50634
CoV|Q2HZW9.1.BC2	42092
CoV|Q2HZW9.2.BC1	51656
CoV|Q2HZW9.2.BC2	39621
CoV|Q2HZW9.3.BC1	27106
CoV|Q2HZW9.3.BC2	35517
CoV|Q2HZW9.4.BC1	8721
CoV|Q2HZW9.4.BC2	19204
CoV|Q2HZW9.5.BC1	17571
CoV|Q2HZW9.5.BC2	34666
CoV|Q2HZW9.6.BC1	38784
CoV|Q2HZW9.6.BC2	41887
CoV|Q2HZW9.7.BC1	19674
CoV|Q2HZW9.7.BC2	35972
CoV|Q3I5I5.0.BC1	14044
CoV|Q3I5I5.0.BC2	9038
CoV|Q3I5I5.1.BC1	13109
CoV|Q3I5I5.1.BC2	13156
CoV|Q3I5I6.0.BC1	21875
CoV|Q3I5I6.0.BC2	1216
CoV|Q3I5I6.1.BC1	15148
CoV|Q3I5I6.1.BC2	12432
CoV|Q3I5I6.2.BC1	13513
CoV|Q3I5I6.2.BC2	8032
CoV|Q3I5I7.0.BC1	35430
CoV|Q3I5I7.0.BC2	24068
CoV|Q3I5I7.10.BC1	13014
CoV|Q3I5I7.10.BC2	16495
CoV|Q3I5I7.11.BC1	5626
CoV|Q3I5I7.11.BC2	7886
CoV|Q3I5I7.12.BC1	21119
CoV|Q3I5I7.12.BC2	21883
CoV|Q3I5I7.13.BC1	48759
CoV|Q3I5I7.13.BC2	14213
CoV|Q3I5I7.6.BC1	54381
CoV|Q3I5I7.6.BC2	19609
CoV|Q3I5I7.7.BC1	24359
CoV|Q3I5I7.7.BC2	21583
CoV|Q3I5I7.8.BC1	50446
CoV|Q3I5I7.8.BC2	34503
CoV|Q3I5I7.9.BC1	30072
CoV|Q3I5I7.9.BC2	44060
CoV|Q3I5I8.1.BC1	17809
CoV|Q3I5I8.1.BC2	15893
CoV|Q3I5I8.2.BC1	14553
CoV|Q3I5I8.2.BC2	12843
CoV|Q3I5I8.3.BC1	16918
CoV|Q3I5I8.3.BC2	36177
CoV|Q3I5J0.0.BC1	20839
CoV|Q3I5J0.0.BC2	30876
CoV|Q3I5J0.1.BC1	43029
CoV|Q3I5J0.1.BC2	36576
CoV|Q3I5J0.2.BC1	16770
CoV|Q3I5J0.2.BC2	23420
CoV|Q3I5J0.3.BC1	13410
CoV|Q3I5J0.3.BC2	19609
CoV|Q3I5J1.0.BC1	10171
CoV|Q3I5J1.0.BC2	9603
CoV|Q3I5J1.1.BC1	16906
CoV|Q3I5J1.1.BC2	15503
CoV|Q3I5J2.0.BC1	19177
CoV|Q3I5J2.0.BC2	23833
CoV|Q3I5J2.1.BC1	38922
CoV|Q3I5J2.1.BC2	24079
CoV|Q3I5J2.2.BC1	54404
CoV|Q3I5J2.2.BC2	54554
CoV|Q3I5J2.3.BC1	22081
CoV|Q3I5J2.3.BC2	19463
CoV|Q3I5J2.4.BC1	14884
CoV|Q3I5J2.4.BC2	9759
CoV|Q3I5J2.5.BC1	21505
CoV|Q3I5J2.5.BC2	21769
CoV|Q3I5J2.6.BC1	37008
CoV|Q3I5J2.6.BC2	38859
CoV|Q3I5J4.0.BC1	8916
CoV|Q3I5J4.0.BC2	11170
CoV|Q3I5J4.1.BC1	19180
CoV|Q3I5J4.1.BC2	24615
CoV|Q3I5J4.2.BC1	19033
CoV|Q3I5J4.2.BC2	2751
CoV|Q3I5J4.6.BC1	7612
CoV|Q3I5J4.6.BC2	11908
CoV|Q3I5J4.7.BC1	6464
CoV|Q3I5J4.7.BC2	3413
CoV|Q3I5J5.0.BC1	21859
CoV|Q3I5J5.0.BC2	28309
CoV|Q3I5J5.1.BC1	21920
CoV|Q3I5J5.1.BC2	21902
CoV|Q3I5J5.10.BC1	15817
CoV|Q3I5J5.10.BC2	17346
CoV|Q3I5J5.11.BC1	24260
CoV|Q3I5J5.11.BC2	18733
CoV|Q3I5J5.12.BC1	14155
CoV|Q3I5J5.12.BC2	1461
CoV|Q3I5J5.13.BC1	30968
CoV|Q3I5J5.13.BC2	24341
CoV|Q3I5J5.14.BC1	19966
CoV|Q3I5J5.14.BC2	20491
CoV|Q3I5J5.15.BC1	61118
CoV|Q3I5J5.15.BC2	72983
CoV|Q3I5J5.16.BC1	37631
CoV|Q3I5J5.16.BC2	10978
CoV|Q3I5J5.17.BC1	14785
CoV|Q3I5J5.17.BC2	9955
CoV|Q3I5J5.18.BC1	26113
CoV|Q3I5J5.18.BC2	22742
CoV|Q3I5J5.19.BC1	41547
CoV|Q3I5J5.19.BC2	19680
CoV|Q3I5J5.2.BC1	18613
CoV|Q3I5J5.2.BC2	18961
CoV|Q3I5J5.20.BC1	18762
CoV|Q3I5J5.20.BC2	58856
CoV|Q3I5J5.21.BC1	39936
CoV|Q3I5J5.21.BC2	38489
CoV|Q3I5J5.22.BC1	17551
CoV|Q3I5J5.22.BC2	31637
CoV|Q3I5J5.23.BC1	17327
CoV|Q3I5J5.23.BC2	13745
CoV|Q3I5J5.24.BC1	1205
CoV|Q3I5J5.24.BC2	23816
CoV|Q3I5J5.25.BC1	17346
CoV|Q3I5J5.25.BC2	23600
CoV|Q3I5J5.26.BC1	16134
CoV|Q3I5J5.26.BC2	15829
CoV|Q3I5J5.27.BC1	27488
CoV|Q3I5J5.27.BC2	17539
CoV|Q3I5J5.28.BC1	33151
CoV|Q3I5J5.28.BC2	58814
CoV|Q3I5J5.29.BC1	26742
CoV|Q3I5J5.29.BC2	34722
CoV|Q3I5J5.3.BC1	11930
CoV|Q3I5J5.3.BC2	12691
CoV|Q3I5J5.30.BC1	15039
CoV|Q3I5J5.30.BC2	26121
CoV|Q3I5J5.31.BC1	17727
CoV|Q3I5J5.31.BC2	31062
CoV|Q3I5J5.32.BC1	21600
CoV|Q3I5J5.32.BC2	13067
CoV|Q3I5J5.33.BC1	9895
CoV|Q3I5J5.33.BC2	12118
CoV|Q3I5J5.34.BC1	18817
CoV|Q3I5J5.34.BC2	24160
CoV|Q3I5J5.35.BC1	13905
CoV|Q3I5J5.35.BC2	12932
CoV|Q3I5J5.36.BC1	16146
CoV|Q3I5J5.36.BC2	10679
CoV|Q3I5J5.37.BC1	10912
CoV|Q3I5J5.37.BC2	23119
CoV|Q3I5J5.38.BC1	11249
CoV|Q3I5J5.38.BC2	11670
CoV|Q3I5J5.39.BC1	4163
CoV|Q3I5J5.39.BC2	31469
CoV|Q3I5J5.4.BC1	6718
CoV|Q3I5J5.4.BC2	8729
CoV|Q3I5J5.40.BC1	11031
CoV|Q3I5J5.40.BC2	5681
CoV|Q3I5J5.41.BC1	30618
CoV|Q3I5J5.41.BC2	39173
CoV|Q3I5J5.42.BC1	13768
CoV|Q3I5J5.42.BC2	24703
CoV|Q3I5J5.43.BC1	9675
CoV|Q3I5J5.43.BC2	20572
CoV|Q3I5J5.5.BC1	18005
CoV|Q3I5J5.5.BC2	18998
CoV|Q3I5J5.6.BC1	19288
CoV|Q3I5J5.6.BC2	24587
CoV|Q3I5J5.7.BC1	6067
CoV|Q3I5J5.7.BC2	10575
CoV|Q3I5J5.8.BC1	5136
CoV|Q3I5J5.8.BC2	6562
CoV|Q3I5J5.9.BC1	15855
CoV|Q3I5J5.9.BC2	9378
CoV|Q3LZW9.0.BC1	42820
CoV|Q3LZW9.0.BC2	60686
CoV|Q3LZX0.0.BC1	15666
CoV|Q3LZX0.0.BC2	4313
CoV|Q3LZX0.1.BC1	22341
CoV|Q3LZX0.1.BC2	18784
CoV|Q3LZX0.2.BC1	6819
CoV|Q3LZX0.2.BC2	29334
CoV|Q3LZX0.3.BC1	28640
CoV|Q3LZX0.3.BC2	24698
CoV|Q3LZX0.4.BC1	24806
CoV|Q3LZX0.4.BC2	24711
CoV|Q3LZX0.5.BC1	15200
CoV|Q3LZX0.5.BC2	5767
CoV|Q3LZX0.6.BC1	4895
CoV|Q3LZX0.6.BC2	6822
CoV|Q3LZX0.7.BC1	16858
CoV|Q3LZX0.7.BC2	3786
CoV|Q3LZX1.0.BC1	13618
CoV|Q3LZX1.0.BC2	23437
CoV|Q3LZX1.1.BC1	20436
CoV|Q3LZX1.1.BC2	15259
CoV|Q3LZX1.10.BC1	35806
CoV|Q3LZX1.10.BC2	17916
CoV|Q3LZX1.14.BC1	17265
CoV|Q3LZX1.14.BC2	22056
CoV|Q3LZX1.15.BC1	36692
CoV|Q3LZX1.15.BC2	32179
CoV|Q3LZX1.16.BC1	18234
CoV|Q3LZX1.16.BC2	7194
CoV|Q3LZX1.17.BC1	2742
CoV|Q3LZX1.17.BC2	11258
CoV|Q3LZX1.18.BC1	32363
CoV|Q3LZX1.18.BC2	34409
CoV|Q3LZX1.19.BC1	22695
CoV|Q3LZX1.19.BC2	21679
CoV|Q3LZX1.2.BC1	9793
CoV|Q3LZX1.2.BC2	13669
CoV|Q3LZX1.20.BC1	25416
CoV|Q3LZX1.20.BC2	40512
CoV|Q3LZX1.21.BC1	47179
CoV|Q3LZX1.21.BC2	28063
CoV|Q3LZX1.22.BC1	32932
CoV|Q3LZX1.22.BC2	19284
CoV|Q3LZX1.23.BC1	23330
CoV|Q3LZX1.23.BC2	16916
CoV|Q3LZX1.24.BC1	16330
CoV|Q3LZX1.24.BC2	4509
CoV|Q3LZX1.25.BC1	24889
CoV|Q3LZX1.25.BC2	24921
CoV|Q3LZX1.26.BC1	7881
CoV|Q3LZX1.26.BC2	4509
CoV|Q3LZX1.27.BC1	13220
CoV|Q3LZX1.27.BC2	36049
CoV|Q3LZX1.28.BC1	34580
CoV|Q3LZX1.28.BC2	36527
CoV|Q3LZX1.29.BC1	30243
CoV|Q3LZX1.29.BC2	41168
CoV|Q3LZX1.3.BC1	4868
CoV|Q3LZX1.3.BC2	6690
CoV|Q3LZX1.30.BC1	12712
CoV|Q3LZX1.30.BC2	9947
CoV|Q3LZX1.31.BC1	19365
CoV|Q3LZX1.31.BC2	19456
CoV|Q3LZX1.32.BC1	7515
CoV|Q3LZX1.32.BC2	9814
CoV|Q3LZX1.33.BC1	7803
CoV|Q3LZX1.33.BC2	7674
CoV|Q3LZX1.34.BC1	3639
CoV|Q3LZX1.34.BC2	13306
CoV|Q3LZX1.35.BC1	13719
CoV|Q3LZX1.35.BC2	17668
CoV|Q3LZX1.36.BC1	11385
CoV|Q3LZX1.36.BC2	16769
CoV|Q3LZX1.37.BC1	13171
CoV|Q3LZX1.37.BC2	10050
CoV|Q3LZX1.38.BC1	19416
CoV|Q3LZX1.38.BC2	12525
CoV|Q3LZX1.39.BC1	18943
CoV|Q3LZX1.39.BC2	20492
CoV|Q3LZX1.4.BC1	7386
CoV|Q3LZX1.4.BC2	8877
CoV|Q3LZX1.40.BC1	14503
CoV|Q3LZX1.40.BC2	4573
CoV|Q3LZX1.41.BC1	21813
CoV|Q3LZX1.41.BC2	22946
CoV|Q3LZX1.42.BC1	22490
CoV|Q3LZX1.42.BC2	16024
CoV|Q3LZX1.5.BC1	11415
CoV|Q3LZX1.5.BC2	26215
CoV|Q3LZX1.6.BC1	14567
CoV|Q3LZX1.6.BC2	20107
CoV|Q3LZX1.7.BC1	20396
CoV|Q3LZX1.7.BC2	17811
CoV|Q3LZX1.8.BC1	8945
CoV|Q3LZX1.8.BC2	9532
CoV|Q3LZX1.9.BC1	17605
CoV|Q3LZX1.9.BC2	25520
CoV|Q3LZX3.0.BC1	11819
CoV|Q3LZX3.0.BC2	17154
CoV|Q3LZX3.1.BC1	8964
CoV|Q3LZX3.1.BC2	17915
CoV|Q3LZX3.2.BC1	32352
CoV|Q3LZX3.2.BC2	33080
CoV|Q3LZX4.0.BC1	43375
CoV|Q3LZX4.0.BC2	44543
CoV|Q3LZX4.10.BC1	22881
CoV|Q3LZX4.10.BC2	26513
CoV|Q3LZX4.11.BC1	131
CoV|Q3LZX4.11.BC2	6872
CoV|Q3LZX4.12.BC1	19499
CoV|Q3LZX4.12.BC2	29620
CoV|Q3LZX4.13.BC1	37580
CoV|Q3LZX4.13.BC2	33375
CoV|Q3LZX4.14.BC1	45994
CoV|Q3LZX4.14.BC2	36746
CoV|Q3LZX4.2.BC1	27857
CoV|Q3LZX4.2.BC2	10603
CoV|Q3LZX4.3.BC1	12983
CoV|Q3LZX4.3.BC2	12202
CoV|Q3LZX4.5.BC1	33806
CoV|Q3LZX4.5.BC2	35988
CoV|Q3LZX4.6.BC1	42724
CoV|Q3LZX4.6.BC2	39242
CoV|Q3LZX4.7.BC1	28957
CoV|Q3LZX4.7.BC2	32709
CoV|Q3LZX4.8.BC1	50058
CoV|Q3LZX4.8.BC2	47372
CoV|Q3LZX4.9.BC1	47507
CoV|Q3LZX4.9.BC2	29380
CoV|Q3LZX5.0.BC1	7935
CoV|Q3LZX5.0.BC2	13028
CoV|Q3LZX5.1.BC1	15677
CoV|Q3LZX5.1.BC2	14977
CoV|Q3LZX5.2.BC1	11965
CoV|Q3LZX5.2.BC2	19733
CoV|Q3LZX5.3.BC1	38941
CoV|Q3LZX5.3.BC2	9891
CoV|Q3LZX6.0.BC1	52511
CoV|Q3LZX6.0.BC2	3558
CoV|Q3LZX7.0.BC1	17736
CoV|Q3LZX7.0.BC2	10184
CoV|Q3LZX7.1.BC1	38786
CoV|Q3LZX7.1.BC2	38916
CoV|Q3LZX7.2.BC1	39876
CoV|Q3LZX7.2.BC2	55920
CoV|Q3LZX7.3.BC1	23994
CoV|Q3LZX7.3.BC2	17902
CoV|Q3LZX8.0.BC1	11177
CoV|Q3LZX8.0.BC2	9787
CoV|Q3LZX8.1.BC1	19906
CoV|Q3LZX8.1.BC2	4232
CoV|Q3LZX9.0.BC1	27520
CoV|Q3LZX9.0.BC2	9291
CoV|Q4VID0.0.BC1	21720
CoV|Q4VID0.0.BC2	31513
CoV|Q4VID0.1.BC1	16962
CoV|Q4VID0.1.BC2	20939
CoV|Q4VID0.2.BC1	36291
CoV|Q4VID0.2.BC2	19284
CoV|Q4VID0.3.BC1	36331
CoV|Q4VID0.3.BC2	61456
CoV|Q4VID0.4.BC1	12374
CoV|Q4VID0.4.BC2	26838
CoV|Q4VID0.5.BC1	15142
CoV|Q4VID0.5.BC2	19339
CoV|Q4VID0.6.BC1	18389
CoV|Q4VID0.6.BC2	17675
CoV|Q7TFA0.0.BC1	16108
CoV|Q7TFA0.0.BC2	19325
CoV|Q7TFA1.0.BC1	35566
CoV|Q7TFA1.0.BC2	17055
CoV|Q7TLC7.0.BC1	11401
CoV|Q7TLC7.0.BC2	5138
CoV|Q7TLC7.1.BC1	11287
CoV|Q7TLC7.1.BC2	6025
CoV|Q80872.0.BC1	6594
CoV|Q80872.0.BC2	14199
CoV|Q80872.1.BC1	23303
CoV|Q80872.1.BC2	29428
CoV|Q80872.2.BC1	8841
CoV|Q80872.2.BC2	22990
CoV|Q80872.3.BC1	28509
CoV|Q80872.3.BC2	19788
CoV|Q80872.4.BC1	19946
CoV|Q80872.4.BC2	30913
CoV|Q80872.5.BC1	4410
CoV|Q80872.5.BC2	5782
CoV|Q80872.6.BC1	10014
CoV|Q80872.6.BC2	13535
CoV|Q80872.7.BC1	11592
CoV|Q80872.7.BC2	16511
CoV|Q80872.8.BC1	14954
CoV|Q80872.8.BC2	12377
CoV|Q80H93.0.BC1	8632
CoV|Q80H93.0.BC2	16188
CoV|Q80H93.1.BC1	11682
CoV|Q80H93.1.BC2	16990
CoV|Q80H93.2.BC1	24896
CoV|Q80H93.2.BC2	19895
CoV|QHN73809.109.BC1	35267
CoV|QHN73809.109.BC2	27376
CoV|QHN73809.110.BC1	26208
CoV|QHN73809.110.BC2	28119
CoV|QHO60600.1.BC1	6819
CoV|QHO60600.1.BC2	8420
CoV|QHO60600.2.BC1	11488
CoV|QHO60600.2.BC2	10025
CoV|QHO60600.3.BC1	3464
CoV|QHO60600.3.BC2	34356
CoV|QHQ71962.14.BC1	38454
CoV|QHQ71962.14.BC2	14867
CoV|QHQ71962.15.BC1	15111
CoV|QHQ71962.15.BC2	13169
CoV|QHQ71969.1.BC1	6912
CoV|QHQ71969.1.BC2	8771
CoV|QHQ71969.2.BC1	19785
CoV|QHQ71969.2.BC2	20235
CoV|QHQ71972.198.BC1	20060
CoV|QHQ71972.198.BC2	18018
CoV|QHQ71972.199.BC1	7123
CoV|QHQ71972.199.BC2	10410
CoV|QHQ82463.0.BC1	21022
CoV|QHQ82463.0.BC2	28256
CoV|QHQ82463.1.BC1	33763
CoV|QHQ82463.1.BC2	16831
CoV|QHQ82463.10.BC1	34581
CoV|QHQ82463.10.BC2	21533
CoV|QHQ82463.100.BC1	26404
CoV|QHQ82463.100.BC2	42210
CoV|QHQ82463.101.BC1	13271
CoV|QHQ82463.101.BC2	8731
CoV|QHQ82463.102.BC1	14683
CoV|QHQ82463.102.BC2	206
CoV|QHQ82463.103.BC1	1040
CoV|QHQ82463.103.BC2	904
CoV|QHQ82463.104.BC1	46855
CoV|QHQ82463.104.BC2	54093
CoV|QHQ82463.105.BC1	10450
CoV|QHQ82463.105.BC2	15408
CoV|QHQ82463.106.BC1	45240
CoV|QHQ82463.106.BC2	69196
CoV|QHQ82463.107.BC1	19225
CoV|QHQ82463.107.BC2	15631
CoV|QHQ82463.108.BC1	3034
CoV|QHQ82463.108.BC2	53475
CoV|QHQ82463.109.BC1	59644
CoV|QHQ82463.109.BC2	53528
CoV|QHQ82463.11.BC1	18464
CoV|QHQ82463.11.BC2	20342
CoV|QHQ82463.110.BC1	13232
CoV|QHQ82463.110.BC2	18741
CoV|QHQ82463.111.BC1	18784
CoV|QHQ82463.111.BC2	30580
CoV|QHQ82463.112.BC1	9584
CoV|QHQ82463.112.BC2	8164
CoV|QHQ82463.113.BC1	13233
CoV|QHQ82463.113.BC2	15424
CoV|QHQ82463.114.BC1	23740
CoV|QHQ82463.114.BC2	2243
CoV|QHQ82463.115.BC1	25596
CoV|QHQ82463.115.BC2	39356
CoV|QHQ82463.116.BC1	19945
CoV|QHQ82463.116.BC2	16785
CoV|QHQ82463.117.BC1	31960
CoV|QHQ82463.117.BC2	44366
CoV|QHQ82463.118.BC1	22371
CoV|QHQ82463.118.BC2	17495
CoV|QHQ82463.119.BC1	38778
CoV|QHQ82463.119.BC2	23894
CoV|QHQ82463.12.BC1	41417
CoV|QHQ82463.12.BC2	19309
CoV|QHQ82463.120.BC1	37872
CoV|QHQ82463.120.BC2	37654
CoV|QHQ82463.121.BC1	16892
CoV|QHQ82463.121.BC2	10437
CoV|QHQ82463.122.BC1	9638
CoV|QHQ82463.122.BC2	5731
CoV|QHQ82463.123.BC1	12126
CoV|QHQ82463.123.BC2	14085
CoV|QHQ82463.124.BC1	21299
CoV|QHQ82463.124.BC2	19945
CoV|QHQ82463.125.BC1	35456
CoV|QHQ82463.125.BC2	35036
CoV|QHQ82463.126.BC1	24746
CoV|QHQ82463.126.BC2	14296
CoV|QHQ82463.127.BC1	24626
CoV|QHQ82463.127.BC2	28011
CoV|QHQ82463.128.BC1	3682
CoV|QHQ82463.128.BC2	19634
CoV|QHQ82463.129.BC1	111908
CoV|QHQ82463.129.BC2	68050
CoV|QHQ82463.13.BC1	22235
CoV|QHQ82463.13.BC2	5859
CoV|QHQ82463.130.BC1	25495
CoV|QHQ82463.130.BC2	19891
CoV|QHQ82463.131.BC1	35977
CoV|QHQ82463.131.BC2	38615
CoV|QHQ82463.132.BC1	15315
CoV|QHQ82463.132.BC2	25218
CoV|QHQ82463.133.BC1	28589
CoV|QHQ82463.133.BC2	44710
CoV|QHQ82463.134.BC1	61188
CoV|QHQ82463.134.BC2	56534
CoV|QHQ82463.135.BC1	23468
CoV|QHQ82463.135.BC2	19130
CoV|QHQ82463.136.BC1	11499
CoV|QHQ82463.136.BC2	21042
CoV|QHQ82463.137.BC1	10416
CoV|QHQ82463.137.BC2	10919
CoV|QHQ82463.138.BC1	8005
CoV|QHQ82463.138.BC2	6681
CoV|QHQ82463.139.BC1	7445
CoV|QHQ82463.139.BC2	11329
CoV|QHQ82463.14.BC1	32643
CoV|QHQ82463.14.BC2	36116
CoV|QHQ82463.140.BC1	32706
CoV|QHQ82463.140.BC2	19552
CoV|QHQ82463.141.BC1	17995
CoV|QHQ82463.141.BC2	31888
CoV|QHQ82463.142.BC1	30018
CoV|QHQ82463.142.BC2	38818
CoV|QHQ82463.143.BC1	26849
CoV|QHQ82463.143.BC2	46939
CoV|QHQ82463.144.BC1	23400
CoV|QHQ82463.144.BC2	14468
CoV|QHQ82463.145.BC1	7733
CoV|QHQ82463.145.BC2	6919
CoV|QHQ82463.146.BC1	24108
CoV|QHQ82463.146.BC2	25205
CoV|QHQ82463.147.BC1	55093
CoV|QHQ82463.147.BC2	45328
CoV|QHQ82463.148.BC1	16253
CoV|QHQ82463.148.BC2	19959
CoV|QHQ82463.149.BC1	16506
CoV|QHQ82463.149.BC2	22073
CoV|QHQ82463.15.BC1	5958
CoV|QHQ82463.15.BC2	7510
CoV|QHQ82463.150.BC1	12828
CoV|QHQ82463.150.BC2	20571
CoV|QHQ82463.151.BC1	19844
CoV|QHQ82463.151.BC2	21321
CoV|QHQ82463.152.BC1	23691
CoV|QHQ82463.152.BC2	8745
CoV|QHQ82463.153.BC1	21639
CoV|QHQ82463.153.BC2	26591
CoV|QHQ82463.154.BC1	15617
CoV|QHQ82463.154.BC2	18189
CoV|QHQ82463.155.BC1	48262
CoV|QHQ82463.155.BC2	41740
CoV|QHQ82463.156.BC1	56527
CoV|QHQ82463.156.BC2	35245
CoV|QHQ82463.157.BC1	24270
CoV|QHQ82463.157.BC2	16540
CoV|QHQ82463.158.BC1	11964
CoV|QHQ82463.158.BC2	23919
CoV|QHQ82463.159.BC1	26244
CoV|QHQ82463.159.BC2	16166
CoV|QHQ82463.16.BC1	7762
CoV|QHQ82463.16.BC2	5442
CoV|QHQ82463.160.BC1	60762
CoV|QHQ82463.160.BC2	35176
CoV|QHQ82463.161.BC1	10548
CoV|QHQ82463.161.BC2	21295
CoV|QHQ82463.162.BC1	31107
CoV|QHQ82463.162.BC2	25240
CoV|QHQ82463.163.BC1	16176
CoV|QHQ82463.163.BC2	12020
CoV|QHQ82463.164.BC1	30437
CoV|QHQ82463.164.BC2	30488
CoV|QHQ82463.165.BC1	18294
CoV|QHQ82463.165.BC2	21979
CoV|QHQ82463.166.BC1	30452
CoV|QHQ82463.166.BC2	37964
CoV|QHQ82463.167.BC1	19319
CoV|QHQ82463.167.BC2	23817
CoV|QHQ82463.168.BC1	27290
CoV|QHQ82463.168.BC2	22454
CoV|QHQ82463.169.BC1	41629
CoV|QHQ82463.169.BC2	23638
CoV|QHQ82463.17.BC1	17150
CoV|QHQ82463.17.BC2	6289
CoV|QHQ82463.170.BC1	27218
CoV|QHQ82463.170.BC2	26892
CoV|QHQ82463.171.BC1	25942
CoV|QHQ82463.171.BC2	17613
CoV|QHQ82463.172.BC1	12648
CoV|QHQ82463.172.BC2	16282
CoV|QHQ82463.173.BC1	13231
CoV|QHQ82463.173.BC2	6460
CoV|QHQ82463.174.BC1	32427
CoV|QHQ82463.174.BC2	20299
CoV|QHQ82463.175.BC1	37016
CoV|QHQ82463.175.BC2	44945
CoV|QHQ82463.176.BC1	21686
CoV|QHQ82463.176.BC2	34690
CoV|QHQ82463.177.BC1	11221
CoV|QHQ82463.177.BC2	6436
CoV|QHQ82463.178.BC1	28343
CoV|QHQ82463.178.BC2	32348
CoV|QHQ82463.179.BC1	14178
CoV|QHQ82463.179.BC2	10716
CoV|QHQ82463.18.BC1	19121
CoV|QHQ82463.18.BC2	22907
CoV|QHQ82463.180.BC1	27196
CoV|QHQ82463.180.BC2	37800
CoV|QHQ82463.181.BC1	19635
CoV|QHQ82463.181.BC2	35559
CoV|QHQ82463.182.BC1	25779
CoV|QHQ82463.182.BC2	22166
CoV|QHQ82463.183.BC1	6449
CoV|QHQ82463.183.BC2	8854
CoV|QHQ82463.184.BC1	17159
CoV|QHQ82463.184.BC2	13668
CoV|QHQ82463.185.BC1	60395
CoV|QHQ82463.185.BC2	73270
CoV|QHQ82463.186.BC1	23258
CoV|QHQ82463.186.BC2	26340
CoV|QHQ82463.187.BC1	10781
CoV|QHQ82463.187.BC2	15883
CoV|QHQ82463.188.BC1	14716
CoV|QHQ82463.188.BC2	12102
CoV|QHQ82463.189.BC1	28086
CoV|QHQ82463.189.BC2	24608
CoV|QHQ82463.19.BC1	23446
CoV|QHQ82463.19.BC2	55433
CoV|QHQ82463.190.BC1	23805
CoV|QHQ82463.190.BC2	13155
CoV|QHQ82463.191.BC1	14001
CoV|QHQ82463.191.BC2	18709
CoV|QHQ82463.192.BC1	65739
CoV|QHQ82463.192.BC2	40843
CoV|QHQ82463.193.BC1	33895
CoV|QHQ82463.193.BC2	33611
CoV|QHQ82463.194.BC1	19769
CoV|QHQ82463.194.BC2	22372
CoV|QHQ82463.195.BC1	15490
CoV|QHQ82463.195.BC2	28432
CoV|QHQ82463.196.BC1	10451
CoV|QHQ82463.196.BC2	21559
CoV|QHQ82463.197.BC1	14787
CoV|QHQ82463.197.BC2	25460
CoV|QHQ82463.198.BC1	15093
CoV|QHQ82463.198.BC2	28606
CoV|QHQ82463.199.BC1	19075
CoV|QHQ82463.199.BC2	22954
CoV|QHQ82463.2.BC1	40675
CoV|QHQ82463.2.BC2	30269
CoV|QHQ82463.20.BC1	10146
CoV|QHQ82463.20.BC2	18401
CoV|QHQ82463.200.BC1	10434
CoV|QHQ82463.200.BC2	10655
CoV|QHQ82463.201.BC1	34242
CoV|QHQ82463.201.BC2	51930
CoV|QHQ82463.202.BC1	6800
CoV|QHQ82463.202.BC2	18859
CoV|QHQ82463.203.BC1	32510
CoV|QHQ82463.203.BC2	47996
CoV|QHQ82463.204.BC1	22555
CoV|QHQ82463.204.BC2	29329
CoV|QHQ82463.205.BC1	14624
CoV|QHQ82463.205.BC2	23656
CoV|QHQ82463.206.BC1	21607
CoV|QHQ82463.206.BC2	13187
CoV|QHQ82463.207.BC1	22704
CoV|QHQ82463.207.BC2	26335
CoV|QHQ82463.208.BC1	15878
CoV|QHQ82463.208.BC2	18711
CoV|QHQ82463.209.BC1	14399
CoV|QHQ82463.209.BC2	8050
CoV|QHQ82463.21.BC1	19925
CoV|QHQ82463.21.BC2	19074
CoV|QHQ82463.210.BC1	17822
CoV|QHQ82463.210.BC2	21393
CoV|QHQ82463.211.BC1	25103
CoV|QHQ82463.211.BC2	20715
CoV|QHQ82463.212.BC1	17314
CoV|QHQ82463.212.BC2	20369
CoV|QHQ82463.213.BC1	19231
CoV|QHQ82463.213.BC2	25596
CoV|QHQ82463.214.BC1	15434
CoV|QHQ82463.214.BC2	48971
CoV|QHQ82463.215.BC1	35165
CoV|QHQ82463.215.BC2	21455
CoV|QHQ82463.216.BC1	18298
CoV|QHQ82463.216.BC2	22050
CoV|QHQ82463.217.BC1	15598
CoV|QHQ82463.217.BC2	15976
CoV|QHQ82463.218.BC1	18209
CoV|QHQ82463.218.BC2	21741
CoV|QHQ82463.219.BC1	17185
CoV|QHQ82463.219.BC2	6071
CoV|QHQ82463.22.BC1	14882
CoV|QHQ82463.22.BC2	14984
CoV|QHQ82463.220.BC1	46322
CoV|QHQ82463.220.BC2	34496
CoV|QHQ82463.221.BC1	25589
CoV|QHQ82463.221.BC2	18478
CoV|QHQ82463.222.BC1	25164
CoV|QHQ82463.222.BC2	24657
CoV|QHQ82463.223.BC1	24199
CoV|QHQ82463.223.BC2	16955
CoV|QHQ82463.224.BC1	18615
CoV|QHQ82463.224.BC2	19235
CoV|QHQ82463.225.BC1	31451
CoV|QHQ82463.225.BC2	36447
CoV|QHQ82463.226.BC1	32438
CoV|QHQ82463.226.BC2	34282
CoV|QHQ82463.227.BC1	17809
CoV|QHQ82463.227.BC2	28463
CoV|QHQ82463.228.BC1	33936
CoV|QHQ82463.228.BC2	21771
CoV|QHQ82463.229.BC1	20073
CoV|QHQ82463.229.BC2	19137
CoV|QHQ82463.23.BC1	8450
CoV|QHQ82463.23.BC2	19698
CoV|QHQ82463.230.BC1	18469
CoV|QHQ82463.230.BC2	25115
CoV|QHQ82463.231.BC1	40046
CoV|QHQ82463.231.BC2	35415
CoV|QHQ82463.232.BC1	45226
CoV|QHQ82463.232.BC2	26178
CoV|QHQ82463.233.BC1	50506
CoV|QHQ82463.233.BC2	23860
CoV|QHQ82463.234.BC1	31370
CoV|QHQ82463.234.BC2	48631
CoV|QHQ82463.235.BC1	17238
CoV|QHQ82463.235.BC2	25465
CoV|QHQ82463.236.BC1	20909
CoV|QHQ82463.236.BC2	48624
CoV|QHQ82463.237.BC1	8611
CoV|QHQ82463.237.BC2	11596
CoV|QHQ82463.238.BC1	6367
CoV|QHQ82463.238.BC2	13385
CoV|QHQ82463.239.BC1	18787
CoV|QHQ82463.239.BC2	3990
CoV|QHQ82463.24.BC1	17624
CoV|QHQ82463.24.BC2	13780
CoV|QHQ82463.240.BC1	3815
CoV|QHQ82463.240.BC2	5806
CoV|QHQ82463.241.BC1	8683
CoV|QHQ82463.241.BC2	9637
CoV|QHQ82463.242.BC1	29668
CoV|QHQ82463.242.BC2	17393
CoV|QHQ82463.243.BC1	32352
CoV|QHQ82463.243.BC2	23524
CoV|QHQ82463.244.BC1	38815
CoV|QHQ82463.244.BC2	24266
CoV|QHQ82463.245.BC1	48303
CoV|QHQ82463.245.BC2	47777
CoV|QHQ82463.246.BC1	27384
CoV|QHQ82463.246.BC2	15568
CoV|QHQ82463.247.BC1	14547
CoV|QHQ82463.247.BC2	15433
CoV|QHQ82463.248.BC1	27956
CoV|QHQ82463.248.BC2	13052
CoV|QHQ82463.249.BC1	12652
CoV|QHQ82463.249.BC2	19250
CoV|QHQ82463.25.BC1	14430
CoV|QHQ82463.25.BC2	27732
CoV|QHQ82463.250.BC1	10473
CoV|QHQ82463.250.BC2	48514
CoV|QHQ82463.251.BC1	17850
CoV|QHQ82463.251.BC2	27542
CoV|QHQ82463.26.BC1	23298
CoV|QHQ82463.26.BC2	13406
CoV|QHQ82463.27.BC1	14792
CoV|QHQ82463.27.BC2	14182
CoV|QHQ82463.28.BC1	15633
CoV|QHQ82463.28.BC2	6625
CoV|QHQ82463.29.BC1	16842
CoV|QHQ82463.29.BC2	14140
CoV|QHQ82463.3.BC1	32993
CoV|QHQ82463.3.BC2	31033
CoV|QHQ82463.30.BC1	39332
CoV|QHQ82463.30.BC2	29725
CoV|QHQ82463.31.BC1	729
CoV|QHQ82463.31.BC2	9655
CoV|QHQ82463.32.BC1	13636
CoV|QHQ82463.32.BC2	15349
CoV|QHQ82463.33.BC1	24450
CoV|QHQ82463.33.BC2	20808
CoV|QHQ82463.34.BC1	31355
CoV|QHQ82463.34.BC2	25223
CoV|QHQ82463.35.BC1	28838
CoV|QHQ82463.35.BC2	27637
CoV|QHQ82463.36.BC1	11338
CoV|QHQ82463.36.BC2	22830
CoV|QHQ82463.37.BC1	2726
CoV|QHQ82463.37.BC2	39058
CoV|QHQ82463.38.BC1	57852
CoV|QHQ82463.38.BC2	33569
CoV|QHQ82463.39.BC1	39459
CoV|QHQ82463.39.BC2	47920
CoV|QHQ82463.4.BC1	21423
CoV|QHQ82463.4.BC2	8438
CoV|QHQ82463.40.BC1	11243
CoV|QHQ82463.40.BC2	13553
CoV|QHQ82463.41.BC1	10019
CoV|QHQ82463.41.BC2	3748
CoV|QHQ82463.42.BC1	10657
CoV|QHQ82463.42.BC2	8819
CoV|QHQ82463.43.BC1	11559
CoV|QHQ82463.43.BC2	10545
CoV|QHQ82463.44.BC1	10784
CoV|QHQ82463.44.BC2	14907
CoV|QHQ82463.45.BC1	25822
CoV|QHQ82463.45.BC2	18653
CoV|QHQ82463.46.BC1	18044
CoV|QHQ82463.46.BC2	17843
CoV|QHQ82463.47.BC1	22783
CoV|QHQ82463.47.BC2	12522
CoV|QHQ82463.48.BC1	21169
CoV|QHQ82463.48.BC2	30316
CoV|QHQ82463.49.BC1	7228
CoV|QHQ82463.49.BC2	17346
CoV|QHQ82463.5.BC1	39515
CoV|QHQ82463.5.BC2	35828
CoV|QHQ82463.50.BC1	8173
CoV|QHQ82463.50.BC2	4161
CoV|QHQ82463.51.BC1	54040
CoV|QHQ82463.51.BC2	47431
CoV|QHQ82463.52.BC1	24581
CoV|QHQ82463.52.BC2	20573
CoV|QHQ82463.53.BC1	16663
CoV|QHQ82463.53.BC2	14501
CoV|QHQ82463.54.BC1	24862
CoV|QHQ82463.54.BC2	21392
CoV|QHQ82463.55.BC1	16908
CoV|QHQ82463.55.BC2	9924
CoV|QHQ82463.56.BC1	36308
CoV|QHQ82463.56.BC2	42158
CoV|QHQ82463.57.BC1	16985
CoV|QHQ82463.57.BC2	14192
CoV|QHQ82463.58.BC1	10870
CoV|QHQ82463.58.BC2	15291
CoV|QHQ82463.59.BC1	18714
CoV|QHQ82463.59.BC2	27093
CoV|QHQ82463.6.BC1	42425
CoV|QHQ82463.6.BC2	40436
CoV|QHQ82463.60.BC1	1769
CoV|QHQ82463.60.BC2	11926
CoV|QHQ82463.61.BC1	5843
CoV|QHQ82463.61.BC2	12410
CoV|QHQ82463.62.BC1	30891
CoV|QHQ82463.62.BC2	12931
CoV|QHQ82463.63.BC1	24116
CoV|QHQ82463.63.BC2	31381
CoV|QHQ82463.64.BC1	25050
CoV|QHQ82463.64.BC2	16796
CoV|QHQ82463.65.BC1	20594
CoV|QHQ82463.65.BC2	16212
CoV|QHQ82463.66.BC1	20997
CoV|QHQ82463.66.BC2	14811
CoV|QHQ82463.67.BC1	43723
CoV|QHQ82463.67.BC2	55513
CoV|QHQ82463.68.BC1	27084
CoV|QHQ82463.68.BC2	22164
CoV|QHQ82463.69.BC1	29662
CoV|QHQ82463.69.BC2	32312
CoV|QHQ82463.7.BC1	37330
CoV|QHQ82463.7.BC2	28332
CoV|QHQ82463.70.BC1	26981
CoV|QHQ82463.70.BC2	42697
CoV|QHQ82463.71.BC1	30166
CoV|QHQ82463.71.BC2	32462
CoV|QHQ82463.72.BC1	30673
CoV|QHQ82463.72.BC2	17587
CoV|QHQ82463.73.BC1	23254
CoV|QHQ82463.73.BC2	52446
CoV|QHQ82463.74.BC1	42816
CoV|QHQ82463.74.BC2	27746
CoV|QHQ82463.75.BC1	21356
CoV|QHQ82463.75.BC2	9247
CoV|QHQ82463.76.BC1	29874
CoV|QHQ82463.76.BC2	41479
CoV|QHQ82463.77.BC1	21799
CoV|QHQ82463.77.BC2	31061
CoV|QHQ82463.78.BC1	3000
CoV|QHQ82463.78.BC2	2711
CoV|QHQ82463.79.BC1	26852
CoV|QHQ82463.79.BC2	18189
CoV|QHQ82463.8.BC1	9463
CoV|QHQ82463.8.BC2	11265
CoV|QHQ82463.80.BC1	16880
CoV|QHQ82463.80.BC2	14175
CoV|QHQ82463.81.BC1	7742
CoV|QHQ82463.81.BC2	9704
CoV|QHQ82463.82.BC1	23569
CoV|QHQ82463.82.BC2	39841
CoV|QHQ82463.83.BC1	43259
CoV|QHQ82463.83.BC2	31490
CoV|QHQ82463.84.BC1	18544
CoV|QHQ82463.84.BC2	18701
CoV|QHQ82463.85.BC1	24608
CoV|QHQ82463.85.BC2	18689
CoV|QHQ82463.86.BC1	21192
CoV|QHQ82463.86.BC2	22716
CoV|QHQ82463.87.BC1	58314
CoV|QHQ82463.87.BC2	53309
CoV|QHQ82463.88.BC1	21721
CoV|QHQ82463.88.BC2	22993
CoV|QHQ82463.89.BC1	21266
CoV|QHQ82463.89.BC2	11238
CoV|QHQ82463.9.BC1	20584
CoV|QHQ82463.9.BC2	12784
CoV|QHQ82463.90.BC1	32124
CoV|QHQ82463.90.BC2	19090
CoV|QHQ82463.91.BC1	9076
CoV|QHQ82463.91.BC2	29381
CoV|QHQ82463.92.BC1	16246
CoV|QHQ82463.92.BC2	18807
CoV|QHQ82463.93.BC1	40180
CoV|QHQ82463.93.BC2	37725
CoV|QHQ82463.94.BC1	27895
CoV|QHQ82463.94.BC2	31137
CoV|QHQ82463.95.BC1	31932
CoV|QHQ82463.95.BC2	44942
CoV|QHQ82463.96.BC1	21069
CoV|QHQ82463.96.BC2	5932
CoV|QHQ82463.97.BC1	10957
CoV|QHQ82463.97.BC2	13050
CoV|QHQ82463.98.BC1	24850
CoV|QHQ82463.98.BC2	23530
CoV|QHQ82463.99.BC1	39530
CoV|QHQ82463.99.BC2	36934
CoV|QHQ82466.0.BC1	43280
CoV|QHQ82466.0.BC2	39371
CoV|QHQ82466.1.BC1	39064
CoV|QHQ82466.1.BC2	62226
CoV|QHQ82467.0.BC1	31577
CoV|QHQ82467.0.BC2	36560
CoV|QHQ82467.1.BC1	53187
CoV|QHQ82467.1.BC2	32564
CoV|QHQ82467.2.BC1	55668
CoV|QHQ82467.2.BC2	28205
CoV|QHQ82467.3.BC1	11541
CoV|QHQ82467.3.BC2	16829
CoV|QHQ82467.4.BC1	7572
CoV|QHQ82467.4.BC2	15678
CoV|QHQ82467.5.BC1	21737
CoV|QHQ82467.5.BC2	24420
CoV|QHQ82467.6.BC1	25402
CoV|QHQ82467.6.BC2	35409
CoV|QHQ82471.0.BC1	46548
CoV|QHQ82471.0.BC2	51629
CoV|QHQ82471.1.BC1	22495
CoV|QHQ82471.1.BC2	32012
CoV|QHQ82471.10.BC1	17956
CoV|QHQ82471.10.BC2	26959
CoV|QHQ82471.11.BC1	7315
CoV|QHQ82471.11.BC2	1487
CoV|QHQ82471.12.BC1	29323
CoV|QHQ82471.12.BC2	11402
CoV|QHQ82471.13.BC1	53244
CoV|QHQ82471.13.BC2	29520
CoV|QHQ82471.2.BC1	16438
CoV|QHQ82471.2.BC2	22775
CoV|QHQ82471.3.BC1	14091
CoV|QHQ82471.3.BC2	20738
CoV|QHQ82471.4.BC1	29815
CoV|QHQ82471.4.BC2	28351
CoV|QHQ82471.5.BC1	44022
CoV|QHQ82471.5.BC2	38193
CoV|QHQ82471.6.BC1	42114
CoV|QHQ82471.6.BC2	73654
CoV|QHQ82471.7.BC1	31290
CoV|QHQ82471.7.BC2	26914
CoV|QHQ82471.8.BC1	33016
CoV|QHQ82471.8.BC2	56315
CoV|QHQ82471.9.BC1	45515
CoV|QHQ82471.9.BC2	65674
CoV|QHR63249.249.BC1	11738
CoV|QHR63249.249.BC2	10963
CoV|QHR63249.250.BC1	14206
CoV|QHR63249.250.BC2	6741
CoV|QHR63260.0.BC1	14428
CoV|QHR63260.0.BC2	35345
CoV|QHR63260.1.BC1	8273
CoV|QHR63260.1.BC2	12725
CoV|QHR63260.10.BC1	31475
CoV|QHR63260.10.BC2	17963
CoV|QHR63260.11.BC1	41363
CoV|QHR63260.11.BC2	16396
CoV|QHR63260.12.BC1	28058
CoV|QHR63260.12.BC2	14116
CoV|QHR63260.13.BC1	29565
CoV|QHR63260.13.BC2	33310
CoV|QHR63260.14.BC1	20236
CoV|QHR63260.14.BC2	17260
CoV|QHR63260.15.BC1	19124
CoV|QHR63260.15.BC2	21825
CoV|QHR63260.16.BC1	21229
CoV|QHR63260.16.BC2	25426
CoV|QHR63260.17.BC1	10388
CoV|QHR63260.17.BC2	11160
CoV|QHR63260.18.BC1	9129
CoV|QHR63260.18.BC2	8171
CoV|QHR63260.19.BC1	31153
CoV|QHR63260.19.BC2	48579
CoV|QHR63260.2.BC1	11742
CoV|QHR63260.2.BC2	8814
CoV|QHR63260.20.BC1	27180
CoV|QHR63260.20.BC2	10909
CoV|QHR63260.21.BC1	46411
CoV|QHR63260.21.BC2	30690
CoV|QHR63260.22.BC1	46495
CoV|QHR63260.22.BC2	44738
CoV|QHR63260.23.BC1	21044
CoV|QHR63260.23.BC2	61574
CoV|QHR63260.24.BC1	21801
CoV|QHR63260.24.BC2	3712
CoV|QHR63260.25.BC1	8654
CoV|QHR63260.25.BC2	1684
CoV|QHR63260.26.BC1	19658
CoV|QHR63260.26.BC2	33545
CoV|QHR63260.27.BC1	14420
CoV|QHR63260.27.BC2	8694
CoV|QHR63260.28.BC1	14806
CoV|QHR63260.28.BC2	27589
CoV|QHR63260.29.BC1	32388
CoV|QHR63260.29.BC2	44264
CoV|QHR63260.3.BC1	5843
CoV|QHR63260.3.BC2	11725
CoV|QHR63260.30.BC1	23999
CoV|QHR63260.30.BC2	11179
CoV|QHR63260.31.BC1	22833
CoV|QHR63260.31.BC2	18714
CoV|QHR63260.32.BC1	10570
CoV|QHR63260.32.BC2	13108
CoV|QHR63260.33.BC1	4335
CoV|QHR63260.33.BC2	12035
CoV|QHR63260.34.BC1	8192
CoV|QHR63260.34.BC2	11628
CoV|QHR63260.35.BC1	39184
CoV|QHR63260.35.BC2	27745
CoV|QHR63260.36.BC1	21257
CoV|QHR63260.36.BC2	12890
CoV|QHR63260.37.BC1	25078
CoV|QHR63260.37.BC2	17630
CoV|QHR63260.38.BC1	24869
CoV|QHR63260.38.BC2	12477
CoV|QHR63260.39.BC1	16201
CoV|QHR63260.39.BC2	22374
CoV|QHR63260.4.BC1	5654
CoV|QHR63260.4.BC2	8827
CoV|QHR63260.40.BC1	51644
CoV|QHR63260.40.BC2	43946
CoV|QHR63260.41.BC1	13670
CoV|QHR63260.41.BC2	7995
CoV|QHR63260.42.BC1	14494
CoV|QHR63260.42.BC2	15594
CoV|QHR63260.43.BC1	20398
CoV|QHR63260.43.BC2	16468
CoV|QHR63260.44.BC1	19971
CoV|QHR63260.44.BC2	13866
CoV|QHR63260.5.BC1	16137
CoV|QHR63260.5.BC2	18210
CoV|QHR63260.6.BC1	26045
CoV|QHR63260.6.BC2	16759
CoV|QHR63260.7.BC1	17646
CoV|QHR63260.7.BC2	24849
CoV|QHR63260.8.BC1	8389
CoV|QHR63260.8.BC2	15506
CoV|QHR63260.9.BC1	24228
CoV|QHR63260.9.BC2	13658
CoV|QHR63261.0.BC1	24267
CoV|QHR63261.0.BC2	11161
CoV|QHR63261.1.BC1	9862
CoV|QHR63261.1.BC2	24072
CoV|QHR63261.2.BC1	26571
CoV|QHR63261.2.BC2	23284
CoV|QHR63261.3.BC1	34956
CoV|QHR63261.3.BC2	30577
CoV|QHR63261.4.BC1	18119
CoV|QHR63261.4.BC2	6477
CoV|QHR63261.5.BC1	10648
CoV|QHR63261.5.BC2	11586
CoV|QHR63261.6.BC1	14792
CoV|QHR63261.6.BC2	17422
CoV|QHR63261.7.BC1	1188
CoV|QHR63261.7.BC2	5692
CoV|QHR63261.8.BC1	25082
CoV|QHR63261.8.BC2	15461
CoV|QHR63264.0.BC1	3212
CoV|QHR63264.0.BC2	9303
CoV|QHR63264.1.BC1	13377
CoV|QHR63264.1.BC2	7061
CoV|QHR63265.0.BC1	14854
CoV|QHR63265.0.BC2	30379
CoV|QHR63265.1.BC1	25947
CoV|QHR63265.1.BC2	41474
CoV|QHR63265.2.BC1	35252
CoV|QHR63265.2.BC2	40644
CoV|QHR63265.3.BC1	19003
CoV|QHR63265.3.BC2	31867
CoV|QHR63267.0.BC1	13405
CoV|QHR63267.0.BC2	22826
CoV|QHR63267.1.BC1	11661
CoV|QHR63267.1.BC2	10296
CoV|QHR63267.2.BC1	15986
CoV|QHR63267.2.BC2	20824
CoV|QHR63267.3.BC1	14951
CoV|QHR63267.3.BC2	12131
CoV|QHR63269.247.BC1	12508
CoV|QHR63269.247.BC2	4400
CoV|QHR63269.248.BC1	21338
CoV|QHR63269.248.BC2	12467
CoV|QHR63269.79.BC1	17678
CoV|QHR63269.79.BC2	10626
CoV|QHR63269.80.BC1	19142
CoV|QHR63269.80.BC2	22901
CoV|QHR63276.0.BC1	54199
CoV|QHR63276.0.BC2	15786
CoV|QHR63289.109.BC1	62418
CoV|QHR63289.109.BC2	57952
CoV|QHR63289.110.BC1	42547
CoV|QHR63289.110.BC2	17999
CoV|QHR63289.91.BC1	11925
CoV|QHR63289.91.BC2	10671
CoV|QHR63289.92.BC1	19699
CoV|QHR63289.92.BC2	27006
CoV|QHR84449.7.BC1	38467
CoV|QHR84449.7.BC2	37817
CoV|QHR84449.8.BC1	13782
CoV|QHR84449.8.BC2	15310
CoV|QHU36823.102.BC1	24830
CoV|QHU36823.102.BC2	11515
CoV|QHU36823.103.BC1	34206
CoV|QHU36823.103.BC2	25613
CoV|QHU36823.95.BC1	30907
CoV|QHU36823.95.BC2	30030
CoV|QHU36823.96.BC1	5817
CoV|QHU36823.96.BC2	5089
CoV|QHU36843.79.BC1	18206
CoV|QHU36843.79.BC2	22757
CoV|QHU36843.80.BC1	30826
CoV|QHU36843.80.BC2	28584
CoV|QHU36863.89.BC1	27919
CoV|QHU36863.89.BC2	22772
CoV|QHU36863.90.BC1	35094
CoV|QHU36863.90.BC2	47157
CoV|QHU79172.156.BC1	64885
CoV|QHU79172.156.BC2	47226
CoV|QHU79173.0.BC1	2378
CoV|QHU79173.0.BC2	14112
CoV|QHU79174.3.BC1	17315
CoV|QHU79174.3.BC2	36128
CoV|QHU79174.4.BC1	6443
CoV|QHU79174.4.BC2	12026
CoV|QHW06048.127.BC1	12488
CoV|QHW06048.127.BC2	8407
CoV|QHW06048.128.BC1	6015
CoV|QHW06048.128.BC2	8653
CoV|QHW06048.3.BC1	33191
CoV|QHW06048.3.BC2	29908
CoV|QHW06048.4.BC1	21685
CoV|QHW06048.4.BC2	15767
CoV|QHW06048.56.BC1	32201
CoV|QHW06048.56.BC2	18778
CoV|QHW06048.57.BC1	20678
CoV|QHW06048.57.BC2	8202
CoV|QHW06056.5.BC1	68978
CoV|QHW06056.5.BC2	18997
CoV|QHW06056.6.BC1	47755
CoV|QHW06056.6.BC2	45014
CoV|QHW06057.0.BC1	50092
CoV|QHW06057.0.BC2	31075
CoV|QHW06058.20.BC1	20316
CoV|QHW06058.20.BC2	18630
CoV|QHW06058.21.BC1	17803
CoV|QHW06058.21.BC2	12889
CoV|QHW06059.0.BC1	37676
CoV|QHW06059.0.BC2	33754
CoV|QHW06059.1.BC1	22181
CoV|QHW06059.1.BC2	10654
CoV|QHZ00378.245.BC1	33540
CoV|QHZ00378.245.BC2	52049
CoV|QHZ00378.246.BC1	17947
CoV|QHZ00378.246.BC2	13578
CoV|QHZ00378.31.BC1	12191
CoV|QHZ00378.31.BC2	14277
CoV|QHZ00378.32.BC1	24791
CoV|QHZ00378.32.BC2	23508
CoV|QHZ00379.6.BC1	13222
CoV|QHZ00379.6.BC2	14369
CoV|QHZ00379.7.BC1	17859
CoV|QHZ00379.7.BC2	18902
CoV|QHZ00380.3.BC1	14615
CoV|QHZ00380.3.BC2	19602
CoV|QHZ00380.4.BC1	17442
CoV|QHZ00380.4.BC2	15965
CoV|QHZ00380.7.BC1	22040
CoV|QHZ00380.7.BC2	6790
CoV|QHZ00380.8.BC1	27145
CoV|QHZ00380.8.BC2	16090
CoV|QHZ00381.0.BC1	37066
CoV|QHZ00381.0.BC2	46764
CoV|QHZ00381.1.BC1	22142
CoV|QHZ00381.1.BC2	52156
CoV|QHZ00398.203.BC1	48233
CoV|QHZ00398.203.BC2	45938
CoV|QHZ00398.204.BC1	28574
CoV|QHZ00398.204.BC2	19528
CoV|QHZ00398.37.BC1	46554
CoV|QHZ00398.37.BC2	58950
CoV|QHZ00398.38.BC1	31922
CoV|QHZ00398.38.BC2	37766
CoV|QHZ87581.1.BC1	37114
CoV|QHZ87581.1.BC2	35349
CoV|QHZ87581.2.BC1	33252
CoV|QHZ87581.2.BC2	29341
CoV|QHZ87581.33.BC1	28887
CoV|QHZ87581.33.BC2	30242
CoV|QHZ87581.34.BC1	29366
CoV|QHZ87581.34.BC2	29483
CoV|QIA98605.108.BC1	17706
CoV|QIA98605.108.BC2	19087
CoV|QIA98605.109.BC1	32633
CoV|QIA98605.109.BC2	20350
CoV|QIC50514.6.BC1	41563
CoV|QIC50514.6.BC2	30695
CoV|QIC50514.7.BC1	23729
CoV|QIC50514.7.BC2	22953
CoV|QIC53203.153.BC1	30750
CoV|QIC53203.153.BC2	23443
CoV|QIC53203.154.BC1	18964
CoV|QIC53203.154.BC2	18102
CoV|QIC53203.28.BC1	33781
CoV|QIC53203.28.BC2	19678
CoV|QIC53203.29.BC1	10830
CoV|QIC53203.29.BC2	6212
CoV|QIC53204.27.BC1	18972
CoV|QIC53204.27.BC2	21020
CoV|QIC53204.28.BC1	20039
CoV|QIC53204.28.BC2	13105
CoV|QID21067.224.BC1	8543
CoV|QID21067.224.BC2	15737
CoV|QID21067.225.BC1	19803
CoV|QID21067.225.BC2	16228
CoV|QID21074.0.BC1	18475
CoV|QID21074.0.BC2	15407
CoV|QID98793.113.BC1	13036
CoV|QID98793.113.BC2	15616
CoV|QID98793.114.BC1	35708
CoV|QID98793.114.BC2	24734
CoV|R9UMC1.0.BC1	22480
CoV|R9UMC1.0.BC2	12415
CoV|R9UMC1.1.BC1	32161
CoV|R9UMC1.1.BC2	23993
CoV|R9UMC1.2.BC1	15058
CoV|R9UMC1.2.BC2	17423
CoV|R9UNX1.0.BC1	14251
CoV|R9UNX1.0.BC2	23402
CoV|R9UNX1.1.BC1	43184
CoV|R9UNX1.1.BC2	51339
CoV|R9UNX1.2.BC1	16827
CoV|R9UNX1.2.BC2	45890
CoV|R9UNX5.0.BC1	23404
CoV|R9UNX5.0.BC2	15076
CoV|R9UNX5.1.BC1	53335
CoV|R9UNX5.1.BC2	57064
CoV|R9UNX5.2.BC1	46610
CoV|R9UNX5.2.BC2	37279
CoV|R9UNX5.3.BC1	21322
CoV|R9UNX5.3.BC2	28360
CoV|R9UNX5.4.BC1	40812
CoV|R9UNX5.4.BC2	30716
CoV|R9UNX5.5.BC1	35192
CoV|R9UNX5.5.BC2	30282
CoV|R9UNX5.6.BC1	16202
CoV|R9UNX5.6.BC2	22170
CoV|R9UQ53.0.BC1	10082
CoV|R9UQ53.0.BC2	23643
CoV|R9UQ53.1.BC1	11032
CoV|R9UQ53.1.BC2	14031
CoV|R9UQ53.10.BC1	18970
CoV|R9UQ53.10.BC2	32920
CoV|R9UQ53.11.BC1	9289
CoV|R9UQ53.11.BC2	30220
CoV|R9UQ53.12.BC1	40483
CoV|R9UQ53.12.BC2	52927
CoV|R9UQ53.13.BC1	6396
CoV|R9UQ53.13.BC2	29999
CoV|R9UQ53.14.BC1	10405
CoV|R9UQ53.14.BC2	16418
CoV|R9UQ53.15.BC1	18024
CoV|R9UQ53.15.BC2	34258
CoV|R9UQ53.16.BC1	27984
CoV|R9UQ53.16.BC2	15099
CoV|R9UQ53.17.BC1	40905
CoV|R9UQ53.17.BC2	39825
CoV|R9UQ53.18.BC1	30099
CoV|R9UQ53.18.BC2	34579
CoV|R9UQ53.19.BC1	14715
CoV|R9UQ53.19.BC2	16966
CoV|R9UQ53.2.BC1	22088
CoV|R9UQ53.2.BC2	6637
CoV|R9UQ53.20.BC1	21898
CoV|R9UQ53.20.BC2	18864
CoV|R9UQ53.21.BC1	8983
CoV|R9UQ53.21.BC2	31813
CoV|R9UQ53.22.BC1	19773
CoV|R9UQ53.22.BC2	4186
CoV|R9UQ53.23.BC1	23921
CoV|R9UQ53.23.BC2	25970
CoV|R9UQ53.24.BC1	25633
CoV|R9UQ53.24.BC2	58889
CoV|R9UQ53.25.BC1	47015
CoV|R9UQ53.25.BC2	44206
CoV|R9UQ53.26.BC1	51058
CoV|R9UQ53.26.BC2	19459
CoV|R9UQ53.27.BC1	6569
CoV|R9UQ53.27.BC2	5748
CoV|R9UQ53.28.BC1	21214
CoV|R9UQ53.28.BC2	23016
CoV|R9UQ53.29.BC1	20160
CoV|R9UQ53.29.BC2	1707
CoV|R9UQ53.3.BC1	17926
CoV|R9UQ53.3.BC2	25773
CoV|R9UQ53.30.BC1	2384
CoV|R9UQ53.30.BC2	27575
CoV|R9UQ53.31.BC1	44097
CoV|R9UQ53.31.BC2	21264
CoV|R9UQ53.32.BC1	64035
CoV|R9UQ53.32.BC2	29931
CoV|R9UQ53.33.BC1	17239
CoV|R9UQ53.33.BC2	33518
CoV|R9UQ53.34.BC1	10539
CoV|R9UQ53.34.BC2	12903
CoV|R9UQ53.35.BC1	21270
CoV|R9UQ53.35.BC2	32311
CoV|R9UQ53.36.BC1	17049
CoV|R9UQ53.36.BC2	26318
CoV|R9UQ53.37.BC1	26982
CoV|R9UQ53.37.BC2	23809
CoV|R9UQ53.38.BC1	29621
CoV|R9UQ53.38.BC2	24765
CoV|R9UQ53.39.BC1	8189
CoV|R9UQ53.39.BC2	6985
CoV|R9UQ53.4.BC1	15848
CoV|R9UQ53.4.BC2	17672
CoV|R9UQ53.40.BC1	12669
CoV|R9UQ53.40.BC2	9888
CoV|R9UQ53.41.BC1	39254
CoV|R9UQ53.41.BC2	31644
CoV|R9UQ53.42.BC1	45863
CoV|R9UQ53.42.BC2	28450
CoV|R9UQ53.43.BC1	6573
CoV|R9UQ53.43.BC2	18840
CoV|R9UQ53.44.BC1	12497
CoV|R9UQ53.44.BC2	14219
CoV|R9UQ53.45.BC1	33093
CoV|R9UQ53.45.BC2	19973
CoV|R9UQ53.46.BC1	20421
CoV|R9UQ53.46.BC2	13164
CoV|R9UQ53.47.BC1	17868
CoV|R9UQ53.47.BC2	19830
CoV|R9UQ53.5.BC1	31317
CoV|R9UQ53.5.BC2	20227
CoV|R9UQ53.6.BC1	21372
CoV|R9UQ53.6.BC2	16721
CoV|R9UQ53.7.BC1	19611
CoV|R9UQ53.7.BC2	28283
CoV|R9UQ53.8.BC1	5106
CoV|R9UQ53.8.BC2	7156
CoV|R9UQ53.9.BC1	28714
CoV|R9UQ53.9.BC2	7846
CoV|R9UQM6.0.BC1	23382
CoV|R9UQM6.0.BC2	20955
CoV|R9UQM6.1.BC1	36357
CoV|R9UQM6.1.BC2	37309
CoV|R9UQM6.2.BC1	46179
CoV|R9UQM6.2.BC2	25596
CoV|R9UQM6.3.BC1	20658
CoV|R9UQM6.3.BC2	21346
CoV|R9UQM6.4.BC1	39727
CoV|R9UQM6.4.BC2	27948
CoV|R9UQM6.5.BC1	20190
CoV|R9UQM6.5.BC2	2942
CoV|R9UQM6.6.BC1	27597
CoV|R9UQM6.6.BC2	15370
CoV|R9UQM6.7.BC1	34316
CoV|R9UQM6.7.BC2	22258
CoV|R9UQN1.0.BC1	54787
CoV|R9UQN1.0.BC2	63018
CoV|R9UQN1.1.BC1	19038
CoV|R9UQN1.1.BC2	24325
CoV|R9UQP3.0.BC1	28827
CoV|R9UQP3.0.BC2	25205
CoV|R9UQP3.1.BC1	5515
CoV|R9UQP3.1.BC2	16306
CoV|R9UQP3.2.BC1	21738
CoV|R9UQP3.2.BC2	26425
CoV|R9UQP3.3.BC1	11912
CoV|R9UQP3.3.BC2	26442
CoV|R9UQP3.4.BC1	15622
CoV|R9UQP3.4.BC2	27459
CoV|R9UQP3.5.BC1	27629
CoV|R9UQP3.5.BC2	29057
CoV|R9UQP3.6.BC1	25951
CoV|R9UQP3.6.BC2	28247
CoV|R9UQP3.7.BC1	44847
CoV|R9UQP3.7.BC2	25362
CoV|T2B9I2.0.BC1	34764
CoV|T2B9I2.0.BC2	41350
CoV|T2B9I2.1.BC1	19676
CoV|T2B9I2.1.BC2	19480
CoV|T2B9I2.10.BC1	10450
CoV|T2B9I2.10.BC2	9695
CoV|T2B9I2.100.BC1	30265
CoV|T2B9I2.100.BC2	24447
CoV|T2B9I2.101.BC1	12226
CoV|T2B9I2.101.BC2	6674
CoV|T2B9I2.102.BC1	11861
CoV|T2B9I2.102.BC2	26082
CoV|T2B9I2.103.BC1	41302
CoV|T2B9I2.103.BC2	66642
CoV|T2B9I2.104.BC1	14884
CoV|T2B9I2.104.BC2	22347
CoV|T2B9I2.105.BC1	8553
CoV|T2B9I2.105.BC2	10970
CoV|T2B9I2.106.BC1	10776
CoV|T2B9I2.106.BC2	12411
CoV|T2B9I2.107.BC1	18333
CoV|T2B9I2.107.BC2	22294
CoV|T2B9I2.108.BC1	707
CoV|T2B9I2.108.BC2	37936
CoV|T2B9I2.109.BC1	1043
CoV|T2B9I2.109.BC2	46469
CoV|T2B9I2.11.BC1	16108
CoV|T2B9I2.11.BC2	10383
CoV|T2B9I2.110.BC1	40801
CoV|T2B9I2.110.BC2	43881
CoV|T2B9I2.111.BC1	28389
CoV|T2B9I2.111.BC2	19538
CoV|T2B9I2.112.BC1	15996
CoV|T2B9I2.112.BC2	5668
CoV|T2B9I2.113.BC1	33938
CoV|T2B9I2.113.BC2	30881
CoV|T2B9I2.114.BC1	26312
CoV|T2B9I2.114.BC2	33453
CoV|T2B9I2.115.BC1	24030
CoV|T2B9I2.115.BC2	37995
CoV|T2B9I2.116.BC1	25503
CoV|T2B9I2.116.BC2	27661
CoV|T2B9I2.117.BC1	18714
CoV|T2B9I2.117.BC2	32896
CoV|T2B9I2.118.BC1	31995
CoV|T2B9I2.118.BC2	22875
CoV|T2B9I2.119.BC1	10200
CoV|T2B9I2.119.BC2	5057
CoV|T2B9I2.12.BC1	31438
CoV|T2B9I2.12.BC2	29618
CoV|T2B9I2.120.BC1	8684
CoV|T2B9I2.120.BC2	10625
CoV|T2B9I2.121.BC1	8330
CoV|T2B9I2.121.BC2	18217
CoV|T2B9I2.122.BC1	31272
CoV|T2B9I2.122.BC2	31995
CoV|T2B9I2.123.BC1	12803
CoV|T2B9I2.123.BC2	11772
CoV|T2B9I2.124.BC1	4315
CoV|T2B9I2.124.BC2	4690
CoV|T2B9I2.125.BC1	4724
CoV|T2B9I2.125.BC2	5718
CoV|T2B9I2.126.BC1	11538
CoV|T2B9I2.126.BC2	15605
CoV|T2B9I2.127.BC1	3364
CoV|T2B9I2.127.BC2	22056
CoV|T2B9I2.128.BC1	21021
CoV|T2B9I2.128.BC2	39491
CoV|T2B9I2.129.BC1	33490
CoV|T2B9I2.129.BC2	30252
CoV|T2B9I2.13.BC1	20434
CoV|T2B9I2.13.BC2	45213
CoV|T2B9I2.130.BC1	26494
CoV|T2B9I2.130.BC2	26776
CoV|T2B9I2.131.BC1	27649
CoV|T2B9I2.131.BC2	36627
CoV|T2B9I2.132.BC1	24322
CoV|T2B9I2.132.BC2	26294
CoV|T2B9I2.133.BC1	22144
CoV|T2B9I2.133.BC2	17315
CoV|T2B9I2.134.BC1	21147
CoV|T2B9I2.134.BC2	24800
CoV|T2B9I2.135.BC1	17375
CoV|T2B9I2.135.BC2	8089
CoV|T2B9I2.136.BC1	12606
CoV|T2B9I2.136.BC2	9140
CoV|T2B9I2.137.BC1	22013
CoV|T2B9I2.137.BC2	17433
CoV|T2B9I2.138.BC1	11854
CoV|T2B9I2.138.BC2	11213
CoV|T2B9I2.139.BC1	11802
CoV|T2B9I2.139.BC2	12473
CoV|T2B9I2.14.BC1	16571
CoV|T2B9I2.14.BC2	3073
CoV|T2B9I2.140.BC1	23167
CoV|T2B9I2.140.BC2	15028
CoV|T2B9I2.141.BC1	26558
CoV|T2B9I2.141.BC2	21964
CoV|T2B9I2.142.BC1	46670
CoV|T2B9I2.142.BC2	29154
CoV|T2B9I2.143.BC1	31855
CoV|T2B9I2.143.BC2	24893
CoV|T2B9I2.144.BC1	5812
CoV|T2B9I2.144.BC2	3230
CoV|T2B9I2.145.BC1	21901
CoV|T2B9I2.145.BC2	1195
CoV|T2B9I2.146.BC1	33361
CoV|T2B9I2.146.BC2	34747
CoV|T2B9I2.147.BC1	37983
CoV|T2B9I2.147.BC2	10696
CoV|T2B9I2.148.BC1	27287
CoV|T2B9I2.148.BC2	29821
CoV|T2B9I2.149.BC1	19108
CoV|T2B9I2.149.BC2	17174
CoV|T2B9I2.15.BC1	4787
CoV|T2B9I2.15.BC2	13340
CoV|T2B9I2.150.BC1	15073
CoV|T2B9I2.150.BC2	20867
CoV|T2B9I2.151.BC1	30080
CoV|T2B9I2.151.BC2	38575
CoV|T2B9I2.152.BC1	507
CoV|T2B9I2.152.BC2	17620
CoV|T2B9I2.153.BC1	787
CoV|T2B9I2.153.BC2	8398
CoV|T2B9I2.154.BC1	28036
CoV|T2B9I2.154.BC2	35834
CoV|T2B9I2.155.BC1	47609
CoV|T2B9I2.155.BC2	45310
CoV|T2B9I2.16.BC1	29588
CoV|T2B9I2.16.BC2	11104
CoV|T2B9I2.17.BC1	20044
CoV|T2B9I2.17.BC2	3907
CoV|T2B9I2.18.BC1	22760
CoV|T2B9I2.18.BC2	17570
CoV|T2B9I2.19.BC1	29447
CoV|T2B9I2.19.BC2	39187
CoV|T2B9I2.2.BC1	23929
CoV|T2B9I2.2.BC2	13574
CoV|T2B9I2.20.BC1	42639
CoV|T2B9I2.20.BC2	34790
CoV|T2B9I2.21.BC1	8560
CoV|T2B9I2.21.BC2	27173
CoV|T2B9I2.22.BC1	13835
CoV|T2B9I2.22.BC2	17212
CoV|T2B9I2.23.BC1	22987
CoV|T2B9I2.23.BC2	28986
CoV|T2B9I2.24.BC1	20617
CoV|T2B9I2.24.BC2	20430
CoV|T2B9I2.25.BC1	18669
CoV|T2B9I2.25.BC2	4708
CoV|T2B9I2.26.BC1	13598
CoV|T2B9I2.26.BC2	17655
CoV|T2B9I2.27.BC1	42046
CoV|T2B9I2.27.BC2	18015
CoV|T2B9I2.28.BC1	28061
CoV|T2B9I2.28.BC2	13604
CoV|T2B9I2.29.BC1	22595
CoV|T2B9I2.29.BC2	40378
CoV|T2B9I2.3.BC1	15826
CoV|T2B9I2.3.BC2	16321
CoV|T2B9I2.30.BC1	12753
CoV|T2B9I2.30.BC2	44085
CoV|T2B9I2.31.BC1	16883
CoV|T2B9I2.31.BC2	8516
CoV|T2B9I2.32.BC1	7759
CoV|T2B9I2.32.BC2	29369
CoV|T2B9I2.33.BC1	32343
CoV|T2B9I2.33.BC2	29181
CoV|T2B9I2.34.BC1	34958
CoV|T2B9I2.34.BC2	25999
CoV|T2B9I2.35.BC1	39106
CoV|T2B9I2.35.BC2	16340
CoV|T2B9I2.36.BC1	19142
CoV|T2B9I2.36.BC2	23235
CoV|T2B9I2.37.BC1	49827
CoV|T2B9I2.37.BC2	27792
CoV|T2B9I2.38.BC1	31096
CoV|T2B9I2.38.BC2	22468
CoV|T2B9I2.39.BC1	22909
CoV|T2B9I2.39.BC2	33863
CoV|T2B9I2.4.BC1	24413
CoV|T2B9I2.4.BC2	31535
CoV|T2B9I2.40.BC1	24314
CoV|T2B9I2.40.BC2	16512
CoV|T2B9I2.41.BC1	42948
CoV|T2B9I2.41.BC2	23923
CoV|T2B9I2.42.BC1	26447
CoV|T2B9I2.42.BC2	51831
CoV|T2B9I2.43.BC1	25226
CoV|T2B9I2.43.BC2	14267
CoV|T2B9I2.44.BC1	18597
CoV|T2B9I2.44.BC2	6563
CoV|T2B9I2.45.BC1	20727
CoV|T2B9I2.45.BC2	12821
CoV|T2B9I2.46.BC1	21034
CoV|T2B9I2.46.BC2	22081
CoV|T2B9I2.47.BC1	43063
CoV|T2B9I2.47.BC2	18323
CoV|T2B9I2.48.BC1	26551
CoV|T2B9I2.48.BC2	23007
CoV|T2B9I2.49.BC1	33103
CoV|T2B9I2.49.BC2	41275
CoV|T2B9I2.5.BC1	18470
CoV|T2B9I2.5.BC2	37361
CoV|T2B9I2.50.BC1	24372
CoV|T2B9I2.50.BC2	9751
CoV|T2B9I2.51.BC1	30474
CoV|T2B9I2.51.BC2	26202
CoV|T2B9I2.52.BC1	4984
CoV|T2B9I2.52.BC2	6969
CoV|T2B9I2.53.BC1	35910
CoV|T2B9I2.53.BC2	28089
CoV|T2B9I2.54.BC1	9550
CoV|T2B9I2.54.BC2	39451
CoV|T2B9I2.55.BC1	27206
CoV|T2B9I2.55.BC2	21229
CoV|T2B9I2.56.BC1	16386
CoV|T2B9I2.56.BC2	10979
CoV|T2B9I2.57.BC1	16810
CoV|T2B9I2.57.BC2	11771
CoV|T2B9I2.58.BC1	14462
CoV|T2B9I2.58.BC2	8646
CoV|T2B9I2.59.BC1	17148
CoV|T2B9I2.59.BC2	14077
CoV|T2B9I2.6.BC1	26128
CoV|T2B9I2.6.BC2	46945
CoV|T2B9I2.60.BC1	21460
CoV|T2B9I2.60.BC2	21043
CoV|T2B9I2.61.BC1	13743
CoV|T2B9I2.61.BC2	17388
CoV|T2B9I2.62.BC1	19981
CoV|T2B9I2.62.BC2	13323
CoV|T2B9I2.63.BC1	27545
CoV|T2B9I2.63.BC2	35134
CoV|T2B9I2.64.BC1	32538
CoV|T2B9I2.64.BC2	44022
CoV|T2B9I2.65.BC1	2088
CoV|T2B9I2.65.BC2	39100
CoV|T2B9I2.66.BC1	15375
CoV|T2B9I2.66.BC2	31377
CoV|T2B9I2.67.BC1	43935
CoV|T2B9I2.67.BC2	23170
CoV|T2B9I2.68.BC1	28073
CoV|T2B9I2.68.BC2	29526
CoV|T2B9I2.69.BC1	32709
CoV|T2B9I2.69.BC2	11961
CoV|T2B9I2.7.BC1	35355
CoV|T2B9I2.7.BC2	44955
CoV|T2B9I2.70.BC1	29899
CoV|T2B9I2.70.BC2	32085
CoV|T2B9I2.71.BC1	25330
CoV|T2B9I2.71.BC2	22324
CoV|T2B9I2.72.BC1	31134
CoV|T2B9I2.72.BC2	30777
CoV|T2B9I2.73.BC1	16333
CoV|T2B9I2.73.BC2	20566
CoV|T2B9I2.74.BC1	37736
CoV|T2B9I2.74.BC2	27739
CoV|T2B9I2.75.BC1	16114
CoV|T2B9I2.75.BC2	13311
CoV|T2B9I2.76.BC1	5459
CoV|T2B9I2.76.BC2	20153
CoV|T2B9I2.77.BC1	27743
CoV|T2B9I2.77.BC2	33756
CoV|T2B9I2.78.BC1	8785
CoV|T2B9I2.78.BC2	12933
CoV|T2B9I2.79.BC1	15183
CoV|T2B9I2.79.BC2	15882
CoV|T2B9I2.8.BC1	36812
CoV|T2B9I2.8.BC2	18503
CoV|T2B9I2.80.BC1	12433
CoV|T2B9I2.80.BC2	4699
CoV|T2B9I2.81.BC1	44517
CoV|T2B9I2.81.BC2	28703
CoV|T2B9I2.82.BC1	26169
CoV|T2B9I2.82.BC2	52708
CoV|T2B9I2.83.BC1	27292
CoV|T2B9I2.83.BC2	35769
CoV|T2B9I2.84.BC1	8740
CoV|T2B9I2.84.BC2	18286
CoV|T2B9I2.85.BC1	21484
CoV|T2B9I2.85.BC2	17070
CoV|T2B9I2.86.BC1	34161
CoV|T2B9I2.86.BC2	21631
CoV|T2B9I2.87.BC1	11141
CoV|T2B9I2.87.BC2	11231
CoV|T2B9I2.88.BC1	19043
CoV|T2B9I2.88.BC2	21423
CoV|T2B9I2.89.BC1	30443
CoV|T2B9I2.89.BC2	15242
CoV|T2B9I2.9.BC1	13312
CoV|T2B9I2.9.BC2	22164
CoV|T2B9I2.90.BC1	8289
CoV|T2B9I2.90.BC2	11523
CoV|T2B9I2.91.BC1	44475
CoV|T2B9I2.91.BC2	20366
CoV|T2B9I2.92.BC1	47147
CoV|T2B9I2.92.BC2	47361
CoV|T2B9I2.93.BC1	26633
CoV|T2B9I2.93.BC2	56766
CoV|T2B9I2.94.BC1	25219
CoV|T2B9I2.94.BC2	37610
CoV|T2B9I2.95.BC1	21158
CoV|T2B9I2.95.BC2	16635
CoV|T2B9I2.96.BC1	23882
CoV|T2B9I2.96.BC2	25483
CoV|T2B9I2.97.BC1	66163
CoV|T2B9I2.97.BC2	32418
CoV|T2B9I2.98.BC1	30430
CoV|T2B9I2.98.BC2	22146
CoV|T2B9I2.99.BC1	14506
CoV|T2B9I2.99.BC2	25772
CoV|T2B9U0.155.BC1	25075
CoV|T2B9U0.155.BC2	24227
CoV|T2B9U0.156.BC1	23069
CoV|T2B9U0.156.BC2	35600
CoV|T2B9U0.157.BC1	3195
CoV|T2B9U0.157.BC2	12530
CoV|T2B9U0.158.BC1	50071
CoV|T2B9U0.158.BC2	37748
CoV|T2B9U0.159.BC1	30808
CoV|T2B9U0.159.BC2	26221
CoV|T2B9U0.160.BC1	22820
CoV|T2B9U0.160.BC2	12034
CoV|T2B9U0.161.BC1	15751
CoV|T2B9U0.161.BC2	15502
CoV|T2B9U0.162.BC1	23432
CoV|T2B9U0.162.BC2	37025
CoV|T2B9U0.163.BC1	21971
CoV|T2B9U0.163.BC2	11969
CoV|T2B9U0.164.BC1	25153
CoV|T2B9U0.164.BC2	21596
CoV|T2B9U0.165.BC1	18808
CoV|T2B9U0.165.BC2	13750
CoV|T2B9U0.166.BC1	24918
CoV|T2B9U0.166.BC2	8256
CoV|T2B9U0.167.BC1	11688
CoV|T2B9U0.167.BC2	12813
CoV|T2B9U0.168.BC1	25989
CoV|T2B9U0.168.BC2	4446
CoV|T2B9U0.169.BC1	46518
CoV|T2B9U0.169.BC2	25424
CoV|T2B9U0.170.BC1	10216
CoV|T2B9U0.170.BC2	1049
CoV|T2B9U0.171.BC1	12135
CoV|T2B9U0.171.BC2	13297
CoV|T2B9U0.172.BC1	13135
CoV|T2B9U0.172.BC2	16228
CoV|T2B9U0.173.BC1	14759
CoV|T2B9U0.173.BC2	9151
CoV|T2B9U0.174.BC1	23194
CoV|T2B9U0.174.BC2	33514
CoV|T2B9U0.175.BC1	29965
CoV|T2B9U0.175.BC2	46234
CoV|T2B9U0.176.BC1	9585
CoV|T2B9U0.176.BC2	25362
CoV|T2B9U0.177.BC1	41011
CoV|T2B9U0.177.BC2	52639
CoV|T2B9U0.178.BC1	12590
CoV|T2B9U0.178.BC2	25425
CoV|T2B9U0.179.BC1	11809
CoV|T2B9U0.179.BC2	31222
CoV|T2B9U0.180.BC1	25843
CoV|T2B9U0.180.BC2	25665
CoV|T2B9U0.181.BC1	14667
CoV|T2B9U0.181.BC2	16512
CoV|T2B9U0.182.BC1	22315
CoV|T2B9U0.182.BC2	9741
CoV|T2B9U0.183.BC1	6709
CoV|T2B9U0.183.BC2	12157
CoV|T2B9U0.184.BC1	19215
CoV|T2B9U0.184.BC2	19830
CoV|T2B9U0.185.BC1	35639
CoV|T2B9U0.185.BC2	32882
CoV|T2B9U0.186.BC1	9770
CoV|T2B9U0.186.BC2	7567
CoV|T2B9U0.187.BC1	5884
CoV|T2B9U0.187.BC2	11804
CoV|T2B9U0.188.BC1	23085
CoV|T2B9U0.188.BC2	22834
CoV|T2B9U0.189.BC1	19918
CoV|T2B9U0.189.BC2	10115
CoV|T2B9U0.190.BC1	28751
CoV|T2B9U0.190.BC2	28102
CoV|T2B9U0.191.BC1	56014
CoV|T2B9U0.191.BC2	31499
CoV|T2B9U0.192.BC1	32693
CoV|T2B9U0.192.BC2	35626
CoV|T2B9U0.193.BC1	37069
CoV|T2B9U0.193.BC2	27247
CoV|T2B9U0.194.BC1	18597
CoV|T2B9U0.194.BC2	12834
CoV|T2B9U0.195.BC1	8716
CoV|T2B9U0.195.BC2	8666
CoV|T2B9U0.196.BC1	6913
CoV|T2B9U0.196.BC2	8554
CoV|T2B9U0.197.BC1	12055
CoV|T2B9U0.197.BC2	5922
CoV|T2B9U0.198.BC1	32180
CoV|T2B9U0.198.BC2	22117
CoV|T2B9U0.199.BC1	13128
CoV|T2B9U0.199.BC2	22967
CoV|T2B9U0.200.BC1	8597
CoV|T2B9U0.200.BC2	12178
CoV|T2B9U0.201.BC1	29996
CoV|T2B9U0.201.BC2	21038
CoV|T2B9U0.202.BC1	34277
CoV|T2B9U0.202.BC2	312
CoV|T2B9U0.203.BC1	46341
CoV|T2B9U0.203.BC2	42074
CoV|T2B9U0.204.BC1	10675
CoV|T2B9U0.204.BC2	15435
CoV|T2B9U0.205.BC1	22314
CoV|T2B9U0.205.BC2	6773
CoV|T2B9U0.206.BC1	20105
CoV|T2B9U0.206.BC2	55191
CoV|T2B9U0.207.BC1	19435
CoV|T2B9U0.207.BC2	27088
CoV|T2B9U0.208.BC1	33173
CoV|T2B9U0.208.BC2	29621
CoV|T2B9U0.209.BC1	22262
CoV|T2B9U0.209.BC2	7636
CoV|T2B9U0.210.BC1	20929
CoV|T2B9U0.210.BC2	15792
CoV|T2B9U0.211.BC1	65940
CoV|T2B9U0.211.BC2	48392
CoV|T2B9U0.212.BC1	33380
CoV|T2B9U0.212.BC2	30153
CoV|T2B9U0.213.BC1	30361
CoV|T2B9U0.213.BC2	19622
CoV|T2B9U0.214.BC1	38504
CoV|T2B9U0.214.BC2	35362
CoV|T2B9U0.215.BC1	54580
CoV|T2B9U0.215.BC2	29538
CoV|T2B9U0.216.BC1	14718
CoV|T2B9U0.216.BC2	24509
CoV|T2B9U0.217.BC1	12328
CoV|T2B9U0.217.BC2	16544
CoV|T2B9U0.218.BC1	16716
CoV|T2B9U0.218.BC2	17697
CoV|T2B9U0.219.BC1	26760
CoV|T2B9U0.219.BC2	45490
CoV|T2B9U0.220.BC1	34490
CoV|T2B9U0.220.BC2	11328
CoV|T2B9U0.221.BC1	17531
CoV|T2B9U0.221.BC2	19541
CoV|T2B9U0.222.BC1	30544
CoV|T2B9U0.222.BC2	32794
CoV|T2B9U0.223.BC1	20398
CoV|T2B9U0.223.BC2	21404
CoV|T2B9U0.224.BC1	36316
CoV|T2B9U0.224.BC2	18980
CoV|T2B9U0.225.BC1	42785
CoV|T2B9U0.225.BC2	50524
CoV|T2B9U0.226.BC1	19347
CoV|T2B9U0.226.BC2	45727
CoV|T2B9U0.227.BC1	42556
CoV|T2B9U0.227.BC2	33629
CoV|T2B9U0.228.BC1	11371
CoV|T2B9U0.228.BC2	13784
CoV|T2B9U0.229.BC1	15627
CoV|T2B9U0.229.BC2	7994
CoV|T2B9U0.230.BC1	14068
CoV|T2B9U0.230.BC2	30736
CoV|T2B9U0.231.BC1	906
CoV|T2B9U0.231.BC2	3125
CoV|T2B9U0.232.BC2	556
CoV|T2B9U0.233.BC1	1502
CoV|T2B9U0.233.BC2	1306
CoV|T2B9U0.234.BC1	40427
CoV|T2B9U0.234.BC2	14096
CoV|T2B9U0.235.BC1	28091
CoV|T2B9U0.235.BC2	40722
CoV|T2B9U0.236.BC1	26030
CoV|T2B9U0.236.BC2	17630
CoV|T2B9U0.237.BC1	17469
CoV|T2B9U0.237.BC2	8759
CoV|T2B9U0.238.BC1	15257
CoV|T2B9U0.238.BC2	6708
CoV|T2B9U0.239.BC1	11056
CoV|T2B9U0.239.BC2	11341
CoV|T2B9U0.240.BC1	15484
CoV|T2B9U0.240.BC2	7775
CoV|T2B9U0.241.BC1	16189
CoV|T2B9U0.241.BC2	11453
CoV|T2B9U0.242.BC1	33967
CoV|T2B9U0.242.BC2	17668
CoV|T2B9U0.243.BC1	40186
CoV|T2B9U0.243.BC2	34967
CoV|T2B9U0.244.BC1	16086
CoV|T2B9U0.244.BC2	27805
CoV|T2B9U0.245.BC1	20839
CoV|T2B9U0.245.BC2	28972
CoV|T2B9U0.246.BC1	5305
CoV|T2B9U0.246.BC2	14000
CoV|T2B9U0.247.BC1	13427
CoV|T2B9U0.247.BC2	15649
CoV|T2B9U0.248.BC1	12183
CoV|T2B9U0.248.BC2	4103
CoV|T2B9U0.249.BC1	17340
CoV|T2B9U0.249.BC2	18899
CoV|T2B9U0.250.BC1	25011
CoV|T2B9U0.250.BC2	4504
CoV|T2B9U0.251.BC1	21203
CoV|T2B9U0.251.BC2	16856
CoV|T2B9U9.0.BC1	14410
CoV|T2B9U9.0.BC2	28135
CoV|T2B9U9.1.BC1	16158
CoV|T2B9U9.1.BC2	17914
CoV|T2B9U9.2.BC1	20502
CoV|T2B9U9.2.BC2	14191
CoV|T2B9U9.3.BC1	24684
CoV|T2B9U9.3.BC2	22784
CoV|T2BBK0.0.BC1	25558
CoV|T2BBK0.0.BC2	12479
CoV|T2BBK0.1.BC1	20827
CoV|T2BBK0.1.BC2	27648
CoV|T2BBK0.10.BC1	24624
CoV|T2BBK0.10.BC2	14061
CoV|T2BBK0.11.BC1	10460
CoV|T2BBK0.11.BC2	10206
CoV|T2BBK0.12.BC1	12608
CoV|T2BBK0.12.BC2	20256
CoV|T2BBK0.13.BC1	27587
CoV|T2BBK0.13.BC2	49010
CoV|T2BBK0.2.BC1	13731
CoV|T2BBK0.2.BC2	30396
CoV|T2BBK0.3.BC1	35738
CoV|T2BBK0.3.BC2	43245
CoV|T2BBK0.4.BC1	12935
CoV|T2BBK0.4.BC2	23152
CoV|T2BBK0.5.BC1	13096
CoV|T2BBK0.5.BC2	41605
CoV|T2BBK0.6.BC1	29075
CoV|T2BBK0.6.BC2	26780
CoV|T2BBK0.7.BC1	13001
CoV|T2BBK0.7.BC2	16798
CoV|T2BBK0.8.BC1	27488
CoV|T2BBK0.8.BC2	10207
CoV|T2BBK0.9.BC1	8550
CoV|T2BBK0.9.BC2	35658
CoV|YP_009725297.5.BC1	18049
CoV|YP_009725297.5.BC2	12870
CoV|YP_009725298.21.BC1	11948
CoV|YP_009725298.21.BC2	15788
CoV|YP_009725299.68.BC1	8950
CoV|YP_009725299.68.BC2	21120
CoV|YP_009725300.16.BC1	20869
CoV|YP_009725300.16.BC2	30109
CoV|YP_009725301.9.BC1	35700
CoV|YP_009725301.9.BC2	35271
CoV|YP_009725302.9.BC1	24681
CoV|YP_009725302.9.BC2	10022
CoV|YP_009725303.1.BC1	10317
CoV|YP_009725303.1.BC2	14190
CoV|YP_009725304.6.BC1	5747
CoV|YP_009725304.6.BC2	24117
CoV|YP_009725305.3.BC1	30312
CoV|YP_009725305.3.BC2	34478
CoV|YP_009725306.3.BC1	14402
CoV|YP_009725306.3.BC2	55599
CoV|YP_009725307.32.BC1	17074
CoV|YP_009725307.32.BC2	12410
CoV|YP_009725308.20.BC1	27095
CoV|YP_009725308.20.BC2	36808
CoV|YP_009725309.17.BC1	11422
CoV|YP_009725309.17.BC2	19222
CoV|YP_009725310.11.BC1	7983
CoV|YP_009725310.11.BC2	21618
CoV|YP_009725311.9.BC1	10334
CoV|YP_009725311.9.BC2	33696
CoV|YP_009725312.0.BC1	1621
CoV|YP_009725312.0.BC2	26855
Vir3|10045	1
Vir3|10078	2
Vir3|1014	1
Vir3|10140	1
Vir3|10182	1
Vir3|10266	1
Vir3|10315	2
Vir3|10339	1
Vir3|10455	1
Vir3|10498	1
Vir3|10521	1
Vir3|10551	1
Vir3|10652	1
Vir3|10655	1
Vir3|10744	1
Vir3|10747	1
Vir3|10772	1
Vir3|10780	1
Vir3|10857	1
Vir3|108679	1
Vir3|108695	1
Vir3|108708	4
Vir3|108725	1
Vir3|108730	1
Vir3|108825	4
Vir3|108832	2
Vir3|108837	1
Vir3|108838	1
Vir3|108870	4
Vir3|108897	1
Vir3|108922	1
Vir3|108937	1
Vir3|108955	1
Vir3|108971	1
Vir3|108974	1
Vir3|108993	1
Vir3|108999	2
Vir3|109026	1
Vir3|109029	1
Vir3|109048	1
Vir3|109053	1
Vir3|109058	1
Vir3|109074	6
Vir3|109090	1
Vir3|109111	1
Vir3|109154	1
Vir3|109263	1
Vir3|109283	1
Vir3|109299	1
Vir3|109316	5
Vir3|109324	1
Vir3|109326	1
Vir3|109330	3
Vir3|109339	1
Vir3|109368	2
Vir3|109383	1
Vir3|109412	3
Vir3|109430	1
Vir3|109477	1
Vir3|109492	1
Vir3|109508	1
Vir3|109519	1
Vir3|10957	1
Vir3|109588	1
Vir3|109616	1
Vir3|109635	1
Vir3|109659	1
Vir3|109668	1
Vir3|109685	1
Vir3|109689	1
Vir3|109703	1
Vir3|109739	1
Vir3|109758	2
Vir3|109782	3
Vir3|109788	1
Vir3|109810	1
Vir3|109822	5
Vir3|109823	2
Vir3|109826	10
Vir3|109853	1
Vir3|10988	1
Vir3|109894	1
Vir3|109905	1
Vir3|109926	5
Vir3|109956	1
Vir3|109983	4
Vir3|110057	1
Vir3|110070	1
Vir3|110096	1
Vir3|110223	1
Vir3|110277	1
Vir3|110279	1
Vir3|110344	1
Vir3|110358	3
Vir3|110362	1
Vir3|110365	1
Vir3|110369	1
Vir3|110400	1
Vir3|110402	1
Vir3|110427	2
Vir3|110428	1
Vir3|110429	1
Vir3|110437	4
Vir3|110441	1
Vir3|110478	1
Vir3|110496	1
Vir3|110508	1
Vir3|110526	2
Vir3|110532	1
Vir3|110546	1
Vir3|110553	1
Vir3|110588	1
Vir3|110612	1
Vir3|11071	1
Vir3|110723	1
Vir3|110736	2
Vir3|110790	1
Vir3|110799	1
Vir3|110815	1
Vir3|110820	1
Vir3|110833	1
Vir3|110886	1
Vir3|110890	1
Vir3|110933	2
Vir3|110963	1
Vir3|111017	1
Vir3|111019	1
Vir3|111037	1
Vir3|111049	1
Vir3|111065	1
Vir3|11107	1
Vir3|111096	2
Vir3|111134	1
Vir3|111185	1
Vir3|111276	1
Vir3|11130	1
Vir3|111306	1
Vir3|111347	1
Vir3|111394	1
Vir3|111482	1
Vir3|11150	1
Vir3|111540	1
Vir3|111582	1
Vir3|111630	1
Vir3|111642	1
Vir3|111680	1
Vir3|11172	1
Vir3|111790	1
Vir3|111902	1
Vir3|111923	1
Vir3|111927	1
Vir3|111940	1
Vir3|111970	1
Vir3|111987	1
Vir3|112044	1
Vir3|112101	1
Vir3|112106	1
Vir3|112144	1
Vir3|112148	1
Vir3|112194	1
Vir3|112402	1
Vir3|112430	1
Vir3|112456	1
Vir3|11253	1
Vir3|112561	1
Vir3|112574	4
Vir3|112579	1
Vir3|112583	1
Vir3|112589	1
Vir3|112607	1
Vir3|112769	1
Vir3|112785	1
Vir3|112816	1
Vir3|112833	1
Vir3|112942	1
Vir3|112958	2
Vir3|113057	1
Vir3|113069	1
Vir3|113085	1
Vir3|113140	1
Vir3|113155	1
Vir3|113306	1
Vir3|113329	1
Vir3|113360	1
Vir3|113366	1
Vir3|113421	1
Vir3|113460	1
Vir3|113474	1
Vir3|113495	1
Vir3|113509	1
Vir3|113602	1
Vir3|113650	1
Vir3|113651	1
Vir3|113657	1
Vir3|113660	1
Vir3|113661	1
Vir3|113690	1
Vir3|113694	1
Vir3|113768	2
Vir3|113802	1
Vir3|113827	1
Vir3|113866	1
Vir3|113867	1
Vir3|113895	1
Vir3|113927	2
Vir3|113931	1
Vir3|113945	1
Vir3|113979	1
Vir3|114010	1
Vir3|114013	1
Vir3|114044	1
Vir3|11410	1
Vir3|114121	1
Vir3|114229	2
Vir3|114231	1
Vir3|114354	1
Vir3|11439	1
Vir3|114406	2
Vir3|114418	1
Vir3|114420	1
Vir3|114450	1
Vir3|114472	1
Vir3|114478	1
Vir3|114620	1
Vir3|114650	1
Vir3|114668	1
Vir3|114675	4
Vir3|11477	1
Vir3|114780	1
Vir3|114852	1
Vir3|114995	1
Vir3|115	1
Vir3|115007	1
Vir3|115016	1
Vir3|115019	1
Vir3|115026	1
Vir3|115067	1
Vir3|11509	2
Vir3|115127	1
Vir3|115141	1
Vir3|115217	1
Vir3|115273	1
Vir3|115316	2
Vir3|115379	1
Vir3|115420	1
Vir3|115440	1
Vir3|115442	1
Vir3|115445	1
Vir3|115451	1
Vir3|115499	1
Vir3|115507	1
Vir3|11551	1
Vir3|115585	1
Vir3|115610	1
Vir3|115615	1
Vir3|115650	1
Vir3|115687	1
Vir3|115690	1
Vir3|115691	1
Vir3|115725	1
Vir3|115797	1
Vir3|115806	1
Vir3|115815	1
Vir3|115838	1
Vir3|11584	1
Vir3|115858	1
Vir3|11591	1
Vir3|115947	1
Vir3|11595	2
Vir3|116035	1
Vir3|116040	1
Vir3|11606	1
Vir3|116303	1
Vir3|116317	1
Vir3|116413	1
Vir3|116439	1
Vir3|116472	1
Vir3|116492	1
Vir3|116596	1
Vir3|116665	1
Vir3|116721	1
Vir3|116734	1
Vir3|116777	1
Vir3|116808	1
Vir3|116823	1
Vir3|116856	1
Vir3|116868	1
Vir3|116889	1
Vir3|117011	1
Vir3|117042	2
Vir3|117076	1
Vir3|117203	1
Vir3|117209	1
Vir3|117408	1
Vir3|117441	2
Vir3|117522	1
Vir3|117544	1
Vir3|117562	1
Vir3|117616	1
Vir3|117622	1
Vir3|117736	1
Vir3|117743	1
Vir3|117772	1
Vir3|117803	1
Vir3|117806	1
Vir3|117875	1
Vir3|117894	1
Vir3|117914	1
Vir3|117923	1
Vir3|117952	2
Vir3|118101	1
Vir3|118136	1
Vir3|118147	3
Vir3|118152	1
Vir3|118163	1
Vir3|118164	1
Vir3|118173	1
Vir3|118205	1
Vir3|118227	1
Vir3|118228	1
Vir3|118296	1
Vir3|118300	1
Vir3|118318	3
Vir3|118336	3
Vir3|118343	5
Vir3|118361	1
Vir3|118371	4
Vir3|118388	1
Vir3|118394	1
Vir3|118462	1
Vir3|118558	1
Vir3|118586	7
Vir3|118608	3
Vir3|118613	1
Vir3|118615	1
Vir3|11862	1
Vir3|118632	1
Vir3|118655	1
Vir3|118665	1
Vir3|118670	1
Vir3|118672	1
Vir3|118696	1
Vir3|118727	1
Vir3|118730	2
Vir3|118748	1
Vir3|118750	2
Vir3|118756	1
Vir3|118768	1
Vir3|118776	1
Vir3|118836	1
Vir3|118856	1
Vir3|118912	1
Vir3|119056	1
Vir3|119092	1
Vir3|119094	1
Vir3|119106	1
Vir3|119293	1
Vir3|11930	1
Vir3|119368	1
Vir3|119385	2
Vir3|119413	1
Vir3|119447	1
Vir3|119489	1
Vir3|119576	1
Vir3|119586	1
Vir3|119630	1
Vir3|119694	1
Vir3|119717	377
Vir3|119730	1
Vir3|119750	1
Vir3|119754	1
Vir3|119762	1
Vir3|119828	1
Vir3|119862	1
Vir3|119877	1
Vir3|119926	1
Vir3|11996	1
Vir3|119994	1
Vir3|12001	1
Vir3|120012	1
Vir3|120018	1
Vir3|120064	1
Vir3|120117	1
Vir3|120148	1
Vir3|120290	1
Vir3|120354	1
Vir3|120401	1
Vir3|120481	1
Vir3|120620	1
Vir3|120621	1
Vir3|120731	1
Vir3|120743	1
Vir3|120768	2
Vir3|120818	1
Vir3|120838	1
Vir3|120872	1
Vir3|120882	1
Vir3|121047	1
Vir3|121060	1
Vir3|121079	1
Vir3|121084	1
Vir3|1211	2
Vir3|121116	1
Vir3|121160	1
Vir3|121169	1
Vir3|121192	2
Vir3|121193	1
Vir3|121201	1
Vir3|12133	1
Vir3|121419	1
Vir3|12150	2
Vir3|121542	20
Vir3|121568	1
Vir3|121629	1
Vir3|121633	1
Vir3|121703	1
Vir3|121714	1
Vir3|121778	1
Vir3|121797	1
Vir3|121809	1
Vir3|121811	1
Vir3|121835	1
Vir3|121843	1
Vir3|121849	1
Vir3|121907	1
Vir3|121914	1
Vir3|121983	1
Vir3|122027	1
Vir3|122074	1
Vir3|122076	1
Vir3|122099	1
Vir3|122133	1
Vir3|122189	1
Vir3|122201	1
Vir3|122210	1
Vir3|122215	1
Vir3|122272	1
Vir3|122285	1
Vir3|122291	1
Vir3|122372	1
Vir3|122479	2
Vir3|122578	2
Vir3|122613	1
Vir3|122615	1
Vir3|12264	1
Vir3|122676	1
Vir3|122719	1
Vir3|122760	1
Vir3|122775	1
Vir3|122779	1
Vir3|122786	1
Vir3|122788	1
Vir3|122813	1
Vir3|122818	1
Vir3|122867	253
Vir3|122887	1
Vir3|122949	1
Vir3|12297	1
Vir3|122970	1
Vir3|123026	1
Vir3|123104	2
Vir3|123135	1
Vir3|123184	1
Vir3|12320	2
Vir3|123215	2
Vir3|123327	2
Vir3|123353	1
Vir3|123393	1
Vir3|123410	1
Vir3|123428	1
Vir3|123461	1
Vir3|123488	1
Vir3|123516	1
Vir3|123545	1
Vir3|123588	1
Vir3|123617	1
Vir3|123659	1
Vir3|123666	1
Vir3|123675	1
Vir3|123700	1
Vir3|123702	1
Vir3|123721	2
Vir3|123723	1
Vir3|123739	1
Vir3|123781	1
Vir3|123809	1
Vir3|123839	1
Vir3|123873	2
Vir3|123881	1
Vir3|123904	1
Vir3|123915	1
Vir3|12392	1
Vir3|123998	1
Vir3|124022	1
Vir3|124055	1
Vir3|124084	1
Vir3|124113	1
Vir3|124149	1
Vir3|124179	1
Vir3|124229	1
Vir3|124266	1
Vir3|124385	1
Vir3|124387	1
Vir3|124401	1
Vir3|124417	1
Vir3|12449	1
Vir3|124496	1
Vir3|124541	1
Vir3|124554	1
Vir3|12468	1
Vir3|124685	1
Vir3|124788	1
Vir3|124823	1
Vir3|124838	1
Vir3|124848	1
Vir3|124849	1
Vir3|124867	2
Vir3|124917	1
Vir3|125030	1
Vir3|125035	1
Vir3|125118	1
Vir3|125146	2
Vir3|125207	1
Vir3|125246	1
Vir3|125267	1
Vir3|125268	1
Vir3|125343	2
Vir3|125365	1
Vir3|125454	1
Vir3|125471	1
Vir3|1255	1
Vir3|125561	1
Vir3|125600	1
Vir3|125646	1
Vir3|125653	1
Vir3|125683	2
Vir3|125723	1
Vir3|125726	1
Vir3|125809	1
Vir3|125825	1
Vir3|125831	1
Vir3|125851	1
Vir3|125924	1
Vir3|125947	1
Vir3|12596	1
Vir3|12597	2
Vir3|12598	2
Vir3|12604	1
Vir3|126094	1
Vir3|126108	1
Vir3|126124	1
Vir3|126139	104
Vir3|126175	1
Vir3|126234	1
Vir3|126288	1
Vir3|1263	1
Vir3|126363	1
Vir3|126417	1
Vir3|126428	1
Vir3|126430	1
Vir3|126433	1
Vir3|126450	1
Vir3|126478	1
Vir3|126510	1
Vir3|126550	1
Vir3|126649	1
Vir3|126676	1
Vir3|126764	1
Vir3|126782	1
Vir3|126832	1
Vir3|12684	1
Vir3|126842	1
Vir3|126861	1
Vir3|126876	1
Vir3|126918	1
Vir3|126920	1
Vir3|126939	2
Vir3|127022	1
Vir3|127034	1
Vir3|127036	1
Vir3|127052	1
Vir3|127077	1
Vir3|127088	1
Vir3|127144	1
Vir3|127213	1
Vir3|127328	1
Vir3|127362	1
Vir3|127370	1
Vir3|127384	1
Vir3|127398	1
Vir3|127440	1
Vir3|12747	1
Vir3|127485	2
Vir3|127508	1
Vir3|127647	1
Vir3|127720	1
Vir3|127733	1
Vir3|127833	1
Vir3|127883	1
Vir3|127933	1
Vir3|127938	1
Vir3|128005	1
Vir3|128014	1
Vir3|12809	2
Vir3|128111	1
Vir3|128119	1
Vir3|128169	1
Vir3|12859	1
Vir3|12927	1
Vir3|12939	1
Vir3|13022	1
Vir3|13061	1
Vir3|13067	1
Vir3|13093	1
Vir3|13222	1
Vir3|13375	1
Vir3|13419	1
Vir3|13476	1
Vir3|1349	1
Vir3|13531	1
Vir3|13603	1
Vir3|13652	1
Vir3|13669	1
Vir3|13673	1
Vir3|13784	1
Vir3|13786	1
Vir3|1397	1
Vir3|1401	1
Vir3|14027	1
Vir3|14061	1
Vir3|14095	1
Vir3|14188	1
Vir3|14215	1
Vir3|1429	2
Vir3|14317	2
Vir3|14485	1
Vir3|14690	1
Vir3|14716	1
Vir3|14717	1
Vir3|14728	1
Vir3|14729	1
Vir3|14732	1
Vir3|14777	1
Vir3|148	2
Vir3|14805	1
Vir3|14912	1
Vir3|14921	1
Vir3|14957	1
Vir3|15030	1
Vir3|15079	1
Vir3|15132	1
Vir3|15157	1
Vir3|15189	2
Vir3|15194	1
Vir3|15215	1
Vir3|15229	1
Vir3|15285	1
Vir3|15337	1
Vir3|15356	2
Vir3|15363	1
Vir3|15388	1
Vir3|15391	1
Vir3|15411	1
Vir3|15527	1
Vir3|15648	1
Vir3|1565	1
Vir3|15750	1
Vir3|15752	1
Vir3|15802	1
Vir3|15900	1
Vir3|15912	1
Vir3|15941	1
Vir3|15962	1
Vir3|15979	1
Vir3|15983	1
Vir3|16005	1
Vir3|16031	1
Vir3|16032	1
Vir3|1606	1
Vir3|16068	1
Vir3|16077	1
Vir3|16094	1
Vir3|16117	1
Vir3|16130	1
Vir3|16153	1
Vir3|16201	2
Vir3|16206	2
Vir3|16231	1
Vir3|16232	1
Vir3|16458	1
Vir3|16579	1
Vir3|16618	1
Vir3|16677	1
Vir3|16683	1
Vir3|16693	1
Vir3|16717	1
Vir3|16720	1
Vir3|16758	1
Vir3|16763	1
Vir3|16869	1
Vir3|16993	1
Vir3|17055	1
Vir3|17062	1
Vir3|17078	1
Vir3|1716	1
Vir3|17173	1
Vir3|17225	2
Vir3|17284	1
Vir3|17290	1
Vir3|17408	1
Vir3|17452	2
Vir3|17489	1
Vir3|17494	1
Vir3|17591	1
Vir3|17610	1
Vir3|17670	1
Vir3|17676	1
Vir3|17680	1
Vir3|17692	1
Vir3|17764	1
Vir3|17770	1
Vir3|17799	1
Vir3|17921	1
Vir3|17950	1
Vir3|18002	1
Vir3|18074	1
Vir3|18105	1
Vir3|18129	1
Vir3|18145	1
Vir3|18206	1
Vir3|18210	1
Vir3|18298	1
Vir3|18358	1
Vir3|18381	1
Vir3|18388	1
Vir3|18391	1
Vir3|18441	1
Vir3|18591	2
Vir3|18663	1
Vir3|18753	1
Vir3|18817	1
Vir3|18923	1
Vir3|18962	1
Vir3|19	1
Vir3|19148	1
Vir3|19150	1
Vir3|1940	1
Vir3|19505	1
Vir3|19541	1
Vir3|19569	1
Vir3|19703	1
Vir3|19894	1
Vir3|19917	1
Vir3|19998	1
Vir3|20029	1
Vir3|20046	1
Vir3|2013	1
Vir3|20160	1
Vir3|20162	1
Vir3|2031	1
Vir3|20362	1
Vir3|20382	1
Vir3|20412	1
Vir3|20467	1
Vir3|20471	1
Vir3|20511	1
Vir3|20518	178
Vir3|20718	2
Vir3|20789	1
Vir3|20792	1
Vir3|20798	1
Vir3|20806	2
Vir3|20838	1
Vir3|20839	1
Vir3|20878	1
Vir3|20896	1
Vir3|20911	1
Vir3|20917	1
Vir3|20982	3
Vir3|21039	1
Vir3|21169	1
Vir3|21256	1
Vir3|2126	1
Vir3|2133	1
Vir3|21382	1
Vir3|21400	2
Vir3|21424	1
Vir3|21427	1
Vir3|21475	1
Vir3|21510	1
Vir3|21556	1
Vir3|21560	1
Vir3|21561	1
Vir3|21563	1
Vir3|21589	1
Vir3|21625	2
Vir3|21639	2
Vir3|2171	1
Vir3|21726	1
Vir3|21798	1
Vir3|21809	1
Vir3|21832	1
Vir3|21844	1
Vir3|21889	1
Vir3|21895	1
Vir3|21937	1
Vir3|21945	1
Vir3|21962	1
Vir3|22007	1
Vir3|22165	1
Vir3|2217	1
Vir3|22217	1
Vir3|22234	1
Vir3|22237	1
Vir3|22304	1
Vir3|22338	1
Vir3|22356	1
Vir3|22368	1
Vir3|22372	1
Vir3|2250	1
Vir3|22609	2
Vir3|22678	1
Vir3|22702	1
Vir3|22704	1
Vir3|22744	1
Vir3|22798	1
Vir3|22851	1
Vir3|22878	1
Vir3|22957	1
Vir3|22976	1
Vir3|23046	1
Vir3|23111	1
Vir3|23270	1
Vir3|23279	1
Vir3|23389	1
Vir3|23455	1
Vir3|23472	1
Vir3|23496	1
Vir3|23515	2
Vir3|23660	1
Vir3|23669	1
Vir3|23695	1
Vir3|23713	1
Vir3|23862	1
Vir3|23911	1
Vir3|24010	1
Vir3|24039	1
Vir3|24075	1
Vir3|24077	1
Vir3|24078	1
Vir3|24191	1
Vir3|24311	1
Vir3|24361	1
Vir3|24364	1
Vir3|24424	1
Vir3|24520	1
Vir3|24549	3
Vir3|24578	1
Vir3|24696	1
Vir3|24724	1
Vir3|24785	1
Vir3|24822	1
Vir3|24844	1
Vir3|24863	1
Vir3|250	1
Vir3|25055	1
Vir3|25059	1
Vir3|25075	1
Vir3|2513	1
Vir3|25133	2
Vir3|25172	1
Vir3|25264	2
Vir3|25315	1
Vir3|25330	1
Vir3|25407	1
Vir3|25433	1
Vir3|25457	1
Vir3|25612	2
Vir3|25682	1
Vir3|25804	1
Vir3|25827	1
Vir3|2589	1
Vir3|25959	1
Vir3|26003	1
Vir3|26008	1
Vir3|2605	1
Vir3|262	1
Vir3|26226	1
Vir3|26249	1
Vir3|26359	1
Vir3|26391	2
Vir3|26452	1
Vir3|26502	1
Vir3|26564	1
Vir3|26643	1
Vir3|26673	1
Vir3|26766	1
Vir3|26783	1
Vir3|26811	1
Vir3|26830	1
Vir3|26970	1
Vir3|26993	1
Vir3|27009	2
Vir3|27019	1
Vir3|2725	1
Vir3|27286	1
Vir3|274	1
Vir3|27491	1
Vir3|27494	1
Vir3|27499	2
Vir3|2754	1
Vir3|27629	1
Vir3|27638	1
Vir3|27639	169
Vir3|27663	1
Vir3|2767	1
Vir3|27733	1
Vir3|27735	1
Vir3|27752	1
Vir3|27766	1
Vir3|27802	1
Vir3|27811	1
Vir3|27816	1
Vir3|27834	1
Vir3|27864	1
Vir3|2791	1
Vir3|27917	1
Vir3|27930	1
Vir3|27931	1
Vir3|28001	1
Vir3|28030	1
Vir3|28043	3
Vir3|28057	1
Vir3|28073	3
Vir3|28078	1
Vir3|28085	1
Vir3|28086	5
Vir3|28087	3
Vir3|28088	1
Vir3|28108	1
Vir3|28109	1
Vir3|28111	1
Vir3|28112	1
Vir3|28117	1
Vir3|28119	1
Vir3|28128	1
Vir3|28129	1
Vir3|28130	3
Vir3|28135	5
Vir3|28142	6
Vir3|28143	1
Vir3|28144	1
Vir3|28145	1
Vir3|28146	1
Vir3|2815	1
Vir3|28154	2
Vir3|28155	1
Vir3|28156	2
Vir3|28158	1
Vir3|28159	1
Vir3|28166	2
Vir3|28167	2
Vir3|28169	2
Vir3|2817	1
Vir3|28171	3
Vir3|28172	1
Vir3|28178	1
Vir3|28182	11
Vir3|28187	2
Vir3|28193	1
Vir3|28205	1
Vir3|28207	1
Vir3|28216	1
Vir3|28219	2
Vir3|28220	1
Vir3|28221	2
Vir3|28222	6
Vir3|28225	1
Vir3|28233	1
Vir3|28239	1
Vir3|28241	5
Vir3|28242	1
Vir3|28245	1
Vir3|28248	58
Vir3|28249	1
Vir3|2825	1
Vir3|28286	1
Vir3|28287	2
Vir3|28341	1
Vir3|28342	1
Vir3|28358	1
Vir3|28378	1
Vir3|28389	1
Vir3|28402	1
Vir3|28405	3
Vir3|28406	2
Vir3|28411	1
Vir3|28412	1
Vir3|28413	1
Vir3|28414	3
Vir3|28419	2
Vir3|28420	3
Vir3|28438	2
Vir3|28454	1
Vir3|28457	1
Vir3|28469	1
Vir3|28482	1
Vir3|28485	1
Vir3|28487	5
Vir3|28513	1
Vir3|28527	6
Vir3|28528	3
Vir3|28529	8
Vir3|28557	3
Vir3|28587	3
Vir3|2861	1
Vir3|28622	1
Vir3|28626	1
Vir3|28638	1
Vir3|28669	1
Vir3|28673	2
Vir3|28674	4
Vir3|28676	1
Vir3|28682	4
Vir3|28683	1
Vir3|28706	2
Vir3|28710	4
Vir3|28721	1
Vir3|28723	2
Vir3|28724	5
Vir3|28732	1
Vir3|28768	1
Vir3|28776	1
Vir3|28783	1
Vir3|28784	4
Vir3|28789	1
Vir3|28790	1
Vir3|28798	1
Vir3|28811	1
Vir3|28815	1
Vir3|28831	1
Vir3|28837	1
Vir3|28844	1
Vir3|28894	4
Vir3|28918	1
Vir3|28932	1
Vir3|28938	1
Vir3|28953	1
Vir3|28964	1
Vir3|28965	2
Vir3|28977	3
Vir3|29000	1
Vir3|29013	2
Vir3|29018	2
Vir3|29032	4
Vir3|29033	3
Vir3|29038	5
Vir3|29039	6
Vir3|2905	1
Vir3|29057	1
Vir3|29081	3
Vir3|29082	1
Vir3|29159	4
Vir3|29180	2
Vir3|29181	2
Vir3|29186	1
Vir3|29192	1
Vir3|29212	1
Vir3|29219	3
Vir3|29241	1
Vir3|29252	1
Vir3|29258	1
Vir3|2926	1
Vir3|29269	1
Vir3|29305	2
Vir3|29314	2
Vir3|29331	1
Vir3|29342	1
Vir3|29352	7
Vir3|29353	8
Vir3|29362	1
Vir3|29364	1
Vir3|29378	1
Vir3|29379	1
Vir3|29388	1
Vir3|29393	1
Vir3|29431	1
Vir3|29440	2
Vir3|29450	1
Vir3|29459	1
Vir3|29466	1
Vir3|29470	1
Vir3|29471	1
Vir3|29474	1
Vir3|29480	3
Vir3|29481	2
Vir3|29497	3
Vir3|29509	2
Vir3|29536	2
Vir3|29537	1
Vir3|29539	1
Vir3|29558	1
Vir3|29583	1
Vir3|29593	1
Vir3|29603	4
Vir3|29604	1
Vir3|29629	1
Vir3|29644	2
Vir3|29647	1
Vir3|29658	3
Vir3|29659	2
Vir3|29666	1
Vir3|29672	1
Vir3|29673	9
Vir3|29674	5
Vir3|29675	4
Vir3|29676	9
Vir3|29696	1
Vir3|29697	2
Vir3|29710	1
Vir3|29720	2
Vir3|29721	1
Vir3|29723	1
Vir3|29724	1
Vir3|29725	1
Vir3|29726	1
Vir3|29728	1
Vir3|29943	1
Vir3|29956	1
Vir3|3015	1
Vir3|30199	3
Vir3|30237	1
Vir3|3028	1
Vir3|30288	1
Vir3|3037	1
Vir3|3044	1
Vir3|30456	1
Vir3|30536	1
Vir3|30610	1
Vir3|30614	1
Vir3|30644	1
Vir3|30814	1
Vir3|30823	1
Vir3|30834	1
Vir3|30978	1
Vir3|31045	1
Vir3|31052	1
Vir3|31131	1
Vir3|31188	2
Vir3|31209	2
Vir3|31248	1
Vir3|31249	1
Vir3|31272	1
Vir3|31345	1
Vir3|31347	1
Vir3|31423	1
Vir3|31510	1
Vir3|31553	1
Vir3|31633	1
Vir3|31680	1
Vir3|31716	1
Vir3|31739	1
Vir3|31743	1
Vir3|31793	1
Vir3|31831	2
Vir3|31966	1
Vir3|31994	1
Vir3|32031	2
Vir3|32089	1
Vir3|32141	1
Vir3|32200	1
Vir3|32228	1
Vir3|3242	1
Vir3|32562	1
Vir3|32597	1
Vir3|32771	1
Vir3|32811	1
Vir3|32839	1
Vir3|32852	1
Vir3|32899	1
Vir3|32936	1
Vir3|32947	1
Vir3|32990	1
Vir3|33020	1
Vir3|33023	1
Vir3|33108	1
Vir3|33118	1
Vir3|3318	1
Vir3|33197	1
Vir3|33263	1
Vir3|33280	1
Vir3|33289	1
Vir3|33337	1
Vir3|33372	2
Vir3|33373	3
Vir3|33399	1
Vir3|33413	1
Vir3|33494	1
Vir3|33497	1
Vir3|3352	1
Vir3|336	1
Vir3|33607	1
Vir3|33611	1
Vir3|33613	1
Vir3|33700	1
Vir3|33723	1
Vir3|33869	1
Vir3|3387	1
Vir3|33948	1
Vir3|34010	1
Vir3|3411	1
Vir3|34116	1
Vir3|34119	1
Vir3|34181	1
Vir3|34267	1
Vir3|34373	2
Vir3|34450	1
Vir3|34469	1
Vir3|34557	1
Vir3|34678	1
Vir3|34765	1
Vir3|34767	1
Vir3|34802	1
Vir3|34817	1
Vir3|34843	1
Vir3|34890	1
Vir3|34892	1
Vir3|34894	2
Vir3|34929	1
Vir3|34943	1
Vir3|34992	1
Vir3|3501	1
Vir3|35182	1
Vir3|35184	1
Vir3|35190	1
Vir3|35211	1
Vir3|35261	1
Vir3|35266	1
Vir3|35332	1
Vir3|35382	1
Vir3|35433	1
Vir3|35497	1
Vir3|35540	1
Vir3|35562	1
Vir3|35585	1
Vir3|35586	2
Vir3|35631	1
Vir3|35650	1
Vir3|35710	2
Vir3|35746	24
Vir3|35803	1
Vir3|36019	1
Vir3|36028	1
Vir3|36029	1
Vir3|36041	1
Vir3|36101	1
Vir3|36110	1
Vir3|36155	1
Vir3|36290	1
Vir3|36363	1
Vir3|36373	1
Vir3|36397	1
Vir3|36417	1
Vir3|36498	1
Vir3|36524	1
Vir3|36635	1
Vir3|36763	1
Vir3|36782	1
Vir3|3681	1
Vir3|36850	1
Vir3|36958	1
Vir3|36968	1
Vir3|37059	1
Vir3|37069	1
Vir3|37081	1
Vir3|37119	1
Vir3|3722	1
Vir3|37268	1
Vir3|37296	2
Vir3|37380	1
Vir3|37410	1
Vir3|37593	1
Vir3|37661	1
Vir3|3768	1
Vir3|3783	1
Vir3|37838	1
Vir3|3785	1
Vir3|37875	1
Vir3|37941	1
Vir3|37967	1
Vir3|37968	1
Vir3|38304	1
Vir3|38381	1
Vir3|38395	1
Vir3|38414	1
Vir3|38453	1
Vir3|38516	1
Vir3|38532	1
Vir3|38659	1
Vir3|38705	1
Vir3|38878	1
Vir3|38891	1
Vir3|3911	1
Vir3|39128	1
Vir3|39275	1
Vir3|39361	1
Vir3|39496	1
Vir3|3955	1
Vir3|39665	1
Vir3|39699	1
Vir3|39738	1
Vir3|3983	1
Vir3|40030	1
Vir3|40059	1
Vir3|40071	1
Vir3|40095	1
Vir3|40108	1
Vir3|40118	1
Vir3|40124	1
Vir3|40179	1
Vir3|40187	1
Vir3|40265	1
Vir3|40294	1
Vir3|40490	1
Vir3|40496	1
Vir3|40517	1
Vir3|4059	1
Vir3|40603	1
Vir3|40662	1
Vir3|40682	1
Vir3|4070	1
Vir3|40852	1
Vir3|40890	1
Vir3|40909	1
Vir3|41005	1
Vir3|41059	1
Vir3|41111	1
Vir3|4121	1
Vir3|4122	2
Vir3|41403	1
Vir3|4150	1
Vir3|41554	1
Vir3|41587	2
Vir3|41615	2
Vir3|41628	1
Vir3|41705	1
Vir3|41706	3
Vir3|41786	1
Vir3|41790	1
Vir3|4196	1
Vir3|41980	1
Vir3|4202	2
Vir3|42119	1
Vir3|42174	1
Vir3|42236	1
Vir3|42258	1
Vir3|42276	1
Vir3|423	1
Vir3|42303	2
Vir3|42315	1
Vir3|42429	1
Vir3|42527	1
Vir3|42538	1
Vir3|42541	1
Vir3|42560	1
Vir3|42714	1
Vir3|4278	1
Vir3|42879	1
Vir3|42889	1
Vir3|42962	1
Vir3|43067	1
Vir3|43083	1
Vir3|43103	2
Vir3|43113	1
Vir3|43123	1
Vir3|43460	1
Vir3|43480	1
Vir3|4350	1
Vir3|43505	1
Vir3|4358	1
Vir3|43616	1
Vir3|43677	1
Vir3|43681	1
Vir3|43770	1
Vir3|43854	1
Vir3|43941	1
Vir3|43955	1
Vir3|43979	1
Vir3|43991	1
Vir3|44027	2
Vir3|44186	1
Vir3|44195	1
Vir3|44207	1
Vir3|44234	1
Vir3|4426	1
Vir3|44290	1
Vir3|44313	1
Vir3|4434	1
Vir3|44346	1
Vir3|44412	1
Vir3|4449	1
Vir3|44557	1
Vir3|44654	1
Vir3|44693	1
Vir3|44701	1
Vir3|44702	1
Vir3|44816	1
Vir3|44822	1
Vir3|44852	1
Vir3|44916	1
Vir3|44935	1
Vir3|44997	1
Vir3|45029	1
Vir3|4515	55
Vir3|45265	1
Vir3|45301	1
Vir3|45390	1
Vir3|45409	1
Vir3|45423	1
Vir3|45428	1
Vir3|45465	1
Vir3|45552	1
Vir3|4557	1
Vir3|45592	1
Vir3|45607	1
Vir3|45617	2
Vir3|45622	1
Vir3|45690	1
Vir3|45737	1
Vir3|45797	1
Vir3|45820	2
Vir3|45828	1
Vir3|45834	1
Vir3|45930	1
Vir3|46175	1
Vir3|46218	1
Vir3|4635	1
Vir3|46509	1
Vir3|46542	1
Vir3|4661	1
Vir3|46739	1
Vir3|46831	1
Vir3|46869	1
Vir3|46872	1
Vir3|46874	1
Vir3|46991	1
Vir3|46992	1
Vir3|47046	1
Vir3|47051	1
Vir3|47054	1
Vir3|47078	1
Vir3|47096	1
Vir3|4712	1
Vir3|47199	2
Vir3|47250	1
Vir3|47340	1
Vir3|47437	13
Vir3|47438	10
Vir3|47447	3
Vir3|47467	2
Vir3|47470	1
Vir3|47473	3
Vir3|47479	2
Vir3|47480	4
Vir3|47481	2
Vir3|47486	2
Vir3|47502	1
Vir3|47505	3
Vir3|47508	1
Vir3|47514	1
Vir3|4752	1
Vir3|47532	1
Vir3|47558	1
Vir3|47561	1
Vir3|47585	1
Vir3|47635	1
Vir3|47648	1
Vir3|47650	1
Vir3|47720	1
Vir3|47760	1
Vir3|47852	1
Vir3|47866	1
Vir3|47868	1
Vir3|47951	2
Vir3|47952	2
Vir3|47983	1
Vir3|48028	1
Vir3|48032	3
Vir3|48044	1
Vir3|48139	1
Vir3|48161	1
Vir3|48165	1
Vir3|48214	1
Vir3|48253	1
Vir3|48326	1
Vir3|48415	1
Vir3|48426	1
Vir3|48438	1
Vir3|48488	1
Vir3|48553	1
Vir3|48564	1
Vir3|48575	1
Vir3|48596	1
Vir3|48765	1
Vir3|48773	1
Vir3|48801	1
Vir3|48858	1
Vir3|48861	1
Vir3|48894	1
Vir3|48911	1
Vir3|48925	1
Vir3|48970	1
Vir3|49104	1
Vir3|49114	1
Vir3|49150	3
Vir3|49162	1
Vir3|49192	1
Vir3|49200	1
Vir3|4921	1
Vir3|49239	1
Vir3|49253	1
Vir3|49259	1
Vir3|49306	1
Vir3|49363	1
Vir3|49395	1
Vir3|49509	1
Vir3|49636	1
Vir3|49647	1
Vir3|49654	1
Vir3|49697	1
Vir3|49735	1
Vir3|49784	1
Vir3|49796	1
Vir3|49884	1
Vir3|49924	1
Vir3|49941	1
Vir3|49943	1
Vir3|49967	1
Vir3|50004	1
Vir3|50247	1
Vir3|50305	1
Vir3|50324	1
Vir3|50331	1
Vir3|50438	1
Vir3|50474	1
Vir3|50493	1
Vir3|50538	1
Vir3|50544	1
Vir3|50572	1
Vir3|50573	1
Vir3|50589	1
Vir3|50663	1
Vir3|50794	1
Vir3|50814	1
Vir3|50826	1
Vir3|50834	1
Vir3|50893	1
Vir3|50923	1
Vir3|50926	1
Vir3|50927	1
Vir3|50953	1
Vir3|50961	1
Vir3|50965	1
Vir3|50989	1
Vir3|51061	1
Vir3|51116	1
Vir3|51139	1
Vir3|51380	1
Vir3|51430	1
Vir3|5145	3
Vir3|51473	2
Vir3|51516	2
Vir3|51521	1
Vir3|5162	1
Vir3|51645	1
Vir3|51691	1
Vir3|51693	1
Vir3|51700	3
Vir3|51704	1
Vir3|51705	1
Vir3|51707	1
Vir3|51715	1
Vir3|51760	1
Vir3|51772	1
Vir3|51793	1
Vir3|51800	1
Vir3|51907	1
Vir3|51912	1
Vir3|52018	2
Vir3|52019	2
Vir3|52021	2
Vir3|52022	2
Vir3|52029	2
Vir3|52030	1
Vir3|52032	1
Vir3|52035	2
Vir3|52055	1
Vir3|52063	1
Vir3|52064	2
Vir3|52067	1
Vir3|52076	1
Vir3|52077	1
Vir3|52081	1
Vir3|5210	1
Vir3|52116	1
Vir3|52130	4
Vir3|52131	1
Vir3|52132	1
Vir3|52142	3
Vir3|52143	2
Vir3|52158	1
Vir3|52164	1
Vir3|52165	3
Vir3|52166	1
Vir3|52175	1
Vir3|52186	1
Vir3|52202	1
Vir3|52226	1
Vir3|52258	1
Vir3|52260	2
Vir3|52263	1
Vir3|52264	1
Vir3|52270	2
Vir3|52288	3
Vir3|52289	5
Vir3|52291	4
Vir3|52292	1
Vir3|52293	3
Vir3|52324	1
Vir3|52373	4
Vir3|52419	1
Vir3|52452	1
Vir3|52467	3
Vir3|52608	1
Vir3|52710	1
Vir3|52746	1
Vir3|52830	1
Vir3|52831	1
Vir3|52852	1
Vir3|52871	1
Vir3|52894	1
Vir3|52902	1
Vir3|52903	1
Vir3|52972	1
Vir3|52992	1
Vir3|53158	1
Vir3|53209	1
Vir3|53227	1
Vir3|53236	1
Vir3|5325	1
Vir3|53306	1
Vir3|53341	1
Vir3|53452	1
Vir3|53606	2
Vir3|53689	1
Vir3|53729	1
Vir3|53735	1
Vir3|53752	1
Vir3|53755	1
Vir3|53776	1
Vir3|53800	1
Vir3|53802	2
Vir3|53806	1
Vir3|53825	1
Vir3|53873	1
Vir3|53882	1
Vir3|53930	1
Vir3|53952	1
Vir3|53971	1
Vir3|54025	1
Vir3|54076	1
Vir3|54127	2
Vir3|54129	1
Vir3|54175	2
Vir3|54278	1
Vir3|54324	1
Vir3|54332	1
Vir3|54419	1
Vir3|54461	1
Vir3|54466	1
Vir3|54497	1
Vir3|5454	1
Vir3|54559	1
Vir3|54583	1
Vir3|54599	1
Vir3|54602	1
Vir3|54609	1
Vir3|5461	1
Vir3|54646	1
Vir3|54744	1
Vir3|54763	1
Vir3|54791	1
Vir3|54857	2
Vir3|55019	1
Vir3|55031	1
Vir3|55099	1
Vir3|55100	2
Vir3|55118	1
Vir3|55203	2
Vir3|55205	1
Vir3|5522	1
Vir3|55228	1
Vir3|55264	1
Vir3|55287	1
Vir3|5531	1
Vir3|55359	1
Vir3|55469	3
Vir3|55477	1
Vir3|55616	1
Vir3|55647	1
Vir3|5573	1
Vir3|55749	2
Vir3|55764	1
Vir3|55771	2
Vir3|55817	1
Vir3|55949	1
Vir3|56004	1
Vir3|56005	1
Vir3|56029	1
Vir3|56046	1
Vir3|56168	1
Vir3|56253	1
Vir3|56306	1
Vir3|56325	2
Vir3|56329	1
Vir3|56358	2
Vir3|5637	1
Vir3|56379	1
Vir3|56394	2
Vir3|56418	1
Vir3|56448	1
Vir3|56528	1
Vir3|56531	1
Vir3|56559	1
Vir3|56560	1
Vir3|56584	1
Vir3|56600	1
Vir3|56660	1
Vir3|56682	1
Vir3|56689	3
Vir3|56784	1
Vir3|56805	1
Vir3|56806	1
Vir3|56819	1
Vir3|56832	1
Vir3|56867	1
Vir3|56918	1
Vir3|56922	1
Vir3|56970	1
Vir3|57073	1
Vir3|57080	1
Vir3|57119	1
Vir3|57208	2
Vir3|5725	1
Vir3|57274	1
Vir3|57306	1
Vir3|57385	1
Vir3|57396	1
Vir3|57402	1
Vir3|57497	1
Vir3|57521	1
Vir3|57543	2
Vir3|57569	1
Vir3|57579	1
Vir3|57580	1
Vir3|57696	1
Vir3|57911	1
Vir3|57925	1
Vir3|57941	2
Vir3|57996	1
Vir3|58000	1
Vir3|58001	1
Vir3|58045	1
Vir3|58118	2
Vir3|58119	1
Vir3|58130	1
Vir3|58175	1
Vir3|58187	1
Vir3|58229	1
Vir3|58340	1
Vir3|58350	1
Vir3|58370	1
Vir3|58435	1
Vir3|58474	1
Vir3|58557	1
Vir3|58589	1
Vir3|58697	1
Vir3|58790	1
Vir3|58812	1
Vir3|58815	1
Vir3|58839	1
Vir3|58916	1
Vir3|58974	1
Vir3|59003	1
Vir3|5901	1
Vir3|59103	2
Vir3|59128	2
Vir3|59131	1
Vir3|59140	2
Vir3|59151	1
Vir3|59170	1
Vir3|59236	1
Vir3|59292	1
Vir3|59305	1
Vir3|59341	1
Vir3|59343	1
Vir3|59347	1
Vir3|59354	1
Vir3|59469	1
Vir3|5953	1
Vir3|59554	1
Vir3|59578	1
Vir3|59579	1
Vir3|59587	2
Vir3|59612	1
Vir3|59695	2
Vir3|59704	1
Vir3|59710	1
Vir3|59751	1
Vir3|59793	1
Vir3|5983	1
Vir3|59929	1
Vir3|6011	1
Vir3|60149	1
Vir3|60158	1
Vir3|6021	1
Vir3|60224	1
Vir3|60284	1
Vir3|60317	1
Vir3|60322	1
Vir3|60328	2
Vir3|60329	1
Vir3|60340	1
Vir3|60347	1
Vir3|60354	1
Vir3|60371	1
Vir3|60394	1
Vir3|60437	2
Vir3|60449	1
Vir3|60466	1
Vir3|60531	1
Vir3|60633	2
Vir3|60648	1
Vir3|60649	2
Vir3|60702	1
Vir3|60720	1
Vir3|60767	2
Vir3|60841	1
Vir3|6090	1
Vir3|612	1
Vir3|61209	1
Vir3|6121	1
Vir3|6129	1
Vir3|61292	1
Vir3|61303	1
Vir3|61320	2
Vir3|61347	1
Vir3|61373	1
Vir3|61379	1
Vir3|61390	1
Vir3|61438	1
Vir3|61447	1
Vir3|61451	1
Vir3|61492	1
Vir3|61581	1
Vir3|6159	1
Vir3|61766	1
Vir3|61823	1
Vir3|61851	1
Vir3|61863	1
Vir3|61873	1
Vir3|61875	1
Vir3|61930	1
Vir3|61985	1
Vir3|62051	1
Vir3|62071	1
Vir3|62134	1
Vir3|62159	1
Vir3|62176	1
Vir3|62252	1
Vir3|62317	1
Vir3|62335	1
Vir3|62341	1
Vir3|6257	1
Vir3|62699	1
Vir3|62762	1
Vir3|62800	1
Vir3|62867	1
Vir3|62941	1
Vir3|62974	1
Vir3|63247	1
Vir3|63259	1
Vir3|633	1
Vir3|63352	1
Vir3|63363	1
Vir3|63377	1
Vir3|63394	1
Vir3|634	1
Vir3|63424	2
Vir3|63443	1
Vir3|63472	1
Vir3|63557	1
Vir3|63566	1
Vir3|63634	1
Vir3|63734	1
Vir3|63765	2
Vir3|63781	1
Vir3|63782	1
Vir3|63840	1
Vir3|63875	1
Vir3|6393	2
Vir3|63973	1
Vir3|63981	2
Vir3|64005	2
Vir3|64062	1
Vir3|64091	1
Vir3|64164	1
Vir3|64174	1
Vir3|64176	1
Vir3|64254	1
Vir3|64309	1
Vir3|64312	2
Vir3|64324	1
Vir3|64364	1
Vir3|6437	1
Vir3|64383	1
Vir3|64437	2
Vir3|6445	1
Vir3|64508	1
Vir3|64585	1
Vir3|64621	1
Vir3|64629	2
Vir3|64681	1
Vir3|64817	1
Vir3|64870	1
Vir3|64905	1
Vir3|64954	1
Vir3|64994	1
Vir3|65018	1
Vir3|65050	1
Vir3|65092	2
Vir3|65124	2
Vir3|65171	1
Vir3|65291	1
Vir3|65340	1
Vir3|65359	1
Vir3|6536	1
Vir3|65406	1
Vir3|65410	1
Vir3|6544	1
Vir3|65447	1
Vir3|6554	1
Vir3|65544	1
Vir3|65569	1
Vir3|65594	1
Vir3|65639	1
Vir3|65735	1
Vir3|6578	1
Vir3|65785	1
Vir3|65838	1
Vir3|65855	1
Vir3|65887	1
Vir3|65901	1
Vir3|65928	1
Vir3|65941	1
Vir3|66017	1
Vir3|66040	1
Vir3|66056	1
Vir3|66074	1
Vir3|66100	1
Vir3|6617	1
Vir3|66209	1
Vir3|66385	1
Vir3|6682	1
Vir3|66911	1
Vir3|66962	1
Vir3|66981	1
Vir3|66993	2
Vir3|6704	1
Vir3|67091	1
Vir3|67129	2
Vir3|67193	1
Vir3|67289	1
Vir3|67321	1
Vir3|67434	1
Vir3|67553	1
Vir3|67576	2
Vir3|67606	1
Vir3|67668	2
Vir3|67713	1
Vir3|67773	3
Vir3|67916	2
Vir3|67929	1
Vir3|67958	1
Vir3|6800	1
Vir3|6804	1
Vir3|68093	1
Vir3|68102	1
Vir3|68139	1
Vir3|68356	1
Vir3|68361	1
Vir3|68366	1
Vir3|68453	1
Vir3|68476	1
Vir3|68500	1
Vir3|68651	1
Vir3|68699	1
Vir3|6870	1
Vir3|68704	1
Vir3|68725	2
Vir3|68761	1
Vir3|68826	1
Vir3|68917	1
Vir3|69002	1
Vir3|69163	1
Vir3|69204	1
Vir3|69211	1
Vir3|6924	1
Vir3|69312	1
Vir3|69357	1
Vir3|69362	1
Vir3|69377	1
Vir3|69379	2
Vir3|69416	2
Vir3|69419	1
Vir3|69446	1
Vir3|69521	1
Vir3|69592	1
Vir3|69599	1
Vir3|69603	1
Vir3|69825	1
Vir3|69861	1
Vir3|69906	2
Vir3|69920	1
Vir3|69961	1
Vir3|69976	1
Vir3|7003	2
Vir3|70044	1
Vir3|70093	1
Vir3|70175	1
Vir3|70416	1
Vir3|7049	1
Vir3|70522	1
Vir3|70687	2
Vir3|7071	1
Vir3|7082	1
Vir3|70840	2
Vir3|7086	1
Vir3|70886	1
Vir3|70929	1
Vir3|70951	1
Vir3|70985	1
Vir3|71080	1
Vir3|71155	1
Vir3|71204	1
Vir3|71283	1
Vir3|71384	1
Vir3|71401	1
Vir3|71412	1
Vir3|71479	1
Vir3|71575	1
Vir3|7164	1
Vir3|71748	2
Vir3|71838	1
Vir3|71877	1
Vir3|71890	1
Vir3|71897	1
Vir3|71913	1
Vir3|71921	2
Vir3|71927	1
Vir3|71938	1
Vir3|71940	3
Vir3|71943	1
Vir3|71945	1
Vir3|71954	1
Vir3|71979	1
Vir3|72046	1
Vir3|7211	1
Vir3|72161	2
Vir3|72190	1
Vir3|72461	1
Vir3|72486	1
Vir3|72514	1
Vir3|72544	1
Vir3|72625	1
Vir3|72689	1
Vir3|72791	1
Vir3|72827	1
Vir3|72898	1
Vir3|72906	1
Vir3|72924	1
Vir3|72973	1
Vir3|72982	1
Vir3|7300	1
Vir3|73045	553
Vir3|73050	1
Vir3|731	1
Vir3|73198	1
Vir3|73299	2
Vir3|73345	1
Vir3|7336	1
Vir3|73398	1
Vir3|73402	1
Vir3|73419	1
Vir3|73511	1
Vir3|73534	1
Vir3|73540	1
Vir3|7357	1
Vir3|73619	1
Vir3|73662	1
Vir3|73678	1
Vir3|73745	3
Vir3|7377	1
Vir3|73770	2
Vir3|73800	1
Vir3|73867	1
Vir3|73893	1
Vir3|73898	1
Vir3|73918	1
Vir3|74046	1
Vir3|74076	1
Vir3|74081	1
Vir3|74082	1
Vir3|74089	1
Vir3|74139	1
Vir3|74149	1
Vir3|74178	1
Vir3|74227	1
Vir3|74237	1
Vir3|74267	1
Vir3|74350	1
Vir3|74382	1
Vir3|74435	1
Vir3|74474	1
Vir3|74487	1
Vir3|74491	1
Vir3|74501	1
Vir3|74550	1
Vir3|74596	1
Vir3|74678	1
Vir3|74743	1
Vir3|74794	1
Vir3|74847	1
Vir3|74866	1
Vir3|74902	1
Vir3|75037	1
Vir3|751	1
Vir3|7527	1
Vir3|75288	1
Vir3|75303	1
Vir3|75306	1
Vir3|75404	1
Vir3|75438	1
Vir3|75467	1
Vir3|75506	1
Vir3|75585	1
Vir3|75660	1
Vir3|75825	1
Vir3|76019	1
Vir3|76043	1
Vir3|76061	1
Vir3|7633	1
Vir3|76331	1
Vir3|76371	1
Vir3|764	1
Vir3|76442	1
Vir3|76454	1
Vir3|76487	1
Vir3|76508	1
Vir3|76538	1
Vir3|76640	1
Vir3|76649	2
Vir3|76688	1
Vir3|7673	1
Vir3|76735	1
Vir3|76760	1
Vir3|76762	1
Vir3|76823	1
Vir3|76859	1
Vir3|76882	1
Vir3|77057	1
Vir3|77125	1
Vir3|77222	1
Vir3|77278	1
Vir3|77283	1
Vir3|77295	1
Vir3|77300	1
Vir3|77337	1
Vir3|77362	1
Vir3|77445	1
Vir3|77579	1
Vir3|77611	1
Vir3|77753	1
Vir3|77848	1
Vir3|77873	1
Vir3|77958	1
Vir3|78008	1
Vir3|78064	2
Vir3|78073	1
Vir3|78079	1
Vir3|7819	1
Vir3|78221	1
Vir3|78316	1
Vir3|78326	1
Vir3|78352	1
Vir3|78439	1
Vir3|78489	1
Vir3|78493	1
Vir3|78521	1
Vir3|78618	1
Vir3|78639	1
Vir3|78655	1
Vir3|7877	2
Vir3|78791	1
Vir3|78916	1
Vir3|78919	1
Vir3|78922	1
Vir3|78980	3
Vir3|78989	2
Vir3|79011	1
Vir3|79018	1
Vir3|79089	1
Vir3|79099	1
Vir3|79101	1
Vir3|79108	1
Vir3|79145	1
Vir3|79252	1
Vir3|7940	1
Vir3|7948	1
Vir3|795	1
Vir3|7951	2
Vir3|7958	1
Vir3|7968	1
Vir3|79835	1
Vir3|7985	1
Vir3|79860	1
Vir3|79932	1
Vir3|79983	1
Vir3|80053	1
Vir3|80117	1
Vir3|8036	1
Vir3|80496	1
Vir3|8062	1
Vir3|80668	1
Vir3|80957	1
Vir3|8117	1
Vir3|8159	1
Vir3|8166	1
Vir3|8172	1
Vir3|82203	1
Vir3|8261	1
Vir3|82706	2
Vir3|82711	1
Vir3|82716	1
Vir3|82744	1
Vir3|82757	1
Vir3|82761	1
Vir3|82776	1
Vir3|82783	2
Vir3|82797	1
Vir3|82963	3
Vir3|83015	1
Vir3|83240	1
Vir3|83430	1
Vir3|83648	1
Vir3|83664	1
Vir3|83696	1
Vir3|84030	1
Vir3|84072	1
Vir3|84109	1
Vir3|84120	1
Vir3|84131	1
Vir3|8416	1
Vir3|84184	1
Vir3|84248	1
Vir3|84274	1
Vir3|84517	2
Vir3|84525	1
Vir3|84538	1
Vir3|84600	2
Vir3|84618	1
Vir3|84636	1
Vir3|84648	1
Vir3|84664	2
Vir3|84690	1
Vir3|84750	1
Vir3|8533	1
Vir3|85351	1
Vir3|85406	1
Vir3|8542	1
Vir3|85463	1
Vir3|8547	1
Vir3|85520	1
Vir3|8590	1
Vir3|85916	1
Vir3|8617	1
Vir3|8656	1
Vir3|86649	1
Vir3|8679	1
Vir3|8801	1
Vir3|88245	1
Vir3|8856	1
Vir3|8857	1
Vir3|88809	1
Vir3|8881	1
Vir3|88937	16
Vir3|89	1
Vir3|89273	1
Vir3|89275	1
Vir3|8959	1
Vir3|89659	1
Vir3|8966	1
Vir3|8969	1
Vir3|90093	1
Vir3|90261	1
Vir3|90365	1
Vir3|9038	1
Vir3|90465	1
Vir3|90499	1
Vir3|9053	1
Vir3|9054	1
Vir3|90563	1
Vir3|90591	1
Vir3|90714	1
Vir3|9107	2
Vir3|91072	1
Vir3|91228	1
Vir3|913	1
Vir3|91370	1
Vir3|91411	2
Vir3|91441	1
Vir3|91754	1
Vir3|91920	1
Vir3|92508	1
Vir3|9256	1
Vir3|9286	1
Vir3|93009	1
Vir3|9303	1
Vir3|9311	1
Vir3|93150	1
Vir3|93281	1
Vir3|93333	1
Vir3|9339	1
Vir3|93526	1
Vir3|93645	1
Vir3|9378	1
Vir3|93835	1
Vir3|93946	1
Vir3|93950	1
Vir3|94199	1
Vir3|94246	1
Vir3|94278	1
Vir3|94294	1
Vir3|94304	1
Vir3|94454	1
Vir3|94492	1
Vir3|94692	1
Vir3|9479	1
Vir3|9480	1
Vir3|94869	2
Vir3|9506	1
Vir3|95233	1
Vir3|95249	1
Vir3|95251	1
Vir3|9535	1
Vir3|95567	2
Vir3|95601	1
Vir3|95696	1
Vir3|95708	1
Vir3|95761	1
Vir3|96177	1
Vir3|96178	1
Vir3|9631	1
Vir3|966	1
Vir3|9672	1
Vir3|9720	1
Vir3|9754	1
Vir3|9841	2
Vir3|9919	1
