CoV|BCA25643.133.BC1	31061
CoV|BCA25643.133.BC2	36631
CoV|BCA25643.134.BC1	52423
CoV|BCA25643.134.BC2	33986
CoV|BCA25651.11.BC1	5215
CoV|BCA25651.11.BC2	5924
CoV|BCA25651.12.BC1	20784
CoV|BCA25651.12.BC2	20463
CoV|BCA25653.40.BC1	13870
CoV|BCA25653.40.BC2	12682
CoV|BCA25653.41.BC1	7266
CoV|BCA25653.41.BC2	4923
CoV|H9EJ24.0.BC1	14301
CoV|H9EJ24.0.BC2	24210
CoV|H9EJ24.1.BC1	47410
CoV|H9EJ24.1.BC2	40364
CoV|H9EJ24.2.BC1	44407
CoV|H9EJ24.2.BC2	37870
CoV|H9EJ24.3.BC1	32855
CoV|H9EJ24.3.BC2	27277
CoV|H9EJ24.4.BC1	18775
CoV|H9EJ24.4.BC2	11375
CoV|H9EJ24.5.BC1	6027
CoV|H9EJ24.5.BC2	15385
CoV|H9EJ24.6.BC1	12690
CoV|H9EJ24.6.BC2	21594
CoV|H9EJ24.7.BC1	10365
CoV|H9EJ24.7.BC2	17330
CoV|H9EJ42.0.BC1	25456
CoV|H9EJ42.0.BC2	17565
CoV|H9EJ42.1.BC1	21110
CoV|H9EJ42.1.BC2	21935
CoV|H9EJ42.10.BC1	24172
CoV|H9EJ42.10.BC2	14609
CoV|H9EJ42.100.BC1	8292
CoV|H9EJ42.100.BC2	16957
CoV|H9EJ42.101.BC1	8239
CoV|H9EJ42.101.BC2	8938
CoV|H9EJ42.102.BC1	27421
CoV|H9EJ42.102.BC2	26966
CoV|H9EJ42.103.BC1	16277
CoV|H9EJ42.103.BC2	54822
CoV|H9EJ42.104.BC1	23141
CoV|H9EJ42.104.BC2	37989
CoV|H9EJ42.105.BC1	17264
CoV|H9EJ42.105.BC2	38155
CoV|H9EJ42.106.BC1	9590
CoV|H9EJ42.106.BC2	24190
CoV|H9EJ42.107.BC1	11021
CoV|H9EJ42.107.BC2	10576
CoV|H9EJ42.108.BC1	13491
CoV|H9EJ42.108.BC2	15026
CoV|H9EJ42.109.BC1	5553
CoV|H9EJ42.109.BC2	15242
CoV|H9EJ42.11.BC1	11143
CoV|H9EJ42.11.BC2	15900
CoV|H9EJ42.110.BC1	21253
CoV|H9EJ42.110.BC2	25122
CoV|H9EJ42.111.BC1	19360
CoV|H9EJ42.111.BC2	24125
CoV|H9EJ42.112.BC1	31701
CoV|H9EJ42.112.BC2	26433
CoV|H9EJ42.113.BC1	16469
CoV|H9EJ42.113.BC2	16870
CoV|H9EJ42.114.BC1	7954
CoV|H9EJ42.114.BC2	13032
CoV|H9EJ42.115.BC1	16642
CoV|H9EJ42.115.BC2	25355
CoV|H9EJ42.116.BC1	23239
CoV|H9EJ42.116.BC2	17445
CoV|H9EJ42.117.BC1	32942
CoV|H9EJ42.117.BC2	6260
CoV|H9EJ42.118.BC1	56050
CoV|H9EJ42.118.BC2	57777
CoV|H9EJ42.119.BC1	64056
CoV|H9EJ42.119.BC2	33274
CoV|H9EJ42.12.BC1	35302
CoV|H9EJ42.12.BC2	20049
CoV|H9EJ42.120.BC1	21288
CoV|H9EJ42.120.BC2	30596
CoV|H9EJ42.121.BC1	26704
CoV|H9EJ42.121.BC2	36353
CoV|H9EJ42.122.BC1	30314
CoV|H9EJ42.122.BC2	9831
CoV|H9EJ42.123.BC1	28579
CoV|H9EJ42.123.BC2	25944
CoV|H9EJ42.124.BC1	14677
CoV|H9EJ42.124.BC2	12205
CoV|H9EJ42.125.BC1	24181
CoV|H9EJ42.125.BC2	10739
CoV|H9EJ42.126.BC1	19613
CoV|H9EJ42.126.BC2	9298
CoV|H9EJ42.127.BC1	28935
CoV|H9EJ42.127.BC2	9636
CoV|H9EJ42.128.BC1	35514
CoV|H9EJ42.128.BC2	19554
CoV|H9EJ42.129.BC1	50639
CoV|H9EJ42.129.BC2	38525
CoV|H9EJ42.13.BC1	11931
CoV|H9EJ42.13.BC2	27112
CoV|H9EJ42.130.BC1	28227
CoV|H9EJ42.130.BC2	28607
CoV|H9EJ42.131.BC1	22303
CoV|H9EJ42.131.BC2	26096
CoV|H9EJ42.132.BC1	46447
CoV|H9EJ42.132.BC2	33116
CoV|H9EJ42.133.BC1	15676
CoV|H9EJ42.133.BC2	8018
CoV|H9EJ42.134.BC1	44641
CoV|H9EJ42.134.BC2	55796
CoV|H9EJ42.135.BC1	19696
CoV|H9EJ42.135.BC2	20536
CoV|H9EJ42.136.BC1	12645
CoV|H9EJ42.136.BC2	32016
CoV|H9EJ42.137.BC1	12708
CoV|H9EJ42.137.BC2	9207
CoV|H9EJ42.138.BC1	14012
CoV|H9EJ42.138.BC2	13911
CoV|H9EJ42.139.BC1	16853
CoV|H9EJ42.139.BC2	10885
CoV|H9EJ42.14.BC1	42310
CoV|H9EJ42.14.BC2	47154
CoV|H9EJ42.140.BC1	22290
CoV|H9EJ42.140.BC2	31044
CoV|H9EJ42.141.BC1	13200
CoV|H9EJ42.141.BC2	17515
CoV|H9EJ42.142.BC1	15110
CoV|H9EJ42.142.BC2	14360
CoV|H9EJ42.143.BC1	49481
CoV|H9EJ42.143.BC2	38877
CoV|H9EJ42.144.BC1	31982
CoV|H9EJ42.144.BC2	29388
CoV|H9EJ42.145.BC1	14201
CoV|H9EJ42.145.BC2	17438
CoV|H9EJ42.146.BC1	19145
CoV|H9EJ42.146.BC2	20674
CoV|H9EJ42.147.BC1	31360
CoV|H9EJ42.147.BC2	15756
CoV|H9EJ42.148.BC1	19144
CoV|H9EJ42.148.BC2	13066
CoV|H9EJ42.149.BC1	9000
CoV|H9EJ42.149.BC2	20658
CoV|H9EJ42.15.BC1	74297
CoV|H9EJ42.15.BC2	39316
CoV|H9EJ42.150.BC1	11294
CoV|H9EJ42.150.BC2	5961
CoV|H9EJ42.151.BC1	21486
CoV|H9EJ42.151.BC2	15288
CoV|H9EJ42.152.BC1	13451
CoV|H9EJ42.152.BC2	21736
CoV|H9EJ42.153.BC1	7812
CoV|H9EJ42.153.BC2	21272
CoV|H9EJ42.154.BC1	28908
CoV|H9EJ42.154.BC2	14957
CoV|H9EJ42.155.BC1	17928
CoV|H9EJ42.155.BC2	15488
CoV|H9EJ42.156.BC1	13221
CoV|H9EJ42.156.BC2	10120
CoV|H9EJ42.157.BC1	9246
CoV|H9EJ42.157.BC2	25162
CoV|H9EJ42.158.BC1	990
CoV|H9EJ42.158.BC2	7874
CoV|H9EJ42.159.BC1	14940
CoV|H9EJ42.159.BC2	20246
CoV|H9EJ42.16.BC1	15213
CoV|H9EJ42.16.BC2	16364
CoV|H9EJ42.160.BC1	11591
CoV|H9EJ42.160.BC2	3537
CoV|H9EJ42.161.BC1	6830
CoV|H9EJ42.161.BC2	8294
CoV|H9EJ42.162.BC1	28602
CoV|H9EJ42.162.BC2	22615
CoV|H9EJ42.163.BC1	30190
CoV|H9EJ42.163.BC2	12495
CoV|H9EJ42.164.BC1	15065
CoV|H9EJ42.164.BC2	11686
CoV|H9EJ42.165.BC1	17075
CoV|H9EJ42.165.BC2	13327
CoV|H9EJ42.166.BC1	19632
CoV|H9EJ42.166.BC2	12038
CoV|H9EJ42.167.BC1	19197
CoV|H9EJ42.167.BC2	17916
CoV|H9EJ42.168.BC1	31829
CoV|H9EJ42.168.BC2	23549
CoV|H9EJ42.169.BC1	28636
CoV|H9EJ42.169.BC2	33937
CoV|H9EJ42.17.BC1	14481
CoV|H9EJ42.17.BC2	10573
CoV|H9EJ42.170.BC1	15274
CoV|H9EJ42.170.BC2	25653
CoV|H9EJ42.171.BC1	18581
CoV|H9EJ42.171.BC2	12857
CoV|H9EJ42.172.BC1	10011
CoV|H9EJ42.172.BC2	17698
CoV|H9EJ42.173.BC1	18050
CoV|H9EJ42.173.BC2	11719
CoV|H9EJ42.174.BC1	15301
CoV|H9EJ42.174.BC2	13202
CoV|H9EJ42.175.BC1	9034
CoV|H9EJ42.175.BC2	10069
CoV|H9EJ42.176.BC1	20800
CoV|H9EJ42.176.BC2	15591
CoV|H9EJ42.177.BC1	36593
CoV|H9EJ42.177.BC2	14820
CoV|H9EJ42.178.BC1	14990
CoV|H9EJ42.178.BC2	24799
CoV|H9EJ42.179.BC1	32665
CoV|H9EJ42.179.BC2	47214
CoV|H9EJ42.18.BC1	12782
CoV|H9EJ42.18.BC2	11960
CoV|H9EJ42.180.BC1	25448
CoV|H9EJ42.180.BC2	25813
CoV|H9EJ42.181.BC1	23253
CoV|H9EJ42.181.BC2	25658
CoV|H9EJ42.182.BC1	35546
CoV|H9EJ42.182.BC2	27415
CoV|H9EJ42.183.BC1	13742
CoV|H9EJ42.183.BC2	12819
CoV|H9EJ42.184.BC1	13957
CoV|H9EJ42.184.BC2	22895
CoV|H9EJ42.185.BC1	10015
CoV|H9EJ42.185.BC2	28709
CoV|H9EJ42.186.BC1	21217
CoV|H9EJ42.186.BC2	19000
CoV|H9EJ42.187.BC1	14878
CoV|H9EJ42.187.BC2	16210
CoV|H9EJ42.188.BC1	21884
CoV|H9EJ42.188.BC2	19569
CoV|H9EJ42.189.BC1	61530
CoV|H9EJ42.189.BC2	23985
CoV|H9EJ42.19.BC1	11562
CoV|H9EJ42.19.BC2	12214
CoV|H9EJ42.190.BC1	15998
CoV|H9EJ42.190.BC2	5589
CoV|H9EJ42.191.BC1	39971
CoV|H9EJ42.191.BC2	24176
CoV|H9EJ42.192.BC1	9764
CoV|H9EJ42.192.BC2	17304
CoV|H9EJ42.193.BC1	7484
CoV|H9EJ42.193.BC2	16573
CoV|H9EJ42.194.BC1	32680
CoV|H9EJ42.194.BC2	10030
CoV|H9EJ42.195.BC1	13840
CoV|H9EJ42.195.BC2	35190
CoV|H9EJ42.196.BC1	20122
CoV|H9EJ42.196.BC2	21673
CoV|H9EJ42.197.BC1	31527
CoV|H9EJ42.197.BC2	32055
CoV|H9EJ42.198.BC1	9175
CoV|H9EJ42.198.BC2	45999
CoV|H9EJ42.199.BC1	40055
CoV|H9EJ42.199.BC2	17996
CoV|H9EJ42.2.BC1	17183
CoV|H9EJ42.2.BC2	21733
CoV|H9EJ42.20.BC1	11093
CoV|H9EJ42.20.BC2	5516
CoV|H9EJ42.200.BC1	15185
CoV|H9EJ42.200.BC2	19730
CoV|H9EJ42.201.BC1	27808
CoV|H9EJ42.201.BC2	8880
CoV|H9EJ42.202.BC1	31489
CoV|H9EJ42.202.BC2	41335
CoV|H9EJ42.203.BC1	25037
CoV|H9EJ42.203.BC2	25565
CoV|H9EJ42.204.BC1	18252
CoV|H9EJ42.204.BC2	17442
CoV|H9EJ42.205.BC1	10996
CoV|H9EJ42.205.BC2	26399
CoV|H9EJ42.206.BC1	24520
CoV|H9EJ42.206.BC2	38427
CoV|H9EJ42.207.BC1	64475
CoV|H9EJ42.207.BC2	50435
CoV|H9EJ42.208.BC1	20012
CoV|H9EJ42.208.BC2	17726
CoV|H9EJ42.209.BC1	44405
CoV|H9EJ42.209.BC2	19253
CoV|H9EJ42.21.BC1	20843
CoV|H9EJ42.21.BC2	5124
CoV|H9EJ42.210.BC1	28555
CoV|H9EJ42.210.BC2	19444
CoV|H9EJ42.211.BC1	21062
CoV|H9EJ42.211.BC2	31223
CoV|H9EJ42.212.BC1	14946
CoV|H9EJ42.212.BC2	11612
CoV|H9EJ42.213.BC1	33047
CoV|H9EJ42.213.BC2	44055
CoV|H9EJ42.214.BC1	30290
CoV|H9EJ42.214.BC2	29188
CoV|H9EJ42.215.BC1	24553
CoV|H9EJ42.215.BC2	23917
CoV|H9EJ42.216.BC1	9480
CoV|H9EJ42.216.BC2	6377
CoV|H9EJ42.217.BC1	34324
CoV|H9EJ42.217.BC2	20088
CoV|H9EJ42.218.BC1	25588
CoV|H9EJ42.218.BC2	27830
CoV|H9EJ42.219.BC1	23190
CoV|H9EJ42.219.BC2	18044
CoV|H9EJ42.22.BC1	38116
CoV|H9EJ42.22.BC2	24529
CoV|H9EJ42.220.BC1	1319
CoV|H9EJ42.220.BC2	14051
CoV|H9EJ42.221.BC1	9618
CoV|H9EJ42.221.BC2	20563
CoV|H9EJ42.222.BC1	20356
CoV|H9EJ42.222.BC2	17545
CoV|H9EJ42.223.BC1	27219
CoV|H9EJ42.223.BC2	18432
CoV|H9EJ42.224.BC1	11545
CoV|H9EJ42.224.BC2	46975
CoV|H9EJ42.225.BC1	19788
CoV|H9EJ42.225.BC2	6588
CoV|H9EJ42.226.BC1	13611
CoV|H9EJ42.226.BC2	8946
CoV|H9EJ42.227.BC1	10207
CoV|H9EJ42.227.BC2	15928
CoV|H9EJ42.228.BC1	21943
CoV|H9EJ42.228.BC2	18317
CoV|H9EJ42.229.BC1	24860
CoV|H9EJ42.229.BC2	14569
CoV|H9EJ42.23.BC1	19790
CoV|H9EJ42.23.BC2	24382
CoV|H9EJ42.230.BC1	10611
CoV|H9EJ42.230.BC2	27904
CoV|H9EJ42.231.BC1	2373
CoV|H9EJ42.231.BC2	11012
CoV|H9EJ42.232.BC1	21203
CoV|H9EJ42.232.BC2	20452
CoV|H9EJ42.233.BC1	17273
CoV|H9EJ42.233.BC2	12446
CoV|H9EJ42.234.BC1	5124
CoV|H9EJ42.234.BC2	6071
CoV|H9EJ42.235.BC1	15105
CoV|H9EJ42.235.BC2	9595
CoV|H9EJ42.236.BC1	10827
CoV|H9EJ42.236.BC2	17921
CoV|H9EJ42.237.BC1	17394
CoV|H9EJ42.237.BC2	13055
CoV|H9EJ42.238.BC1	16730
CoV|H9EJ42.238.BC2	16600
CoV|H9EJ42.239.BC1	6576
CoV|H9EJ42.239.BC2	11342
CoV|H9EJ42.24.BC1	30490
CoV|H9EJ42.24.BC2	13816
CoV|H9EJ42.25.BC1	14644
CoV|H9EJ42.25.BC2	20964
CoV|H9EJ42.26.BC1	21613
CoV|H9EJ42.26.BC2	31480
CoV|H9EJ42.27.BC1	46318
CoV|H9EJ42.27.BC2	11065
CoV|H9EJ42.28.BC1	41954
CoV|H9EJ42.28.BC2	33700
CoV|H9EJ42.29.BC1	8118
CoV|H9EJ42.29.BC2	28067
CoV|H9EJ42.3.BC1	16130
CoV|H9EJ42.3.BC2	17599
CoV|H9EJ42.30.BC1	20025
CoV|H9EJ42.30.BC2	14154
CoV|H9EJ42.31.BC1	9635
CoV|H9EJ42.31.BC2	4279
CoV|H9EJ42.32.BC1	20430
CoV|H9EJ42.32.BC2	8527
CoV|H9EJ42.33.BC1	21277
CoV|H9EJ42.33.BC2	19921
CoV|H9EJ42.34.BC1	35746
CoV|H9EJ42.34.BC2	38493
CoV|H9EJ42.35.BC1	55347
CoV|H9EJ42.35.BC2	42745
CoV|H9EJ42.36.BC1	29115
CoV|H9EJ42.36.BC2	25784
CoV|H9EJ42.37.BC1	7120
CoV|H9EJ42.37.BC2	6821
CoV|H9EJ42.38.BC1	6600
CoV|H9EJ42.38.BC2	15562
CoV|H9EJ42.39.BC1	8777
CoV|H9EJ42.39.BC2	5238
CoV|H9EJ42.4.BC1	39799
CoV|H9EJ42.4.BC2	33200
CoV|H9EJ42.40.BC1	10685
CoV|H9EJ42.40.BC2	10968
CoV|H9EJ42.41.BC1	33377
CoV|H9EJ42.41.BC2	1624
CoV|H9EJ42.42.BC1	18032
CoV|H9EJ42.42.BC2	36677
CoV|H9EJ42.43.BC1	21661
CoV|H9EJ42.43.BC2	21
CoV|H9EJ42.44.BC1	10793
CoV|H9EJ42.44.BC2	36467
CoV|H9EJ42.45.BC1	31911
CoV|H9EJ42.45.BC2	13493
CoV|H9EJ42.46.BC1	17923
CoV|H9EJ42.46.BC2	43500
CoV|H9EJ42.47.BC1	27756
CoV|H9EJ42.47.BC2	29282
CoV|H9EJ42.48.BC1	10884
CoV|H9EJ42.48.BC2	15779
CoV|H9EJ42.49.BC1	12169
CoV|H9EJ42.49.BC2	15092
CoV|H9EJ42.5.BC1	23649
CoV|H9EJ42.5.BC2	34784
CoV|H9EJ42.50.BC1	32887
CoV|H9EJ42.50.BC2	25907
CoV|H9EJ42.51.BC1	12714
CoV|H9EJ42.51.BC2	24264
CoV|H9EJ42.52.BC1	8423
CoV|H9EJ42.52.BC2	11373
CoV|H9EJ42.53.BC1	14471
CoV|H9EJ42.53.BC2	8703
CoV|H9EJ42.54.BC1	16661
CoV|H9EJ42.54.BC2	20627
CoV|H9EJ42.55.BC1	9133
CoV|H9EJ42.55.BC2	9564
CoV|H9EJ42.56.BC1	28479
CoV|H9EJ42.56.BC2	54422
CoV|H9EJ42.57.BC1	15621
CoV|H9EJ42.57.BC2	35280
CoV|H9EJ42.58.BC1	13908
CoV|H9EJ42.58.BC2	8516
CoV|H9EJ42.59.BC1	13102
CoV|H9EJ42.59.BC2	11882
CoV|H9EJ42.6.BC1	22675
CoV|H9EJ42.6.BC2	26183
CoV|H9EJ42.60.BC1	2594
CoV|H9EJ42.60.BC2	19892
CoV|H9EJ42.61.BC1	5481
CoV|H9EJ42.61.BC2	7268
CoV|H9EJ42.62.BC1	15695
CoV|H9EJ42.62.BC2	11399
CoV|H9EJ42.63.BC1	42523
CoV|H9EJ42.63.BC2	23633
CoV|H9EJ42.64.BC1	12467
CoV|H9EJ42.64.BC2	32463
CoV|H9EJ42.65.BC1	30110
CoV|H9EJ42.65.BC2	29834
CoV|H9EJ42.66.BC1	7848
CoV|H9EJ42.66.BC2	8689
CoV|H9EJ42.67.BC1	32983
CoV|H9EJ42.67.BC2	37356
CoV|H9EJ42.68.BC1	16319
CoV|H9EJ42.68.BC2	23572
CoV|H9EJ42.69.BC1	12185
CoV|H9EJ42.69.BC2	53365
CoV|H9EJ42.7.BC1	15535
CoV|H9EJ42.7.BC2	9726
CoV|H9EJ42.70.BC1	32751
CoV|H9EJ42.70.BC2	32563
CoV|H9EJ42.71.BC1	23767
CoV|H9EJ42.71.BC2	17251
CoV|H9EJ42.72.BC1	19715
CoV|H9EJ42.72.BC2	22032
CoV|H9EJ42.73.BC1	2582
CoV|H9EJ42.73.BC2	4072
CoV|H9EJ42.74.BC1	20838
CoV|H9EJ42.74.BC2	36917
CoV|H9EJ42.75.BC1	21106
CoV|H9EJ42.75.BC2	17129
CoV|H9EJ42.76.BC1	27294
CoV|H9EJ42.76.BC2	43561
CoV|H9EJ42.77.BC1	41015
CoV|H9EJ42.77.BC2	39692
CoV|H9EJ42.78.BC1	33324
CoV|H9EJ42.78.BC2	16692
CoV|H9EJ42.79.BC1	16721
CoV|H9EJ42.79.BC2	15440
CoV|H9EJ42.8.BC1	29252
CoV|H9EJ42.8.BC2	17448
CoV|H9EJ42.80.BC1	14697
CoV|H9EJ42.80.BC2	10841
CoV|H9EJ42.81.BC1	13813
CoV|H9EJ42.81.BC2	17661
CoV|H9EJ42.82.BC1	42148
CoV|H9EJ42.82.BC2	29313
CoV|H9EJ42.83.BC1	24964
CoV|H9EJ42.83.BC2	35321
CoV|H9EJ42.84.BC1	5942
CoV|H9EJ42.84.BC2	19311
CoV|H9EJ42.85.BC1	19745
CoV|H9EJ42.85.BC2	14036
CoV|H9EJ42.86.BC1	20935
CoV|H9EJ42.86.BC2	32877
CoV|H9EJ42.87.BC1	27140
CoV|H9EJ42.87.BC2	44720
CoV|H9EJ42.88.BC1	43074
CoV|H9EJ42.88.BC2	34963
CoV|H9EJ42.89.BC1	33561
CoV|H9EJ42.89.BC2	14845
CoV|H9EJ42.9.BC1	30098
CoV|H9EJ42.9.BC2	13084
CoV|H9EJ42.90.BC1	13069
CoV|H9EJ42.90.BC2	12165
CoV|H9EJ42.91.BC1	12163
CoV|H9EJ42.91.BC2	6365
CoV|H9EJ42.92.BC1	27512
CoV|H9EJ42.92.BC2	35898
CoV|H9EJ42.93.BC1	31485
CoV|H9EJ42.93.BC2	20998
CoV|H9EJ42.94.BC1	18461
CoV|H9EJ42.94.BC2	20722
CoV|H9EJ42.95.BC1	7873
CoV|H9EJ42.95.BC2	18746
CoV|H9EJ42.96.BC1	14833
CoV|H9EJ42.96.BC2	31845
CoV|H9EJ42.97.BC1	25091
CoV|H9EJ42.97.BC2	33955
CoV|H9EJ42.98.BC1	19933
CoV|H9EJ42.98.BC2	20069
CoV|H9EJ42.99.BC1	22407
CoV|H9EJ42.99.BC2	40101
CoV|H9EJ43.143.BC1	52103
CoV|H9EJ43.143.BC2	16075
CoV|H9EJ43.144.BC1	46805
CoV|H9EJ43.144.BC2	49501
CoV|H9EJ44.0.BC1	27202
CoV|H9EJ44.0.BC2	24667
CoV|H9EJ44.1.BC1	13945
CoV|H9EJ44.1.BC2	12395
CoV|H9EJ44.10.BC1	18313
CoV|H9EJ44.10.BC2	27261
CoV|H9EJ44.11.BC1	7196
CoV|H9EJ44.11.BC2	13930
CoV|H9EJ44.12.BC1	7080
CoV|H9EJ44.12.BC2	23987
CoV|H9EJ44.13.BC1	5796
CoV|H9EJ44.13.BC2	11910
CoV|H9EJ44.14.BC1	1272
CoV|H9EJ44.14.BC2	1225
CoV|H9EJ44.15.BC1	29285
CoV|H9EJ44.15.BC2	20210
CoV|H9EJ44.16.BC1	29531
CoV|H9EJ44.16.BC2	11612
CoV|H9EJ44.17.BC1	20914
CoV|H9EJ44.17.BC2	11304
CoV|H9EJ44.18.BC1	2815
CoV|H9EJ44.18.BC2	19702
CoV|H9EJ44.19.BC1	19050
CoV|H9EJ44.19.BC2	21628
CoV|H9EJ44.2.BC1	976
CoV|H9EJ44.2.BC2	14030
CoV|H9EJ44.20.BC1	12877
CoV|H9EJ44.20.BC2	744
CoV|H9EJ44.21.BC1	19766
CoV|H9EJ44.21.BC2	11413
CoV|H9EJ44.22.BC1	12357
CoV|H9EJ44.22.BC2	20197
CoV|H9EJ44.23.BC1	20720
CoV|H9EJ44.23.BC2	22615
CoV|H9EJ44.24.BC1	8010
CoV|H9EJ44.24.BC2	23340
CoV|H9EJ44.25.BC1	32707
CoV|H9EJ44.25.BC2	13100
CoV|H9EJ44.26.BC1	13525
CoV|H9EJ44.26.BC2	2163
CoV|H9EJ44.27.BC1	16251
CoV|H9EJ44.27.BC2	5299
CoV|H9EJ44.28.BC1	43904
CoV|H9EJ44.28.BC2	40257
CoV|H9EJ44.29.BC1	53434
CoV|H9EJ44.29.BC2	53338
CoV|H9EJ44.3.BC1	10008
CoV|H9EJ44.3.BC2	11554
CoV|H9EJ44.30.BC1	35473
CoV|H9EJ44.30.BC2	22173
CoV|H9EJ44.31.BC1	31822
CoV|H9EJ44.31.BC2	59814
CoV|H9EJ44.32.BC1	30744
CoV|H9EJ44.32.BC2	34178
CoV|H9EJ44.33.BC1	14423
CoV|H9EJ44.33.BC2	13827
CoV|H9EJ44.34.BC1	27675
CoV|H9EJ44.34.BC2	19054
CoV|H9EJ44.35.BC1	3125
CoV|H9EJ44.35.BC2	13268
CoV|H9EJ44.36.BC1	22604
CoV|H9EJ44.36.BC2	27826
CoV|H9EJ44.37.BC1	32656
CoV|H9EJ44.37.BC2	6831
CoV|H9EJ44.38.BC1	26998
CoV|H9EJ44.38.BC2	19960
CoV|H9EJ44.39.BC1	9724
CoV|H9EJ44.39.BC2	4575
CoV|H9EJ44.4.BC1	11817
CoV|H9EJ44.4.BC2	13460
CoV|H9EJ44.40.BC1	3575
CoV|H9EJ44.40.BC2	23507
CoV|H9EJ44.41.BC1	13224
CoV|H9EJ44.41.BC2	19733
CoV|H9EJ44.42.BC1	13691
CoV|H9EJ44.42.BC2	5304
CoV|H9EJ44.43.BC1	32725
CoV|H9EJ44.43.BC2	27484
CoV|H9EJ44.44.BC1	9583
CoV|H9EJ44.44.BC2	7757
CoV|H9EJ44.45.BC1	22065
CoV|H9EJ44.45.BC2	20310
CoV|H9EJ44.46.BC1	29942
CoV|H9EJ44.46.BC2	30475
CoV|H9EJ44.47.BC1	34075
CoV|H9EJ44.47.BC2	19657
CoV|H9EJ44.5.BC1	20901
CoV|H9EJ44.5.BC2	7323
CoV|H9EJ44.6.BC1	8301
CoV|H9EJ44.6.BC2	3780
CoV|H9EJ44.7.BC1	33798
CoV|H9EJ44.7.BC2	22988
CoV|H9EJ44.8.BC1	51797
CoV|H9EJ44.8.BC2	21987
CoV|H9EJ44.9.BC1	25344
CoV|H9EJ44.9.BC2	14671
CoV|H9EJ69.0.BC1	24736
CoV|H9EJ69.0.BC2	22441
CoV|H9EJ69.1.BC1	15932
CoV|H9EJ69.1.BC2	23290
CoV|H9EJ69.10.BC1	10597
CoV|H9EJ69.10.BC2	6023
CoV|H9EJ69.11.BC1	38659
CoV|H9EJ69.11.BC2	43358
CoV|H9EJ69.12.BC1	74401
CoV|H9EJ69.12.BC2	33796
CoV|H9EJ69.2.BC1	17029
CoV|H9EJ69.2.BC2	11607
CoV|H9EJ69.3.BC1	16238
CoV|H9EJ69.3.BC2	16604
CoV|H9EJ69.4.BC1	45867
CoV|H9EJ69.4.BC2	23086
CoV|H9EJ69.5.BC1	22652
CoV|H9EJ69.5.BC2	37356
CoV|H9EJ69.6.BC1	21331
CoV|H9EJ69.6.BC2	36471
CoV|H9EJ69.7.BC1	39784
CoV|H9EJ69.7.BC2	15828
CoV|H9EJ69.8.BC1	63423
CoV|H9EJ69.8.BC2	61169
CoV|H9EJ69.9.BC1	45107
CoV|H9EJ69.9.BC2	27098
CoV|H9EJA2.0.BC1	40109
CoV|H9EJA2.0.BC2	43024
CoV|H9EJA2.1.BC1	54767
CoV|H9EJA2.1.BC2	37563
CoV|P0C5A6.0.BC1	13261
CoV|P0C5A6.0.BC2	15974
CoV|P0C5A6.1.BC1	14979
CoV|P0C5A6.1.BC2	10187
CoV|P0C5A6.2.BC1	24029
CoV|P0C5A6.2.BC2	25643
CoV|P0C5A9.0.BC1	43195
CoV|P0C5A9.0.BC2	22229
CoV|P0C5B5.0.BC1	16354
CoV|P0C5B5.0.BC2	17412
CoV|P0C5B5.1.BC1	11265
CoV|P0C5B5.1.BC2	12220
CoV|P0C5B5.2.BC1	8120
CoV|P0C5B5.2.BC2	3683
CoV|P0C5B5.3.BC1	11641
CoV|P0C5B5.3.BC2	36289
CoV|P0C5B5.4.BC1	26319
CoV|P0C5B5.4.BC2	22807
CoV|P0C5B5.5.BC1	28402
CoV|P0C5B5.5.BC2	29448
CoV|P0C5B5.6.BC1	20343
CoV|P0C5B5.6.BC2	26526
CoV|P0C6F5.0.BC1	24281
CoV|P0C6F5.0.BC2	19537
CoV|P0C6F5.1.BC1	19161
CoV|P0C6F5.1.BC2	32692
CoV|P0C6F5.100.BC1	16947
CoV|P0C6F5.100.BC2	14504
CoV|P0C6F5.101.BC1	1773
CoV|P0C6F5.101.BC2	9358
CoV|P0C6F5.102.BC1	39459
CoV|P0C6F5.102.BC2	15581
CoV|P0C6F5.103.BC1	41128
CoV|P0C6F5.103.BC2	14455
CoV|P0C6F5.104.BC1	21442
CoV|P0C6F5.104.BC2	20972
CoV|P0C6F5.105.BC1	22343
CoV|P0C6F5.105.BC2	19209
CoV|P0C6F5.106.BC1	16048
CoV|P0C6F5.106.BC2	39013
CoV|P0C6F5.107.BC1	19730
CoV|P0C6F5.107.BC2	10569
CoV|P0C6F5.108.BC1	43894
CoV|P0C6F5.108.BC2	50397
CoV|P0C6F5.109.BC1	43844
CoV|P0C6F5.109.BC2	25155
CoV|P0C6F5.11.BC1	37154
CoV|P0C6F5.11.BC2	41909
CoV|P0C6F5.110.BC1	60891
CoV|P0C6F5.110.BC2	34078
CoV|P0C6F5.111.BC1	35874
CoV|P0C6F5.111.BC2	36356
CoV|P0C6F5.112.BC1	14736
CoV|P0C6F5.112.BC2	15945
CoV|P0C6F5.113.BC1	18402
CoV|P0C6F5.113.BC2	13981
CoV|P0C6F5.114.BC1	18541
CoV|P0C6F5.114.BC2	14733
CoV|P0C6F5.115.BC1	27791
CoV|P0C6F5.115.BC2	24100
CoV|P0C6F5.116.BC1	26855
CoV|P0C6F5.116.BC2	32392
CoV|P0C6F5.117.BC1	26618
CoV|P0C6F5.117.BC2	37267
CoV|P0C6F5.118.BC1	22539
CoV|P0C6F5.118.BC2	32263
CoV|P0C6F5.119.BC1	31636
CoV|P0C6F5.119.BC2	22646
CoV|P0C6F5.12.BC1	29799
CoV|P0C6F5.12.BC2	29908
CoV|P0C6F5.120.BC1	26072
CoV|P0C6F5.120.BC2	18505
CoV|P0C6F5.121.BC1	37287
CoV|P0C6F5.121.BC2	21829
CoV|P0C6F5.122.BC1	7687
CoV|P0C6F5.122.BC2	23426
CoV|P0C6F5.123.BC1	15694
CoV|P0C6F5.123.BC2	8582
CoV|P0C6F5.124.BC1	23335
CoV|P0C6F5.124.BC2	22370
CoV|P0C6F5.125.BC1	22715
CoV|P0C6F5.125.BC2	32102
CoV|P0C6F5.126.BC1	15661
CoV|P0C6F5.126.BC2	22672
CoV|P0C6F5.127.BC1	27696
CoV|P0C6F5.127.BC2	54248
CoV|P0C6F5.128.BC1	22780
CoV|P0C6F5.128.BC2	51721
CoV|P0C6F5.129.BC1	30755
CoV|P0C6F5.129.BC2	22168
CoV|P0C6F5.13.BC1	21322
CoV|P0C6F5.13.BC2	11841
CoV|P0C6F5.130.BC1	64104
CoV|P0C6F5.130.BC2	44490
CoV|P0C6F5.131.BC1	35873
CoV|P0C6F5.131.BC2	36477
CoV|P0C6F5.132.BC1	34704
CoV|P0C6F5.132.BC2	31413
CoV|P0C6F5.133.BC1	49771
CoV|P0C6F5.133.BC2	56246
CoV|P0C6F5.134.BC1	36103
CoV|P0C6F5.134.BC2	55483
CoV|P0C6F5.135.BC1	20090
CoV|P0C6F5.135.BC2	9496
CoV|P0C6F5.136.BC1	16561
CoV|P0C6F5.136.BC2	25755
CoV|P0C6F5.137.BC1	11397
CoV|P0C6F5.137.BC2	15070
CoV|P0C6F5.138.BC1	11143
CoV|P0C6F5.138.BC2	15436
CoV|P0C6F5.139.BC1	14488
CoV|P0C6F5.139.BC2	21302
CoV|P0C6F5.14.BC1	24402
CoV|P0C6F5.14.BC2	14236
CoV|P0C6F5.140.BC1	26173
CoV|P0C6F5.140.BC2	22218
CoV|P0C6F5.141.BC1	30153
CoV|P0C6F5.141.BC2	36868
CoV|P0C6F5.142.BC1	6726
CoV|P0C6F5.142.BC2	36544
CoV|P0C6F5.143.BC1	10165
CoV|P0C6F5.143.BC2	33265
CoV|P0C6F5.144.BC1	26475
CoV|P0C6F5.144.BC2	27191
CoV|P0C6F5.145.BC1	35521
CoV|P0C6F5.145.BC2	14267
CoV|P0C6F5.146.BC1	15106
CoV|P0C6F5.146.BC2	29035
CoV|P0C6F5.147.BC1	32793
CoV|P0C6F5.147.BC2	47557
CoV|P0C6F5.148.BC1	15541
CoV|P0C6F5.148.BC2	24741
CoV|P0C6F5.149.BC1	28720
CoV|P0C6F5.149.BC2	30106
CoV|P0C6F5.15.BC1	20725
CoV|P0C6F5.15.BC2	22809
CoV|P0C6F5.150.BC1	36011
CoV|P0C6F5.150.BC2	27301
CoV|P0C6F5.151.BC1	29102
CoV|P0C6F5.151.BC2	16093
CoV|P0C6F5.152.BC1	29728
CoV|P0C6F5.152.BC2	24385
CoV|P0C6F5.153.BC1	29984
CoV|P0C6F5.153.BC2	17983
CoV|P0C6F5.154.BC1	64817
CoV|P0C6F5.154.BC2	42846
CoV|P0C6F5.155.BC1	35767
CoV|P0C6F5.155.BC2	40274
CoV|P0C6F5.16.BC1	7341
CoV|P0C6F5.16.BC2	9461
CoV|P0C6F5.17.BC1	36471
CoV|P0C6F5.17.BC2	24556
CoV|P0C6F5.18.BC1	20369
CoV|P0C6F5.18.BC2	20471
CoV|P0C6F5.19.BC1	24512
CoV|P0C6F5.19.BC2	25557
CoV|P0C6F5.2.BC1	20208
CoV|P0C6F5.2.BC2	18844
CoV|P0C6F5.20.BC1	20597
CoV|P0C6F5.20.BC2	22702
CoV|P0C6F5.21.BC1	26190
CoV|P0C6F5.21.BC2	11008
CoV|P0C6F5.22.BC1	10282
CoV|P0C6F5.22.BC2	8937
CoV|P0C6F5.23.BC1	4329
CoV|P0C6F5.23.BC2	14922
CoV|P0C6F5.24.BC1	12718
CoV|P0C6F5.24.BC2	16383
CoV|P0C6F5.25.BC1	33034
CoV|P0C6F5.25.BC2	14004
CoV|P0C6F5.26.BC1	22531
CoV|P0C6F5.26.BC2	34712
CoV|P0C6F5.27.BC1	28467
CoV|P0C6F5.27.BC2	36680
CoV|P0C6F5.28.BC1	23482
CoV|P0C6F5.28.BC2	46985
CoV|P0C6F5.29.BC1	24295
CoV|P0C6F5.29.BC2	10801
CoV|P0C6F5.3.BC1	31850
CoV|P0C6F5.3.BC2	25054
CoV|P0C6F5.30.BC1	18018
CoV|P0C6F5.30.BC2	26151
CoV|P0C6F5.31.BC1	11158
CoV|P0C6F5.31.BC2	20937
CoV|P0C6F5.32.BC1	20402
CoV|P0C6F5.32.BC2	20328
CoV|P0C6F5.33.BC1	14267
CoV|P0C6F5.33.BC2	10613
CoV|P0C6F5.34.BC1	13971
CoV|P0C6F5.34.BC2	16195
CoV|P0C6F5.35.BC1	20231
CoV|P0C6F5.35.BC2	29365
CoV|P0C6F5.36.BC1	29305
CoV|P0C6F5.36.BC2	28869
CoV|P0C6F5.37.BC1	38680
CoV|P0C6F5.37.BC2	22206
CoV|P0C6F5.38.BC1	47046
CoV|P0C6F5.38.BC2	27559
CoV|P0C6F5.39.BC1	28531
CoV|P0C6F5.39.BC2	32627
CoV|P0C6F5.4.BC1	14341
CoV|P0C6F5.4.BC2	13219
CoV|P0C6F5.40.BC1	17229
CoV|P0C6F5.40.BC2	17396
CoV|P0C6F5.41.BC1	12980
CoV|P0C6F5.41.BC2	40829
CoV|P0C6F5.42.BC1	16097
CoV|P0C6F5.42.BC2	13779
CoV|P0C6F5.43.BC1	16278
CoV|P0C6F5.43.BC2	16354
CoV|P0C6F5.44.BC1	20723
CoV|P0C6F5.44.BC2	14919
CoV|P0C6F5.45.BC1	33399
CoV|P0C6F5.45.BC2	24398
CoV|P0C6F5.46.BC1	42976
CoV|P0C6F5.46.BC2	28143
CoV|P0C6F5.47.BC1	14726
CoV|P0C6F5.47.BC2	21249
CoV|P0C6F5.48.BC1	15897
CoV|P0C6F5.48.BC2	14032
CoV|P0C6F5.49.BC1	5983
CoV|P0C6F5.49.BC2	12059
CoV|P0C6F5.5.BC1	20495
CoV|P0C6F5.5.BC2	12908
CoV|P0C6F5.50.BC1	21655
CoV|P0C6F5.50.BC2	38773
CoV|P0C6F5.51.BC1	30765
CoV|P0C6F5.51.BC2	28723
CoV|P0C6F5.52.BC1	34019
CoV|P0C6F5.52.BC2	22779
CoV|P0C6F5.53.BC1	29490
CoV|P0C6F5.53.BC2	21765
CoV|P0C6F5.54.BC1	6474
CoV|P0C6F5.54.BC2	9463
CoV|P0C6F5.55.BC1	17806
CoV|P0C6F5.55.BC2	7045
CoV|P0C6F5.56.BC1	22091
CoV|P0C6F5.56.BC2	42551
CoV|P0C6F5.57.BC1	18707
CoV|P0C6F5.57.BC2	20081
CoV|P0C6F5.58.BC1	25773
CoV|P0C6F5.58.BC2	24313
CoV|P0C6F5.59.BC1	10579
CoV|P0C6F5.59.BC2	15571
CoV|P0C6F5.6.BC1	23627
CoV|P0C6F5.6.BC2	28675
CoV|P0C6F5.60.BC1	22334
CoV|P0C6F5.60.BC2	7837
CoV|P0C6F5.61.BC1	25923
CoV|P0C6F5.61.BC2	30968
CoV|P0C6F5.62.BC1	23731
CoV|P0C6F5.62.BC2	27747
CoV|P0C6F5.63.BC1	26474
CoV|P0C6F5.63.BC2	28591
CoV|P0C6F5.64.BC1	24369
CoV|P0C6F5.64.BC2	16882
CoV|P0C6F5.65.BC1	14874
CoV|P0C6F5.65.BC2	11305
CoV|P0C6F5.66.BC1	14172
CoV|P0C6F5.66.BC2	44576
CoV|P0C6F5.67.BC1	35701
CoV|P0C6F5.67.BC2	37922
CoV|P0C6F5.68.BC1	19108
CoV|P0C6F5.68.BC2	39177
CoV|P0C6F5.69.BC1	21340
CoV|P0C6F5.69.BC2	20447
CoV|P0C6F5.7.BC1	10813
CoV|P0C6F5.7.BC2	12547
CoV|P0C6F5.70.BC1	9410
CoV|P0C6F5.70.BC2	24636
CoV|P0C6F5.71.BC1	22183
CoV|P0C6F5.71.BC2	20870
CoV|P0C6F5.72.BC1	55200
CoV|P0C6F5.72.BC2	24469
CoV|P0C6F5.73.BC1	43451
CoV|P0C6F5.73.BC2	24603
CoV|P0C6F5.74.BC1	30871
CoV|P0C6F5.74.BC2	13869
CoV|P0C6F5.75.BC1	24114
CoV|P0C6F5.75.BC2	38394
CoV|P0C6F5.76.BC1	30088
CoV|P0C6F5.76.BC2	33462
CoV|P0C6F5.77.BC1	14534
CoV|P0C6F5.77.BC2	10821
CoV|P0C6F5.78.BC1	25837
CoV|P0C6F5.78.BC2	39924
CoV|P0C6F5.79.BC1	27967
CoV|P0C6F5.79.BC2	23928
CoV|P0C6F5.8.BC1	4697
CoV|P0C6F5.8.BC2	25978
CoV|P0C6F5.80.BC1	20515
CoV|P0C6F5.80.BC2	14032
CoV|P0C6F5.81.BC1	27137
CoV|P0C6F5.81.BC2	22028
CoV|P0C6F5.82.BC1	25901
CoV|P0C6F5.82.BC2	20617
CoV|P0C6F5.83.BC1	27607
CoV|P0C6F5.83.BC2	54496
CoV|P0C6F5.84.BC1	10201
CoV|P0C6F5.84.BC2	20705
CoV|P0C6F5.85.BC1	23911
CoV|P0C6F5.85.BC2	20679
CoV|P0C6F5.86.BC1	20509
CoV|P0C6F5.86.BC2	34347
CoV|P0C6F5.87.BC1	23352
CoV|P0C6F5.87.BC2	14815
CoV|P0C6F5.88.BC1	31353
CoV|P0C6F5.88.BC2	30130
CoV|P0C6F5.89.BC1	28871
CoV|P0C6F5.89.BC2	1055
CoV|P0C6F5.90.BC1	13192
CoV|P0C6F5.90.BC2	44907
CoV|P0C6F5.91.BC1	14431
CoV|P0C6F5.91.BC2	33517
CoV|P0C6F5.92.BC1	10167
CoV|P0C6F5.92.BC2	19501
CoV|P0C6F5.93.BC1	27343
CoV|P0C6F5.93.BC2	30039
CoV|P0C6F5.94.BC1	21257
CoV|P0C6F5.94.BC2	40001
CoV|P0C6F5.95.BC1	36167
CoV|P0C6F5.95.BC2	21532
CoV|P0C6F5.96.BC1	15390
CoV|P0C6F5.96.BC2	28410
CoV|P0C6F5.97.BC1	29763
CoV|P0C6F5.97.BC2	30009
CoV|P0C6F5.98.BC1	18264
CoV|P0C6F5.98.BC2	20084
CoV|P0C6F5.99.BC1	35805
CoV|P0C6F5.99.BC2	34054
CoV|P0C6T7.0.BC1	31197
CoV|P0C6T7.0.BC2	14877
CoV|P0C6T7.1.BC1	39463
CoV|P0C6T7.1.BC2	27092
CoV|P0C6T7.10.BC1	40482
CoV|P0C6T7.10.BC2	26430
CoV|P0C6T7.100.BC1	15883
CoV|P0C6T7.100.BC2	18088
CoV|P0C6T7.101.BC1	17288
CoV|P0C6T7.101.BC2	25724
CoV|P0C6T7.102.BC1	20682
CoV|P0C6T7.102.BC2	217
CoV|P0C6T7.103.BC1	47314
CoV|P0C6T7.103.BC2	28303
CoV|P0C6T7.104.BC1	25636
CoV|P0C6T7.104.BC2	40118
CoV|P0C6T7.105.BC1	18512
CoV|P0C6T7.105.BC2	27909
CoV|P0C6T7.106.BC1	36548
CoV|P0C6T7.106.BC2	16158
CoV|P0C6T7.107.BC1	34003
CoV|P0C6T7.107.BC2	21525
CoV|P0C6T7.108.BC1	15091
CoV|P0C6T7.108.BC2	23685
CoV|P0C6T7.109.BC1	44033
CoV|P0C6T7.109.BC2	35917
CoV|P0C6T7.11.BC1	22226
CoV|P0C6T7.11.BC2	41442
CoV|P0C6T7.110.BC1	49152
CoV|P0C6T7.110.BC2	26875
CoV|P0C6T7.111.BC1	14068
CoV|P0C6T7.111.BC2	12596
CoV|P0C6T7.112.BC1	12805
CoV|P0C6T7.112.BC2	6053
CoV|P0C6T7.113.BC1	20910
CoV|P0C6T7.113.BC2	17059
CoV|P0C6T7.114.BC1	13109
CoV|P0C6T7.114.BC2	23233
CoV|P0C6T7.115.BC1	11797
CoV|P0C6T7.115.BC2	12490
CoV|P0C6T7.116.BC1	1031
CoV|P0C6T7.116.BC2	7359
CoV|P0C6T7.117.BC1	11298
CoV|P0C6T7.117.BC2	41981
CoV|P0C6T7.118.BC1	14246
CoV|P0C6T7.118.BC2	42701
CoV|P0C6T7.119.BC1	17685
CoV|P0C6T7.119.BC2	23452
CoV|P0C6T7.12.BC1	19332
CoV|P0C6T7.12.BC2	44363
CoV|P0C6T7.120.BC1	39687
CoV|P0C6T7.120.BC2	24457
CoV|P0C6T7.121.BC1	24052
CoV|P0C6T7.121.BC2	36445
CoV|P0C6T7.122.BC1	13409
CoV|P0C6T7.122.BC2	21640
CoV|P0C6T7.123.BC1	11482
CoV|P0C6T7.123.BC2	16504
CoV|P0C6T7.124.BC1	28092
CoV|P0C6T7.124.BC2	24139
CoV|P0C6T7.125.BC1	26232
CoV|P0C6T7.125.BC2	5090
CoV|P0C6T7.126.BC1	26062
CoV|P0C6T7.126.BC2	17475
CoV|P0C6T7.127.BC1	13588
CoV|P0C6T7.127.BC2	11143
CoV|P0C6T7.128.BC1	8884
CoV|P0C6T7.128.BC2	43740
CoV|P0C6T7.129.BC1	20818
CoV|P0C6T7.129.BC2	16935
CoV|P0C6T7.13.BC1	14717
CoV|P0C6T7.13.BC2	11576
CoV|P0C6T7.130.BC1	36593
CoV|P0C6T7.130.BC2	33333
CoV|P0C6T7.131.BC1	21679
CoV|P0C6T7.131.BC2	19502
CoV|P0C6T7.132.BC1	32495
CoV|P0C6T7.132.BC2	47116
CoV|P0C6T7.133.BC1	66011
CoV|P0C6T7.133.BC2	48630
CoV|P0C6T7.134.BC1	3342
CoV|P0C6T7.134.BC2	23764
CoV|P0C6T7.135.BC1	14463
CoV|P0C6T7.135.BC2	15141
CoV|P0C6T7.136.BC1	43282
CoV|P0C6T7.136.BC2	9647
CoV|P0C6T7.137.BC1	12055
CoV|P0C6T7.137.BC2	16830
CoV|P0C6T7.138.BC1	9995
CoV|P0C6T7.138.BC2	31087
CoV|P0C6T7.139.BC1	34373
CoV|P0C6T7.139.BC2	59173
CoV|P0C6T7.140.BC1	12711
CoV|P0C6T7.140.BC2	37585
CoV|P0C6T7.141.BC1	26060
CoV|P0C6T7.141.BC2	5195
CoV|P0C6T7.142.BC1	33234
CoV|P0C6T7.142.BC2	18566
CoV|P0C6T7.143.BC1	37964
CoV|P0C6T7.143.BC2	13081
CoV|P0C6T7.144.BC1	21919
CoV|P0C6T7.144.BC2	18694
CoV|P0C6T7.145.BC1	22250
CoV|P0C6T7.145.BC2	18998
CoV|P0C6T7.146.BC1	55533
CoV|P0C6T7.146.BC2	37210
CoV|P0C6T7.147.BC1	40475
CoV|P0C6T7.147.BC2	56037
CoV|P0C6T7.148.BC1	53426
CoV|P0C6T7.148.BC2	31380
CoV|P0C6T7.149.BC1	30059
CoV|P0C6T7.149.BC2	22339
CoV|P0C6T7.15.BC1	5654
CoV|P0C6T7.15.BC2	8663
CoV|P0C6T7.150.BC1	3913
CoV|P0C6T7.150.BC2	14988
CoV|P0C6T7.151.BC1	9843
CoV|P0C6T7.151.BC2	11126
CoV|P0C6T7.152.BC1	30017
CoV|P0C6T7.152.BC2	33085
CoV|P0C6T7.153.BC1	34836
CoV|P0C6T7.153.BC2	11225
CoV|P0C6T7.154.BC1	42214
CoV|P0C6T7.154.BC2	22644
CoV|P0C6T7.155.BC1	55092
CoV|P0C6T7.155.BC2	31775
CoV|P0C6T7.16.BC1	8481
CoV|P0C6T7.16.BC2	12250
CoV|P0C6T7.17.BC1	27120
CoV|P0C6T7.17.BC2	20834
CoV|P0C6T7.18.BC1	29522
CoV|P0C6T7.18.BC2	24002
CoV|P0C6T7.19.BC1	24135
CoV|P0C6T7.19.BC2	31299
CoV|P0C6T7.2.BC1	22883
CoV|P0C6T7.2.BC2	30626
CoV|P0C6T7.20.BC1	8556
CoV|P0C6T7.20.BC2	21925
CoV|P0C6T7.21.BC1	16281
CoV|P0C6T7.21.BC2	32005
CoV|P0C6T7.22.BC1	7254
CoV|P0C6T7.22.BC2	8001
CoV|P0C6T7.23.BC1	9294
CoV|P0C6T7.23.BC2	4536
CoV|P0C6T7.24.BC1	7928
CoV|P0C6T7.24.BC2	9361
CoV|P0C6T7.26.BC1	46306
CoV|P0C6T7.26.BC2	25717
CoV|P0C6T7.27.BC1	33334
CoV|P0C6T7.27.BC2	34554
CoV|P0C6T7.28.BC1	20189
CoV|P0C6T7.28.BC2	22421
CoV|P0C6T7.29.BC1	26546
CoV|P0C6T7.29.BC2	24211
CoV|P0C6T7.3.BC1	25284
CoV|P0C6T7.3.BC2	31043
CoV|P0C6T7.31.BC1	11718
CoV|P0C6T7.31.BC2	11066
CoV|P0C6T7.32.BC1	25125
CoV|P0C6T7.32.BC2	12204
CoV|P0C6T7.33.BC1	28636
CoV|P0C6T7.33.BC2	17233
CoV|P0C6T7.34.BC1	45214
CoV|P0C6T7.34.BC2	13177
CoV|P0C6T7.35.BC1	29199
CoV|P0C6T7.35.BC2	42843
CoV|P0C6T7.36.BC1	38864
CoV|P0C6T7.36.BC2	12709
CoV|P0C6T7.37.BC1	29033
CoV|P0C6T7.37.BC2	31524
CoV|P0C6T7.38.BC1	27842
CoV|P0C6T7.38.BC2	36913
CoV|P0C6T7.39.BC1	17014
CoV|P0C6T7.39.BC2	35000
CoV|P0C6T7.40.BC1	7240
CoV|P0C6T7.40.BC2	11929
CoV|P0C6T7.41.BC1	21893
CoV|P0C6T7.41.BC2	38385
CoV|P0C6T7.42.BC1	5192
CoV|P0C6T7.42.BC2	40198
CoV|P0C6T7.43.BC1	9871
CoV|P0C6T7.43.BC2	11670
CoV|P0C6T7.44.BC1	30891
CoV|P0C6T7.44.BC2	16091
CoV|P0C6T7.45.BC1	23941
CoV|P0C6T7.45.BC2	30909
CoV|P0C6T7.46.BC1	24581
CoV|P0C6T7.46.BC2	30391
CoV|P0C6T7.47.BC1	25622
CoV|P0C6T7.47.BC2	33226
CoV|P0C6T7.48.BC1	7775
CoV|P0C6T7.48.BC2	11856
CoV|P0C6T7.49.BC1	18005
CoV|P0C6T7.49.BC2	20215
CoV|P0C6T7.5.BC1	43319
CoV|P0C6T7.5.BC2	16963
CoV|P0C6T7.50.BC1	50825
CoV|P0C6T7.50.BC2	41468
CoV|P0C6T7.51.BC1	32314
CoV|P0C6T7.51.BC2	31020
CoV|P0C6T7.52.BC1	24842
CoV|P0C6T7.52.BC2	20383
CoV|P0C6T7.53.BC1	32230
CoV|P0C6T7.53.BC2	18022
CoV|P0C6T7.54.BC1	19897
CoV|P0C6T7.54.BC2	33626
CoV|P0C6T7.55.BC1	18943
CoV|P0C6T7.55.BC2	42734
CoV|P0C6T7.56.BC1	32951
CoV|P0C6T7.56.BC2	33083
CoV|P0C6T7.57.BC1	13490
CoV|P0C6T7.57.BC2	19804
CoV|P0C6T7.58.BC1	19207
CoV|P0C6T7.58.BC2	21131
CoV|P0C6T7.59.BC1	13299
CoV|P0C6T7.59.BC2	11450
CoV|P0C6T7.6.BC1	26619
CoV|P0C6T7.6.BC2	10814
CoV|P0C6T7.60.BC1	13054
CoV|P0C6T7.60.BC2	16113
CoV|P0C6T7.61.BC1	28535
CoV|P0C6T7.61.BC2	15467
CoV|P0C6T7.62.BC1	24067
CoV|P0C6T7.62.BC2	14981
CoV|P0C6T7.63.BC1	8888
CoV|P0C6T7.63.BC2	15968
CoV|P0C6T7.64.BC1	12888
CoV|P0C6T7.64.BC2	18006
CoV|P0C6T7.65.BC1	35177
CoV|P0C6T7.65.BC2	32703
CoV|P0C6T7.66.BC1	11014
CoV|P0C6T7.66.BC2	12155
CoV|P0C6T7.67.BC1	39653
CoV|P0C6T7.67.BC2	33119
CoV|P0C6T7.68.BC1	31069
CoV|P0C6T7.68.BC2	35559
CoV|P0C6T7.69.BC1	22868
CoV|P0C6T7.69.BC2	17909
CoV|P0C6T7.7.BC1	2116
CoV|P0C6T7.7.BC2	24615
CoV|P0C6T7.70.BC1	23292
CoV|P0C6T7.70.BC2	63641
CoV|P0C6T7.71.BC1	29074
CoV|P0C6T7.71.BC2	29758
CoV|P0C6T7.72.BC1	41929
CoV|P0C6T7.72.BC2	27774
CoV|P0C6T7.73.BC1	24891
CoV|P0C6T7.73.BC2	40365
CoV|P0C6T7.74.BC1	30780
CoV|P0C6T7.74.BC2	23529
CoV|P0C6T7.75.BC1	34905
CoV|P0C6T7.75.BC2	26277
CoV|P0C6T7.76.BC1	14363
CoV|P0C6T7.76.BC2	19368
CoV|P0C6T7.77.BC1	7734
CoV|P0C6T7.77.BC2	13176
CoV|P0C6T7.78.BC1	27063
CoV|P0C6T7.78.BC2	14429
CoV|P0C6T7.79.BC1	9689
CoV|P0C6T7.79.BC2	17106
CoV|P0C6T7.8.BC1	19395
CoV|P0C6T7.8.BC2	10065
CoV|P0C6T7.80.BC1	8840
CoV|P0C6T7.80.BC2	12978
CoV|P0C6T7.81.BC1	12059
CoV|P0C6T7.81.BC2	19539
CoV|P0C6T7.82.BC1	25541
CoV|P0C6T7.82.BC2	31416
CoV|P0C6T7.83.BC1	10443
CoV|P0C6T7.83.BC2	34418
CoV|P0C6T7.84.BC1	18942
CoV|P0C6T7.84.BC2	10231
CoV|P0C6T7.85.BC1	26501
CoV|P0C6T7.85.BC2	39863
CoV|P0C6T7.86.BC1	36051
CoV|P0C6T7.86.BC2	30097
CoV|P0C6T7.87.BC1	31898
CoV|P0C6T7.87.BC2	28024
CoV|P0C6T7.88.BC1	26309
CoV|P0C6T7.88.BC2	23185
CoV|P0C6T7.89.BC1	19239
CoV|P0C6T7.89.BC2	53439
CoV|P0C6T7.90.BC1	11657
CoV|P0C6T7.90.BC2	44338
CoV|P0C6T7.91.BC1	21737
CoV|P0C6T7.91.BC2	6245
CoV|P0C6T7.92.BC1	12590
CoV|P0C6T7.92.BC2	18987
CoV|P0C6T7.93.BC1	30131
CoV|P0C6T7.93.BC2	35978
CoV|P0C6T7.94.BC1	49835
CoV|P0C6T7.94.BC2	52328
CoV|P0C6T7.95.BC1	18390
CoV|P0C6T7.95.BC2	22025
CoV|P0C6T7.96.BC1	14970
CoV|P0C6T7.96.BC2	16109
CoV|P0C6T7.97.BC1	45464
CoV|P0C6T7.97.BC2	56722
CoV|P0C6T7.98.BC1	27149
CoV|P0C6T7.98.BC2	25447
CoV|P0C6T7.99.BC1	28205
CoV|P0C6T7.99.BC2	31502
CoV|P0C6U2.0.BC1	41359
CoV|P0C6U2.0.BC2	39146
CoV|P0C6U2.1.BC1	23358
CoV|P0C6U2.1.BC2	14664
CoV|P0C6U2.10.BC1	13328
CoV|P0C6U2.10.BC2	12712
CoV|P0C6U2.100.BC1	50061
CoV|P0C6U2.100.BC2	40425
CoV|P0C6U2.101.BC1	23273
CoV|P0C6U2.101.BC2	17750
CoV|P0C6U2.102.BC1	17197
CoV|P0C6U2.102.BC2	20375
CoV|P0C6U2.103.BC1	25055
CoV|P0C6U2.103.BC2	23441
CoV|P0C6U2.104.BC1	15822
CoV|P0C6U2.104.BC2	12160
CoV|P0C6U2.105.BC1	25734
CoV|P0C6U2.105.BC2	9955
CoV|P0C6U2.106.BC1	14167
CoV|P0C6U2.106.BC2	10566
CoV|P0C6U2.107.BC1	19616
CoV|P0C6U2.107.BC2	29419
CoV|P0C6U2.108.BC1	24428
CoV|P0C6U2.108.BC2	24071
CoV|P0C6U2.109.BC1	23244
CoV|P0C6U2.109.BC2	21192
CoV|P0C6U2.11.BC1	26768
CoV|P0C6U2.11.BC2	24901
CoV|P0C6U2.110.BC1	10066
CoV|P0C6U2.110.BC2	7113
CoV|P0C6U2.111.BC1	25829
CoV|P0C6U2.111.BC2	11697
CoV|P0C6U2.112.BC1	13149
CoV|P0C6U2.112.BC2	16102
CoV|P0C6U2.113.BC1	7629
CoV|P0C6U2.113.BC2	12013
CoV|P0C6U2.114.BC1	13163
CoV|P0C6U2.114.BC2	12124
CoV|P0C6U2.115.BC1	10325
CoV|P0C6U2.115.BC2	11354
CoV|P0C6U2.116.BC1	16785
CoV|P0C6U2.116.BC2	17017
CoV|P0C6U2.117.BC1	3098
CoV|P0C6U2.117.BC2	21606
CoV|P0C6U2.118.BC1	23236
CoV|P0C6U2.118.BC2	26925
CoV|P0C6U2.119.BC1	41652
CoV|P0C6U2.119.BC2	25035
CoV|P0C6U2.12.BC1	50201
CoV|P0C6U2.12.BC2	32312
CoV|P0C6U2.120.BC1	20060
CoV|P0C6U2.120.BC2	32273
CoV|P0C6U2.121.BC1	71066
CoV|P0C6U2.121.BC2	43023
CoV|P0C6U2.122.BC1	34880
CoV|P0C6U2.122.BC2	61176
CoV|P0C6U2.123.BC1	44618
CoV|P0C6U2.123.BC2	36212
CoV|P0C6U2.124.BC1	16584
CoV|P0C6U2.124.BC2	24330
CoV|P0C6U2.125.BC1	17957
CoV|P0C6U2.125.BC2	22288
CoV|P0C6U2.126.BC1	9940
CoV|P0C6U2.126.BC2	16336
CoV|P0C6U2.127.BC1	13433
CoV|P0C6U2.127.BC2	9236
CoV|P0C6U2.128.BC1	13538
CoV|P0C6U2.128.BC2	18163
CoV|P0C6U2.129.BC1	2228
CoV|P0C6U2.129.BC2	31680
CoV|P0C6U2.13.BC1	48329
CoV|P0C6U2.13.BC2	29641
CoV|P0C6U2.130.BC1	21201
CoV|P0C6U2.130.BC2	19166
CoV|P0C6U2.131.BC1	12627
CoV|P0C6U2.131.BC2	31898
CoV|P0C6U2.132.BC1	29477
CoV|P0C6U2.132.BC2	17192
CoV|P0C6U2.133.BC1	25483
CoV|P0C6U2.133.BC2	24405
CoV|P0C6U2.134.BC1	14161
CoV|P0C6U2.134.BC2	2090
CoV|P0C6U2.135.BC1	12213
CoV|P0C6U2.135.BC2	14374
CoV|P0C6U2.136.BC1	32442
CoV|P0C6U2.136.BC2	34756
CoV|P0C6U2.137.BC1	35986
CoV|P0C6U2.137.BC2	23385
CoV|P0C6U2.138.BC1	14925
CoV|P0C6U2.138.BC2	27085
CoV|P0C6U2.139.BC1	19734
CoV|P0C6U2.139.BC2	20073
CoV|P0C6U2.14.BC1	22571
CoV|P0C6U2.14.BC2	35683
CoV|P0C6U2.140.BC1	27441
CoV|P0C6U2.140.BC2	42719
CoV|P0C6U2.141.BC1	28448
CoV|P0C6U2.141.BC2	30668
CoV|P0C6U2.142.BC1	15774
CoV|P0C6U2.142.BC2	10493
CoV|P0C6U2.143.BC1	19928
CoV|P0C6U2.143.BC2	19595
CoV|P0C6U2.144.BC1	43089
CoV|P0C6U2.144.BC2	31966
CoV|P0C6U2.15.BC1	19399
CoV|P0C6U2.15.BC2	20530
CoV|P0C6U2.16.BC1	28040
CoV|P0C6U2.16.BC2	28526
CoV|P0C6U2.17.BC1	17998
CoV|P0C6U2.17.BC2	14661
CoV|P0C6U2.18.BC1	14311
CoV|P0C6U2.18.BC2	32409
CoV|P0C6U2.19.BC1	18941
CoV|P0C6U2.19.BC2	20639
CoV|P0C6U2.2.BC1	14428
CoV|P0C6U2.2.BC2	5723
CoV|P0C6U2.20.BC1	25079
CoV|P0C6U2.20.BC2	18673
CoV|P0C6U2.21.BC1	18509
CoV|P0C6U2.21.BC2	4621
CoV|P0C6U2.22.BC1	13956
CoV|P0C6U2.22.BC2	24293
CoV|P0C6U2.23.BC1	25127
CoV|P0C6U2.23.BC2	30354
CoV|P0C6U2.24.BC1	23294
CoV|P0C6U2.24.BC2	33586
CoV|P0C6U2.25.BC1	19782
CoV|P0C6U2.25.BC2	47847
CoV|P0C6U2.26.BC1	14075
CoV|P0C6U2.26.BC2	17265
CoV|P0C6U2.27.BC1	22976
CoV|P0C6U2.27.BC2	19791
CoV|P0C6U2.28.BC1	8843
CoV|P0C6U2.28.BC2	24787
CoV|P0C6U2.29.BC1	35709
CoV|P0C6U2.29.BC2	46764
CoV|P0C6U2.3.BC1	28950
CoV|P0C6U2.3.BC2	10598
CoV|P0C6U2.30.BC1	33860
CoV|P0C6U2.30.BC2	28350
CoV|P0C6U2.31.BC1	17040
CoV|P0C6U2.31.BC2	28740
CoV|P0C6U2.32.BC1	22426
CoV|P0C6U2.32.BC2	18061
CoV|P0C6U2.33.BC1	7330
CoV|P0C6U2.33.BC2	23572
CoV|P0C6U2.34.BC1	44064
CoV|P0C6U2.34.BC2	22184
CoV|P0C6U2.35.BC1	53274
CoV|P0C6U2.35.BC2	43230
CoV|P0C6U2.36.BC1	21339
CoV|P0C6U2.36.BC2	23595
CoV|P0C6U2.37.BC1	5772
CoV|P0C6U2.37.BC2	5655
CoV|P0C6U2.38.BC1	19627
CoV|P0C6U2.38.BC2	25614
CoV|P0C6U2.39.BC1	13240
CoV|P0C6U2.39.BC2	8364
CoV|P0C6U2.4.BC1	19591
CoV|P0C6U2.4.BC2	21894
CoV|P0C6U2.40.BC1	5148
CoV|P0C6U2.40.BC2	11833
CoV|P0C6U2.41.BC1	18792
CoV|P0C6U2.41.BC2	24483
CoV|P0C6U2.42.BC1	25007
CoV|P0C6U2.42.BC2	35151
CoV|P0C6U2.43.BC1	14445
CoV|P0C6U2.43.BC2	21362
CoV|P0C6U2.44.BC1	40446
CoV|P0C6U2.44.BC2	23162
CoV|P0C6U2.45.BC1	32051
CoV|P0C6U2.45.BC2	48151
CoV|P0C6U2.46.BC1	33558
CoV|P0C6U2.46.BC2	11534
CoV|P0C6U2.47.BC1	35028
CoV|P0C6U2.47.BC2	20058
CoV|P0C6U2.48.BC1	34275
CoV|P0C6U2.48.BC2	35318
CoV|P0C6U2.49.BC1	2621
CoV|P0C6U2.49.BC2	8688
CoV|P0C6U2.5.BC1	41679
CoV|P0C6U2.5.BC2	23900
CoV|P0C6U2.50.BC1	14805
CoV|P0C6U2.50.BC2	8323
CoV|P0C6U2.51.BC1	41076
CoV|P0C6U2.51.BC2	18757
CoV|P0C6U2.52.BC1	29343
CoV|P0C6U2.52.BC2	27915
CoV|P0C6U2.53.BC1	12173
CoV|P0C6U2.53.BC2	15908
CoV|P0C6U2.54.BC1	2972
CoV|P0C6U2.54.BC2	6186
CoV|P0C6U2.55.BC1	20093
CoV|P0C6U2.55.BC2	25667
CoV|P0C6U2.56.BC1	8421
CoV|P0C6U2.56.BC2	9405
CoV|P0C6U2.57.BC1	33381
CoV|P0C6U2.57.BC2	59018
CoV|P0C6U2.58.BC1	34579
CoV|P0C6U2.58.BC2	32328
CoV|P0C6U2.59.BC1	21990
CoV|P0C6U2.59.BC2	18483
CoV|P0C6U2.6.BC1	39781
CoV|P0C6U2.6.BC2	11543
CoV|P0C6U2.60.BC1	18177
CoV|P0C6U2.60.BC2	11426
CoV|P0C6U2.61.BC1	9686
CoV|P0C6U2.61.BC2	6252
CoV|P0C6U2.62.BC1	8936
CoV|P0C6U2.62.BC2	9125
CoV|P0C6U2.63.BC1	18801
CoV|P0C6U2.63.BC2	18290
CoV|P0C6U2.64.BC1	9905
CoV|P0C6U2.64.BC2	28805
CoV|P0C6U2.65.BC1	20527
CoV|P0C6U2.65.BC2	6726
CoV|P0C6U2.66.BC1	36168
CoV|P0C6U2.66.BC2	28159
CoV|P0C6U2.67.BC1	5163
CoV|P0C6U2.67.BC2	20835
CoV|P0C6U2.68.BC1	27894
CoV|P0C6U2.68.BC2	21099
CoV|P0C6U2.69.BC1	15398
CoV|P0C6U2.69.BC2	16828
CoV|P0C6U2.7.BC1	4808
CoV|P0C6U2.7.BC2	11665
CoV|P0C6U2.70.BC1	27368
CoV|P0C6U2.70.BC2	31140
CoV|P0C6U2.71.BC1	12737
CoV|P0C6U2.71.BC2	22219
CoV|P0C6U2.72.BC1	10980
CoV|P0C6U2.72.BC2	7048
CoV|P0C6U2.73.BC1	10059
CoV|P0C6U2.73.BC2	15197
CoV|P0C6U2.74.BC1	23143
CoV|P0C6U2.74.BC2	9203
CoV|P0C6U2.75.BC1	43985
CoV|P0C6U2.75.BC2	30477
CoV|P0C6U2.76.BC1	23546
CoV|P0C6U2.76.BC2	31890
CoV|P0C6U2.77.BC1	45961
CoV|P0C6U2.77.BC2	14418
CoV|P0C6U2.78.BC1	22934
CoV|P0C6U2.78.BC2	30594
CoV|P0C6U2.79.BC1	17527
CoV|P0C6U2.79.BC2	11249
CoV|P0C6U2.8.BC1	23236
CoV|P0C6U2.8.BC2	19929
CoV|P0C6U2.80.BC1	7170
CoV|P0C6U2.80.BC2	7253
CoV|P0C6U2.81.BC1	23820
CoV|P0C6U2.81.BC2	35544
CoV|P0C6U2.82.BC1	29176
CoV|P0C6U2.82.BC2	34480
CoV|P0C6U2.83.BC1	43034
CoV|P0C6U2.83.BC2	34524
CoV|P0C6U2.84.BC1	65126
CoV|P0C6U2.84.BC2	27011
CoV|P0C6U2.85.BC1	29636
CoV|P0C6U2.85.BC2	51172
CoV|P0C6U2.86.BC1	22228
CoV|P0C6U2.86.BC2	23023
CoV|P0C6U2.87.BC1	27947
CoV|P0C6U2.87.BC2	27078
CoV|P0C6U2.88.BC1	51885
CoV|P0C6U2.88.BC2	21623
CoV|P0C6U2.89.BC1	18403
CoV|P0C6U2.89.BC2	19632
CoV|P0C6U2.9.BC1	26475
CoV|P0C6U2.9.BC2	15900
CoV|P0C6U2.90.BC1	36094
CoV|P0C6U2.90.BC2	19718
CoV|P0C6U2.91.BC1	6070
CoV|P0C6U2.91.BC2	6667
CoV|P0C6U2.92.BC1	5838
CoV|P0C6U2.92.BC2	10570
CoV|P0C6U2.93.BC1	19209
CoV|P0C6U2.93.BC2	15530
CoV|P0C6U2.94.BC1	50671
CoV|P0C6U2.94.BC2	16173
CoV|P0C6U2.95.BC1	15691
CoV|P0C6U2.95.BC2	17510
CoV|P0C6U2.96.BC1	11963
CoV|P0C6U2.96.BC2	16535
CoV|P0C6U2.97.BC1	47218
CoV|P0C6U2.97.BC2	28940
CoV|P0C6U2.98.BC1	25804
CoV|P0C6U2.98.BC2	23989
CoV|P0C6U2.99.BC1	51702
CoV|P0C6U2.99.BC2	47588
CoV|P0C6U4.157.BC1	36513
CoV|P0C6U4.157.BC2	36978
CoV|P0C6U7.0.BC1	20987
CoV|P0C6U7.0.BC2	36824
CoV|P0C6U7.1.BC1	29563
CoV|P0C6U7.1.BC2	17879
CoV|P0C6U7.10.BC1	9282
CoV|P0C6U7.10.BC2	22004
CoV|P0C6U7.100.BC1	36375
CoV|P0C6U7.100.BC2	28719
CoV|P0C6U7.101.BC1	7641
CoV|P0C6U7.101.BC2	18815
CoV|P0C6U7.102.BC1	13616
CoV|P0C6U7.102.BC2	13262
CoV|P0C6U7.103.BC1	65379
CoV|P0C6U7.103.BC2	36168
CoV|P0C6U7.104.BC1	45788
CoV|P0C6U7.104.BC2	32149
CoV|P0C6U7.105.BC1	12845
CoV|P0C6U7.105.BC2	4376
CoV|P0C6U7.106.BC1	15403
CoV|P0C6U7.106.BC2	3007
CoV|P0C6U7.107.BC1	35325
CoV|P0C6U7.107.BC2	36105
CoV|P0C6U7.108.BC1	41584
CoV|P0C6U7.108.BC2	35293
CoV|P0C6U7.109.BC1	41026
CoV|P0C6U7.109.BC2	72930
CoV|P0C6U7.11.BC1	22928
CoV|P0C6U7.11.BC2	16746
CoV|P0C6U7.110.BC1	45805
CoV|P0C6U7.110.BC2	2005
CoV|P0C6U7.111.BC1	19227
CoV|P0C6U7.111.BC2	31714
CoV|P0C6U7.112.BC1	12205
CoV|P0C6U7.112.BC2	6308
CoV|P0C6U7.113.BC1	28741
CoV|P0C6U7.113.BC2	46528
CoV|P0C6U7.114.BC1	28795
CoV|P0C6U7.114.BC2	28636
CoV|P0C6U7.115.BC1	23469
CoV|P0C6U7.115.BC2	20236
CoV|P0C6U7.116.BC1	27403
CoV|P0C6U7.116.BC2	17291
CoV|P0C6U7.117.BC1	19495
CoV|P0C6U7.117.BC2	9637
CoV|P0C6U7.118.BC1	9763
CoV|P0C6U7.118.BC2	20708
CoV|P0C6U7.119.BC1	20169
CoV|P0C6U7.119.BC2	12520
CoV|P0C6U7.12.BC1	14010
CoV|P0C6U7.12.BC2	27957
CoV|P0C6U7.120.BC1	13350
CoV|P0C6U7.120.BC2	8076
CoV|P0C6U7.121.BC1	10911
CoV|P0C6U7.121.BC2	15817
CoV|P0C6U7.122.BC1	8041
CoV|P0C6U7.122.BC2	11568
CoV|P0C6U7.123.BC1	13514
CoV|P0C6U7.123.BC2	8461
CoV|P0C6U7.124.BC1	9506
CoV|P0C6U7.124.BC2	15703
CoV|P0C6U7.125.BC1	26800
CoV|P0C6U7.125.BC2	20902
CoV|P0C6U7.126.BC1	34976
CoV|P0C6U7.126.BC2	31817
CoV|P0C6U7.127.BC1	56252
CoV|P0C6U7.127.BC2	62681
CoV|P0C6U7.128.BC1	30828
CoV|P0C6U7.128.BC2	59984
CoV|P0C6U7.129.BC1	27340
CoV|P0C6U7.129.BC2	29331
CoV|P0C6U7.13.BC1	16318
CoV|P0C6U7.13.BC2	31757
CoV|P0C6U7.130.BC1	15000
CoV|P0C6U7.130.BC2	43658
CoV|P0C6U7.131.BC1	8067
CoV|P0C6U7.131.BC2	18632
CoV|P0C6U7.132.BC1	11401
CoV|P0C6U7.132.BC2	17343
CoV|P0C6U7.133.BC1	13663
CoV|P0C6U7.133.BC2	3710
CoV|P0C6U7.134.BC1	19199
CoV|P0C6U7.134.BC2	29110
CoV|P0C6U7.135.BC1	14510
CoV|P0C6U7.135.BC2	17737
CoV|P0C6U7.136.BC1	5573
CoV|P0C6U7.136.BC2	5327
CoV|P0C6U7.137.BC1	2269
CoV|P0C6U7.137.BC2	12102
CoV|P0C6U7.138.BC1	9986
CoV|P0C6U7.138.BC2	14700
CoV|P0C6U7.139.BC1	22701
CoV|P0C6U7.139.BC2	32033
CoV|P0C6U7.14.BC1	30224
CoV|P0C6U7.14.BC2	37612
CoV|P0C6U7.140.BC1	37555
CoV|P0C6U7.140.BC2	9387
CoV|P0C6U7.141.BC1	59341
CoV|P0C6U7.141.BC2	44947
CoV|P0C6U7.142.BC1	11841
CoV|P0C6U7.142.BC2	30895
CoV|P0C6U7.143.BC1	13807
CoV|P0C6U7.143.BC2	39086
CoV|P0C6U7.144.BC1	21029
CoV|P0C6U7.144.BC2	23755
CoV|P0C6U7.145.BC1	16711
CoV|P0C6U7.145.BC2	4758
CoV|P0C6U7.146.BC1	14300
CoV|P0C6U7.146.BC2	13408
CoV|P0C6U7.147.BC1	16432
CoV|P0C6U7.147.BC2	24395
CoV|P0C6U7.148.BC1	13202
CoV|P0C6U7.148.BC2	50785
CoV|P0C6U7.149.BC1	15526
CoV|P0C6U7.149.BC2	12473
CoV|P0C6U7.15.BC1	17824
CoV|P0C6U7.15.BC2	12834
CoV|P0C6U7.150.BC1	21103
CoV|P0C6U7.150.BC2	25679
CoV|P0C6U7.151.BC1	23212
CoV|P0C6U7.151.BC2	51919
CoV|P0C6U7.152.BC1	18961
CoV|P0C6U7.152.BC2	37221
CoV|P0C6U7.153.BC1	15693
CoV|P0C6U7.153.BC2	13524
CoV|P0C6U7.154.BC1	34304
CoV|P0C6U7.154.BC2	34564
CoV|P0C6U7.155.BC1	46372
CoV|P0C6U7.155.BC2	21645
CoV|P0C6U7.16.BC1	12143
CoV|P0C6U7.16.BC2	11078
CoV|P0C6U7.17.BC1	19014
CoV|P0C6U7.17.BC2	21813
CoV|P0C6U7.18.BC1	15288
CoV|P0C6U7.18.BC2	11879
CoV|P0C6U7.19.BC1	12870
CoV|P0C6U7.19.BC2	11125
CoV|P0C6U7.2.BC1	27922
CoV|P0C6U7.2.BC2	38223
CoV|P0C6U7.20.BC1	18653
CoV|P0C6U7.20.BC2	25773
CoV|P0C6U7.21.BC1	19395
CoV|P0C6U7.21.BC2	21558
CoV|P0C6U7.22.BC1	15428
CoV|P0C6U7.22.BC2	24491
CoV|P0C6U7.23.BC1	26158
CoV|P0C6U7.23.BC2	44928
CoV|P0C6U7.24.BC1	28115
CoV|P0C6U7.24.BC2	32537
CoV|P0C6U7.25.BC1	132
CoV|P0C6U7.25.BC2	24562
CoV|P0C6U7.26.BC1	24210
CoV|P0C6U7.26.BC2	17277
CoV|P0C6U7.27.BC1	42935
CoV|P0C6U7.27.BC2	52624
CoV|P0C6U7.28.BC1	10937
CoV|P0C6U7.28.BC2	48424
CoV|P0C6U7.29.BC1	16793
CoV|P0C6U7.29.BC2	28795
CoV|P0C6U7.3.BC1	10916
CoV|P0C6U7.3.BC2	13639
CoV|P0C6U7.30.BC1	11984
CoV|P0C6U7.30.BC2	24397
CoV|P0C6U7.31.BC1	26802
CoV|P0C6U7.31.BC2	18719
CoV|P0C6U7.32.BC1	15743
CoV|P0C6U7.32.BC2	23989
CoV|P0C6U7.33.BC1	9305
CoV|P0C6U7.33.BC2	45684
CoV|P0C6U7.34.BC1	45242
CoV|P0C6U7.34.BC2	17752
CoV|P0C6U7.35.BC1	66609
CoV|P0C6U7.35.BC2	21286
CoV|P0C6U7.36.BC1	20393
CoV|P0C6U7.36.BC2	23547
CoV|P0C6U7.37.BC1	8057
CoV|P0C6U7.37.BC2	11052
CoV|P0C6U7.38.BC1	11615
CoV|P0C6U7.38.BC2	8228
CoV|P0C6U7.39.BC1	11420
CoV|P0C6U7.39.BC2	25791
CoV|P0C6U7.4.BC1	26725
CoV|P0C6U7.4.BC2	19094
CoV|P0C6U7.40.BC1	12906
CoV|P0C6U7.40.BC2	18856
CoV|P0C6U7.41.BC1	16338
CoV|P0C6U7.41.BC2	17550
CoV|P0C6U7.42.BC1	19356
CoV|P0C6U7.42.BC2	11540
CoV|P0C6U7.43.BC1	19450
CoV|P0C6U7.43.BC2	11495
CoV|P0C6U7.44.BC1	13161
CoV|P0C6U7.44.BC2	11263
CoV|P0C6U7.45.BC1	17952
CoV|P0C6U7.45.BC2	18249
CoV|P0C6U7.46.BC1	21807
CoV|P0C6U7.46.BC2	29391
CoV|P0C6U7.47.BC1	34245
CoV|P0C6U7.47.BC2	26037
CoV|P0C6U7.48.BC1	13008
CoV|P0C6U7.48.BC2	23915
CoV|P0C6U7.49.BC1	16822
CoV|P0C6U7.49.BC2	12447
CoV|P0C6U7.5.BC1	4733
CoV|P0C6U7.5.BC2	17476
CoV|P0C6U7.50.BC1	18284
CoV|P0C6U7.50.BC2	46308
CoV|P0C6U7.51.BC1	27012
CoV|P0C6U7.51.BC2	34176
CoV|P0C6U7.52.BC1	31030
CoV|P0C6U7.52.BC2	38007
CoV|P0C6U7.53.BC1	6805
CoV|P0C6U7.53.BC2	15915
CoV|P0C6U7.54.BC1	16553
CoV|P0C6U7.54.BC2	2836
CoV|P0C6U7.55.BC1	17939
CoV|P0C6U7.55.BC2	17027
CoV|P0C6U7.56.BC1	17457
CoV|P0C6U7.56.BC2	17890
CoV|P0C6U7.57.BC1	17796
CoV|P0C6U7.57.BC2	14093
CoV|P0C6U7.58.BC1	13523
CoV|P0C6U7.58.BC2	21792
CoV|P0C6U7.59.BC1	13239
CoV|P0C6U7.59.BC2	28427
CoV|P0C6U7.6.BC1	16544
CoV|P0C6U7.6.BC2	16249
CoV|P0C6U7.60.BC1	14558
CoV|P0C6U7.60.BC2	10316
CoV|P0C6U7.61.BC1	12724
CoV|P0C6U7.61.BC2	15745
CoV|P0C6U7.62.BC1	6395
CoV|P0C6U7.62.BC2	13783
CoV|P0C6U7.63.BC1	15845
CoV|P0C6U7.63.BC2	36772
CoV|P0C6U7.64.BC1	19266
CoV|P0C6U7.64.BC2	27397
CoV|P0C6U7.65.BC1	29255
CoV|P0C6U7.65.BC2	19536
CoV|P0C6U7.66.BC1	23592
CoV|P0C6U7.66.BC2	25430
CoV|P0C6U7.67.BC1	18547
CoV|P0C6U7.67.BC2	10956
CoV|P0C6U7.68.BC1	29385
CoV|P0C6U7.68.BC2	19697
CoV|P0C6U7.69.BC1	27077
CoV|P0C6U7.69.BC2	23664
CoV|P0C6U7.7.BC1	31875
CoV|P0C6U7.7.BC2	49125
CoV|P0C6U7.70.BC1	31026
CoV|P0C6U7.70.BC2	16363
CoV|P0C6U7.71.BC1	25719
CoV|P0C6U7.71.BC2	18193
CoV|P0C6U7.72.BC1	41993
CoV|P0C6U7.72.BC2	35574
CoV|P0C6U7.73.BC1	26949
CoV|P0C6U7.73.BC2	28852
CoV|P0C6U7.74.BC1	24972
CoV|P0C6U7.74.BC2	16771
CoV|P0C6U7.75.BC1	28321
CoV|P0C6U7.75.BC2	14357
CoV|P0C6U7.76.BC1	25351
CoV|P0C6U7.76.BC2	14713
CoV|P0C6U7.77.BC1	11364
CoV|P0C6U7.77.BC2	29173
CoV|P0C6U7.78.BC1	6690
CoV|P0C6U7.78.BC2	29181
CoV|P0C6U7.79.BC1	15702
CoV|P0C6U7.79.BC2	10528
CoV|P0C6U7.8.BC1	36678
CoV|P0C6U7.8.BC2	24212
CoV|P0C6U7.80.BC1	26952
CoV|P0C6U7.80.BC2	16986
CoV|P0C6U7.81.BC1	21425
CoV|P0C6U7.81.BC2	27551
CoV|P0C6U7.82.BC1	28648
CoV|P0C6U7.82.BC2	31520
CoV|P0C6U7.83.BC1	18970
CoV|P0C6U7.83.BC2	26902
CoV|P0C6U7.84.BC1	32961
CoV|P0C6U7.84.BC2	29829
CoV|P0C6U7.85.BC1	12661
CoV|P0C6U7.85.BC2	64004
CoV|P0C6U7.86.BC1	11481
CoV|P0C6U7.86.BC2	31370
CoV|P0C6U7.87.BC1	39117
CoV|P0C6U7.87.BC2	25737
CoV|P0C6U7.88.BC1	43293
CoV|P0C6U7.88.BC2	28909
CoV|P0C6U7.89.BC1	33819
CoV|P0C6U7.89.BC2	31471
CoV|P0C6U7.9.BC1	13878
CoV|P0C6U7.9.BC2	14637
CoV|P0C6U7.90.BC1	22549
CoV|P0C6U7.90.BC2	30877
CoV|P0C6U7.91.BC1	24260
CoV|P0C6U7.91.BC2	32369
CoV|P0C6U7.92.BC1	11397
CoV|P0C6U7.92.BC2	12863
CoV|P0C6U7.93.BC1	24574
CoV|P0C6U7.93.BC2	38206
CoV|P0C6U7.94.BC1	42043
CoV|P0C6U7.94.BC2	39693
CoV|P0C6U7.95.BC1	7927
CoV|P0C6U7.95.BC2	9964
CoV|P0C6U7.96.BC1	27431
CoV|P0C6U7.96.BC2	38578
CoV|P0C6U7.97.BC1	37989
CoV|P0C6U7.97.BC2	52239
CoV|P0C6U7.98.BC1	34236
CoV|P0C6U7.98.BC2	28647
CoV|P0C6U7.99.BC1	41429
CoV|P0C6U7.99.BC2	14051
CoV|P0C6U8.0.BC1	43282
CoV|P0C6U8.0.BC2	14189
CoV|P0C6U8.1.BC1	19722
CoV|P0C6U8.1.BC2	12849
CoV|P0C6U8.10.BC1	22665
CoV|P0C6U8.10.BC2	53846
CoV|P0C6U8.100.BC1	16711
CoV|P0C6U8.100.BC2	22001
CoV|P0C6U8.101.BC1	9882
CoV|P0C6U8.101.BC2	14336
CoV|P0C6U8.102.BC1	23695
CoV|P0C6U8.102.BC2	42178
CoV|P0C6U8.103.BC1	48587
CoV|P0C6U8.103.BC2	26229
CoV|P0C6U8.104.BC1	13221
CoV|P0C6U8.104.BC2	18252
CoV|P0C6U8.105.BC1	12933
CoV|P0C6U8.105.BC2	10546
CoV|P0C6U8.106.BC1	31559
CoV|P0C6U8.106.BC2	15883
CoV|P0C6U8.107.BC1	5670
CoV|P0C6U8.107.BC2	21095
CoV|P0C6U8.108.BC1	38361
CoV|P0C6U8.108.BC2	31549
CoV|P0C6U8.109.BC1	59463
CoV|P0C6U8.109.BC2	21829
CoV|P0C6U8.11.BC1	32800
CoV|P0C6U8.11.BC2	47681
CoV|P0C6U8.110.BC1	48966
CoV|P0C6U8.110.BC2	11322
CoV|P0C6U8.111.BC1	4217
CoV|P0C6U8.111.BC2	27155
CoV|P0C6U8.112.BC1	17263
CoV|P0C6U8.112.BC2	9370
CoV|P0C6U8.113.BC1	26513
CoV|P0C6U8.113.BC2	20715
CoV|P0C6U8.114.BC1	21585
CoV|P0C6U8.114.BC2	15853
CoV|P0C6U8.115.BC1	15030
CoV|P0C6U8.115.BC2	12535
CoV|P0C6U8.116.BC1	25175
CoV|P0C6U8.116.BC2	25280
CoV|P0C6U8.117.BC1	34577
CoV|P0C6U8.117.BC2	23808
CoV|P0C6U8.118.BC1	30338
CoV|P0C6U8.118.BC2	18246
CoV|P0C6U8.119.BC1	27685
CoV|P0C6U8.119.BC2	13815
CoV|P0C6U8.12.BC1	51111
CoV|P0C6U8.12.BC2	24449
CoV|P0C6U8.120.BC1	12512
CoV|P0C6U8.120.BC2	31005
CoV|P0C6U8.121.BC1	16684
CoV|P0C6U8.121.BC2	15942
CoV|P0C6U8.122.BC1	14706
CoV|P0C6U8.122.BC2	18822
CoV|P0C6U8.123.BC1	12994
CoV|P0C6U8.123.BC2	18411
CoV|P0C6U8.124.BC1	24111
CoV|P0C6U8.124.BC2	29638
CoV|P0C6U8.125.BC1	18405
CoV|P0C6U8.125.BC2	10768
CoV|P0C6U8.126.BC1	18560
CoV|P0C6U8.126.BC2	20203
CoV|P0C6U8.127.BC1	45669
CoV|P0C6U8.127.BC2	37720
CoV|P0C6U8.128.BC1	44798
CoV|P0C6U8.128.BC2	67770
CoV|P0C6U8.129.BC1	54665
CoV|P0C6U8.129.BC2	17553
CoV|P0C6U8.13.BC1	20707
CoV|P0C6U8.13.BC2	24862
CoV|P0C6U8.130.BC1	55748
CoV|P0C6U8.130.BC2	42887
CoV|P0C6U8.131.BC1	23610
CoV|P0C6U8.131.BC2	21085
CoV|P0C6U8.132.BC1	33585
CoV|P0C6U8.132.BC2	32744
CoV|P0C6U8.133.BC1	53334
CoV|P0C6U8.133.BC2	43209
CoV|P0C6U8.134.BC1	15183
CoV|P0C6U8.134.BC2	26238
CoV|P0C6U8.135.BC1	12275
CoV|P0C6U8.135.BC2	9200
CoV|P0C6U8.136.BC1	16561
CoV|P0C6U8.136.BC2	18217
CoV|P0C6U8.137.BC1	6230
CoV|P0C6U8.137.BC2	11565
CoV|P0C6U8.138.BC1	15880
CoV|P0C6U8.138.BC2	13766
CoV|P0C6U8.139.BC1	28561
CoV|P0C6U8.139.BC2	32884
CoV|P0C6U8.14.BC1	17285
CoV|P0C6U8.14.BC2	15680
CoV|P0C6U8.140.BC1	26154
CoV|P0C6U8.140.BC2	50083
CoV|P0C6U8.141.BC1	56761
CoV|P0C6U8.141.BC2	28736
CoV|P0C6U8.142.BC1	30926
CoV|P0C6U8.142.BC2	23936
CoV|P0C6U8.143.BC1	39299
CoV|P0C6U8.143.BC2	25142
CoV|P0C6U8.144.BC1	14331
CoV|P0C6U8.144.BC2	4733
CoV|P0C6U8.145.BC1	27170
CoV|P0C6U8.145.BC2	12741
CoV|P0C6U8.146.BC1	50069
CoV|P0C6U8.146.BC2	44076
CoV|P0C6U8.147.BC1	43659
CoV|P0C6U8.147.BC2	26362
CoV|P0C6U8.148.BC1	28397
CoV|P0C6U8.148.BC2	20610
CoV|P0C6U8.149.BC1	16591
CoV|P0C6U8.149.BC2	19182
CoV|P0C6U8.15.BC1	11955
CoV|P0C6U8.15.BC2	11943
CoV|P0C6U8.150.BC1	16973
CoV|P0C6U8.150.BC2	20226
CoV|P0C6U8.151.BC1	16166
CoV|P0C6U8.151.BC2	24273
CoV|P0C6U8.152.BC1	28348
CoV|P0C6U8.152.BC2	18839
CoV|P0C6U8.153.BC1	21952
CoV|P0C6U8.153.BC2	10925
CoV|P0C6U8.154.BC1	25184
CoV|P0C6U8.154.BC2	39388
CoV|P0C6U8.155.BC1	33776
CoV|P0C6U8.155.BC2	47071
CoV|P0C6U8.16.BC1	11638
CoV|P0C6U8.16.BC2	7680
CoV|P0C6U8.17.BC1	24142
CoV|P0C6U8.17.BC2	27512
CoV|P0C6U8.18.BC1	47881
CoV|P0C6U8.18.BC2	48519
CoV|P0C6U8.19.BC1	35096
CoV|P0C6U8.19.BC2	15225
CoV|P0C6U8.2.BC1	37624
CoV|P0C6U8.2.BC2	20524
CoV|P0C6U8.20.BC1	5658
CoV|P0C6U8.20.BC2	22351
CoV|P0C6U8.21.BC1	27569
CoV|P0C6U8.21.BC2	10506
CoV|P0C6U8.22.BC1	9980
CoV|P0C6U8.22.BC2	6974
CoV|P0C6U8.23.BC1	5361
CoV|P0C6U8.23.BC2	5789
CoV|P0C6U8.24.BC1	18703
CoV|P0C6U8.24.BC2	10644
CoV|P0C6U8.25.BC1	24620
CoV|P0C6U8.25.BC2	23609
CoV|P0C6U8.26.BC1	26900
CoV|P0C6U8.26.BC2	35730
CoV|P0C6U8.27.BC1	37148
CoV|P0C6U8.27.BC2	37709
CoV|P0C6U8.28.BC1	40343
CoV|P0C6U8.28.BC2	14182
CoV|P0C6U8.29.BC1	21127
CoV|P0C6U8.29.BC2	26969
CoV|P0C6U8.3.BC1	17856
CoV|P0C6U8.3.BC2	24342
CoV|P0C6U8.30.BC1	19670
CoV|P0C6U8.30.BC2	23217
CoV|P0C6U8.31.BC1	16266
CoV|P0C6U8.31.BC2	7611
CoV|P0C6U8.32.BC1	27286
CoV|P0C6U8.32.BC2	3982
CoV|P0C6U8.33.BC1	24967
CoV|P0C6U8.33.BC2	27400
CoV|P0C6U8.34.BC1	29728
CoV|P0C6U8.34.BC2	17679
CoV|P0C6U8.35.BC1	38939
CoV|P0C6U8.35.BC2	30603
CoV|P0C6U8.36.BC1	14449
CoV|P0C6U8.36.BC2	33684
CoV|P0C6U8.37.BC1	38724
CoV|P0C6U8.37.BC2	12213
CoV|P0C6U8.38.BC1	21598
CoV|P0C6U8.38.BC2	11381
CoV|P0C6U8.39.BC1	8786
CoV|P0C6U8.39.BC2	13066
CoV|P0C6U8.4.BC1	13207
CoV|P0C6U8.4.BC2	40008
CoV|P0C6U8.40.BC1	12486
CoV|P0C6U8.40.BC2	6641
CoV|P0C6U8.41.BC1	5406
CoV|P0C6U8.41.BC2	37396
CoV|P0C6U8.42.BC1	15117
CoV|P0C6U8.42.BC2	12629
CoV|P0C6U8.43.BC1	25979
CoV|P0C6U8.43.BC2	16901
CoV|P0C6U8.44.BC1	43837
CoV|P0C6U8.44.BC2	33425
CoV|P0C6U8.45.BC1	20135
CoV|P0C6U8.45.BC2	21135
CoV|P0C6U8.46.BC1	22634
CoV|P0C6U8.46.BC2	19114
CoV|P0C6U8.47.BC1	24532
CoV|P0C6U8.47.BC2	33919
CoV|P0C6U8.48.BC1	8722
CoV|P0C6U8.48.BC2	3876
CoV|P0C6U8.49.BC1	17274
CoV|P0C6U8.49.BC2	13017
CoV|P0C6U8.5.BC1	23276
CoV|P0C6U8.5.BC2	32053
CoV|P0C6U8.50.BC1	38363
CoV|P0C6U8.50.BC2	41759
CoV|P0C6U8.51.BC1	52036
CoV|P0C6U8.51.BC2	24001
CoV|P0C6U8.52.BC1	18928
CoV|P0C6U8.52.BC2	29632
CoV|P0C6U8.53.BC1	28680
CoV|P0C6U8.53.BC2	15906
CoV|P0C6U8.54.BC1	16657
CoV|P0C6U8.54.BC2	20756
CoV|P0C6U8.55.BC1	38597
CoV|P0C6U8.55.BC2	16905
CoV|P0C6U8.56.BC1	38416
CoV|P0C6U8.56.BC2	29877
CoV|P0C6U8.57.BC1	6346
CoV|P0C6U8.57.BC2	20304
CoV|P0C6U8.58.BC1	11948
CoV|P0C6U8.58.BC2	12352
CoV|P0C6U8.59.BC1	11759
CoV|P0C6U8.59.BC2	13162
CoV|P0C6U8.6.BC1	25297
CoV|P0C6U8.6.BC2	13263
CoV|P0C6U8.60.BC1	16409
CoV|P0C6U8.60.BC2	18589
CoV|P0C6U8.61.BC1	39018
CoV|P0C6U8.61.BC2	23660
CoV|P0C6U8.62.BC1	28513
CoV|P0C6U8.62.BC2	19822
CoV|P0C6U8.63.BC1	29563
CoV|P0C6U8.63.BC2	24804
CoV|P0C6U8.64.BC1	21405
CoV|P0C6U8.64.BC2	25584
CoV|P0C6U8.65.BC1	31842
CoV|P0C6U8.65.BC2	29436
CoV|P0C6U8.66.BC1	21289
CoV|P0C6U8.66.BC2	59363
CoV|P0C6U8.67.BC1	19694
CoV|P0C6U8.67.BC2	61149
CoV|P0C6U8.68.BC1	18438
CoV|P0C6U8.68.BC2	24171
CoV|P0C6U8.69.BC1	29647
CoV|P0C6U8.69.BC2	25641
CoV|P0C6U8.7.BC1	9550
CoV|P0C6U8.7.BC2	10732
CoV|P0C6U8.70.BC1	18952
CoV|P0C6U8.70.BC2	38285
CoV|P0C6U8.71.BC1	27647
CoV|P0C6U8.71.BC2	21831
CoV|P0C6U8.72.BC1	17899
CoV|P0C6U8.72.BC2	35369
CoV|P0C6U8.73.BC1	32924
CoV|P0C6U8.73.BC2	21274
CoV|P0C6U8.74.BC1	11292
CoV|P0C6U8.74.BC2	32836
CoV|P0C6U8.75.BC1	21177
CoV|P0C6U8.75.BC2	36645
CoV|P0C6U8.76.BC1	10519
CoV|P0C6U8.76.BC2	30663
CoV|P0C6U8.77.BC1	3803
CoV|P0C6U8.77.BC2	16722
CoV|P0C6U8.78.BC1	40450
CoV|P0C6U8.78.BC2	26721
CoV|P0C6U8.79.BC1	18298
CoV|P0C6U8.79.BC2	7675
CoV|P0C6U8.8.BC1	29814
CoV|P0C6U8.8.BC2	35157
CoV|P0C6U8.80.BC1	18735
CoV|P0C6U8.80.BC2	16345
CoV|P0C6U8.81.BC1	24302
CoV|P0C6U8.81.BC2	32275
CoV|P0C6U8.82.BC1	42664
CoV|P0C6U8.82.BC2	51333
CoV|P0C6U8.83.BC1	28638
CoV|P0C6U8.83.BC2	37382
CoV|P0C6U8.84.BC1	18353
CoV|P0C6U8.84.BC2	10937
CoV|P0C6U8.85.BC1	41198
CoV|P0C6U8.85.BC2	23330
CoV|P0C6U8.86.BC1	23952
CoV|P0C6U8.86.BC2	54051
CoV|P0C6U8.87.BC1	14649
CoV|P0C6U8.87.BC2	27150
CoV|P0C6U8.88.BC1	15313
CoV|P0C6U8.88.BC2	13622
CoV|P0C6U8.89.BC1	6867
CoV|P0C6U8.89.BC2	18775
CoV|P0C6U8.9.BC1	23726
CoV|P0C6U8.9.BC2	16288
CoV|P0C6U8.90.BC1	46824
CoV|P0C6U8.90.BC2	20325
CoV|P0C6U8.91.BC1	13638
CoV|P0C6U8.91.BC2	26513
CoV|P0C6U8.92.BC1	19929
CoV|P0C6U8.92.BC2	8374
CoV|P0C6U8.93.BC1	27992
CoV|P0C6U8.93.BC2	19816
CoV|P0C6U8.94.BC1	58190
CoV|P0C6U8.94.BC2	52708
CoV|P0C6U8.95.BC1	14095
CoV|P0C6U8.95.BC2	29655
CoV|P0C6U8.96.BC1	17715
CoV|P0C6U8.96.BC2	12232
CoV|P0C6U8.97.BC1	38375
CoV|P0C6U8.97.BC2	43141
CoV|P0C6U8.98.BC1	22001
CoV|P0C6U8.98.BC2	35311
CoV|P0C6U8.99.BC1	28683
CoV|P0C6U8.99.BC2	26314
CoV|P0C6V9.155.BC1	56733
CoV|P0C6V9.155.BC2	54123
CoV|P0C6V9.156.BC1	33100
CoV|P0C6V9.156.BC2	30808
CoV|P0C6V9.157.BC1	21620
CoV|P0C6V9.157.BC2	14507
CoV|P0C6V9.158.BC1	17249
CoV|P0C6V9.158.BC2	30253
CoV|P0C6V9.159.BC1	30126
CoV|P0C6V9.159.BC2	27803
CoV|P0C6V9.160.BC1	24166
CoV|P0C6V9.160.BC2	15645
CoV|P0C6V9.161.BC1	13109
CoV|P0C6V9.161.BC2	15937
CoV|P0C6V9.162.BC1	21738
CoV|P0C6V9.162.BC2	8800
CoV|P0C6V9.163.BC1	44082
CoV|P0C6V9.163.BC2	29968
CoV|P0C6V9.164.BC1	20008
CoV|P0C6V9.164.BC2	26237
CoV|P0C6V9.165.BC1	25831
CoV|P0C6V9.165.BC2	28523
CoV|P0C6V9.166.BC1	8496
CoV|P0C6V9.166.BC2	34547
CoV|P0C6V9.167.BC1	26594
CoV|P0C6V9.167.BC2	6792
CoV|P0C6V9.168.BC1	10979
CoV|P0C6V9.168.BC2	39582
CoV|P0C6V9.169.BC1	32741
CoV|P0C6V9.169.BC2	41666
CoV|P0C6V9.170.BC1	17142
CoV|P0C6V9.170.BC2	25179
CoV|P0C6V9.171.BC1	15147
CoV|P0C6V9.171.BC2	18853
CoV|P0C6V9.172.BC1	11523
CoV|P0C6V9.172.BC2	9095
CoV|P0C6V9.173.BC1	19676
CoV|P0C6V9.173.BC2	16183
CoV|P0C6V9.174.BC1	19396
CoV|P0C6V9.174.BC2	12567
CoV|P0C6V9.175.BC1	18754
CoV|P0C6V9.175.BC2	4248
CoV|P0C6V9.176.BC1	2527
CoV|P0C6V9.176.BC2	2749
CoV|P0C6V9.177.BC1	24176
CoV|P0C6V9.177.BC2	42176
CoV|P0C6V9.178.BC1	12060
CoV|P0C6V9.178.BC2	17505
CoV|P0C6V9.179.BC1	23239
CoV|P0C6V9.179.BC2	16487
CoV|P0C6V9.180.BC1	18214
CoV|P0C6V9.180.BC2	6323
CoV|P0C6V9.181.BC1	16644
CoV|P0C6V9.181.BC2	10080
CoV|P0C6V9.182.BC1	19185
CoV|P0C6V9.182.BC2	20371
CoV|P0C6V9.183.BC1	18801
CoV|P0C6V9.183.BC2	10577
CoV|P0C6V9.184.BC1	36368
CoV|P0C6V9.184.BC2	27799
CoV|P0C6V9.185.BC1	17868
CoV|P0C6V9.185.BC2	39306
CoV|P0C6V9.186.BC1	18652
CoV|P0C6V9.186.BC2	9302
CoV|P0C6V9.187.BC1	6869
CoV|P0C6V9.187.BC2	9510
CoV|P0C6V9.188.BC1	37448
CoV|P0C6V9.188.BC2	42825
CoV|P0C6V9.189.BC1	21397
CoV|P0C6V9.189.BC2	32737
CoV|P0C6V9.190.BC1	15078
CoV|P0C6V9.190.BC2	27428
CoV|P0C6V9.191.BC1	30957
CoV|P0C6V9.191.BC2	18104
CoV|P0C6V9.192.BC1	41157
CoV|P0C6V9.192.BC2	44033
CoV|P0C6V9.193.BC1	40074
CoV|P0C6V9.193.BC2	28734
CoV|P0C6V9.194.BC1	25102
CoV|P0C6V9.194.BC2	16703
CoV|P0C6V9.195.BC1	13748
CoV|P0C6V9.195.BC2	24082
CoV|P0C6V9.196.BC1	15525
CoV|P0C6V9.196.BC2	9687
CoV|P0C6V9.197.BC1	15116
CoV|P0C6V9.197.BC2	15559
CoV|P0C6V9.198.BC1	17811
CoV|P0C6V9.198.BC2	23490
CoV|P0C6V9.199.BC1	34916
CoV|P0C6V9.199.BC2	34257
CoV|P0C6V9.200.BC1	23600
CoV|P0C6V9.200.BC2	29677
CoV|P0C6V9.201.BC1	31182
CoV|P0C6V9.201.BC2	38856
CoV|P0C6V9.202.BC1	22774
CoV|P0C6V9.202.BC2	16518
CoV|P0C6V9.203.BC1	22715
CoV|P0C6V9.203.BC2	45409
CoV|P0C6V9.204.BC1	38577
CoV|P0C6V9.204.BC2	29700
CoV|P0C6V9.205.BC1	15240
CoV|P0C6V9.205.BC2	18391
CoV|P0C6V9.206.BC1	45893
CoV|P0C6V9.206.BC2	40358
CoV|P0C6V9.207.BC1	36419
CoV|P0C6V9.207.BC2	14969
CoV|P0C6V9.208.BC1	21134
CoV|P0C6V9.208.BC2	11165
CoV|P0C6V9.209.BC1	16740
CoV|P0C6V9.209.BC2	20466
CoV|P0C6V9.210.BC1	45660
CoV|P0C6V9.210.BC2	41817
CoV|P0C6V9.211.BC1	46289
CoV|P0C6V9.211.BC2	2193
CoV|P0C6V9.212.BC1	21372
CoV|P0C6V9.212.BC2	10579
CoV|P0C6V9.213.BC1	31824
CoV|P0C6V9.213.BC2	43043
CoV|P0C6V9.214.BC1	27824
CoV|P0C6V9.214.BC2	25651
CoV|P0C6V9.215.BC1	10322
CoV|P0C6V9.215.BC2	17884
CoV|P0C6V9.216.BC1	11077
CoV|P0C6V9.216.BC2	21068
CoV|P0C6V9.217.BC1	19758
CoV|P0C6V9.217.BC2	7054
CoV|P0C6V9.218.BC1	10253
CoV|P0C6V9.218.BC2	8163
CoV|P0C6V9.219.BC1	25189
CoV|P0C6V9.219.BC2	25958
CoV|P0C6V9.220.BC1	30120
CoV|P0C6V9.220.BC2	35150
CoV|P0C6V9.221.BC1	33697
CoV|P0C6V9.221.BC2	21929
CoV|P0C6V9.222.BC1	30670
CoV|P0C6V9.222.BC2	26995
CoV|P0C6V9.223.BC1	16617
CoV|P0C6V9.223.BC2	9530
CoV|P0C6V9.224.BC1	18474
CoV|P0C6V9.224.BC2	11446
CoV|P0C6V9.225.BC1	28013
CoV|P0C6V9.225.BC2	43893
CoV|P0C6V9.226.BC1	40950
CoV|P0C6V9.226.BC2	22474
CoV|P0C6V9.227.BC1	55000
CoV|P0C6V9.227.BC2	51539
CoV|P0C6V9.228.BC1	16425
CoV|P0C6V9.228.BC2	15036
CoV|P0C6V9.229.BC1	10306
CoV|P0C6V9.229.BC2	10342
CoV|P0C6V9.230.BC1	40499
CoV|P0C6V9.230.BC2	34996
CoV|P0C6V9.231.BC1	21038
CoV|P0C6V9.231.BC2	22264
CoV|P0C6V9.232.BC1	22106
CoV|P0C6V9.232.BC2	35458
CoV|P0C6V9.233.BC1	70813
CoV|P0C6V9.233.BC2	71709
CoV|P0C6V9.234.BC1	25308
CoV|P0C6V9.234.BC2	36859
CoV|P0C6V9.235.BC1	21838
CoV|P0C6V9.235.BC2	26394
CoV|P0C6V9.236.BC1	15023
CoV|P0C6V9.236.BC2	20252
CoV|P0C6V9.237.BC1	15013
CoV|P0C6V9.237.BC2	13912
CoV|P0C6V9.238.BC1	20709
CoV|P0C6V9.238.BC2	23652
CoV|P0C6V9.239.BC1	25026
CoV|P0C6V9.239.BC2	9370
CoV|P0C6V9.240.BC1	3312
CoV|P0C6V9.240.BC2	17238
CoV|P0C6V9.241.BC1	17098
CoV|P0C6V9.241.BC2	6985
CoV|P0C6V9.242.BC1	23528
CoV|P0C6V9.242.BC2	18169
CoV|P0C6V9.243.BC1	25233
CoV|P0C6V9.243.BC2	29721
CoV|P0C6V9.244.BC1	55382
CoV|P0C6V9.244.BC2	44218
CoV|P0C6V9.245.BC1	21739
CoV|P0C6V9.245.BC2	29527
CoV|P0C6V9.246.BC1	12675
CoV|P0C6V9.246.BC2	12935
CoV|P0C6V9.247.BC1	14293
CoV|P0C6V9.247.BC2	22054
CoV|P0C6V9.248.BC1	6801
CoV|P0C6V9.248.BC2	3673
CoV|P0C6V9.249.BC1	12940
CoV|P0C6V9.249.BC2	9737
CoV|P0C6V9.250.BC1	34246
CoV|P0C6V9.250.BC2	13348
CoV|P0C6V9.251.BC1	22254
CoV|P0C6V9.251.BC2	29265
CoV|P0C6W2.10.BC1	16724
CoV|P0C6W2.10.BC2	28834
CoV|P0C6W2.100.BC1	7864
CoV|P0C6W2.100.BC2	19008
CoV|P0C6W2.101.BC1	16929
CoV|P0C6W2.101.BC2	21427
CoV|P0C6W2.102.BC1	6314
CoV|P0C6W2.102.BC2	23262
CoV|P0C6W2.103.BC1	43353
CoV|P0C6W2.103.BC2	35956
CoV|P0C6W2.104.BC1	29098
CoV|P0C6W2.104.BC2	29161
CoV|P0C6W2.105.BC1	30639
CoV|P0C6W2.105.BC2	49409
CoV|P0C6W2.106.BC1	13439
CoV|P0C6W2.106.BC2	20740
CoV|P0C6W2.107.BC1	22730
CoV|P0C6W2.107.BC2	33370
CoV|P0C6W2.108.BC1	47657
CoV|P0C6W2.108.BC2	43588
CoV|P0C6W2.109.BC1	54158
CoV|P0C6W2.109.BC2	39784
CoV|P0C6W2.11.BC1	60958
CoV|P0C6W2.11.BC2	61601
CoV|P0C6W2.110.BC1	28417
CoV|P0C6W2.110.BC2	30192
CoV|P0C6W2.111.BC1	4017
CoV|P0C6W2.111.BC2	13104
CoV|P0C6W2.112.BC1	20381
CoV|P0C6W2.112.BC2	12741
CoV|P0C6W2.113.BC1	17294
CoV|P0C6W2.113.BC2	21279
CoV|P0C6W2.114.BC1	39795
CoV|P0C6W2.114.BC2	14407
CoV|P0C6W2.115.BC1	37818
CoV|P0C6W2.115.BC2	22187
CoV|P0C6W2.116.BC1	4171
CoV|P0C6W2.116.BC2	42135
CoV|P0C6W2.117.BC1	12541
CoV|P0C6W2.117.BC2	18049
CoV|P0C6W2.118.BC1	10285
CoV|P0C6W2.118.BC2	21010
CoV|P0C6W2.119.BC1	19305
CoV|P0C6W2.119.BC2	35140
CoV|P0C6W2.12.BC1	29977
CoV|P0C6W2.12.BC2	19564
CoV|P0C6W2.120.BC1	18764
CoV|P0C6W2.120.BC2	20450
CoV|P0C6W2.121.BC1	17466
CoV|P0C6W2.121.BC2	11425
CoV|P0C6W2.122.BC1	11611
CoV|P0C6W2.122.BC2	9384
CoV|P0C6W2.123.BC1	22977
CoV|P0C6W2.123.BC2	25895
CoV|P0C6W2.124.BC1	21008
CoV|P0C6W2.124.BC2	17274
CoV|P0C6W2.125.BC1	20091
CoV|P0C6W2.125.BC2	14737
CoV|P0C6W2.126.BC1	23678
CoV|P0C6W2.126.BC2	5923
CoV|P0C6W2.127.BC1	32785
CoV|P0C6W2.127.BC2	23062
CoV|P0C6W2.128.BC1	30794
CoV|P0C6W2.128.BC2	69183
CoV|P0C6W2.129.BC1	28141
CoV|P0C6W2.129.BC2	39815
CoV|P0C6W2.13.BC1	17219
CoV|P0C6W2.13.BC2	24635
CoV|P0C6W2.130.BC1	29979
CoV|P0C6W2.130.BC2	33494
CoV|P0C6W2.131.BC1	28836
CoV|P0C6W2.131.BC2	20733
CoV|P0C6W2.132.BC1	37789
CoV|P0C6W2.132.BC2	45720
CoV|P0C6W2.133.BC1	96263
CoV|P0C6W2.133.BC2	78525
CoV|P0C6W2.134.BC1	19411
CoV|P0C6W2.134.BC2	17158
CoV|P0C6W2.135.BC1	20565
CoV|P0C6W2.135.BC2	24886
CoV|P0C6W2.136.BC1	15668
CoV|P0C6W2.136.BC2	10051
CoV|P0C6W2.137.BC1	8659
CoV|P0C6W2.137.BC2	14221
CoV|P0C6W2.138.BC1	13435
CoV|P0C6W2.138.BC2	8400
CoV|P0C6W2.139.BC1	31034
CoV|P0C6W2.139.BC2	58424
CoV|P0C6W2.14.BC1	14128
CoV|P0C6W2.14.BC2	19556
CoV|P0C6W2.140.BC1	35322
CoV|P0C6W2.140.BC2	37916
CoV|P0C6W2.141.BC1	40146
CoV|P0C6W2.141.BC2	40198
CoV|P0C6W2.142.BC1	36409
CoV|P0C6W2.142.BC2	38673
CoV|P0C6W2.143.BC1	24255
CoV|P0C6W2.143.BC2	22379
CoV|P0C6W2.144.BC1	37735
CoV|P0C6W2.144.BC2	12880
CoV|P0C6W2.145.BC1	40820
CoV|P0C6W2.145.BC2	33810
CoV|P0C6W2.146.BC1	58442
CoV|P0C6W2.146.BC2	28935
CoV|P0C6W2.147.BC1	42594
CoV|P0C6W2.147.BC2	35648
CoV|P0C6W2.148.BC1	24475
CoV|P0C6W2.148.BC2	30801
CoV|P0C6W2.149.BC1	26592
CoV|P0C6W2.149.BC2	19201
CoV|P0C6W2.15.BC1	15846
CoV|P0C6W2.15.BC2	15780
CoV|P0C6W2.150.BC1	19342
CoV|P0C6W2.150.BC2	7955
CoV|P0C6W2.151.BC1	19117
CoV|P0C6W2.151.BC2	20824
CoV|P0C6W2.152.BC1	18552
CoV|P0C6W2.152.BC2	28046
CoV|P0C6W2.153.BC1	18174
CoV|P0C6W2.153.BC2	22762
CoV|P0C6W2.154.BC1	24835
CoV|P0C6W2.154.BC2	31527
CoV|P0C6W2.155.BC1	42655
CoV|P0C6W2.155.BC2	29712
CoV|P0C6W2.156.BC1	14094
CoV|P0C6W2.156.BC2	27662
CoV|P0C6W2.157.BC1	8450
CoV|P0C6W2.157.BC2	8869
CoV|P0C6W2.158.BC1	36362
CoV|P0C6W2.158.BC2	17236
CoV|P0C6W2.159.BC1	11374
CoV|P0C6W2.159.BC2	37788
CoV|P0C6W2.16.BC1	3754
CoV|P0C6W2.16.BC2	5786
CoV|P0C6W2.160.BC1	26550
CoV|P0C6W2.160.BC2	12388
CoV|P0C6W2.161.BC1	2952
CoV|P0C6W2.161.BC2	26224
CoV|P0C6W2.162.BC1	16037
CoV|P0C6W2.162.BC2	31596
CoV|P0C6W2.163.BC1	16964
CoV|P0C6W2.163.BC2	14283
CoV|P0C6W2.164.BC1	19970
CoV|P0C6W2.164.BC2	16165
CoV|P0C6W2.165.BC1	4587
CoV|P0C6W2.165.BC2	5616
CoV|P0C6W2.166.BC1	25469
CoV|P0C6W2.166.BC2	11261
CoV|P0C6W2.167.BC1	28684
CoV|P0C6W2.167.BC2	15661
CoV|P0C6W2.168.BC1	15593
CoV|P0C6W2.168.BC2	36241
CoV|P0C6W2.169.BC1	23092
CoV|P0C6W2.169.BC2	48783
CoV|P0C6W2.17.BC1	31325
CoV|P0C6W2.17.BC2	30561
CoV|P0C6W2.170.BC1	27804
CoV|P0C6W2.170.BC2	25769
CoV|P0C6W2.171.BC1	10767
CoV|P0C6W2.171.BC2	13251
CoV|P0C6W2.172.BC1	5846
CoV|P0C6W2.172.BC2	8630
CoV|P0C6W2.173.BC1	39140
CoV|P0C6W2.173.BC2	40977
CoV|P0C6W2.174.BC1	34732
CoV|P0C6W2.174.BC2	15772
CoV|P0C6W2.175.BC1	20352
CoV|P0C6W2.175.BC2	19251
CoV|P0C6W2.176.BC1	35292
CoV|P0C6W2.176.BC2	24567
CoV|P0C6W2.177.BC1	33612
CoV|P0C6W2.177.BC2	16103
CoV|P0C6W2.178.BC1	5741
CoV|P0C6W2.178.BC2	15639
CoV|P0C6W2.179.BC1	22820
CoV|P0C6W2.179.BC2	40868
CoV|P0C6W2.18.BC1	1293
CoV|P0C6W2.18.BC2	41853
CoV|P0C6W2.180.BC1	37909
CoV|P0C6W2.180.BC2	23719
CoV|P0C6W2.181.BC1	15092
CoV|P0C6W2.181.BC2	28367
CoV|P0C6W2.182.BC1	16998
CoV|P0C6W2.182.BC2	19310
CoV|P0C6W2.183.BC1	15996
CoV|P0C6W2.183.BC2	12447
CoV|P0C6W2.184.BC1	41043
CoV|P0C6W2.184.BC2	48818
CoV|P0C6W2.185.BC1	12309
CoV|P0C6W2.185.BC2	26721
CoV|P0C6W2.186.BC1	10337
CoV|P0C6W2.186.BC2	9732
CoV|P0C6W2.187.BC1	29154
CoV|P0C6W2.187.BC2	14926
CoV|P0C6W2.188.BC1	12092
CoV|P0C6W2.188.BC2	50762
CoV|P0C6W2.189.BC1	40465
CoV|P0C6W2.189.BC2	21302
CoV|P0C6W2.19.BC1	25022
CoV|P0C6W2.19.BC2	26836
CoV|P0C6W2.190.BC1	6106
CoV|P0C6W2.190.BC2	2602
CoV|P0C6W2.191.BC1	33728
CoV|P0C6W2.191.BC2	53953
CoV|P0C6W2.192.BC1	47778
CoV|P0C6W2.192.BC2	40457
CoV|P0C6W2.193.BC1	17428
CoV|P0C6W2.193.BC2	18366
CoV|P0C6W2.194.BC1	7209
CoV|P0C6W2.194.BC2	24910
CoV|P0C6W2.195.BC1	15810
CoV|P0C6W2.195.BC2	15516
CoV|P0C6W2.196.BC1	15983
CoV|P0C6W2.196.BC2	20645
CoV|P0C6W2.197.BC1	18849
CoV|P0C6W2.197.BC2	14093
CoV|P0C6W2.198.BC1	15503
CoV|P0C6W2.198.BC2	12271
CoV|P0C6W2.199.BC1	13119
CoV|P0C6W2.199.BC2	13594
CoV|P0C6W2.2.BC1	24568
CoV|P0C6W2.2.BC2	27398
CoV|P0C6W2.20.BC1	14181
CoV|P0C6W2.20.BC2	20165
CoV|P0C6W2.200.BC1	34248
CoV|P0C6W2.200.BC2	46528
CoV|P0C6W2.201.BC1	15356
CoV|P0C6W2.201.BC2	30001
CoV|P0C6W2.202.BC1	34863
CoV|P0C6W2.202.BC2	29623
CoV|P0C6W2.203.BC1	39286
CoV|P0C6W2.203.BC2	36540
CoV|P0C6W2.204.BC1	18917
CoV|P0C6W2.204.BC2	23742
CoV|P0C6W2.205.BC1	20139
CoV|P0C6W2.205.BC2	14355
CoV|P0C6W2.206.BC1	35185
CoV|P0C6W2.206.BC2	24707
CoV|P0C6W2.207.BC1	28583
CoV|P0C6W2.207.BC2	26101
CoV|P0C6W2.208.BC1	6487
CoV|P0C6W2.208.BC2	8018
CoV|P0C6W2.209.BC1	19259
CoV|P0C6W2.209.BC2	21216
CoV|P0C6W2.21.BC1	9087
CoV|P0C6W2.21.BC2	29839
CoV|P0C6W2.210.BC1	20240
CoV|P0C6W2.210.BC2	29728
CoV|P0C6W2.211.BC1	14134
CoV|P0C6W2.211.BC2	16807
CoV|P0C6W2.212.BC1	25105
CoV|P0C6W2.212.BC2	33086
CoV|P0C6W2.213.BC1	29317
CoV|P0C6W2.213.BC2	39734
CoV|P0C6W2.214.BC1	20756
CoV|P0C6W2.214.BC2	29664
CoV|P0C6W2.215.BC1	8393
CoV|P0C6W2.215.BC2	20312
CoV|P0C6W2.216.BC1	13795
CoV|P0C6W2.216.BC2	18325
CoV|P0C6W2.217.BC1	17560
CoV|P0C6W2.217.BC2	20231
CoV|P0C6W2.218.BC1	14196
CoV|P0C6W2.218.BC2	14241
CoV|P0C6W2.219.BC1	34073
CoV|P0C6W2.219.BC2	26169
CoV|P0C6W2.22.BC1	8669
CoV|P0C6W2.22.BC2	17586
CoV|P0C6W2.220.BC1	51541
CoV|P0C6W2.220.BC2	18183
CoV|P0C6W2.221.BC1	28395
CoV|P0C6W2.221.BC2	9846
CoV|P0C6W2.222.BC1	41012
CoV|P0C6W2.222.BC2	28176
CoV|P0C6W2.223.BC1	16333
CoV|P0C6W2.223.BC2	15619
CoV|P0C6W2.224.BC1	20124
CoV|P0C6W2.224.BC2	38318
CoV|P0C6W2.225.BC1	32835
CoV|P0C6W2.225.BC2	31958
CoV|P0C6W2.226.BC1	49161
CoV|P0C6W2.226.BC2	56107
CoV|P0C6W2.227.BC1	19135
CoV|P0C6W2.227.BC2	16211
CoV|P0C6W2.228.BC1	11440
CoV|P0C6W2.228.BC2	15527
CoV|P0C6W2.229.BC1	18651
CoV|P0C6W2.229.BC2	22698
CoV|P0C6W2.23.BC1	7796
CoV|P0C6W2.23.BC2	7258
CoV|P0C6W2.230.BC1	13927
CoV|P0C6W2.230.BC2	13105
CoV|P0C6W2.231.BC1	35649
CoV|P0C6W2.231.BC2	23594
CoV|P0C6W2.232.BC1	19355
CoV|P0C6W2.232.BC2	30123
CoV|P0C6W2.233.BC1	31747
CoV|P0C6W2.233.BC2	23420
CoV|P0C6W2.234.BC1	15663
CoV|P0C6W2.234.BC2	18388
CoV|P0C6W2.235.BC1	18414
CoV|P0C6W2.235.BC2	24334
CoV|P0C6W2.236.BC1	14808
CoV|P0C6W2.236.BC2	4859
CoV|P0C6W2.237.BC1	14290
CoV|P0C6W2.237.BC2	13318
CoV|P0C6W2.238.BC1	28062
CoV|P0C6W2.238.BC2	13094
CoV|P0C6W2.239.BC1	13398
CoV|P0C6W2.239.BC2	14230
CoV|P0C6W2.24.BC1	16689
CoV|P0C6W2.24.BC2	7805
CoV|P0C6W2.240.BC1	23592
CoV|P0C6W2.240.BC2	8641
CoV|P0C6W2.241.BC1	27955
CoV|P0C6W2.241.BC2	16806
CoV|P0C6W2.242.BC1	22483
CoV|P0C6W2.242.BC2	50586
CoV|P0C6W2.243.BC1	28475
CoV|P0C6W2.243.BC2	36472
CoV|P0C6W2.244.BC1	46581
CoV|P0C6W2.244.BC2	41809
CoV|P0C6W2.245.BC1	24092
CoV|P0C6W2.245.BC2	23570
CoV|P0C6W2.246.BC1	11983
CoV|P0C6W2.246.BC2	8778
CoV|P0C6W2.247.BC1	9121
CoV|P0C6W2.247.BC2	10559
CoV|P0C6W2.248.BC1	8335
CoV|P0C6W2.248.BC2	14819
CoV|P0C6W2.249.BC1	13096
CoV|P0C6W2.249.BC2	19930
CoV|P0C6W2.25.BC1	14047
CoV|P0C6W2.25.BC2	6201
CoV|P0C6W2.250.BC1	26072
CoV|P0C6W2.250.BC2	17508
CoV|P0C6W2.251.BC1	44462
CoV|P0C6W2.251.BC2	34913
CoV|P0C6W2.26.BC1	28102
CoV|P0C6W2.26.BC2	36879
CoV|P0C6W2.27.BC1	35741
CoV|P0C6W2.27.BC2	31232
CoV|P0C6W2.28.BC1	21721
CoV|P0C6W2.28.BC2	28815
CoV|P0C6W2.29.BC1	29091
CoV|P0C6W2.29.BC2	11822
CoV|P0C6W2.3.BC1	18222
CoV|P0C6W2.3.BC2	25596
CoV|P0C6W2.30.BC1	6974
CoV|P0C6W2.30.BC2	17295
CoV|P0C6W2.31.BC1	6526
CoV|P0C6W2.31.BC2	1882
CoV|P0C6W2.32.BC1	12479
CoV|P0C6W2.32.BC2	14886
CoV|P0C6W2.33.BC1	22171
CoV|P0C6W2.33.BC2	28450
CoV|P0C6W2.34.BC1	24806
CoV|P0C6W2.34.BC2	24517
CoV|P0C6W2.35.BC1	23550
CoV|P0C6W2.35.BC2	13374
CoV|P0C6W2.36.BC1	26285
CoV|P0C6W2.36.BC2	38595
CoV|P0C6W2.37.BC1	51341
CoV|P0C6W2.37.BC2	25411
CoV|P0C6W2.38.BC1	36783
CoV|P0C6W2.38.BC2	36903
CoV|P0C6W2.39.BC1	5598
CoV|P0C6W2.39.BC2	7100
CoV|P0C6W2.4.BC1	21148
CoV|P0C6W2.4.BC2	25708
CoV|P0C6W2.40.BC1	17029
CoV|P0C6W2.40.BC2	11972
CoV|P0C6W2.41.BC1	17456
CoV|P0C6W2.41.BC2	25184
CoV|P0C6W2.42.BC1	8484
CoV|P0C6W2.42.BC2	12449
CoV|P0C6W2.43.BC1	33100
CoV|P0C6W2.43.BC2	22814
CoV|P0C6W2.44.BC1	35602
CoV|P0C6W2.44.BC2	35741
CoV|P0C6W2.45.BC1	24692
CoV|P0C6W2.45.BC2	49129
CoV|P0C6W2.46.BC1	26528
CoV|P0C6W2.46.BC2	16520
CoV|P0C6W2.47.BC1	11575
CoV|P0C6W2.47.BC2	10325
CoV|P0C6W2.48.BC1	17145
CoV|P0C6W2.48.BC2	11700
CoV|P0C6W2.49.BC1	20373
CoV|P0C6W2.49.BC2	19347
CoV|P0C6W2.5.BC1	24456
CoV|P0C6W2.5.BC2	58786
CoV|P0C6W2.50.BC1	41573
CoV|P0C6W2.50.BC2	32251
CoV|P0C6W2.51.BC1	19681
CoV|P0C6W2.51.BC2	36977
CoV|P0C6W2.52.BC1	32920
CoV|P0C6W2.52.BC2	26092
CoV|P0C6W2.53.BC1	22121
CoV|P0C6W2.53.BC2	21583
CoV|P0C6W2.54.BC1	10568
CoV|P0C6W2.54.BC2	19437
CoV|P0C6W2.55.BC1	36606
CoV|P0C6W2.55.BC2	30798
CoV|P0C6W2.56.BC1	32499
CoV|P0C6W2.56.BC2	25959
CoV|P0C6W2.57.BC1	12533
CoV|P0C6W2.57.BC2	16505
CoV|P0C6W2.58.BC1	22837
CoV|P0C6W2.58.BC2	14040
CoV|P0C6W2.59.BC1	4991
CoV|P0C6W2.59.BC2	13122
CoV|P0C6W2.6.BC1	12567
CoV|P0C6W2.6.BC2	9505
CoV|P0C6W2.60.BC1	8634
CoV|P0C6W2.60.BC2	13814
CoV|P0C6W2.61.BC1	28156
CoV|P0C6W2.61.BC2	30245
CoV|P0C6W2.62.BC1	28360
CoV|P0C6W2.62.BC2	7792
CoV|P0C6W2.63.BC1	23741
CoV|P0C6W2.63.BC2	14200
CoV|P0C6W2.64.BC1	15001
CoV|P0C6W2.64.BC2	11267
CoV|P0C6W2.65.BC1	29064
CoV|P0C6W2.65.BC2	21442
CoV|P0C6W2.66.BC1	28914
CoV|P0C6W2.66.BC2	20703
CoV|P0C6W2.67.BC1	41026
CoV|P0C6W2.67.BC2	52912
CoV|P0C6W2.68.BC1	14852
CoV|P0C6W2.68.BC2	5591
CoV|P0C6W2.69.BC1	21482
CoV|P0C6W2.69.BC2	11670
CoV|P0C6W2.7.BC1	11315
CoV|P0C6W2.7.BC2	7636
CoV|P0C6W2.70.BC1	23150
CoV|P0C6W2.70.BC2	23744
CoV|P0C6W2.71.BC1	17324
CoV|P0C6W2.71.BC2	25407
CoV|P0C6W2.72.BC1	25469
CoV|P0C6W2.72.BC2	39322
CoV|P0C6W2.73.BC1	36077
CoV|P0C6W2.73.BC2	23761
CoV|P0C6W2.74.BC1	14788
CoV|P0C6W2.74.BC2	17202
CoV|P0C6W2.75.BC1	21854
CoV|P0C6W2.75.BC2	27743
CoV|P0C6W2.76.BC1	17406
CoV|P0C6W2.76.BC2	375
CoV|P0C6W2.77.BC1	28287
CoV|P0C6W2.77.BC2	16712
CoV|P0C6W2.78.BC1	50332
CoV|P0C6W2.78.BC2	46334
CoV|P0C6W2.79.BC1	19833
CoV|P0C6W2.79.BC2	28327
CoV|P0C6W2.8.BC1	14655
CoV|P0C6W2.8.BC2	40259
CoV|P0C6W2.80.BC1	8152
CoV|P0C6W2.80.BC2	15783
CoV|P0C6W2.81.BC1	15253
CoV|P0C6W2.81.BC2	31449
CoV|P0C6W2.82.BC1	13459
CoV|P0C6W2.82.BC2	18671
CoV|P0C6W2.83.BC1	17438
CoV|P0C6W2.83.BC2	42160
CoV|P0C6W2.84.BC1	35150
CoV|P0C6W2.84.BC2	10545
CoV|P0C6W2.85.BC1	43379
CoV|P0C6W2.85.BC2	14973
CoV|P0C6W2.86.BC1	37311
CoV|P0C6W2.86.BC2	12032
CoV|P0C6W2.87.BC1	20587
CoV|P0C6W2.87.BC2	27539
CoV|P0C6W2.88.BC1	22620
CoV|P0C6W2.88.BC2	35951
CoV|P0C6W2.89.BC1	22522
CoV|P0C6W2.89.BC2	31398
CoV|P0C6W2.9.BC1	14287
CoV|P0C6W2.9.BC2	17739
CoV|P0C6W2.90.BC1	30510
CoV|P0C6W2.90.BC2	20983
CoV|P0C6W2.91.BC1	7228
CoV|P0C6W2.91.BC2	11806
CoV|P0C6W2.92.BC1	22904
CoV|P0C6W2.92.BC2	34293
CoV|P0C6W2.93.BC1	26404
CoV|P0C6W2.93.BC2	31297
CoV|P0C6W2.94.BC1	21697
CoV|P0C6W2.94.BC2	31795
CoV|P0C6W2.95.BC1	22106
CoV|P0C6W2.95.BC2	46959
CoV|P0C6W2.96.BC1	6953
CoV|P0C6W2.96.BC2	3826
CoV|P0C6W2.97.BC1	19535
CoV|P0C6W2.97.BC2	30454
CoV|P0C6W2.98.BC1	29456
CoV|P0C6W2.98.BC2	44109
CoV|P0C6W2.99.BC1	26017
CoV|P0C6W2.99.BC2	46144
CoV|P0C6W6.155.BC1	57864
CoV|P0C6W6.155.BC2	43965
CoV|P0C6W6.156.BC1	12774
CoV|P0C6W6.156.BC2	18479
CoV|P0C6W6.157.BC1	26354
CoV|P0C6W6.157.BC2	21800
CoV|P0C6W6.158.BC1	27750
CoV|P0C6W6.158.BC2	15320
CoV|P0C6W6.159.BC1	23921
CoV|P0C6W6.159.BC2	26076
CoV|P0C6W6.160.BC1	7898
CoV|P0C6W6.160.BC2	17398
CoV|P0C6W6.161.BC1	14434
CoV|P0C6W6.161.BC2	24021
CoV|P0C6W6.162.BC1	21830
CoV|P0C6W6.162.BC2	13182
CoV|P0C6W6.163.BC1	23227
CoV|P0C6W6.163.BC2	17901
CoV|P0C6W6.164.BC1	19225
CoV|P0C6W6.164.BC2	16311
CoV|P0C6W6.165.BC1	23406
CoV|P0C6W6.165.BC2	15830
CoV|P0C6W6.166.BC1	14182
CoV|P0C6W6.166.BC2	9629
CoV|P0C6W6.167.BC1	13000
CoV|P0C6W6.167.BC2	16095
CoV|P0C6W6.168.BC1	28781
CoV|P0C6W6.168.BC2	24584
CoV|P0C6W6.169.BC1	19441
CoV|P0C6W6.169.BC2	34515
CoV|P0C6W6.170.BC1	16225
CoV|P0C6W6.170.BC2	10201
CoV|P0C6W6.171.BC1	24068
CoV|P0C6W6.171.BC2	17628
CoV|P0C6W6.172.BC1	7340
CoV|P0C6W6.172.BC2	14849
CoV|P0C6W6.173.BC1	32502
CoV|P0C6W6.173.BC2	42400
CoV|P0C6W6.174.BC1	13346
CoV|P0C6W6.174.BC2	39338
CoV|P0C6W6.175.BC1	18976
CoV|P0C6W6.175.BC2	15799
CoV|P0C6W6.176.BC1	17582
CoV|P0C6W6.176.BC2	21467
CoV|P0C6W6.177.BC1	47148
CoV|P0C6W6.177.BC2	28750
CoV|P0C6W6.178.BC1	8553
CoV|P0C6W6.178.BC2	15917
CoV|P0C6W6.179.BC1	9370
CoV|P0C6W6.179.BC2	22430
CoV|P0C6W6.180.BC1	82292
CoV|P0C6W6.180.BC2	38289
CoV|P0C6W6.181.BC1	14194
CoV|P0C6W6.181.BC2	30943
CoV|P0C6W6.182.BC1	9247
CoV|P0C6W6.182.BC2	13827
CoV|P0C6W6.183.BC1	17579
CoV|P0C6W6.183.BC2	8994
CoV|P0C6W6.184.BC1	28846
CoV|P0C6W6.184.BC2	33635
CoV|P0C6W6.185.BC1	49796
CoV|P0C6W6.185.BC2	45719
CoV|P0C6W6.186.BC1	15402
CoV|P0C6W6.186.BC2	8144
CoV|P0C6W6.187.BC1	10092
CoV|P0C6W6.187.BC2	12324
CoV|P0C6W6.188.BC1	30531
CoV|P0C6W6.188.BC2	12265
CoV|P0C6W6.189.BC1	25441
CoV|P0C6W6.189.BC2	28705
CoV|P0C6W6.190.BC1	35386
CoV|P0C6W6.190.BC2	40307
CoV|P0C6W6.191.BC1	30052
CoV|P0C6W6.191.BC2	50257
CoV|P0C6W6.192.BC1	23192
CoV|P0C6W6.192.BC2	21608
CoV|P0C6W6.193.BC1	14373
CoV|P0C6W6.193.BC2	19954
CoV|P0C6W6.194.BC1	34451
CoV|P0C6W6.194.BC2	19147
CoV|P0C6W6.195.BC1	17179
CoV|P0C6W6.195.BC2	13192
CoV|P0C6W6.196.BC1	15397
CoV|P0C6W6.196.BC2	16545
CoV|P0C6W6.197.BC1	12646
CoV|P0C6W6.197.BC2	15774
CoV|P0C6W6.198.BC1	17429
CoV|P0C6W6.198.BC2	37950
CoV|P0C6W6.199.BC1	15287
CoV|P0C6W6.199.BC2	14160
CoV|P0C6W6.200.BC1	46507
CoV|P0C6W6.200.BC2	33432
CoV|P0C6W6.201.BC1	23668
CoV|P0C6W6.201.BC2	33537
CoV|P0C6W6.202.BC1	35809
CoV|P0C6W6.202.BC2	43561
CoV|P0C6W6.203.BC1	44408
CoV|P0C6W6.203.BC2	23174
CoV|P0C6W6.204.BC1	33504
CoV|P0C6W6.204.BC2	23018
CoV|P0C6W6.205.BC1	29787
CoV|P0C6W6.205.BC2	25775
CoV|P0C6W6.206.BC1	18567
CoV|P0C6W6.206.BC2	32367
CoV|P0C6W6.207.BC1	32409
CoV|P0C6W6.207.BC2	17032
CoV|P0C6W6.208.BC1	13699
CoV|P0C6W6.208.BC2	14737
CoV|P0C6W6.209.BC1	21418
CoV|P0C6W6.209.BC2	23573
CoV|P0C6W6.210.BC1	30334
CoV|P0C6W6.210.BC2	26443
CoV|P0C6W6.211.BC1	15287
CoV|P0C6W6.211.BC2	17104
CoV|P0C6W6.212.BC1	14566
CoV|P0C6W6.212.BC2	36396
CoV|P0C6W6.213.BC1	14541
CoV|P0C6W6.213.BC2	24482
CoV|P0C6W6.214.BC1	29554
CoV|P0C6W6.214.BC2	16603
CoV|P0C6W6.215.BC1	18937
CoV|P0C6W6.215.BC2	11389
CoV|P0C6W6.216.BC1	13349
CoV|P0C6W6.216.BC2	15451
CoV|P0C6W6.217.BC1	9673
CoV|P0C6W6.217.BC2	24491
CoV|P0C6W6.218.BC1	26513
CoV|P0C6W6.218.BC2	13247
CoV|P0C6W6.219.BC1	43079
CoV|P0C6W6.219.BC2	28330
CoV|P0C6W6.220.BC1	16735
CoV|P0C6W6.220.BC2	35590
CoV|P0C6W6.221.BC1	28719
CoV|P0C6W6.221.BC2	14621
CoV|P0C6W6.222.BC1	31783
CoV|P0C6W6.222.BC2	20954
CoV|P0C6W6.223.BC1	19958
CoV|P0C6W6.223.BC2	26298
CoV|P0C6W6.224.BC1	34867
CoV|P0C6W6.224.BC2	22796
CoV|P0C6W6.225.BC1	28830
CoV|P0C6W6.225.BC2	29360
CoV|P0C6W6.226.BC1	37916
CoV|P0C6W6.226.BC2	32337
CoV|P0C6W6.227.BC1	14845
CoV|P0C6W6.227.BC2	11321
CoV|P0C6W6.228.BC1	7280
CoV|P0C6W6.228.BC2	9852
CoV|P0C6W6.229.BC1	18577
CoV|P0C6W6.229.BC2	36937
CoV|P0C6W6.230.BC1	30792
CoV|P0C6W6.230.BC2	43642
CoV|P0C6W6.231.BC1	31505
CoV|P0C6W6.231.BC2	38166
CoV|P0C6W6.232.BC1	37000
CoV|P0C6W6.232.BC2	29178
CoV|P0C6W6.233.BC1	41237
CoV|P0C6W6.233.BC2	35410
CoV|P0C6W6.234.BC1	12020
CoV|P0C6W6.234.BC2	25286
CoV|P0C6W6.235.BC1	33215
CoV|P0C6W6.235.BC2	2590
CoV|P0C6W6.236.BC1	6183
CoV|P0C6W6.236.BC2	24988
CoV|P0C6W6.237.BC1	7110
CoV|P0C6W6.237.BC2	12242
CoV|P0C6W6.238.BC1	34709
CoV|P0C6W6.238.BC2	20175
CoV|P0C6W6.239.BC1	9734
CoV|P0C6W6.239.BC2	13801
CoV|P0C6W6.240.BC1	7790
CoV|P0C6W6.240.BC2	11126
CoV|P0C6W6.241.BC1	8824
CoV|P0C6W6.241.BC2	15649
CoV|P0C6W6.242.BC1	6055
CoV|P0C6W6.242.BC2	6456
CoV|P0C6W6.243.BC1	13746
CoV|P0C6W6.243.BC2	30813
CoV|P0C6W6.244.BC1	50975
CoV|P0C6W6.244.BC2	40095
CoV|P0C6W6.245.BC1	25970
CoV|P0C6W6.245.BC2	26316
CoV|P0C6W6.246.BC1	16065
CoV|P0C6W6.246.BC2	4650
CoV|P0C6W6.247.BC1	18064
CoV|P0C6W6.247.BC2	12464
CoV|P0C6W6.248.BC1	11692
CoV|P0C6W6.248.BC2	8922
CoV|P0C6W6.249.BC1	16932
CoV|P0C6W6.249.BC2	17249
CoV|P0C6W6.250.BC1	22574
CoV|P0C6W6.250.BC2	12945
CoV|P0C6X1.144.BC1	25023
CoV|P0C6X1.144.BC2	46450
CoV|P0C6X1.145.BC1	16225
CoV|P0C6X1.145.BC2	22038
CoV|P0C6X1.146.BC1	16666
CoV|P0C6X1.146.BC2	4187
CoV|P0C6X1.147.BC1	19970
CoV|P0C6X1.147.BC2	2859
CoV|P0C6X1.148.BC1	23944
CoV|P0C6X1.148.BC2	22073
CoV|P0C6X1.149.BC1	9518
CoV|P0C6X1.149.BC2	12448
CoV|P0C6X1.150.BC1	5430
CoV|P0C6X1.150.BC2	12013
CoV|P0C6X1.151.BC1	6920
CoV|P0C6X1.151.BC2	15833
CoV|P0C6X1.152.BC1	21640
CoV|P0C6X1.152.BC2	22727
CoV|P0C6X1.153.BC1	16635
CoV|P0C6X1.153.BC2	32321
CoV|P0C6X1.154.BC1	21179
CoV|P0C6X1.154.BC2	16258
CoV|P0C6X1.155.BC1	32456
CoV|P0C6X1.155.BC2	45407
CoV|P0C6X1.156.BC1	10873
CoV|P0C6X1.156.BC2	17273
CoV|P0C6X1.157.BC1	12996
CoV|P0C6X1.157.BC2	16737
CoV|P0C6X1.158.BC1	23789
CoV|P0C6X1.158.BC2	21780
CoV|P0C6X1.159.BC1	19202
CoV|P0C6X1.159.BC2	20761
CoV|P0C6X1.160.BC1	31409
CoV|P0C6X1.160.BC2	19119
CoV|P0C6X1.161.BC1	21592
CoV|P0C6X1.161.BC2	14749
CoV|P0C6X1.162.BC1	18741
CoV|P0C6X1.162.BC2	29300
CoV|P0C6X1.163.BC1	35354
CoV|P0C6X1.163.BC2	23627
CoV|P0C6X1.164.BC1	35504
CoV|P0C6X1.164.BC2	33828
CoV|P0C6X1.165.BC1	15047
CoV|P0C6X1.165.BC2	24599
CoV|P0C6X1.166.BC1	34393
CoV|P0C6X1.166.BC2	21696
CoV|P0C6X1.167.BC1	24633
CoV|P0C6X1.167.BC2	18421
CoV|P0C6X1.168.BC1	5521
CoV|P0C6X1.168.BC2	17241
CoV|P0C6X1.169.BC1	16290
CoV|P0C6X1.169.BC2	14582
CoV|P0C6X1.170.BC1	9351
CoV|P0C6X1.170.BC2	17783
CoV|P0C6X1.171.BC1	15196
CoV|P0C6X1.171.BC2	33971
CoV|P0C6X1.172.BC1	30824
CoV|P0C6X1.172.BC2	16432
CoV|P0C6X1.173.BC1	13091
CoV|P0C6X1.173.BC2	9114
CoV|P0C6X1.174.BC1	18797
CoV|P0C6X1.174.BC2	21839
CoV|P0C6X1.175.BC1	8638
CoV|P0C6X1.175.BC2	14274
CoV|P0C6X1.176.BC1	10822
CoV|P0C6X1.176.BC2	9100
CoV|P0C6X1.177.BC1	12331
CoV|P0C6X1.177.BC2	10553
CoV|P0C6X1.178.BC1	16123
CoV|P0C6X1.178.BC2	16147
CoV|P0C6X1.179.BC1	12184
CoV|P0C6X1.179.BC2	21015
CoV|P0C6X1.180.BC1	48490
CoV|P0C6X1.180.BC2	49525
CoV|P0C6X1.181.BC1	35018
CoV|P0C6X1.181.BC2	38070
CoV|P0C6X1.182.BC1	22552
CoV|P0C6X1.182.BC2	24653
CoV|P0C6X1.183.BC1	19301
CoV|P0C6X1.183.BC2	20006
CoV|P0C6X1.184.BC1	22404
CoV|P0C6X1.184.BC2	15975
CoV|P0C6X1.185.BC1	14186
CoV|P0C6X1.185.BC2	17518
CoV|P0C6X1.186.BC1	16154
CoV|P0C6X1.186.BC2	474
CoV|P0C6X1.187.BC1	26192
CoV|P0C6X1.187.BC2	27799
CoV|P0C6X1.188.BC1	36426
CoV|P0C6X1.188.BC2	23707
CoV|P0C6X1.189.BC1	32473
CoV|P0C6X1.189.BC2	16165
CoV|P0C6X1.190.BC1	53966
CoV|P0C6X1.190.BC2	20807
CoV|P0C6X1.191.BC1	27685
CoV|P0C6X1.191.BC2	27052
CoV|P0C6X1.192.BC1	24624
CoV|P0C6X1.192.BC2	56826
CoV|P0C6X1.193.BC1	25297
CoV|P0C6X1.193.BC2	25644
CoV|P0C6X1.194.BC1	16597
CoV|P0C6X1.194.BC2	21602
CoV|P0C6X1.195.BC1	22923
CoV|P0C6X1.195.BC2	21300
CoV|P0C6X1.196.BC1	26325
CoV|P0C6X1.196.BC2	25074
CoV|P0C6X1.197.BC1	18133
CoV|P0C6X1.197.BC2	29109
CoV|P0C6X1.198.BC1	25437
CoV|P0C6X1.198.BC2	30238
CoV|P0C6X1.199.BC1	35674
CoV|P0C6X1.199.BC2	57587
CoV|P0C6X1.200.BC1	27236
CoV|P0C6X1.200.BC2	39157
CoV|P0C6X1.201.BC1	48292
CoV|P0C6X1.201.BC2	24756
CoV|P0C6X1.202.BC1	57912
CoV|P0C6X1.202.BC2	32359
CoV|P0C6X1.203.BC1	30123
CoV|P0C6X1.203.BC2	45068
CoV|P0C6X1.204.BC1	65384
CoV|P0C6X1.204.BC2	7429
CoV|P0C6X1.205.BC1	20225
CoV|P0C6X1.205.BC2	26824
CoV|P0C6X1.206.BC1	12973
CoV|P0C6X1.206.BC2	23874
CoV|P0C6X1.207.BC1	24196
CoV|P0C6X1.207.BC2	47210
CoV|P0C6X1.208.BC1	21810
CoV|P0C6X1.208.BC2	17076
CoV|P0C6X1.209.BC1	21617
CoV|P0C6X1.209.BC2	11185
CoV|P0C6X1.210.BC1	43181
CoV|P0C6X1.210.BC2	19492
CoV|P0C6X1.211.BC1	24525
CoV|P0C6X1.211.BC2	17340
CoV|P0C6X1.212.BC1	27591
CoV|P0C6X1.212.BC2	24992
CoV|P0C6X1.213.BC1	18413
CoV|P0C6X1.213.BC2	18023
CoV|P0C6X1.214.BC1	50010
CoV|P0C6X1.214.BC2	80966
CoV|P0C6X1.215.BC1	36228
CoV|P0C6X1.215.BC2	20707
CoV|P0C6X1.216.BC1	11424
CoV|P0C6X1.216.BC2	17155
CoV|P0C6X1.217.BC1	7292
CoV|P0C6X1.217.BC2	9724
CoV|P0C6X1.218.BC1	37157
CoV|P0C6X1.218.BC2	40287
CoV|P0C6X1.219.BC1	17989
CoV|P0C6X1.219.BC2	29581
CoV|P0C6X1.220.BC1	22766
CoV|P0C6X1.220.BC2	19065
CoV|P0C6X1.221.BC1	25958
CoV|P0C6X1.221.BC2	23037
CoV|P0C6X1.222.BC1	23353
CoV|P0C6X1.222.BC2	24127
CoV|P0C6X1.223.BC1	21024
CoV|P0C6X1.223.BC2	39651
CoV|P0C6X1.224.BC1	29518
CoV|P0C6X1.224.BC2	31116
CoV|P0C6X1.225.BC1	23683
CoV|P0C6X1.225.BC2	25787
CoV|P0C6X1.226.BC1	9060
CoV|P0C6X1.226.BC2	17792
CoV|P0C6X1.227.BC1	11486
CoV|P0C6X1.227.BC2	11367
CoV|P0C6X1.228.BC1	8378
CoV|P0C6X1.228.BC2	8597
CoV|P0C6X1.229.BC1	15389
CoV|P0C6X1.229.BC2	6985
CoV|P0C6X1.230.BC1	12908
CoV|P0C6X1.230.BC2	13687
CoV|P0C6X1.231.BC1	28622
CoV|P0C6X1.231.BC2	39016
CoV|P0C6X1.232.BC1	49870
CoV|P0C6X1.232.BC2	47416
CoV|P0C6X1.233.BC1	32639
CoV|P0C6X1.233.BC2	21858
CoV|P0C6X1.234.BC1	38362
CoV|P0C6X1.234.BC2	38985
CoV|P0C6X1.235.BC1	3576
CoV|P0C6X1.235.BC2	3743
CoV|P0C6X1.236.BC1	1513
CoV|P0C6X1.236.BC2	8017
CoV|P0C6X1.237.BC1	19826
CoV|P0C6X1.237.BC2	15509
CoV|P0C6X1.238.BC1	6245
CoV|P0C6X1.238.BC2	14577
CoV|P0C6X1.239.BC1	30914
CoV|P0C6X1.239.BC2	7866
CoV|P0C6X1.240.BC1	14515
CoV|P0C6X1.240.BC2	26708
CoV|P0C6X3.0.BC1	49402
CoV|P0C6X3.0.BC2	33581
CoV|P0C6X3.1.BC1	26872
CoV|P0C6X3.1.BC2	32692
CoV|P0C6X3.10.BC1	17029
CoV|P0C6X3.10.BC2	11076
CoV|P0C6X3.100.BC1	542
CoV|P0C6X3.100.BC2	17086
CoV|P0C6X3.101.BC1	27065
CoV|P0C6X3.101.BC2	9627
CoV|P0C6X3.102.BC1	14371
CoV|P0C6X3.102.BC2	14336
CoV|P0C6X3.103.BC1	2830
CoV|P0C6X3.103.BC2	21197
CoV|P0C6X3.104.BC1	17158
CoV|P0C6X3.104.BC2	16679
CoV|P0C6X3.105.BC1	22056
CoV|P0C6X3.105.BC2	34052
CoV|P0C6X3.106.BC1	24266
CoV|P0C6X3.106.BC2	54448
CoV|P0C6X3.107.BC1	24171
CoV|P0C6X3.107.BC2	801
CoV|P0C6X3.108.BC1	1966
CoV|P0C6X3.108.BC2	2329
CoV|P0C6X3.109.BC1	1522
CoV|P0C6X3.109.BC2	4647
CoV|P0C6X3.11.BC1	21131
CoV|P0C6X3.11.BC2	12119
CoV|P0C6X3.110.BC1	34536
CoV|P0C6X3.110.BC2	28765
CoV|P0C6X3.111.BC1	15821
CoV|P0C6X3.111.BC2	37994
CoV|P0C6X3.112.BC1	34766
CoV|P0C6X3.112.BC2	35737
CoV|P0C6X3.113.BC1	37651
CoV|P0C6X3.113.BC2	20891
CoV|P0C6X3.114.BC1	17110
CoV|P0C6X3.114.BC2	8594
CoV|P0C6X3.115.BC1	27510
CoV|P0C6X3.115.BC2	31108
CoV|P0C6X3.116.BC1	28036
CoV|P0C6X3.116.BC2	12990
CoV|P0C6X3.117.BC1	49974
CoV|P0C6X3.117.BC2	20088
CoV|P0C6X3.118.BC1	35158
CoV|P0C6X3.118.BC2	5295
CoV|P0C6X3.119.BC1	13765
CoV|P0C6X3.119.BC2	16154
CoV|P0C6X3.12.BC1	31966
CoV|P0C6X3.12.BC2	28093
CoV|P0C6X3.120.BC1	10400
CoV|P0C6X3.120.BC2	19056
CoV|P0C6X3.121.BC1	8361
CoV|P0C6X3.121.BC2	2348
CoV|P0C6X3.122.BC1	14104
CoV|P0C6X3.122.BC2	8234
CoV|P0C6X3.123.BC1	34092
CoV|P0C6X3.123.BC2	23325
CoV|P0C6X3.124.BC1	16016
CoV|P0C6X3.124.BC2	26716
CoV|P0C6X3.125.BC1	16978
CoV|P0C6X3.125.BC2	13965
CoV|P0C6X3.126.BC1	12041
CoV|P0C6X3.126.BC2	7107
CoV|P0C6X3.127.BC1	9356
CoV|P0C6X3.127.BC2	9525
CoV|P0C6X3.128.BC1	21299
CoV|P0C6X3.128.BC2	29731
CoV|P0C6X3.129.BC1	46617
CoV|P0C6X3.129.BC2	57630
CoV|P0C6X3.13.BC1	19715
CoV|P0C6X3.13.BC2	14289
CoV|P0C6X3.130.BC1	43405
CoV|P0C6X3.130.BC2	15780
CoV|P0C6X3.131.BC1	33965
CoV|P0C6X3.131.BC2	32190
CoV|P0C6X3.132.BC1	27236
CoV|P0C6X3.132.BC2	36076
CoV|P0C6X3.133.BC1	48451
CoV|P0C6X3.133.BC2	40928
CoV|P0C6X3.134.BC1	35924
CoV|P0C6X3.134.BC2	11816
CoV|P0C6X3.135.BC1	18217
CoV|P0C6X3.135.BC2	25327
CoV|P0C6X3.136.BC1	2092
CoV|P0C6X3.136.BC2	28159
CoV|P0C6X3.137.BC1	15139
CoV|P0C6X3.137.BC2	21161
CoV|P0C6X3.138.BC1	15421
CoV|P0C6X3.138.BC2	16839
CoV|P0C6X3.139.BC1	36982
CoV|P0C6X3.139.BC2	5641
CoV|P0C6X3.14.BC1	27854
CoV|P0C6X3.14.BC2	19493
CoV|P0C6X3.140.BC1	5503
CoV|P0C6X3.140.BC2	24723
CoV|P0C6X3.141.BC1	7253
CoV|P0C6X3.141.BC2	11589
CoV|P0C6X3.142.BC1	16330
CoV|P0C6X3.142.BC2	24203
CoV|P0C6X3.143.BC1	46852
CoV|P0C6X3.143.BC2	27819
CoV|P0C6X3.144.BC1	17291
CoV|P0C6X3.144.BC2	10366
CoV|P0C6X3.145.BC1	10328
CoV|P0C6X3.145.BC2	13496
CoV|P0C6X3.146.BC1	9497
CoV|P0C6X3.146.BC2	22669
CoV|P0C6X3.147.BC1	14788
CoV|P0C6X3.147.BC2	11364
CoV|P0C6X3.148.BC1	24322
CoV|P0C6X3.148.BC2	19615
CoV|P0C6X3.149.BC1	43342
CoV|P0C6X3.149.BC2	37199
CoV|P0C6X3.15.BC1	20684
CoV|P0C6X3.15.BC2	14833
CoV|P0C6X3.150.BC1	15269
CoV|P0C6X3.150.BC2	29510
CoV|P0C6X3.151.BC1	8259
CoV|P0C6X3.151.BC2	18647
CoV|P0C6X3.152.BC1	14987
CoV|P0C6X3.152.BC2	19386
CoV|P0C6X3.153.BC1	19574
CoV|P0C6X3.153.BC2	20980
CoV|P0C6X3.154.BC1	13025
CoV|P0C6X3.154.BC2	13983
CoV|P0C6X3.155.BC1	12298
CoV|P0C6X3.155.BC2	14320
CoV|P0C6X3.156.BC1	14329
CoV|P0C6X3.156.BC2	30052
CoV|P0C6X3.157.BC1	46516
CoV|P0C6X3.157.BC2	28239
CoV|P0C6X3.158.BC1	21923
CoV|P0C6X3.158.BC2	27422
CoV|P0C6X3.159.BC1	11642
CoV|P0C6X3.159.BC2	10976
CoV|P0C6X3.16.BC1	13634
CoV|P0C6X3.16.BC2	25889
CoV|P0C6X3.160.BC1	29391
CoV|P0C6X3.160.BC2	38308
CoV|P0C6X3.161.BC1	35655
CoV|P0C6X3.161.BC2	15787
CoV|P0C6X3.162.BC1	18125
CoV|P0C6X3.162.BC2	14644
CoV|P0C6X3.163.BC1	23378
CoV|P0C6X3.163.BC2	20538
CoV|P0C6X3.164.BC1	10763
CoV|P0C6X3.164.BC2	13027
CoV|P0C6X3.165.BC1	24564
CoV|P0C6X3.165.BC2	7035
CoV|P0C6X3.166.BC1	19636
CoV|P0C6X3.166.BC2	3399
CoV|P0C6X3.167.BC1	25646
CoV|P0C6X3.167.BC2	17349
CoV|P0C6X3.168.BC1	17227
CoV|P0C6X3.168.BC2	23535
CoV|P0C6X3.169.BC1	30557
CoV|P0C6X3.169.BC2	15281
CoV|P0C6X3.17.BC1	9609
CoV|P0C6X3.17.BC2	18595
CoV|P0C6X3.170.BC1	21714
CoV|P0C6X3.170.BC2	25518
CoV|P0C6X3.171.BC1	2791
CoV|P0C6X3.171.BC2	11804
CoV|P0C6X3.172.BC1	12182
CoV|P0C6X3.172.BC2	25944
CoV|P0C6X3.173.BC1	9461
CoV|P0C6X3.173.BC2	7354
CoV|P0C6X3.174.BC1	16814
CoV|P0C6X3.174.BC2	9809
CoV|P0C6X3.175.BC1	17621
CoV|P0C6X3.175.BC2	29025
CoV|P0C6X3.176.BC1	25815
CoV|P0C6X3.176.BC2	31987
CoV|P0C6X3.177.BC1	24681
CoV|P0C6X3.177.BC2	28387
CoV|P0C6X3.178.BC1	18259
CoV|P0C6X3.178.BC2	22528
CoV|P0C6X3.179.BC1	23522
CoV|P0C6X3.179.BC2	27480
CoV|P0C6X3.18.BC1	43048
CoV|P0C6X3.18.BC2	22151
CoV|P0C6X3.180.BC1	12589
CoV|P0C6X3.180.BC2	8390
CoV|P0C6X3.181.BC1	12195
CoV|P0C6X3.181.BC2	14004
CoV|P0C6X3.182.BC1	23281
CoV|P0C6X3.182.BC2	15538
CoV|P0C6X3.183.BC1	6952
CoV|P0C6X3.183.BC2	10282
CoV|P0C6X3.184.BC1	28383
CoV|P0C6X3.184.BC2	16980
CoV|P0C6X3.185.BC1	6148
CoV|P0C6X3.185.BC2	7169
CoV|P0C6X3.186.BC1	13081
CoV|P0C6X3.186.BC2	13003
CoV|P0C6X3.187.BC1	36263
CoV|P0C6X3.187.BC2	31889
CoV|P0C6X3.188.BC1	1516
CoV|P0C6X3.188.BC2	3750
CoV|P0C6X3.189.BC1	8816
CoV|P0C6X3.189.BC2	10628
CoV|P0C6X3.19.BC1	22296
CoV|P0C6X3.19.BC2	15526
CoV|P0C6X3.190.BC1	29452
CoV|P0C6X3.190.BC2	29870
CoV|P0C6X3.191.BC1	17953
CoV|P0C6X3.191.BC2	25194
CoV|P0C6X3.192.BC1	35235
CoV|P0C6X3.192.BC2	29367
CoV|P0C6X3.193.BC1	16700
CoV|P0C6X3.193.BC2	7867
CoV|P0C6X3.194.BC1	22158
CoV|P0C6X3.194.BC2	9029
CoV|P0C6X3.195.BC1	23965
CoV|P0C6X3.195.BC2	32865
CoV|P0C6X3.196.BC1	24548
CoV|P0C6X3.196.BC2	18098
CoV|P0C6X3.197.BC1	15391
CoV|P0C6X3.197.BC2	10316
CoV|P0C6X3.198.BC1	4891
CoV|P0C6X3.198.BC2	12844
CoV|P0C6X3.199.BC1	18908
CoV|P0C6X3.199.BC2	21138
CoV|P0C6X3.2.BC1	10262
CoV|P0C6X3.2.BC2	16827
CoV|P0C6X3.20.BC1	39376
CoV|P0C6X3.20.BC2	27838
CoV|P0C6X3.200.BC1	11737
CoV|P0C6X3.200.BC2	11425
CoV|P0C6X3.201.BC1	9815
CoV|P0C6X3.201.BC2	8507
CoV|P0C6X3.202.BC1	48336
CoV|P0C6X3.202.BC2	42651
CoV|P0C6X3.203.BC1	15905
CoV|P0C6X3.203.BC2	7763
CoV|P0C6X3.204.BC1	27851
CoV|P0C6X3.204.BC2	21254
CoV|P0C6X3.205.BC1	27546
CoV|P0C6X3.205.BC2	37296
CoV|P0C6X3.206.BC1	12902
CoV|P0C6X3.206.BC2	16450
CoV|P0C6X3.207.BC1	15192
CoV|P0C6X3.207.BC2	14619
CoV|P0C6X3.208.BC1	9584
CoV|P0C6X3.208.BC2	13507
CoV|P0C6X3.209.BC1	25484
CoV|P0C6X3.209.BC2	11502
CoV|P0C6X3.21.BC1	23544
CoV|P0C6X3.21.BC2	36735
CoV|P0C6X3.210.BC1	8703
CoV|P0C6X3.210.BC2	12065
CoV|P0C6X3.211.BC1	22969
CoV|P0C6X3.211.BC2	1394
CoV|P0C6X3.212.BC1	17136
CoV|P0C6X3.212.BC2	22476
CoV|P0C6X3.213.BC1	23739
CoV|P0C6X3.213.BC2	38142
CoV|P0C6X3.214.BC1	33360
CoV|P0C6X3.214.BC2	19944
CoV|P0C6X3.215.BC1	13663
CoV|P0C6X3.215.BC2	15689
CoV|P0C6X3.216.BC1	16236
CoV|P0C6X3.216.BC2	19544
CoV|P0C6X3.217.BC1	32991
CoV|P0C6X3.217.BC2	18677
CoV|P0C6X3.218.BC1	7897
CoV|P0C6X3.218.BC2	20873
CoV|P0C6X3.219.BC1	10014
CoV|P0C6X3.219.BC2	17786
CoV|P0C6X3.22.BC1	35624
CoV|P0C6X3.22.BC2	23066
CoV|P0C6X3.220.BC1	27636
CoV|P0C6X3.220.BC2	26929
CoV|P0C6X3.221.BC1	21358
CoV|P0C6X3.221.BC2	40470
CoV|P0C6X3.222.BC1	3069
CoV|P0C6X3.222.BC2	14570
CoV|P0C6X3.223.BC1	49211
CoV|P0C6X3.223.BC2	12261
CoV|P0C6X3.224.BC1	40939
CoV|P0C6X3.224.BC2	88577
CoV|P0C6X3.225.BC1	21896
CoV|P0C6X3.225.BC2	20991
CoV|P0C6X3.226.BC1	42074
CoV|P0C6X3.226.BC2	18308
CoV|P0C6X3.227.BC1	41269
CoV|P0C6X3.227.BC2	75087
CoV|P0C6X3.228.BC1	48794
CoV|P0C6X3.228.BC2	45308
CoV|P0C6X3.229.BC1	10884
CoV|P0C6X3.229.BC2	8149
CoV|P0C6X3.23.BC1	10140
CoV|P0C6X3.23.BC2	38718
CoV|P0C6X3.230.BC1	13923
CoV|P0C6X3.230.BC2	3723
CoV|P0C6X3.231.BC1	8698
CoV|P0C6X3.231.BC2	8150
CoV|P0C6X3.232.BC1	14264
CoV|P0C6X3.232.BC2	14421
CoV|P0C6X3.233.BC1	3218
CoV|P0C6X3.233.BC2	3014
CoV|P0C6X3.234.BC1	14081
CoV|P0C6X3.234.BC2	6885
CoV|P0C6X3.235.BC1	32761
CoV|P0C6X3.235.BC2	35145
CoV|P0C6X3.236.BC1	24881
CoV|P0C6X3.236.BC2	22616
CoV|P0C6X3.237.BC1	23730
CoV|P0C6X3.237.BC2	16661
CoV|P0C6X3.238.BC1	17479
CoV|P0C6X3.238.BC2	32952
CoV|P0C6X3.239.BC1	4694
CoV|P0C6X3.239.BC2	21695
CoV|P0C6X3.24.BC1	15349
CoV|P0C6X3.24.BC2	21364
CoV|P0C6X3.240.BC1	13588
CoV|P0C6X3.240.BC2	6221
CoV|P0C6X3.241.BC1	12488
CoV|P0C6X3.241.BC2	8344
CoV|P0C6X3.242.BC1	10104
CoV|P0C6X3.242.BC2	13338
CoV|P0C6X3.243.BC1	10160
CoV|P0C6X3.243.BC2	18454
CoV|P0C6X3.244.BC1	11512
CoV|P0C6X3.244.BC2	23550
CoV|P0C6X3.245.BC1	11896
CoV|P0C6X3.245.BC2	18106
CoV|P0C6X3.246.BC1	22063
CoV|P0C6X3.246.BC2	25041
CoV|P0C6X3.247.BC1	52094
CoV|P0C6X3.247.BC2	45267
CoV|P0C6X3.248.BC1	16165
CoV|P0C6X3.248.BC2	20519
CoV|P0C6X3.249.BC1	1356
CoV|P0C6X3.249.BC2	11573
CoV|P0C6X3.25.BC1	21291
CoV|P0C6X3.25.BC2	40966
CoV|P0C6X3.250.BC1	915
CoV|P0C6X3.250.BC2	349
CoV|P0C6X3.251.BC1	19101
CoV|P0C6X3.251.BC2	19691
CoV|P0C6X3.252.BC1	20771
CoV|P0C6X3.252.BC2	13195
CoV|P0C6X3.253.BC1	18181
CoV|P0C6X3.253.BC2	16974
CoV|P0C6X3.254.BC1	22142
CoV|P0C6X3.254.BC2	33735
CoV|P0C6X3.26.BC1	41536
CoV|P0C6X3.26.BC2	17078
CoV|P0C6X3.27.BC1	38663
CoV|P0C6X3.27.BC2	11193
CoV|P0C6X3.28.BC1	18943
CoV|P0C6X3.28.BC2	11274
CoV|P0C6X3.29.BC1	17865
CoV|P0C6X3.29.BC2	11795
CoV|P0C6X3.3.BC1	20701
CoV|P0C6X3.3.BC2	19029
CoV|P0C6X3.30.BC1	13615
CoV|P0C6X3.30.BC2	6995
CoV|P0C6X3.31.BC1	15778
CoV|P0C6X3.31.BC2	3937
CoV|P0C6X3.32.BC1	40839
CoV|P0C6X3.32.BC2	32119
CoV|P0C6X3.33.BC1	79769
CoV|P0C6X3.33.BC2	51202
CoV|P0C6X3.34.BC1	43004
CoV|P0C6X3.34.BC2	50281
CoV|P0C6X3.35.BC1	41581
CoV|P0C6X3.35.BC2	52684
CoV|P0C6X3.36.BC1	26344
CoV|P0C6X3.36.BC2	37559
CoV|P0C6X3.37.BC1	45589
CoV|P0C6X3.37.BC2	35284
CoV|P0C6X3.38.BC1	6431
CoV|P0C6X3.38.BC2	15097
CoV|P0C6X3.39.BC1	8172
CoV|P0C6X3.39.BC2	11027
CoV|P0C6X3.4.BC1	6399
CoV|P0C6X3.4.BC2	15951
CoV|P0C6X3.40.BC1	13903
CoV|P0C6X3.40.BC2	12522
CoV|P0C6X3.41.BC1	17997
CoV|P0C6X3.41.BC2	13725
CoV|P0C6X3.42.BC1	18040
CoV|P0C6X3.42.BC2	16994
CoV|P0C6X3.43.BC1	34820
CoV|P0C6X3.43.BC2	33671
CoV|P0C6X3.44.BC1	18193
CoV|P0C6X3.44.BC2	17279
CoV|P0C6X3.45.BC1	13380
CoV|P0C6X3.45.BC2	5950
CoV|P0C6X3.46.BC1	12962
CoV|P0C6X3.46.BC2	11693
CoV|P0C6X3.47.BC1	7214
CoV|P0C6X3.47.BC2	28145
CoV|P0C6X3.48.BC1	44504
CoV|P0C6X3.48.BC2	31480
CoV|P0C6X3.49.BC1	31263
CoV|P0C6X3.49.BC2	23364
CoV|P0C6X3.5.BC1	10017
CoV|P0C6X3.5.BC2	5540
CoV|P0C6X3.50.BC1	19632
CoV|P0C6X3.50.BC2	8262
CoV|P0C6X3.51.BC1	16917
CoV|P0C6X3.51.BC2	12323
CoV|P0C6X3.52.BC1	3845
CoV|P0C6X3.52.BC2	3720
CoV|P0C6X3.53.BC1	20600
CoV|P0C6X3.53.BC2	5135
CoV|P0C6X3.54.BC1	10487
CoV|P0C6X3.54.BC2	2566
CoV|P0C6X3.55.BC1	15767
CoV|P0C6X3.56.BC1	15310
CoV|P0C6X3.56.BC2	13969
CoV|P0C6X3.57.BC1	977
CoV|P0C6X3.57.BC2	21098
CoV|P0C6X3.58.BC1	10538
CoV|P0C6X3.58.BC2	14985
CoV|P0C6X3.59.BC1	14080
CoV|P0C6X3.59.BC2	18832
CoV|P0C6X3.6.BC1	12301
CoV|P0C6X3.6.BC2	25279
CoV|P0C6X3.60.BC1	17570
CoV|P0C6X3.60.BC2	24989
CoV|P0C6X3.61.BC1	14968
CoV|P0C6X3.61.BC2	22671
CoV|P0C6X3.62.BC1	13193
CoV|P0C6X3.62.BC2	11926
CoV|P0C6X3.63.BC1	6835
CoV|P0C6X3.63.BC2	17392
CoV|P0C6X3.64.BC1	6242
CoV|P0C6X3.64.BC2	16470
CoV|P0C6X3.65.BC1	28670
CoV|P0C6X3.65.BC2	29043
CoV|P0C6X3.66.BC1	30243
CoV|P0C6X3.66.BC2	34477
CoV|P0C6X3.67.BC1	24797
CoV|P0C6X3.67.BC2	6466
CoV|P0C6X3.68.BC1	20733
CoV|P0C6X3.68.BC2	11883
CoV|P0C6X3.69.BC1	18776
CoV|P0C6X3.69.BC2	35493
CoV|P0C6X3.7.BC1	23879
CoV|P0C6X3.7.BC2	23593
CoV|P0C6X3.70.BC1	25252
CoV|P0C6X3.70.BC2	21307
CoV|P0C6X3.71.BC1	24957
CoV|P0C6X3.71.BC2	21668
CoV|P0C6X3.72.BC1	37221
CoV|P0C6X3.72.BC2	13097
CoV|P0C6X3.73.BC1	40991
CoV|P0C6X3.73.BC2	39227
CoV|P0C6X3.74.BC1	24065
CoV|P0C6X3.74.BC2	29359
CoV|P0C6X3.75.BC1	20717
CoV|P0C6X3.75.BC2	5551
CoV|P0C6X3.76.BC1	19730
CoV|P0C6X3.76.BC2	8840
CoV|P0C6X3.77.BC1	6572
CoV|P0C6X3.77.BC2	12232
CoV|P0C6X3.78.BC1	15627
CoV|P0C6X3.78.BC2	1655
CoV|P0C6X3.79.BC1	32951
CoV|P0C6X3.79.BC2	987
CoV|P0C6X3.8.BC1	16668
CoV|P0C6X3.8.BC2	29992
CoV|P0C6X3.80.BC1	38597
CoV|P0C6X3.80.BC2	37043
CoV|P0C6X3.81.BC1	40248
CoV|P0C6X3.81.BC2	18367
CoV|P0C6X3.82.BC1	11893
CoV|P0C6X3.82.BC2	29195
CoV|P0C6X3.83.BC1	31991
CoV|P0C6X3.83.BC2	37570
CoV|P0C6X3.84.BC1	42601
CoV|P0C6X3.84.BC2	21254
CoV|P0C6X3.85.BC1	46035
CoV|P0C6X3.85.BC2	9678
CoV|P0C6X3.86.BC1	47346
CoV|P0C6X3.86.BC2	55960
CoV|P0C6X3.87.BC1	12466
CoV|P0C6X3.87.BC2	16200
CoV|P0C6X3.88.BC1	13276
CoV|P0C6X3.88.BC2	9072
CoV|P0C6X3.89.BC1	15991
CoV|P0C6X3.89.BC2	13197
CoV|P0C6X3.9.BC1	18159
CoV|P0C6X3.9.BC2	7560
CoV|P0C6X3.90.BC1	39577
CoV|P0C6X3.90.BC2	38767
CoV|P0C6X3.91.BC1	24627
CoV|P0C6X3.91.BC2	10996
CoV|P0C6X3.92.BC1	19479
CoV|P0C6X3.92.BC2	13515
CoV|P0C6X3.93.BC1	26419
CoV|P0C6X3.93.BC2	17444
CoV|P0C6X3.94.BC1	2411
CoV|P0C6X3.94.BC2	24171
CoV|P0C6X3.95.BC1	37792
CoV|P0C6X3.95.BC2	9133
CoV|P0C6X3.96.BC1	38647
CoV|P0C6X3.96.BC2	21736
CoV|P0C6X3.97.BC1	24581
CoV|P0C6X3.97.BC2	29401
CoV|P0C6X3.98.BC1	28552
CoV|P0C6X3.98.BC2	29865
CoV|P0C6X3.99.BC1	1209
CoV|P0C6X3.99.BC2	35476
CoV|P0C6X6.155.BC1	45104
CoV|P0C6X6.155.BC2	39932
CoV|P0C6X6.156.BC1	12857
CoV|P0C6X6.156.BC2	11118
CoV|P0C6X6.157.BC1	7986
CoV|P0C6X6.157.BC2	12448
CoV|P0C6X6.158.BC1	29401
CoV|P0C6X6.158.BC2	11178
CoV|P0C6X6.159.BC1	59617
CoV|P0C6X6.159.BC2	34640
CoV|P0C6X6.160.BC1	19497
CoV|P0C6X6.160.BC2	19040
CoV|P0C6X6.161.BC1	15352
CoV|P0C6X6.161.BC2	19271
CoV|P0C6X6.162.BC1	15367
CoV|P0C6X6.162.BC2	9215
CoV|P0C6X6.163.BC1	22605
CoV|P0C6X6.163.BC2	31399
CoV|P0C6X6.164.BC1	11001
CoV|P0C6X6.164.BC2	26873
CoV|P0C6X6.165.BC1	20391
CoV|P0C6X6.165.BC2	28709
CoV|P0C6X6.166.BC1	20354
CoV|P0C6X6.166.BC2	21356
CoV|P0C6X6.167.BC1	9596
CoV|P0C6X6.167.BC2	17112
CoV|P0C6X6.168.BC1	18620
CoV|P0C6X6.168.BC2	15941
CoV|P0C6X6.169.BC1	19869
CoV|P0C6X6.169.BC2	6013
CoV|P0C6X6.170.BC1	21280
CoV|P0C6X6.170.BC2	25965
CoV|P0C6X6.171.BC1	18158
CoV|P0C6X6.171.BC2	9636
CoV|P0C6X6.172.BC1	4473
CoV|P0C6X6.172.BC2	11959
CoV|P0C6X6.173.BC1	41455
CoV|P0C6X6.173.BC2	27852
CoV|P0C6X6.174.BC1	22607
CoV|P0C6X6.174.BC2	27260
CoV|P0C6X6.175.BC1	25808
CoV|P0C6X6.175.BC2	26663
CoV|P0C6X6.176.BC1	23875
CoV|P0C6X6.176.BC2	24777
CoV|P0C6X6.177.BC1	23487
CoV|P0C6X6.177.BC2	42586
CoV|P0C6X6.178.BC1	10561
CoV|P0C6X6.178.BC2	14094
CoV|P0C6X6.179.BC1	27530
CoV|P0C6X6.179.BC2	26340
CoV|P0C6X6.180.BC1	18898
CoV|P0C6X6.180.BC2	30603
CoV|P0C6X6.181.BC1	17423
CoV|P0C6X6.181.BC2	22613
CoV|P0C6X6.182.BC1	12087
CoV|P0C6X6.182.BC2	4573
CoV|P0C6X6.183.BC1	20822
CoV|P0C6X6.183.BC2	5810
CoV|P0C6X6.184.BC1	66801
CoV|P0C6X6.184.BC2	53182
CoV|P0C6X6.185.BC1	24381
CoV|P0C6X6.185.BC2	18465
CoV|P0C6X6.186.BC1	9324
CoV|P0C6X6.186.BC2	12380
CoV|P0C6X6.187.BC1	22996
CoV|P0C6X6.187.BC2	2198
CoV|P0C6X6.188.BC1	14078
CoV|P0C6X6.188.BC2	36605
CoV|P0C6X6.189.BC1	25658
CoV|P0C6X6.189.BC2	46319
CoV|P0C6X6.190.BC1	40640
CoV|P0C6X6.190.BC2	21862
CoV|P0C6X6.191.BC1	15937
CoV|P0C6X6.191.BC2	18756
CoV|P0C6X6.192.BC1	9130
CoV|P0C6X6.192.BC2	11261
CoV|P0C6X6.193.BC1	40779
CoV|P0C6X6.193.BC2	34300
CoV|P0C6X6.194.BC1	12525
CoV|P0C6X6.194.BC2	14058
CoV|P0C6X6.195.BC1	13547
CoV|P0C6X6.195.BC2	15791
CoV|P0C6X6.196.BC1	12700
CoV|P0C6X6.196.BC2	7417
CoV|P0C6X6.197.BC1	17558
CoV|P0C6X6.197.BC2	15649
CoV|P0C6X6.198.BC1	14420
CoV|P0C6X6.198.BC2	12611
CoV|P0C6X6.199.BC1	16165
CoV|P0C6X6.199.BC2	3861
CoV|P0C6X6.200.BC1	26679
CoV|P0C6X6.200.BC2	23214
CoV|P0C6X6.201.BC1	22751
CoV|P0C6X6.201.BC2	27639
CoV|P0C6X6.202.BC1	32669
CoV|P0C6X6.202.BC2	16167
CoV|P0C6X6.203.BC1	29488
CoV|P0C6X6.203.BC2	40581
CoV|P0C6X6.204.BC1	22482
CoV|P0C6X6.204.BC2	6536
CoV|P0C6X6.205.BC1	2769
CoV|P0C6X6.205.BC2	9700
CoV|P0C6X6.206.BC1	34421
CoV|P0C6X6.206.BC2	23342
CoV|P0C6X6.207.BC1	43077
CoV|P0C6X6.207.BC2	21902
CoV|P0C6X6.208.BC1	25570
CoV|P0C6X6.208.BC2	16482
CoV|P0C6X6.209.BC1	7929
CoV|P0C6X6.209.BC2	16534
CoV|P0C6X6.210.BC1	38919
CoV|P0C6X6.210.BC2	28186
CoV|P0C6X6.211.BC1	27102
CoV|P0C6X6.211.BC2	28448
CoV|P0C6X6.212.BC1	12546
CoV|P0C6X6.212.BC2	8100
CoV|P0C6X6.213.BC1	12811
CoV|P0C6X6.213.BC2	18786
CoV|P0C6X6.214.BC1	5816
CoV|P0C6X6.214.BC2	18755
CoV|P0C6X6.215.BC1	17023
CoV|P0C6X6.215.BC2	25435
CoV|P0C6X6.216.BC1	19968
CoV|P0C6X6.216.BC2	16170
CoV|P0C6X6.217.BC1	19236
CoV|P0C6X6.217.BC2	14883
CoV|P0C6X6.218.BC1	24966
CoV|P0C6X6.218.BC2	7592
CoV|P0C6X6.219.BC1	24061
CoV|P0C6X6.219.BC2	17586
CoV|P0C6X6.220.BC1	17065
CoV|P0C6X6.220.BC2	24795
CoV|P0C6X6.221.BC1	20621
CoV|P0C6X6.221.BC2	13010
CoV|P0C6X6.222.BC1	1698
CoV|P0C6X6.222.BC2	38496
CoV|P0C6X6.223.BC1	21962
CoV|P0C6X6.223.BC2	27463
CoV|P0C6X6.224.BC1	23337
CoV|P0C6X6.224.BC2	52674
CoV|P0C6X6.225.BC1	34553
CoV|P0C6X6.225.BC2	26765
CoV|P0C6X6.226.BC1	30106
CoV|P0C6X6.226.BC2	37972
CoV|P0C6X6.227.BC1	9303
CoV|P0C6X6.227.BC2	14255
CoV|P0C6X6.228.BC1	9711
CoV|P0C6X6.228.BC2	12344
CoV|P0C6X6.229.BC1	11665
CoV|P0C6X6.229.BC2	11776
CoV|P0C6X6.230.BC1	18478
CoV|P0C6X6.230.BC2	30528
CoV|P0C6X6.231.BC1	25879
CoV|P0C6X6.231.BC2	19114
CoV|P0C6X6.232.BC1	13252
CoV|P0C6X6.232.BC2	15858
CoV|P0C6X6.233.BC1	23803
CoV|P0C6X6.233.BC2	12659
CoV|P0C6X6.234.BC1	56898
CoV|P0C6X6.234.BC2	59393
CoV|P0C6X6.235.BC1	28581
CoV|P0C6X6.235.BC2	32673
CoV|P0C6X6.236.BC1	48283
CoV|P0C6X6.236.BC2	26460
CoV|P0C6X6.237.BC1	4786
CoV|P0C6X6.237.BC2	6360
CoV|P0C6X6.238.BC1	19007
CoV|P0C6X6.238.BC2	11545
CoV|P0C6X6.239.BC1	11230
CoV|P0C6X6.239.BC2	9068
CoV|P0C6X6.240.BC1	8999
CoV|P0C6X6.240.BC2	9980
CoV|P0C6X6.241.BC1	13462
CoV|P0C6X6.241.BC2	16409
CoV|P0C6X6.242.BC1	23863
CoV|P0C6X6.242.BC2	33289
CoV|P0C6X6.243.BC1	31171
CoV|P0C6X6.243.BC2	13894
CoV|P0C6X6.244.BC1	33344
CoV|P0C6X6.244.BC2	30162
CoV|P0C6X6.245.BC1	27296
CoV|P0C6X6.245.BC2	22648
CoV|P0C6X6.246.BC1	26690
CoV|P0C6X6.246.BC2	23722
CoV|P0C6X6.247.BC1	9403
CoV|P0C6X6.247.BC2	11281
CoV|P0C6X6.248.BC1	6747
CoV|P0C6X6.248.BC2	14842
CoV|P0C6X6.249.BC1	19386
CoV|P0C6X6.249.BC2	9208
CoV|P0C6X6.250.BC1	1285
CoV|P0C6X6.250.BC2	23932
CoV|P0C6X6.251.BC1	21879
CoV|P0C6X6.251.BC2	15875
CoV|P0C6X6.252.BC1	17856
CoV|P0C6X6.252.BC2	20534
CoV|P0C6X7.155.BC1	57748
CoV|P0C6X7.155.BC2	33721
CoV|P0C6X7.156.BC1	23936
CoV|P0C6X7.156.BC2	37302
CoV|P0C6X7.157.BC1	23887
CoV|P0C6X7.157.BC2	22449
CoV|P0C6X7.158.BC1	12338
CoV|P0C6X7.158.BC2	18147
CoV|P0C6X7.159.BC1	25354
CoV|P0C6X7.159.BC2	33070
CoV|P0C6X7.160.BC1	23313
CoV|P0C6X7.160.BC2	17491
CoV|P0C6X7.161.BC1	18803
CoV|P0C6X7.161.BC2	36664
CoV|P0C6X7.162.BC1	37077
CoV|P0C6X7.162.BC2	19915
CoV|P0C6X7.163.BC1	29432
CoV|P0C6X7.163.BC2	46525
CoV|P0C6X7.164.BC1	14126
CoV|P0C6X7.164.BC2	15135
CoV|P0C6X7.165.BC1	22148
CoV|P0C6X7.165.BC2	27768
CoV|P0C6X7.166.BC1	15656
CoV|P0C6X7.166.BC2	25513
CoV|P0C6X7.167.BC1	11237
CoV|P0C6X7.167.BC2	15901
CoV|P0C6X7.168.BC1	34832
CoV|P0C6X7.168.BC2	41953
CoV|P0C6X7.169.BC1	21607
CoV|P0C6X7.169.BC2	23364
CoV|P0C6X7.170.BC1	22113
CoV|P0C6X7.170.BC2	18838
CoV|P0C6X7.171.BC1	17170
CoV|P0C6X7.171.BC2	12914
CoV|P0C6X7.172.BC1	10202
CoV|P0C6X7.172.BC2	2736
CoV|P0C6X7.173.BC1	19660
CoV|P0C6X7.173.BC2	39293
CoV|P0C6X7.174.BC1	29781
CoV|P0C6X7.174.BC2	33065
CoV|P0C6X7.175.BC1	20823
CoV|P0C6X7.175.BC2	8907
CoV|P0C6X7.176.BC1	18661
CoV|P0C6X7.176.BC2	18590
CoV|P0C6X7.177.BC1	20974
CoV|P0C6X7.177.BC2	25543
CoV|P0C6X7.178.BC1	4406
CoV|P0C6X7.178.BC2	7153
CoV|P0C6X7.179.BC1	15881
CoV|P0C6X7.179.BC2	16315
CoV|P0C6X7.180.BC1	34712
CoV|P0C6X7.180.BC2	37317
CoV|P0C6X7.181.BC1	24072
CoV|P0C6X7.181.BC2	6109
CoV|P0C6X7.182.BC1	18005
CoV|P0C6X7.182.BC2	14368
CoV|P0C6X7.183.BC1	14612
CoV|P0C6X7.183.BC2	18372
CoV|P0C6X7.184.BC1	23561
CoV|P0C6X7.184.BC2	31188
CoV|P0C6X7.185.BC1	18026
CoV|P0C6X7.185.BC2	17742
CoV|P0C6X7.186.BC1	7122
CoV|P0C6X7.186.BC2	11793
CoV|P0C6X7.187.BC1	21726
CoV|P0C6X7.187.BC2	10596
CoV|P0C6X7.188.BC1	33419
CoV|P0C6X7.188.BC2	29152
CoV|P0C6X7.189.BC1	27122
CoV|P0C6X7.189.BC2	45120
CoV|P0C6X7.190.BC1	23686
CoV|P0C6X7.190.BC2	25214
CoV|P0C6X7.191.BC1	38284
CoV|P0C6X7.191.BC2	24275
CoV|P0C6X7.192.BC1	57720
CoV|P0C6X7.192.BC2	44731
CoV|P0C6X7.193.BC1	9767
CoV|P0C6X7.193.BC2	9093
CoV|P0C6X7.194.BC1	23927
CoV|P0C6X7.194.BC2	13296
CoV|P0C6X7.195.BC1	20775
CoV|P0C6X7.195.BC2	13791
CoV|P0C6X7.196.BC1	35934
CoV|P0C6X7.196.BC2	16857
CoV|P0C6X7.197.BC1	30607
CoV|P0C6X7.197.BC2	15668
CoV|P0C6X7.198.BC1	19104
CoV|P0C6X7.198.BC2	10319
CoV|P0C6X7.199.BC1	9500
CoV|P0C6X7.199.BC2	12094
CoV|P0C6X7.200.BC1	25837
CoV|P0C6X7.200.BC2	24712
CoV|P0C6X7.201.BC1	23098
CoV|P0C6X7.201.BC2	27064
CoV|P0C6X7.202.BC1	36973
CoV|P0C6X7.202.BC2	18226
CoV|P0C6X7.203.BC1	26367
CoV|P0C6X7.203.BC2	25998
CoV|P0C6X7.204.BC1	28819
CoV|P0C6X7.204.BC2	33662
CoV|P0C6X7.205.BC1	25288
CoV|P0C6X7.205.BC2	32145
CoV|P0C6X7.206.BC1	41851
CoV|P0C6X7.206.BC2	32766
CoV|P0C6X7.207.BC1	27143
CoV|P0C6X7.207.BC2	18600
CoV|P0C6X7.208.BC1	2792
CoV|P0C6X7.208.BC2	9378
CoV|P0C6X7.209.BC1	29933
CoV|P0C6X7.209.BC2	9296
CoV|P0C6X7.210.BC1	21186
CoV|P0C6X7.210.BC2	42395
CoV|P0C6X7.211.BC1	26872
CoV|P0C6X7.211.BC2	21772
CoV|P0C6X7.212.BC1	28438
CoV|P0C6X7.212.BC2	33976
CoV|P0C6X7.213.BC1	12422
CoV|P0C6X7.213.BC2	24107
CoV|P0C6X7.214.BC1	19629
CoV|P0C6X7.214.BC2	24284
CoV|P0C6X7.215.BC1	20181
CoV|P0C6X7.215.BC2	8706
CoV|P0C6X7.216.BC1	21966
CoV|P0C6X7.216.BC2	12861
CoV|P0C6X7.217.BC1	9361
CoV|P0C6X7.217.BC2	10566
CoV|P0C6X7.218.BC1	20695
CoV|P0C6X7.218.BC2	22549
CoV|P0C6X7.219.BC1	18463
CoV|P0C6X7.219.BC2	6847
CoV|P0C6X7.220.BC1	34533
CoV|P0C6X7.220.BC2	35156
CoV|P0C6X7.221.BC1	30836
CoV|P0C6X7.221.BC2	38111
CoV|P0C6X7.222.BC1	20701
CoV|P0C6X7.222.BC2	17960
CoV|P0C6X7.223.BC1	24097
CoV|P0C6X7.223.BC2	22212
CoV|P0C6X7.224.BC1	31420
CoV|P0C6X7.224.BC2	27232
CoV|P0C6X7.225.BC1	43662
CoV|P0C6X7.225.BC2	32122
CoV|P0C6X7.226.BC1	64642
CoV|P0C6X7.226.BC2	42782
CoV|P0C6X7.227.BC1	17683
CoV|P0C6X7.227.BC2	8833
CoV|P0C6X7.228.BC1	15417
CoV|P0C6X7.228.BC2	13769
CoV|P0C6X7.229.BC1	26786
CoV|P0C6X7.229.BC2	35855
CoV|P0C6X7.230.BC1	39996
CoV|P0C6X7.230.BC2	39438
CoV|P0C6X7.231.BC1	5003
CoV|P0C6X7.231.BC2	15884
CoV|P0C6X7.232.BC1	20118
CoV|P0C6X7.232.BC2	11059
CoV|P0C6X7.233.BC1	46717
CoV|P0C6X7.233.BC2	32868
CoV|P0C6X7.234.BC1	25398
CoV|P0C6X7.234.BC2	30572
CoV|P0C6X7.235.BC1	30145
CoV|P0C6X7.235.BC2	48671
CoV|P0C6X7.236.BC1	14597
CoV|P0C6X7.236.BC2	20797
CoV|P0C6X7.237.BC1	21119
CoV|P0C6X7.237.BC2	14807
CoV|P0C6X7.238.BC1	18130
CoV|P0C6X7.238.BC2	28488
CoV|P0C6X7.239.BC1	11133
CoV|P0C6X7.239.BC2	14523
CoV|P0C6X7.240.BC1	13087
CoV|P0C6X7.240.BC2	20425
CoV|P0C6X7.241.BC1	13200
CoV|P0C6X7.241.BC2	8718
CoV|P0C6X7.242.BC1	35615
CoV|P0C6X7.242.BC2	26430
CoV|P0C6X7.243.BC1	19584
CoV|P0C6X7.243.BC2	32482
CoV|P0C6X7.244.BC1	25120
CoV|P0C6X7.244.BC2	29555
CoV|P0C6X7.245.BC1	15746
CoV|P0C6X7.245.BC2	40139
CoV|P0C6X7.246.BC1	15025
CoV|P0C6X7.246.BC2	6453
CoV|P0C6X7.247.BC1	10261
CoV|P0C6X7.247.BC2	12498
CoV|P0C6X7.248.BC1	14078
CoV|P0C6X7.248.BC2	15137
CoV|P0C6X7.249.BC1	3344
CoV|P0C6X7.249.BC2	7272
CoV|P0C6X7.250.BC1	40246
CoV|P0C6X7.250.BC2	15481
CoV|P0DTD2.0.BC1	16901
CoV|P0DTD2.0.BC2	33356
CoV|P0DTD2.1.BC1	13440
CoV|P0DTD2.1.BC2	13415
CoV|P0DTD2.2.BC1	29692
CoV|P0DTD2.2.BC2	24183
CoV|P0DTD3.0.BC1	24631
CoV|P0DTD3.0.BC2	30790
CoV|P0DTD3.1.BC1	54869
CoV|P0DTD3.1.BC2	33748
CoV|P15130.0.BC1	22278
CoV|P15130.0.BC2	16480
CoV|P15130.1.BC1	14803
CoV|P15130.1.BC2	18327
CoV|P15130.10.BC1	16296
CoV|P15130.10.BC2	17748
CoV|P15130.11.BC1	10003
CoV|P15130.11.BC2	3872
CoV|P15130.12.BC1	13421
CoV|P15130.12.BC2	8668
CoV|P15130.2.BC1	19907
CoV|P15130.2.BC2	15786
CoV|P15130.3.BC1	19331
CoV|P15130.3.BC2	29743
CoV|P15130.4.BC1	34018
CoV|P15130.4.BC2	29132
CoV|P15130.5.BC1	22091
CoV|P15130.5.BC2	16168
CoV|P15130.6.BC1	23014
CoV|P15130.6.BC2	24971
CoV|P15130.7.BC1	39292
CoV|P15130.7.BC2	33648
CoV|P15130.8.BC1	42307
CoV|P15130.8.BC2	66424
CoV|P15130.9.BC1	45802
CoV|P15130.9.BC2	35841
CoV|P15422.0.BC1	29435
CoV|P15422.0.BC2	44345
CoV|P15422.1.BC1	30719
CoV|P15422.1.BC2	17480
CoV|P15422.2.BC1	47302
CoV|P15422.2.BC2	54222
CoV|P15422.3.BC1	26118
CoV|P15422.3.BC2	18964
CoV|P15422.4.BC1	9036
CoV|P15422.4.BC2	8956
CoV|P15422.5.BC1	14509
CoV|P15422.5.BC2	22056
CoV|P15422.6.BC1	12516
CoV|P15422.6.BC2	18806
CoV|P15422.7.BC1	13864
CoV|P15422.7.BC2	13900
CoV|P15423.0.BC1	21239
CoV|P15423.0.BC2	9780
CoV|P15423.1.BC1	20155
CoV|P15423.1.BC2	13207
CoV|P15423.10.BC1	4244
CoV|P15423.10.BC2	10476
CoV|P15423.11.BC1	15173
CoV|P15423.11.BC2	13405
CoV|P15423.12.BC1	20449
CoV|P15423.12.BC2	20055
CoV|P15423.13.BC1	20069
CoV|P15423.13.BC2	12523
CoV|P15423.14.BC1	28451
CoV|P15423.14.BC2	15191
CoV|P15423.15.BC1	18515
CoV|P15423.15.BC2	37082
CoV|P15423.16.BC1	36357
CoV|P15423.16.BC2	38353
CoV|P15423.17.BC1	10560
CoV|P15423.17.BC2	18609
CoV|P15423.18.BC1	20159
CoV|P15423.18.BC2	18126
CoV|P15423.19.BC1	13222
CoV|P15423.19.BC2	23540
CoV|P15423.2.BC1	35603
CoV|P15423.2.BC2	22796
CoV|P15423.20.BC1	9848
CoV|P15423.20.BC2	12065
CoV|P15423.21.BC1	13119
CoV|P15423.21.BC2	20988
CoV|P15423.22.BC1	46824
CoV|P15423.22.BC2	12220
CoV|P15423.23.BC1	39329
CoV|P15423.23.BC2	27566
CoV|P15423.24.BC1	44002
CoV|P15423.24.BC2	33018
CoV|P15423.25.BC1	31754
CoV|P15423.25.BC2	43642
CoV|P15423.26.BC1	23301
CoV|P15423.26.BC2	17630
CoV|P15423.27.BC1	9779
CoV|P15423.27.BC2	23216
CoV|P15423.28.BC1	9820
CoV|P15423.28.BC2	9030
CoV|P15423.29.BC1	7890
CoV|P15423.29.BC2	6098
CoV|P15423.3.BC1	18165
CoV|P15423.3.BC2	9005
CoV|P15423.30.BC1	15376
CoV|P15423.30.BC2	11881
CoV|P15423.31.BC1	16948
CoV|P15423.31.BC2	25952
CoV|P15423.32.BC1	20797
CoV|P15423.32.BC2	12627
CoV|P15423.33.BC1	13079
CoV|P15423.33.BC2	9109
CoV|P15423.34.BC1	35013
CoV|P15423.34.BC2	19780
CoV|P15423.35.BC1	11952
CoV|P15423.35.BC2	25554
CoV|P15423.36.BC1	15532
CoV|P15423.36.BC2	30155
CoV|P15423.37.BC1	15282
CoV|P15423.37.BC2	17264
CoV|P15423.38.BC1	5476
CoV|P15423.38.BC2	5441
CoV|P15423.39.BC1	41916
CoV|P15423.39.BC2	52415
CoV|P15423.4.BC1	11234
CoV|P15423.4.BC2	25384
CoV|P15423.40.BC1	24641
CoV|P15423.40.BC2	44362
CoV|P15423.5.BC1	11495
CoV|P15423.5.BC2	10872
CoV|P15423.6.BC1	22379
CoV|P15423.6.BC2	7029
CoV|P15423.7.BC1	15978
CoV|P15423.7.BC2	13736
CoV|P15423.8.BC1	31996
CoV|P15423.8.BC2	10718
CoV|P15423.9.BC1	17954
CoV|P15423.9.BC2	19056
CoV|P19739.0.BC1	29106
CoV|P19739.0.BC2	33246
CoV|P19739.1.BC1	40133
CoV|P19739.1.BC2	63427
CoV|P19739.2.BC1	52588
CoV|P19739.2.BC2	79288
CoV|P19739.3.BC1	36218
CoV|P19739.3.BC2	52161
CoV|P19740.0.BC1	23208
CoV|P19740.0.BC2	31110
CoV|P19740.1.BC1	17528
CoV|P19740.1.BC2	26047
CoV|P19740.2.BC1	23145
CoV|P19740.2.BC2	7820
CoV|P19741.0.BC1	44305
CoV|P19741.0.BC2	32011
CoV|P19741.1.BC1	30965
CoV|P19741.1.BC2	40981
CoV|P30215.0.BC1	23379
CoV|P30215.0.BC2	10440
CoV|P30215.1.BC1	16779
CoV|P30215.1.BC2	16755
CoV|P30215.10.BC1	12536
CoV|P30215.10.BC2	40776
CoV|P30215.11.BC1	40087
CoV|P30215.11.BC2	25761
CoV|P30215.12.BC1	21234
CoV|P30215.12.BC2	25019
CoV|P30215.13.BC1	44813
CoV|P30215.13.BC2	34584
CoV|P30215.14.BC1	72010
CoV|P30215.14.BC2	38820
CoV|P30215.2.BC1	13239
CoV|P30215.2.BC2	13471
CoV|P30215.3.BC1	11903
CoV|P30215.3.BC2	13435
CoV|P30215.4.BC1	437
CoV|P30215.4.BC2	11152
CoV|P30215.5.BC1	43088
CoV|P30215.5.BC2	32769
CoV|P30215.6.BC1	10576
CoV|P30215.6.BC2	21779
CoV|P30215.7.BC1	20561
CoV|P30215.7.BC2	7219
CoV|P30215.8.BC1	6645
CoV|P30215.8.BC2	8719
CoV|P30215.9.BC1	27143
CoV|P30215.9.BC2	3359
CoV|P33469.0.BC1	48090
CoV|P33469.0.BC2	31650
CoV|P33469.1.BC1	19109
CoV|P33469.1.BC2	29876
CoV|P33469.10.BC1	14206
CoV|P33469.10.BC2	13643
CoV|P33469.11.BC1	15460
CoV|P33469.11.BC2	12216
CoV|P33469.12.BC1	22505
CoV|P33469.12.BC2	28205
CoV|P33469.13.BC1	29418
CoV|P33469.13.BC2	37059
CoV|P33469.14.BC1	28688
CoV|P33469.14.BC2	39601
CoV|P33469.15.BC1	26479
CoV|P33469.15.BC2	36632
CoV|P33469.2.BC1	15605
CoV|P33469.2.BC2	16538
CoV|P33469.3.BC1	21082
CoV|P33469.3.BC2	19590
CoV|P33469.4.BC1	15526
CoV|P33469.4.BC2	29498
CoV|P33469.5.BC1	17425
CoV|P33469.5.BC2	35667
CoV|P33469.6.BC1	12280
CoV|P33469.6.BC2	57264
CoV|P33469.7.BC1	33407
CoV|P33469.7.BC2	33298
CoV|P33469.8.BC1	14878
CoV|P33469.8.BC2	17454
CoV|P33469.9.BC1	22889
CoV|P33469.9.BC2	13783
CoV|P36334.0.BC1	21293
CoV|P36334.0.BC2	38201
CoV|P36334.1.BC1	17570
CoV|P36334.1.BC2	7073
CoV|P36334.10.BC1	48097
CoV|P36334.10.BC2	26804
CoV|P36334.11.BC1	24378
CoV|P36334.11.BC2	28022
CoV|P36334.12.BC1	14517
CoV|P36334.12.BC2	21914
CoV|P36334.13.BC1	11525
CoV|P36334.13.BC2	13737
CoV|P36334.14.BC1	21103
CoV|P36334.14.BC2	24745
CoV|P36334.15.BC1	44942
CoV|P36334.15.BC2	32868
CoV|P36334.16.BC1	15677
CoV|P36334.16.BC2	36801
CoV|P36334.17.BC1	23151
CoV|P36334.17.BC2	19156
CoV|P36334.18.BC1	14367
CoV|P36334.18.BC2	41439
CoV|P36334.19.BC1	28132
CoV|P36334.19.BC2	17096
CoV|P36334.2.BC1	10823
CoV|P36334.2.BC2	5693
CoV|P36334.20.BC1	31080
CoV|P36334.20.BC2	26468
CoV|P36334.21.BC1	13266
CoV|P36334.21.BC2	11164
CoV|P36334.22.BC1	27225
CoV|P36334.22.BC2	15489
CoV|P36334.23.BC1	16282
CoV|P36334.23.BC2	9714
CoV|P36334.24.BC1	20667
CoV|P36334.24.BC2	40117
CoV|P36334.25.BC1	20115
CoV|P36334.25.BC2	31245
CoV|P36334.26.BC1	35776
CoV|P36334.26.BC2	25649
CoV|P36334.27.BC1	9717
CoV|P36334.27.BC2	12037
CoV|P36334.28.BC1	31507
CoV|P36334.28.BC2	33015
CoV|P36334.29.BC1	24601
CoV|P36334.29.BC2	31506
CoV|P36334.3.BC1	17536
CoV|P36334.3.BC2	12920
CoV|P36334.30.BC1	14184
CoV|P36334.30.BC2	38583
CoV|P36334.31.BC1	38958
CoV|P36334.31.BC2	17764
CoV|P36334.32.BC1	29095
CoV|P36334.32.BC2	25580
CoV|P36334.33.BC1	19690
CoV|P36334.33.BC2	20219
CoV|P36334.34.BC1	9512
CoV|P36334.34.BC2	13812
CoV|P36334.35.BC1	4495
CoV|P36334.35.BC2	15263
CoV|P36334.36.BC1	8861
CoV|P36334.36.BC2	4907
CoV|P36334.37.BC1	11226
CoV|P36334.37.BC2	9362
CoV|P36334.38.BC1	29123
CoV|P36334.38.BC2	33716
CoV|P36334.39.BC1	19209
CoV|P36334.39.BC2	15351
CoV|P36334.4.BC1	5935
CoV|P36334.4.BC2	18197
CoV|P36334.40.BC1	6288
CoV|P36334.40.BC2	23097
CoV|P36334.41.BC1	11606
CoV|P36334.41.BC2	20005
CoV|P36334.42.BC1	20184
CoV|P36334.42.BC2	21696
CoV|P36334.43.BC1	9680
CoV|P36334.43.BC2	8698
CoV|P36334.44.BC1	5513
CoV|P36334.44.BC2	9853
CoV|P36334.45.BC1	44732
CoV|P36334.45.BC2	24468
CoV|P36334.46.BC1	16760
CoV|P36334.46.BC2	37777
CoV|P36334.47.BC1	24866
CoV|P36334.47.BC2	1911
CoV|P36334.5.BC1	42420
CoV|P36334.5.BC2	40183
CoV|P36334.6.BC1	12221
CoV|P36334.6.BC2	19988
CoV|P36334.7.BC1	16137
CoV|P36334.7.BC2	25678
CoV|P36334.8.BC1	18505
CoV|P36334.8.BC2	5723
CoV|P36334.9.BC1	6699
CoV|P36334.9.BC2	11794
CoV|P59594.0.BC1	24729
CoV|P59594.0.BC2	8434
CoV|P59594.1.BC1	6798
CoV|P59594.1.BC2	41621
CoV|P59594.10.BC1	41330
CoV|P59594.10.BC2	20841
CoV|P59594.11.BC1	13444
CoV|P59594.11.BC2	9099
CoV|P59594.12.BC1	13585
CoV|P59594.12.BC2	18261
CoV|P59594.13.BC1	48415
CoV|P59594.13.BC2	47399
CoV|P59594.14.BC1	21475
CoV|P59594.14.BC2	31195
CoV|P59594.15.BC1	21938
CoV|P59594.15.BC2	57287
CoV|P59594.16.BC1	16788
CoV|P59594.16.BC2	20662
CoV|P59594.17.BC1	10509
CoV|P59594.17.BC2	13648
CoV|P59594.18.BC1	28955
CoV|P59594.18.BC2	43538
CoV|P59594.19.BC1	30473
CoV|P59594.19.BC2	17151
CoV|P59594.2.BC1	17240
CoV|P59594.2.BC2	21645
CoV|P59594.20.BC1	26441
CoV|P59594.20.BC2	39031
CoV|P59594.21.BC1	54453
CoV|P59594.21.BC2	40959
CoV|P59594.22.BC1	34668
CoV|P59594.22.BC2	38960
CoV|P59594.23.BC1	15311
CoV|P59594.23.BC2	8276
CoV|P59594.24.BC1	19741
CoV|P59594.24.BC2	11170
CoV|P59594.25.BC1	22608
CoV|P59594.25.BC2	24911
CoV|P59594.26.BC1	12727
CoV|P59594.26.BC2	23807
CoV|P59594.27.BC1	23342
CoV|P59594.27.BC2	10485
CoV|P59594.28.BC1	21682
CoV|P59594.28.BC2	19780
CoV|P59594.29.BC1	29960
CoV|P59594.29.BC2	42651
CoV|P59594.3.BC1	17106
CoV|P59594.3.BC2	21690
CoV|P59594.30.BC1	17344
CoV|P59594.30.BC2	19954
CoV|P59594.31.BC1	12480
CoV|P59594.31.BC2	20446
CoV|P59594.32.BC1	8042
CoV|P59594.32.BC2	2924
CoV|P59594.33.BC1	6432
CoV|P59594.33.BC2	5982
CoV|P59594.34.BC1	6496
CoV|P59594.34.BC2	10284
CoV|P59594.35.BC1	39056
CoV|P59594.35.BC2	20017
CoV|P59594.36.BC1	21029
CoV|P59594.36.BC2	23667
CoV|P59594.37.BC1	7672
CoV|P59594.37.BC2	967
CoV|P59594.38.BC1	7855
CoV|P59594.38.BC2	12267
CoV|P59594.39.BC1	4434
CoV|P59594.39.BC2	21064
CoV|P59594.4.BC1	14378
CoV|P59594.4.BC2	16472
CoV|P59594.40.BC1	14599
CoV|P59594.40.BC2	18405
CoV|P59594.41.BC1	13574
CoV|P59594.41.BC2	7953
CoV|P59594.42.BC1	49052
CoV|P59594.42.BC2	31911
CoV|P59594.5.BC1	14662
CoV|P59594.5.BC2	12397
CoV|P59594.6.BC1	10590
CoV|P59594.6.BC2	12271
CoV|P59594.7.BC1	18308
CoV|P59594.7.BC2	11865
CoV|P59594.8.BC1	19890
CoV|P59594.8.BC2	12225
CoV|P59594.9.BC1	14638
CoV|P59594.9.BC2	27042
CoV|P59595.0.BC1	43552
CoV|P59595.0.BC2	43734
CoV|P59595.1.BC1	23477
CoV|P59595.1.BC2	27259
CoV|P59595.10.BC1	19504
CoV|P59595.10.BC2	12329
CoV|P59595.11.BC1	10931
CoV|P59595.11.BC2	593
CoV|P59595.12.BC1	8275
CoV|P59595.12.BC2	29040
CoV|P59595.13.BC1	48939
CoV|P59595.13.BC2	47860
CoV|P59595.14.BC1	51349
CoV|P59595.14.BC2	23797
CoV|P59595.2.BC1	11480
CoV|P59595.2.BC2	21047
CoV|P59595.3.BC1	19674
CoV|P59595.3.BC2	18072
CoV|P59595.4.BC1	30321
CoV|P59595.4.BC2	23946
CoV|P59595.5.BC1	36866
CoV|P59595.5.BC2	42672
CoV|P59595.6.BC1	51513
CoV|P59595.6.BC2	40524
CoV|P59595.7.BC1	32274
CoV|P59595.7.BC2	23385
CoV|P59595.8.BC1	53748
CoV|P59595.8.BC2	29190
CoV|P59595.9.BC1	36256
CoV|P59595.9.BC2	32863
CoV|P59596.0.BC1	27847
CoV|P59596.0.BC2	20227
CoV|P59596.3.BC1	17433
CoV|P59596.3.BC2	13473
CoV|P59596.4.BC1	10930
CoV|P59596.4.BC2	10896
CoV|P59596.6.BC1	45470
CoV|P59596.6.BC2	33958
CoV|P59632.0.BC1	21607
CoV|P59632.0.BC2	16523
CoV|P59632.1.BC1	51031
CoV|P59632.1.BC2	22178
CoV|P59632.2.BC1	3154
CoV|P59632.2.BC2	59025
CoV|P59632.3.BC1	1237
CoV|P59632.3.BC2	23833
CoV|P59632.4.BC1	18240
CoV|P59632.4.BC2	29064
CoV|P59632.5.BC1	28319
CoV|P59632.5.BC2	18577
CoV|P59632.6.BC1	2839
CoV|P59632.6.BC2	7100
CoV|P59632.7.BC1	3149
CoV|P59632.7.BC2	5366
CoV|P59632.8.BC1	34179
CoV|P59632.8.BC2	41433
CoV|P59633.0.BC1	10970
CoV|P59633.0.BC2	14275
CoV|P59633.1.BC1	15814
CoV|P59633.1.BC2	12504
CoV|P59633.2.BC1	18465
CoV|P59633.2.BC2	10716
CoV|P59633.3.BC1	22934
CoV|P59633.3.BC2	19151
CoV|P59633.4.BC1	18937
CoV|P59633.4.BC2	20590
CoV|P59634.0.BC1	11302
CoV|P59634.0.BC2	17720
CoV|P59634.1.BC1	19554
CoV|P59634.1.BC2	17493
CoV|P59635.0.BC1	24962
CoV|P59635.0.BC2	46932
CoV|P59635.2.BC1	31123
CoV|P59635.2.BC2	31556
CoV|P59635.3.BC1	18131
CoV|P59635.3.BC2	29918
CoV|P59636.0.BC1	14808
CoV|P59636.0.BC2	16431
CoV|P59636.1.BC1	12982
CoV|P59636.1.BC2	22143
CoV|P59636.2.BC1	14929
CoV|P59636.2.BC2	13613
CoV|Q01455.0.BC1	30705
CoV|Q01455.0.BC2	22468
CoV|Q01455.1.BC1	40414
CoV|Q01455.1.BC2	26728
CoV|Q01455.2.BC1	63098
CoV|Q01455.2.BC2	66335
CoV|Q01455.3.BC1	14122
CoV|Q01455.3.BC2	16142
CoV|Q01455.4.BC1	21172
CoV|Q01455.4.BC2	6989
CoV|Q01455.5.BC1	6223
CoV|Q01455.5.BC2	3373
CoV|Q01455.6.BC1	21105
CoV|Q01455.6.BC2	20305
CoV|Q01455.7.BC1	26555
CoV|Q01455.7.BC2	23700
CoV|Q04853.0.BC1	22353
CoV|Q04853.0.BC2	18942
CoV|Q04853.1.BC1	11239
CoV|Q04853.1.BC2	15445
CoV|Q04853.2.BC1	33653
CoV|Q04853.2.BC2	13765
CoV|Q04854.0.BC1	1590
CoV|Q04854.0.BC2	65134
CoV|Q04854.1.BC1	26308
CoV|Q04854.1.BC2	26027
CoV|Q04854.2.BC1	21772
CoV|Q04854.2.BC2	39693
CoV|Q0Q468.0.BC1	29377
CoV|Q0Q468.0.BC2	28703
CoV|Q0Q468.1.BC1	40852
CoV|Q0Q468.1.BC2	52870
CoV|Q0Q468.10.BC1	28237
CoV|Q0Q468.10.BC2	12978
CoV|Q0Q468.11.BC1	19584
CoV|Q0Q468.11.BC2	8521
CoV|Q0Q468.12.BC1	15819
CoV|Q0Q468.12.BC2	22943
CoV|Q0Q468.13.BC1	39249
CoV|Q0Q468.13.BC2	29474
CoV|Q0Q468.14.BC1	42574
CoV|Q0Q468.14.BC2	41226
CoV|Q0Q468.2.BC1	7118
CoV|Q0Q468.2.BC2	8467
CoV|Q0Q468.3.BC1	15594
CoV|Q0Q468.3.BC2	6858
CoV|Q0Q468.4.BC1	18496
CoV|Q0Q468.4.BC2	34715
CoV|Q0Q468.5.BC1	28227
CoV|Q0Q468.5.BC2	28877
CoV|Q0Q468.6.BC1	36225
CoV|Q0Q468.6.BC2	57681
CoV|Q0Q468.7.BC1	14810
CoV|Q0Q468.7.BC2	24666
CoV|Q0Q468.8.BC1	24516
CoV|Q0Q468.8.BC2	24113
CoV|Q0Q468.9.BC1	40606
CoV|Q0Q468.9.BC2	28749
CoV|Q0Q469.0.BC1	12589
CoV|Q0Q469.0.BC2	9077
CoV|Q0Q469.1.BC1	10050
CoV|Q0Q469.1.BC2	9730
CoV|Q0Q469.2.BC1	19224
CoV|Q0Q469.2.BC2	15636
CoV|Q0Q469.3.BC1	26818
CoV|Q0Q469.3.BC2	15653
CoV|Q0Q470.0.BC1	17725
CoV|Q0Q470.0.BC2	15419
CoV|Q0Q470.1.BC1	29451
CoV|Q0Q470.1.BC2	42097
CoV|Q0Q470.2.BC1	6934
CoV|Q0Q470.2.BC2	25158
CoV|Q0Q470.3.BC1	39041
CoV|Q0Q470.3.BC2	24113
CoV|Q0Q472.0.BC1	23012
CoV|Q0Q472.0.BC2	13302
CoV|Q0Q472.3.BC1	21389
CoV|Q0Q472.3.BC2	15329
CoV|Q0Q472.4.BC1	11378
CoV|Q0Q472.4.BC2	16797
CoV|Q0Q472.5.BC1	16682
CoV|Q0Q472.5.BC2	24603
CoV|Q0Q472.6.BC1	20017
CoV|Q0Q472.6.BC2	38434
CoV|Q0Q473.0.BC1	63886
CoV|Q0Q473.0.BC2	66614
CoV|Q0Q473.1.BC1	14210
CoV|Q0Q473.1.BC2	33354
CoV|Q0Q474.0.BC1	8513
CoV|Q0Q474.0.BC2	10826
CoV|Q0Q474.1.BC1	24387
CoV|Q0Q474.1.BC2	34892
CoV|Q0Q474.2.BC1	22154
CoV|Q0Q474.2.BC2	40288
CoV|Q0Q474.3.BC1	30032
CoV|Q0Q474.3.BC2	25544
CoV|Q0Q474.4.BC1	37558
CoV|Q0Q474.4.BC2	17525
CoV|Q0Q474.5.BC1	18265
CoV|Q0Q474.5.BC2	19325
CoV|Q0Q474.6.BC1	4176
CoV|Q0Q474.6.BC2	8473
CoV|Q0Q474.7.BC1	7685
CoV|Q0Q474.7.BC2	14259
CoV|Q0Q474.8.BC1	47840
CoV|Q0Q474.8.BC2	22216
CoV|Q0Q475.0.BC1	13406
CoV|Q0Q475.0.BC2	27899
CoV|Q0Q475.1.BC1	16351
CoV|Q0Q475.1.BC2	22435
CoV|Q0Q475.10.BC1	19493
CoV|Q0Q475.10.BC2	34443
CoV|Q0Q475.11.BC1	14365
CoV|Q0Q475.11.BC2	27702
CoV|Q0Q475.14.BC1	33307
CoV|Q0Q475.14.BC2	26149
CoV|Q0Q475.15.BC1	77112
CoV|Q0Q475.15.BC2	45799
CoV|Q0Q475.16.BC1	7633
CoV|Q0Q475.16.BC2	7074
CoV|Q0Q475.17.BC1	9438
CoV|Q0Q475.17.BC2	8861
CoV|Q0Q475.18.BC1	23059
CoV|Q0Q475.18.BC2	14093
CoV|Q0Q475.2.BC1	19506
CoV|Q0Q475.2.BC2	12549
CoV|Q0Q475.20.BC1	27176
CoV|Q0Q475.20.BC2	51318
CoV|Q0Q475.21.BC1	74234
CoV|Q0Q475.21.BC2	30532
CoV|Q0Q475.22.BC1	37468
CoV|Q0Q475.22.BC2	32396
CoV|Q0Q475.23.BC1	27083
CoV|Q0Q475.23.BC2	13238
CoV|Q0Q475.24.BC1	15201
CoV|Q0Q475.24.BC2	16732
CoV|Q0Q475.25.BC1	24036
CoV|Q0Q475.25.BC2	10344
CoV|Q0Q475.26.BC1	14346
CoV|Q0Q475.26.BC2	33726
CoV|Q0Q475.3.BC1	5544
CoV|Q0Q475.3.BC2	7001
CoV|Q0Q475.31.BC1	20382
CoV|Q0Q475.31.BC2	18852
CoV|Q0Q475.32.BC1	12753
CoV|Q0Q475.32.BC2	18281
CoV|Q0Q475.38.BC1	16275
CoV|Q0Q475.38.BC2	21515
CoV|Q0Q475.39.BC1	24754
CoV|Q0Q475.39.BC2	34121
CoV|Q0Q475.4.BC1	7041
CoV|Q0Q475.4.BC2	16064
CoV|Q0Q475.5.BC1	18855
CoV|Q0Q475.5.BC2	17650
CoV|Q0Q475.6.BC1	20291
CoV|Q0Q475.6.BC2	18953
CoV|Q0Q475.7.BC1	20428
CoV|Q0Q475.7.BC2	19096
CoV|Q0Q475.8.BC1	13393
CoV|Q0Q475.8.BC2	8935
CoV|Q0Q475.9.BC1	14196
CoV|Q0Q475.9.BC2	9816
CoV|Q14EA6.0.BC1	16258
CoV|Q14EA6.0.BC2	21590
CoV|Q14EA6.1.BC1	9976
CoV|Q14EA6.1.BC2	9824
CoV|Q14EA6.10.BC1	22272
CoV|Q14EA6.10.BC2	11310
CoV|Q14EA6.11.BC1	26751
CoV|Q14EA6.11.BC2	4877
CoV|Q14EA6.12.BC1	3505
CoV|Q14EA6.12.BC2	3640
CoV|Q14EA6.13.BC1	11905
CoV|Q14EA6.13.BC2	39657
CoV|Q14EA6.14.BC1	68505
CoV|Q14EA6.14.BC2	29200
CoV|Q14EA6.2.BC1	8303
CoV|Q14EA6.2.BC2	22265
CoV|Q14EA6.3.BC1	9616
CoV|Q14EA6.3.BC2	26966
CoV|Q14EA6.4.BC1	17165
CoV|Q14EA6.4.BC2	21803
CoV|Q14EA6.5.BC1	31059
CoV|Q14EA6.5.BC2	24596
CoV|Q14EA6.6.BC1	26770
CoV|Q14EA6.6.BC2	29110
CoV|Q14EA6.7.BC1	40074
CoV|Q14EA6.7.BC2	19974
CoV|Q14EA6.8.BC1	25567
CoV|Q14EA6.8.BC2	12247
CoV|Q14EA6.9.BC1	27475
CoV|Q14EA6.9.BC2	5512
CoV|Q14EA7.0.BC1	12973
CoV|Q14EA7.0.BC2	22314
CoV|Q14EA7.1.BC1	47240
CoV|Q14EA7.1.BC2	43887
CoV|Q14EA7.2.BC1	40583
CoV|Q14EA7.2.BC2	60178
CoV|Q14EA7.3.BC1	21817
CoV|Q14EA7.3.BC2	23911
CoV|Q14EA7.4.BC1	10566
CoV|Q14EA7.4.BC2	13536
CoV|Q14EA7.5.BC1	11785
CoV|Q14EA7.5.BC2	17550
CoV|Q14EA7.6.BC1	17650
CoV|Q14EA7.6.BC2	31208
CoV|Q14EA8.0.BC1	49012
CoV|Q14EA8.0.BC2	49077
CoV|Q14EA8.1.BC1	26215
CoV|Q14EA8.1.BC2	23000
CoV|Q14EA9.0.BC1	48493
CoV|Q14EA9.0.BC2	7575
CoV|Q14EA9.1.BC1	15506
CoV|Q14EA9.1.BC2	28737
CoV|Q14EA9.2.BC1	14782
CoV|Q14EA9.2.BC2	22015
CoV|Q14EB0.0.BC1	54535
CoV|Q14EB0.0.BC2	35401
CoV|Q14EB0.1.BC1	3225
CoV|Q14EB0.1.BC2	15491
CoV|Q14EB0.10.BC1	19258
CoV|Q14EB0.10.BC2	22162
CoV|Q14EB0.11.BC1	23822
CoV|Q14EB0.11.BC2	21672
CoV|Q14EB0.12.BC1	10805
CoV|Q14EB0.12.BC2	7777
CoV|Q14EB0.13.BC1	19980
CoV|Q14EB0.13.BC2	7884
CoV|Q14EB0.14.BC1	10131
CoV|Q14EB0.14.BC2	4986
CoV|Q14EB0.15.BC1	27067
CoV|Q14EB0.15.BC2	19017
CoV|Q14EB0.16.BC1	47923
CoV|Q14EB0.16.BC2	37911
CoV|Q14EB0.17.BC1	37751
CoV|Q14EB0.17.BC2	19094
CoV|Q14EB0.18.BC1	12531
CoV|Q14EB0.18.BC2	22649
CoV|Q14EB0.19.BC1	38872
CoV|Q14EB0.19.BC2	26579
CoV|Q14EB0.2.BC1	8983
CoV|Q14EB0.2.BC2	9402
CoV|Q14EB0.20.BC1	15933
CoV|Q14EB0.20.BC2	32227
CoV|Q14EB0.21.BC1	16699
CoV|Q14EB0.21.BC2	13462
CoV|Q14EB0.22.BC1	22328
CoV|Q14EB0.22.BC2	20964
CoV|Q14EB0.23.BC1	26322
CoV|Q14EB0.23.BC2	25067
CoV|Q14EB0.24.BC1	19409
CoV|Q14EB0.24.BC2	17269
CoV|Q14EB0.25.BC1	39509
CoV|Q14EB0.25.BC2	20700
CoV|Q14EB0.26.BC1	28210
CoV|Q14EB0.26.BC2	26189
CoV|Q14EB0.27.BC1	15631
CoV|Q14EB0.27.BC2	6508
CoV|Q14EB0.28.BC1	32742
CoV|Q14EB0.28.BC2	45314
CoV|Q14EB0.29.BC1	15611
CoV|Q14EB0.29.BC2	8127
CoV|Q14EB0.3.BC1	15351
CoV|Q14EB0.3.BC2	9017
CoV|Q14EB0.30.BC1	15336
CoV|Q14EB0.30.BC2	22262
CoV|Q14EB0.31.BC1	28978
CoV|Q14EB0.31.BC2	6806
CoV|Q14EB0.32.BC1	48474
CoV|Q14EB0.32.BC2	32546
CoV|Q14EB0.33.BC1	23326
CoV|Q14EB0.33.BC2	32309
CoV|Q14EB0.34.BC1	8952
CoV|Q14EB0.34.BC2	9410
CoV|Q14EB0.35.BC1	17402
CoV|Q14EB0.35.BC2	13678
CoV|Q14EB0.36.BC1	14357
CoV|Q14EB0.36.BC2	30121
CoV|Q14EB0.37.BC1	12304
CoV|Q14EB0.37.BC2	5751
CoV|Q14EB0.38.BC1	30422
CoV|Q14EB0.38.BC2	43048
CoV|Q14EB0.39.BC1	3473
CoV|Q14EB0.39.BC2	11801
CoV|Q14EB0.4.BC1	12707
CoV|Q14EB0.4.BC2	9761
CoV|Q14EB0.40.BC1	7914
CoV|Q14EB0.40.BC2	8497
CoV|Q14EB0.41.BC1	10095
CoV|Q14EB0.41.BC2	14938
CoV|Q14EB0.42.BC1	14107
CoV|Q14EB0.42.BC2	11058
CoV|Q14EB0.43.BC1	21345
CoV|Q14EB0.43.BC2	21086
CoV|Q14EB0.44.BC1	9351
CoV|Q14EB0.44.BC2	14156
CoV|Q14EB0.45.BC1	18166
CoV|Q14EB0.45.BC2	10903
CoV|Q14EB0.46.BC1	50196
CoV|Q14EB0.46.BC2	35855
CoV|Q14EB0.47.BC1	50845
CoV|Q14EB0.47.BC2	29472
CoV|Q14EB0.5.BC1	33846
CoV|Q14EB0.5.BC2	19249
CoV|Q14EB0.6.BC1	12306
CoV|Q14EB0.6.BC2	6349
CoV|Q14EB0.7.BC1	39216
CoV|Q14EB0.7.BC2	19811
CoV|Q14EB0.8.BC1	12069
CoV|Q14EB0.8.BC2	10970
CoV|Q14EB0.9.BC1	14790
CoV|Q14EB0.9.BC2	32185
CoV|Q14EB1.0.BC1	26680
CoV|Q14EB1.0.BC2	25637
CoV|Q14EB1.1.BC1	20287
CoV|Q14EB1.1.BC2	10935
CoV|Q14EB1.10.BC1	14496
CoV|Q14EB1.10.BC2	16669
CoV|Q14EB1.11.BC1	20667
CoV|Q14EB1.11.BC2	37501
CoV|Q14EB1.12.BC1	33548
CoV|Q14EB1.12.BC2	47491
CoV|Q14EB1.2.BC1	21638
CoV|Q14EB1.2.BC2	15126
CoV|Q14EB1.3.BC1	9158
CoV|Q14EB1.3.BC2	25312
CoV|Q14EB1.4.BC1	4665
CoV|Q14EB1.4.BC2	14364
CoV|Q14EB1.5.BC1	9520
CoV|Q14EB1.5.BC2	7564
CoV|Q14EB1.6.BC1	12352
CoV|Q14EB1.6.BC2	10715
CoV|Q14EB1.7.BC1	14527
CoV|Q14EB1.7.BC2	18764
CoV|Q14EB1.8.BC1	26068
CoV|Q14EB1.8.BC2	26112
CoV|Q14EB1.9.BC1	22750
CoV|Q14EB1.9.BC2	28915
CoV|Q2HZW9.0.BC1	29925
CoV|Q2HZW9.0.BC2	39192
CoV|Q2HZW9.1.BC1	38517
CoV|Q2HZW9.1.BC2	36736
CoV|Q2HZW9.2.BC1	41350
CoV|Q2HZW9.2.BC2	46558
CoV|Q2HZW9.3.BC1	33168
CoV|Q2HZW9.3.BC2	38693
CoV|Q2HZW9.4.BC1	10070
CoV|Q2HZW9.4.BC2	21194
CoV|Q2HZW9.5.BC1	19590
CoV|Q2HZW9.5.BC2	27327
CoV|Q2HZW9.6.BC1	29765
CoV|Q2HZW9.6.BC2	29143
CoV|Q2HZW9.7.BC1	19351
CoV|Q2HZW9.7.BC2	32581
CoV|Q3I5I5.0.BC1	12067
CoV|Q3I5I5.0.BC2	7120
CoV|Q3I5I5.1.BC1	10895
CoV|Q3I5I5.1.BC2	10493
CoV|Q3I5I6.0.BC1	18298
CoV|Q3I5I6.0.BC2	1065
CoV|Q3I5I6.1.BC1	17144
CoV|Q3I5I6.1.BC2	13614
CoV|Q3I5I6.2.BC1	11843
CoV|Q3I5I6.2.BC2	7629
CoV|Q3I5I7.0.BC1	36652
CoV|Q3I5I7.0.BC2	26810
CoV|Q3I5I7.10.BC1	19864
CoV|Q3I5I7.10.BC2	8028
CoV|Q3I5I7.11.BC1	7425
CoV|Q3I5I7.11.BC2	6482
CoV|Q3I5I7.12.BC1	23799
CoV|Q3I5I7.12.BC2	29284
CoV|Q3I5I7.13.BC1	53293
CoV|Q3I5I7.13.BC2	12311
CoV|Q3I5I7.6.BC1	39273
CoV|Q3I5I7.6.BC2	20034
CoV|Q3I5I7.7.BC1	17351
CoV|Q3I5I7.7.BC2	21428
CoV|Q3I5I7.8.BC1	39737
CoV|Q3I5I7.8.BC2	36575
CoV|Q3I5I7.9.BC1	28652
CoV|Q3I5I7.9.BC2	41337
CoV|Q3I5I8.1.BC1	16857
CoV|Q3I5I8.1.BC2	14996
CoV|Q3I5I8.2.BC1	18338
CoV|Q3I5I8.2.BC2	10228
CoV|Q3I5I8.3.BC1	22178
CoV|Q3I5I8.3.BC2	30582
CoV|Q3I5J0.0.BC1	22544
CoV|Q3I5J0.0.BC2	27961
CoV|Q3I5J0.1.BC1	38526
CoV|Q3I5J0.1.BC2	28872
CoV|Q3I5J0.2.BC1	16304
CoV|Q3I5J0.2.BC2	24257
CoV|Q3I5J0.3.BC1	22373
CoV|Q3I5J0.3.BC2	12461
CoV|Q3I5J1.0.BC1	10881
CoV|Q3I5J1.0.BC2	6480
CoV|Q3I5J1.1.BC1	19095
CoV|Q3I5J1.1.BC2	20694
CoV|Q3I5J2.0.BC1	19274
CoV|Q3I5J2.0.BC2	20011
CoV|Q3I5J2.1.BC1	41989
CoV|Q3I5J2.1.BC2	27272
CoV|Q3I5J2.2.BC1	63477
CoV|Q3I5J2.2.BC2	45355
CoV|Q3I5J2.3.BC1	24357
CoV|Q3I5J2.3.BC2	22130
CoV|Q3I5J2.4.BC1	10661
CoV|Q3I5J2.4.BC2	11055
CoV|Q3I5J2.5.BC1	20547
CoV|Q3I5J2.5.BC2	23316
CoV|Q3I5J2.6.BC1	32573
CoV|Q3I5J2.6.BC2	34535
CoV|Q3I5J4.0.BC1	12625
CoV|Q3I5J4.0.BC2	8273
CoV|Q3I5J4.1.BC1	14551
CoV|Q3I5J4.1.BC2	29395
CoV|Q3I5J4.2.BC1	16298
CoV|Q3I5J4.2.BC2	1911
CoV|Q3I5J4.6.BC1	7862
CoV|Q3I5J4.6.BC2	8530
CoV|Q3I5J4.7.BC1	8898
CoV|Q3I5J4.7.BC2	4203
CoV|Q3I5J5.0.BC1	19919
CoV|Q3I5J5.0.BC2	24943
CoV|Q3I5J5.1.BC1	28325
CoV|Q3I5J5.1.BC2	19793
CoV|Q3I5J5.10.BC1	19462
CoV|Q3I5J5.10.BC2	17359
CoV|Q3I5J5.11.BC1	29937
CoV|Q3I5J5.11.BC2	20883
CoV|Q3I5J5.12.BC1	14656
CoV|Q3I5J5.12.BC2	1406
CoV|Q3I5J5.13.BC1	31965
CoV|Q3I5J5.13.BC2	29430
CoV|Q3I5J5.14.BC1	17199
CoV|Q3I5J5.14.BC2	23433
CoV|Q3I5J5.15.BC1	56997
CoV|Q3I5J5.15.BC2	78972
CoV|Q3I5J5.16.BC1	25120
CoV|Q3I5J5.16.BC2	12445
CoV|Q3I5J5.17.BC1	17034
CoV|Q3I5J5.17.BC2	10360
CoV|Q3I5J5.18.BC1	20823
CoV|Q3I5J5.18.BC2	22168
CoV|Q3I5J5.19.BC1	38641
CoV|Q3I5J5.19.BC2	22706
CoV|Q3I5J5.2.BC1	27492
CoV|Q3I5J5.2.BC2	14043
CoV|Q3I5J5.20.BC1	18559
CoV|Q3I5J5.20.BC2	65035
CoV|Q3I5J5.21.BC1	41353
CoV|Q3I5J5.21.BC2	32346
CoV|Q3I5J5.22.BC1	17206
CoV|Q3I5J5.22.BC2	33617
CoV|Q3I5J5.23.BC1	21821
CoV|Q3I5J5.23.BC2	21076
CoV|Q3I5J5.24.BC1	3694
CoV|Q3I5J5.24.BC2	24266
CoV|Q3I5J5.25.BC1	19137
CoV|Q3I5J5.25.BC2	15855
CoV|Q3I5J5.26.BC1	12831
CoV|Q3I5J5.26.BC2	18306
CoV|Q3I5J5.27.BC1	27745
CoV|Q3I5J5.27.BC2	15833
CoV|Q3I5J5.28.BC1	40768
CoV|Q3I5J5.28.BC2	62621
CoV|Q3I5J5.29.BC1	21177
CoV|Q3I5J5.29.BC2	30615
CoV|Q3I5J5.3.BC1	10708
CoV|Q3I5J5.3.BC2	14393
CoV|Q3I5J5.30.BC1	10648
CoV|Q3I5J5.30.BC2	21993
CoV|Q3I5J5.31.BC1	14769
CoV|Q3I5J5.31.BC2	30648
CoV|Q3I5J5.32.BC1	21632
CoV|Q3I5J5.32.BC2	12643
CoV|Q3I5J5.33.BC1	11924
CoV|Q3I5J5.33.BC2	8947
CoV|Q3I5J5.34.BC1	14839
CoV|Q3I5J5.34.BC2	24804
CoV|Q3I5J5.35.BC1	11825
CoV|Q3I5J5.35.BC2	18118
CoV|Q3I5J5.36.BC1	15375
CoV|Q3I5J5.36.BC2	14003
CoV|Q3I5J5.37.BC1	13160
CoV|Q3I5J5.37.BC2	16669
CoV|Q3I5J5.38.BC1	15664
CoV|Q3I5J5.38.BC2	15588
CoV|Q3I5J5.39.BC1	2854
CoV|Q3I5J5.39.BC2	38032
CoV|Q3I5J5.4.BC1	9763
CoV|Q3I5J5.4.BC2	9260
CoV|Q3I5J5.40.BC1	11128
CoV|Q3I5J5.40.BC2	7564
CoV|Q3I5J5.41.BC1	26855
CoV|Q3I5J5.41.BC2	41067
CoV|Q3I5J5.42.BC1	12019
CoV|Q3I5J5.42.BC2	28027
CoV|Q3I5J5.43.BC1	13029
CoV|Q3I5J5.43.BC2	23117
CoV|Q3I5J5.5.BC1	17895
CoV|Q3I5J5.5.BC2	18441
CoV|Q3I5J5.6.BC1	24997
CoV|Q3I5J5.6.BC2	27530
CoV|Q3I5J5.7.BC1	8911
CoV|Q3I5J5.7.BC2	9919
CoV|Q3I5J5.8.BC1	7112
CoV|Q3I5J5.8.BC2	3793
CoV|Q3I5J5.9.BC1	18485
CoV|Q3I5J5.9.BC2	5577
CoV|Q3LZW9.0.BC1	53969
CoV|Q3LZW9.0.BC2	56930
CoV|Q3LZX0.0.BC1	13463
CoV|Q3LZX0.0.BC2	3558
CoV|Q3LZX0.1.BC1	17220
CoV|Q3LZX0.1.BC2	13209
CoV|Q3LZX0.2.BC1	7766
CoV|Q3LZX0.2.BC2	31451
CoV|Q3LZX0.3.BC1	31931
CoV|Q3LZX0.3.BC2	25415
CoV|Q3LZX0.4.BC1	24058
CoV|Q3LZX0.4.BC2	25735
CoV|Q3LZX0.5.BC1	20918
CoV|Q3LZX0.5.BC2	13682
CoV|Q3LZX0.6.BC1	6563
CoV|Q3LZX0.6.BC2	6136
CoV|Q3LZX0.7.BC1	13167
CoV|Q3LZX0.7.BC2	5393
CoV|Q3LZX1.0.BC1	19386
CoV|Q3LZX1.0.BC2	27349
CoV|Q3LZX1.1.BC1	21290
CoV|Q3LZX1.1.BC2	13010
CoV|Q3LZX1.10.BC1	38875
CoV|Q3LZX1.10.BC2	18587
CoV|Q3LZX1.14.BC1	17290
CoV|Q3LZX1.14.BC2	21738
CoV|Q3LZX1.15.BC1	33605
CoV|Q3LZX1.15.BC2	38932
CoV|Q3LZX1.16.BC1	17899
CoV|Q3LZX1.16.BC2	6001
CoV|Q3LZX1.17.BC1	2654
CoV|Q3LZX1.17.BC2	7459
CoV|Q3LZX1.18.BC1	31551
CoV|Q3LZX1.18.BC2	27278
CoV|Q3LZX1.19.BC1	36092
CoV|Q3LZX1.19.BC2	24189
CoV|Q3LZX1.2.BC1	6971
CoV|Q3LZX1.2.BC2	8443
CoV|Q3LZX1.20.BC1	20958
CoV|Q3LZX1.20.BC2	44875
CoV|Q3LZX1.21.BC1	34071
CoV|Q3LZX1.21.BC2	30157
CoV|Q3LZX1.22.BC1	25784
CoV|Q3LZX1.22.BC2	19576
CoV|Q3LZX1.23.BC1	20698
CoV|Q3LZX1.23.BC2	11611
CoV|Q3LZX1.24.BC1	14207
CoV|Q3LZX1.24.BC2	3760
CoV|Q3LZX1.25.BC1	23920
CoV|Q3LZX1.25.BC2	23648
CoV|Q3LZX1.26.BC1	7189
CoV|Q3LZX1.26.BC2	5558
CoV|Q3LZX1.27.BC1	16168
CoV|Q3LZX1.27.BC2	36244
CoV|Q3LZX1.28.BC1	30312
CoV|Q3LZX1.28.BC2	35023
CoV|Q3LZX1.29.BC1	26292
CoV|Q3LZX1.29.BC2	36780
CoV|Q3LZX1.3.BC1	9017
CoV|Q3LZX1.3.BC2	6726
CoV|Q3LZX1.30.BC1	4959
CoV|Q3LZX1.30.BC2	11204
CoV|Q3LZX1.31.BC1	16173
CoV|Q3LZX1.31.BC2	14435
CoV|Q3LZX1.32.BC1	4745
CoV|Q3LZX1.32.BC2	11895
CoV|Q3LZX1.33.BC1	7625
CoV|Q3LZX1.33.BC2	7685
CoV|Q3LZX1.34.BC1	6506
CoV|Q3LZX1.34.BC2	14864
CoV|Q3LZX1.35.BC1	16900
CoV|Q3LZX1.35.BC2	13319
CoV|Q3LZX1.36.BC1	10710
CoV|Q3LZX1.36.BC2	13984
CoV|Q3LZX1.37.BC1	17412
CoV|Q3LZX1.37.BC2	19310
CoV|Q3LZX1.38.BC1	17231
CoV|Q3LZX1.38.BC2	16236
CoV|Q3LZX1.39.BC1	20887
CoV|Q3LZX1.39.BC2	20635
CoV|Q3LZX1.4.BC1	9377
CoV|Q3LZX1.4.BC2	7151
CoV|Q3LZX1.40.BC1	11173
CoV|Q3LZX1.40.BC2	7517
CoV|Q3LZX1.41.BC1	39474
CoV|Q3LZX1.41.BC2	30900
CoV|Q3LZX1.42.BC1	24632
CoV|Q3LZX1.42.BC2	24207
CoV|Q3LZX1.5.BC1	12330
CoV|Q3LZX1.5.BC2	25190
CoV|Q3LZX1.6.BC1	13020
CoV|Q3LZX1.6.BC2	16772
CoV|Q3LZX1.7.BC1	16816
CoV|Q3LZX1.7.BC2	17111
CoV|Q3LZX1.8.BC1	12578
CoV|Q3LZX1.8.BC2	12075
CoV|Q3LZX1.9.BC1	9738
CoV|Q3LZX1.9.BC2	28144
CoV|Q3LZX3.0.BC1	12716
CoV|Q3LZX3.0.BC2	13563
CoV|Q3LZX3.1.BC1	9684
CoV|Q3LZX3.1.BC2	19593
CoV|Q3LZX3.2.BC1	30887
CoV|Q3LZX3.2.BC2	35921
CoV|Q3LZX4.0.BC1	38507
CoV|Q3LZX4.0.BC2	45735
CoV|Q3LZX4.10.BC1	21237
CoV|Q3LZX4.10.BC2	17967
CoV|Q3LZX4.11.BC1	2547
CoV|Q3LZX4.11.BC2	11164
CoV|Q3LZX4.12.BC1	23882
CoV|Q3LZX4.12.BC2	30419
CoV|Q3LZX4.13.BC1	38830
CoV|Q3LZX4.13.BC2	28543
CoV|Q3LZX4.14.BC1	41528
CoV|Q3LZX4.14.BC2	35297
CoV|Q3LZX4.2.BC1	19647
CoV|Q3LZX4.2.BC2	12099
CoV|Q3LZX4.3.BC1	16248
CoV|Q3LZX4.3.BC2	16935
CoV|Q3LZX4.5.BC1	35048
CoV|Q3LZX4.5.BC2	33789
CoV|Q3LZX4.6.BC1	41767
CoV|Q3LZX4.6.BC2	39494
CoV|Q3LZX4.7.BC1	28444
CoV|Q3LZX4.7.BC2	29844
CoV|Q3LZX4.8.BC1	53392
CoV|Q3LZX4.8.BC2	39576
CoV|Q3LZX4.9.BC1	43122
CoV|Q3LZX4.9.BC2	28363
CoV|Q3LZX5.0.BC1	8697
CoV|Q3LZX5.0.BC2	15670
CoV|Q3LZX5.1.BC1	14839
CoV|Q3LZX5.1.BC2	13472
CoV|Q3LZX5.2.BC1	19107
CoV|Q3LZX5.2.BC2	18942
CoV|Q3LZX5.3.BC1	26921
CoV|Q3LZX5.3.BC2	11004
CoV|Q3LZX6.0.BC1	53303
CoV|Q3LZX6.0.BC2	5374
CoV|Q3LZX7.0.BC1	24488
CoV|Q3LZX7.0.BC2	14266
CoV|Q3LZX7.1.BC1	41751
CoV|Q3LZX7.1.BC2	49718
CoV|Q3LZX7.2.BC1	41020
CoV|Q3LZX7.2.BC2	43896
CoV|Q3LZX7.3.BC1	23924
CoV|Q3LZX7.3.BC2	24900
CoV|Q3LZX8.0.BC1	10985
CoV|Q3LZX8.0.BC2	9330
CoV|Q3LZX8.1.BC1	23939
CoV|Q3LZX8.1.BC2	8552
CoV|Q3LZX9.0.BC1	25291
CoV|Q3LZX9.0.BC2	16076
CoV|Q4VID0.0.BC1	28693
CoV|Q4VID0.0.BC2	26648
CoV|Q4VID0.1.BC1	22125
CoV|Q4VID0.1.BC2	20262
CoV|Q4VID0.2.BC1	44987
CoV|Q4VID0.2.BC2	20943
CoV|Q4VID0.3.BC1	33668
CoV|Q4VID0.3.BC2	57773
CoV|Q4VID0.4.BC1	13582
CoV|Q4VID0.4.BC2	29517
CoV|Q4VID0.5.BC1	12464
CoV|Q4VID0.5.BC2	24822
CoV|Q4VID0.6.BC1	14949
CoV|Q4VID0.6.BC2	18314
CoV|Q7TFA0.0.BC1	22593
CoV|Q7TFA0.0.BC2	20439
CoV|Q7TFA1.0.BC1	34535
CoV|Q7TFA1.0.BC2	15909
CoV|Q7TLC7.0.BC1	16314
CoV|Q7TLC7.0.BC2	3397
CoV|Q7TLC7.1.BC1	21718
CoV|Q7TLC7.1.BC2	11275
CoV|Q80872.0.BC1	5075
CoV|Q80872.0.BC2	14300
CoV|Q80872.1.BC1	24069
CoV|Q80872.1.BC2	24057
CoV|Q80872.2.BC1	17343
CoV|Q80872.2.BC2	24347
CoV|Q80872.3.BC1	15958
CoV|Q80872.3.BC2	19094
CoV|Q80872.4.BC1	24744
CoV|Q80872.4.BC2	28440
CoV|Q80872.5.BC1	4918
CoV|Q80872.5.BC2	8006
CoV|Q80872.6.BC1	9250
CoV|Q80872.6.BC2	9827
CoV|Q80872.7.BC1	6757
CoV|Q80872.7.BC2	21522
CoV|Q80872.8.BC1	16794
CoV|Q80872.8.BC2	15828
CoV|Q80H93.0.BC1	12782
CoV|Q80H93.0.BC2	15972
CoV|Q80H93.1.BC1	11733
CoV|Q80H93.1.BC2	22998
CoV|Q80H93.2.BC1	18114
CoV|Q80H93.2.BC2	18328
CoV|QHN73809.109.BC1	38053
CoV|QHN73809.109.BC2	30028
CoV|QHN73809.110.BC1	25935
CoV|QHN73809.110.BC2	26297
CoV|QHO60600.1.BC1	8500
CoV|QHO60600.1.BC2	10060
CoV|QHO60600.2.BC1	12504
CoV|QHO60600.2.BC2	14631
CoV|QHO60600.3.BC1	7626
CoV|QHO60600.3.BC2	28628
CoV|QHQ71962.14.BC1	36640
CoV|QHQ71962.14.BC2	18892
CoV|QHQ71962.15.BC1	18744
CoV|QHQ71962.15.BC2	11140
CoV|QHQ71969.1.BC1	10560
CoV|QHQ71969.1.BC2	13353
CoV|QHQ71969.2.BC1	13771
CoV|QHQ71969.2.BC2	15473
CoV|QHQ71972.198.BC1	17942
CoV|QHQ71972.198.BC2	20755
CoV|QHQ71972.199.BC1	7560
CoV|QHQ71972.199.BC2	18969
CoV|QHQ82463.0.BC1	21644
CoV|QHQ82463.0.BC2	23887
CoV|QHQ82463.1.BC1	37175
CoV|QHQ82463.1.BC2	16264
CoV|QHQ82463.10.BC1	19893
CoV|QHQ82463.10.BC2	20082
CoV|QHQ82463.100.BC1	32072
CoV|QHQ82463.100.BC2	45418
CoV|QHQ82463.101.BC1	11042
CoV|QHQ82463.101.BC2	11562
CoV|QHQ82463.102.BC1	10843
CoV|QHQ82463.102.BC2	439
CoV|QHQ82463.103.BC1	1535
CoV|QHQ82463.103.BC2	1114
CoV|QHQ82463.104.BC1	65303
CoV|QHQ82463.104.BC2	63900
CoV|QHQ82463.105.BC1	6904
CoV|QHQ82463.105.BC2	17328
CoV|QHQ82463.106.BC1	50508
CoV|QHQ82463.106.BC2	63162
CoV|QHQ82463.107.BC1	15103
CoV|QHQ82463.107.BC2	20937
CoV|QHQ82463.108.BC1	4892
CoV|QHQ82463.108.BC2	53404
CoV|QHQ82463.109.BC1	64162
CoV|QHQ82463.109.BC2	58087
CoV|QHQ82463.11.BC1	18334
CoV|QHQ82463.11.BC2	31087
CoV|QHQ82463.110.BC1	8914
CoV|QHQ82463.110.BC2	24318
CoV|QHQ82463.111.BC1	21855
CoV|QHQ82463.111.BC2	32888
CoV|QHQ82463.112.BC1	11125
CoV|QHQ82463.112.BC2	6431
CoV|QHQ82463.113.BC1	17828
CoV|QHQ82463.113.BC2	26967
CoV|QHQ82463.114.BC1	22670
CoV|QHQ82463.114.BC2	2207
CoV|QHQ82463.115.BC1	33892
CoV|QHQ82463.115.BC2	42776
CoV|QHQ82463.116.BC1	20108
CoV|QHQ82463.116.BC2	18471
CoV|QHQ82463.117.BC1	26460
CoV|QHQ82463.117.BC2	56518
CoV|QHQ82463.118.BC1	20118
CoV|QHQ82463.118.BC2	17505
CoV|QHQ82463.119.BC1	30045
CoV|QHQ82463.119.BC2	20449
CoV|QHQ82463.12.BC1	32763
CoV|QHQ82463.12.BC2	33150
CoV|QHQ82463.120.BC1	33816
CoV|QHQ82463.120.BC2	25907
CoV|QHQ82463.121.BC1	16699
CoV|QHQ82463.121.BC2	13883
CoV|QHQ82463.122.BC1	9182
CoV|QHQ82463.122.BC2	6506
CoV|QHQ82463.123.BC1	8497
CoV|QHQ82463.123.BC2	16699
CoV|QHQ82463.124.BC1	16849
CoV|QHQ82463.124.BC2	25901
CoV|QHQ82463.125.BC1	39381
CoV|QHQ82463.125.BC2	33879
CoV|QHQ82463.126.BC1	18086
CoV|QHQ82463.126.BC2	14666
CoV|QHQ82463.127.BC1	25159
CoV|QHQ82463.127.BC2	19125
CoV|QHQ82463.128.BC1	2522
CoV|QHQ82463.128.BC2	21625
CoV|QHQ82463.129.BC1	120227
CoV|QHQ82463.129.BC2	91135
CoV|QHQ82463.13.BC1	22958
CoV|QHQ82463.13.BC2	7667
CoV|QHQ82463.130.BC1	25589
CoV|QHQ82463.130.BC2	20487
CoV|QHQ82463.131.BC1	33633
CoV|QHQ82463.131.BC2	48707
CoV|QHQ82463.132.BC1	16100
CoV|QHQ82463.132.BC2	23558
CoV|QHQ82463.133.BC1	30931
CoV|QHQ82463.133.BC2	52127
CoV|QHQ82463.134.BC1	69240
CoV|QHQ82463.134.BC2	65840
CoV|QHQ82463.135.BC1	29409
CoV|QHQ82463.135.BC2	24815
CoV|QHQ82463.136.BC1	13070
CoV|QHQ82463.136.BC2	24203
CoV|QHQ82463.137.BC1	11809
CoV|QHQ82463.137.BC2	11920
CoV|QHQ82463.138.BC1	6139
CoV|QHQ82463.138.BC2	11659
CoV|QHQ82463.139.BC1	12343
CoV|QHQ82463.139.BC2	10345
CoV|QHQ82463.14.BC1	30520
CoV|QHQ82463.14.BC2	25766
CoV|QHQ82463.140.BC1	33740
CoV|QHQ82463.140.BC2	22076
CoV|QHQ82463.141.BC1	14010
CoV|QHQ82463.141.BC2	28961
CoV|QHQ82463.142.BC1	29610
CoV|QHQ82463.142.BC2	41142
CoV|QHQ82463.143.BC1	22282
CoV|QHQ82463.143.BC2	56040
CoV|QHQ82463.144.BC1	21777
CoV|QHQ82463.144.BC2	14755
CoV|QHQ82463.145.BC1	7921
CoV|QHQ82463.145.BC2	4161
CoV|QHQ82463.146.BC1	26959
CoV|QHQ82463.146.BC2	24769
CoV|QHQ82463.147.BC1	49190
CoV|QHQ82463.147.BC2	50595
CoV|QHQ82463.148.BC1	12710
CoV|QHQ82463.148.BC2	17134
CoV|QHQ82463.149.BC1	20984
CoV|QHQ82463.149.BC2	19474
CoV|QHQ82463.15.BC1	8120
CoV|QHQ82463.15.BC2	8971
CoV|QHQ82463.150.BC1	16125
CoV|QHQ82463.150.BC2	23063
CoV|QHQ82463.151.BC1	22419
CoV|QHQ82463.151.BC2	14808
CoV|QHQ82463.152.BC1	18459
CoV|QHQ82463.152.BC2	18653
CoV|QHQ82463.153.BC1	29926
CoV|QHQ82463.153.BC2	27938
CoV|QHQ82463.154.BC1	16191
CoV|QHQ82463.154.BC2	16129
CoV|QHQ82463.155.BC1	44546
CoV|QHQ82463.155.BC2	33475
CoV|QHQ82463.156.BC1	69134
CoV|QHQ82463.156.BC2	39467
CoV|QHQ82463.157.BC1	22778
CoV|QHQ82463.157.BC2	16819
CoV|QHQ82463.158.BC1	12736
CoV|QHQ82463.158.BC2	20115
CoV|QHQ82463.159.BC1	23490
CoV|QHQ82463.159.BC2	15723
CoV|QHQ82463.16.BC1	7043
CoV|QHQ82463.16.BC2	3350
CoV|QHQ82463.160.BC1	62488
CoV|QHQ82463.160.BC2	29214
CoV|QHQ82463.161.BC1	13640
CoV|QHQ82463.161.BC2	23562
CoV|QHQ82463.162.BC1	30556
CoV|QHQ82463.162.BC2	32841
CoV|QHQ82463.163.BC1	14216
CoV|QHQ82463.163.BC2	11245
CoV|QHQ82463.164.BC1	29591
CoV|QHQ82463.164.BC2	28861
CoV|QHQ82463.165.BC1	20246
CoV|QHQ82463.165.BC2	20674
CoV|QHQ82463.166.BC1	35865
CoV|QHQ82463.166.BC2	40962
CoV|QHQ82463.167.BC1	22705
CoV|QHQ82463.167.BC2	23480
CoV|QHQ82463.168.BC1	29099
CoV|QHQ82463.168.BC2	19400
CoV|QHQ82463.169.BC1	43986
CoV|QHQ82463.169.BC2	28507
CoV|QHQ82463.17.BC1	20136
CoV|QHQ82463.17.BC2	4574
CoV|QHQ82463.170.BC1	31681
CoV|QHQ82463.170.BC2	35337
CoV|QHQ82463.171.BC1	24351
CoV|QHQ82463.171.BC2	19180
CoV|QHQ82463.172.BC1	11198
CoV|QHQ82463.172.BC2	19353
CoV|QHQ82463.173.BC1	17066
CoV|QHQ82463.173.BC2	5387
CoV|QHQ82463.174.BC1	28013
CoV|QHQ82463.174.BC2	25788
CoV|QHQ82463.175.BC1	33655
CoV|QHQ82463.175.BC2	36077
CoV|QHQ82463.176.BC1	22657
CoV|QHQ82463.176.BC2	28441
CoV|QHQ82463.177.BC1	11162
CoV|QHQ82463.177.BC2	7569
CoV|QHQ82463.178.BC1	23046
CoV|QHQ82463.178.BC2	27528
CoV|QHQ82463.179.BC1	9124
CoV|QHQ82463.179.BC2	8115
CoV|QHQ82463.18.BC1	18321
CoV|QHQ82463.18.BC2	31181
CoV|QHQ82463.180.BC1	23813
CoV|QHQ82463.180.BC2	34444
CoV|QHQ82463.181.BC1	21469
CoV|QHQ82463.181.BC2	22096
CoV|QHQ82463.182.BC1	31520
CoV|QHQ82463.182.BC2	31235
CoV|QHQ82463.183.BC1	8398
CoV|QHQ82463.183.BC2	9651
CoV|QHQ82463.184.BC1	20843
CoV|QHQ82463.184.BC2	13903
CoV|QHQ82463.185.BC1	64013
CoV|QHQ82463.185.BC2	84861
CoV|QHQ82463.186.BC1	26909
CoV|QHQ82463.186.BC2	27350
CoV|QHQ82463.187.BC1	7541
CoV|QHQ82463.187.BC2	20916
CoV|QHQ82463.188.BC1	21012
CoV|QHQ82463.188.BC2	17474
CoV|QHQ82463.189.BC1	37382
CoV|QHQ82463.189.BC2	22044
CoV|QHQ82463.19.BC1	28084
CoV|QHQ82463.19.BC2	58789
CoV|QHQ82463.190.BC1	30900
CoV|QHQ82463.190.BC2	16982
CoV|QHQ82463.191.BC1	9804
CoV|QHQ82463.191.BC2	22671
CoV|QHQ82463.192.BC1	46658
CoV|QHQ82463.192.BC2	37265
CoV|QHQ82463.193.BC1	43532
CoV|QHQ82463.193.BC2	45664
CoV|QHQ82463.194.BC1	22605
CoV|QHQ82463.194.BC2	25380
CoV|QHQ82463.195.BC1	19915
CoV|QHQ82463.195.BC2	22927
CoV|QHQ82463.196.BC1	11002
CoV|QHQ82463.196.BC2	16833
CoV|QHQ82463.197.BC1	12726
CoV|QHQ82463.197.BC2	20952
CoV|QHQ82463.198.BC1	19776
CoV|QHQ82463.198.BC2	25529
CoV|QHQ82463.199.BC1	17054
CoV|QHQ82463.199.BC2	27091
CoV|QHQ82463.2.BC1	29228
CoV|QHQ82463.2.BC2	32656
CoV|QHQ82463.20.BC1	14290
CoV|QHQ82463.20.BC2	18168
CoV|QHQ82463.200.BC1	9478
CoV|QHQ82463.200.BC2	14740
CoV|QHQ82463.201.BC1	33196
CoV|QHQ82463.201.BC2	45259
CoV|QHQ82463.202.BC1	15479
CoV|QHQ82463.202.BC2	18145
CoV|QHQ82463.203.BC1	30284
CoV|QHQ82463.203.BC2	57781
CoV|QHQ82463.204.BC1	23439
CoV|QHQ82463.204.BC2	33602
CoV|QHQ82463.205.BC1	21196
CoV|QHQ82463.205.BC2	17500
CoV|QHQ82463.206.BC1	17732
CoV|QHQ82463.206.BC2	20724
CoV|QHQ82463.207.BC1	18421
CoV|QHQ82463.207.BC2	20076
CoV|QHQ82463.208.BC1	15846
CoV|QHQ82463.208.BC2	18244
CoV|QHQ82463.209.BC1	13256
CoV|QHQ82463.209.BC2	9964
CoV|QHQ82463.21.BC1	18957
CoV|QHQ82463.21.BC2	15460
CoV|QHQ82463.210.BC1	18170
CoV|QHQ82463.210.BC2	19110
CoV|QHQ82463.211.BC1	25525
CoV|QHQ82463.211.BC2	21914
CoV|QHQ82463.212.BC1	19828
CoV|QHQ82463.212.BC2	19897
CoV|QHQ82463.213.BC1	22472
CoV|QHQ82463.213.BC2	23596
CoV|QHQ82463.214.BC1	16212
CoV|QHQ82463.214.BC2	37239
CoV|QHQ82463.215.BC1	32948
CoV|QHQ82463.215.BC2	25840
CoV|QHQ82463.216.BC1	16639
CoV|QHQ82463.216.BC2	25903
CoV|QHQ82463.217.BC1	19155
CoV|QHQ82463.217.BC2	14286
CoV|QHQ82463.218.BC1	18910
CoV|QHQ82463.218.BC2	20820
CoV|QHQ82463.219.BC1	21665
CoV|QHQ82463.219.BC2	7292
CoV|QHQ82463.22.BC1	8385
CoV|QHQ82463.22.BC2	19296
CoV|QHQ82463.220.BC1	49485
CoV|QHQ82463.220.BC2	30123
CoV|QHQ82463.221.BC1	24643
CoV|QHQ82463.221.BC2	30184
CoV|QHQ82463.222.BC1	25813
CoV|QHQ82463.222.BC2	17949
CoV|QHQ82463.223.BC1	23868
CoV|QHQ82463.223.BC2	22904
CoV|QHQ82463.224.BC1	18558
CoV|QHQ82463.224.BC2	18848
CoV|QHQ82463.225.BC1	31672
CoV|QHQ82463.225.BC2	36284
CoV|QHQ82463.226.BC1	28850
CoV|QHQ82463.226.BC2	39069
CoV|QHQ82463.227.BC1	19435
CoV|QHQ82463.227.BC2	28666
CoV|QHQ82463.228.BC1	29445
CoV|QHQ82463.228.BC2	19858
CoV|QHQ82463.229.BC1	16732
CoV|QHQ82463.229.BC2	13703
CoV|QHQ82463.23.BC1	7148
CoV|QHQ82463.23.BC2	21384
CoV|QHQ82463.230.BC1	20343
CoV|QHQ82463.230.BC2	28668
CoV|QHQ82463.231.BC1	29717
CoV|QHQ82463.231.BC2	32410
CoV|QHQ82463.232.BC1	49295
CoV|QHQ82463.232.BC2	31737
CoV|QHQ82463.233.BC1	41179
CoV|QHQ82463.233.BC2	22936
CoV|QHQ82463.234.BC1	32565
CoV|QHQ82463.234.BC2	38780
CoV|QHQ82463.235.BC1	14067
CoV|QHQ82463.235.BC2	25463
CoV|QHQ82463.236.BC1	18438
CoV|QHQ82463.236.BC2	39474
CoV|QHQ82463.237.BC1	4857
CoV|QHQ82463.237.BC2	12101
CoV|QHQ82463.238.BC1	2745
CoV|QHQ82463.238.BC2	11869
CoV|QHQ82463.239.BC1	24241
CoV|QHQ82463.239.BC2	5607
CoV|QHQ82463.24.BC1	16002
CoV|QHQ82463.24.BC2	9451
CoV|QHQ82463.240.BC1	4719
CoV|QHQ82463.240.BC2	7618
CoV|QHQ82463.241.BC1	9583
CoV|QHQ82463.241.BC2	7190
CoV|QHQ82463.242.BC1	30351
CoV|QHQ82463.242.BC2	18925
CoV|QHQ82463.243.BC1	31604
CoV|QHQ82463.243.BC2	31973
CoV|QHQ82463.244.BC1	29994
CoV|QHQ82463.244.BC2	26460
CoV|QHQ82463.245.BC1	38996
CoV|QHQ82463.245.BC2	41721
CoV|QHQ82463.246.BC1	24978
CoV|QHQ82463.246.BC2	17454
CoV|QHQ82463.247.BC1	10000
CoV|QHQ82463.247.BC2	19348
CoV|QHQ82463.248.BC1	28689
CoV|QHQ82463.248.BC2	10210
CoV|QHQ82463.249.BC1	16721
CoV|QHQ82463.249.BC2	18328
CoV|QHQ82463.25.BC1	19638
CoV|QHQ82463.25.BC2	21786
CoV|QHQ82463.250.BC1	13523
CoV|QHQ82463.250.BC2	46090
CoV|QHQ82463.251.BC1	9257
CoV|QHQ82463.251.BC2	23198
CoV|QHQ82463.26.BC1	22497
CoV|QHQ82463.26.BC2	20643
CoV|QHQ82463.27.BC1	11389
CoV|QHQ82463.27.BC2	15346
CoV|QHQ82463.28.BC1	18090
CoV|QHQ82463.28.BC2	7330
CoV|QHQ82463.29.BC1	16276
CoV|QHQ82463.29.BC2	12916
CoV|QHQ82463.3.BC1	27801
CoV|QHQ82463.3.BC2	33382
CoV|QHQ82463.30.BC1	41260
CoV|QHQ82463.30.BC2	31814
CoV|QHQ82463.31.BC1	945
CoV|QHQ82463.31.BC2	10576
CoV|QHQ82463.32.BC1	15812
CoV|QHQ82463.32.BC2	21843
CoV|QHQ82463.33.BC1	25228
CoV|QHQ82463.33.BC2	21538
CoV|QHQ82463.34.BC1	40497
CoV|QHQ82463.34.BC2	24588
CoV|QHQ82463.35.BC1	14447
CoV|QHQ82463.35.BC2	20310
CoV|QHQ82463.36.BC1	13343
CoV|QHQ82463.36.BC2	17670
CoV|QHQ82463.37.BC1	1954
CoV|QHQ82463.37.BC2	30817
CoV|QHQ82463.38.BC1	58222
CoV|QHQ82463.38.BC2	34371
CoV|QHQ82463.39.BC1	29790
CoV|QHQ82463.39.BC2	34407
CoV|QHQ82463.4.BC1	23278
CoV|QHQ82463.4.BC2	11204
CoV|QHQ82463.40.BC1	16423
CoV|QHQ82463.40.BC2	11699
CoV|QHQ82463.41.BC1	11830
CoV|QHQ82463.41.BC2	5157
CoV|QHQ82463.42.BC1	13050
CoV|QHQ82463.42.BC2	7715
CoV|QHQ82463.43.BC1	10495
CoV|QHQ82463.43.BC2	13520
CoV|QHQ82463.44.BC1	10775
CoV|QHQ82463.44.BC2	17321
CoV|QHQ82463.45.BC1	26711
CoV|QHQ82463.45.BC2	21454
CoV|QHQ82463.46.BC1	17754
CoV|QHQ82463.46.BC2	18782
CoV|QHQ82463.47.BC1	16521
CoV|QHQ82463.47.BC2	12523
CoV|QHQ82463.48.BC1	16779
CoV|QHQ82463.48.BC2	33064
CoV|QHQ82463.49.BC1	6847
CoV|QHQ82463.49.BC2	17197
CoV|QHQ82463.5.BC1	44784
CoV|QHQ82463.5.BC2	37870
CoV|QHQ82463.50.BC1	10692
CoV|QHQ82463.50.BC2	6085
CoV|QHQ82463.51.BC1	55594
CoV|QHQ82463.51.BC2	54721
CoV|QHQ82463.52.BC1	23137
CoV|QHQ82463.52.BC2	16335
CoV|QHQ82463.53.BC1	19349
CoV|QHQ82463.53.BC2	17333
CoV|QHQ82463.54.BC1	18066
CoV|QHQ82463.54.BC2	18315
CoV|QHQ82463.55.BC1	19318
CoV|QHQ82463.55.BC2	17591
CoV|QHQ82463.56.BC1	30167
CoV|QHQ82463.56.BC2	48306
CoV|QHQ82463.57.BC1	18372
CoV|QHQ82463.57.BC2	12756
CoV|QHQ82463.58.BC1	13102
CoV|QHQ82463.58.BC2	20984
CoV|QHQ82463.59.BC1	14240
CoV|QHQ82463.59.BC2	21164
CoV|QHQ82463.6.BC1	33596
CoV|QHQ82463.6.BC2	38096
CoV|QHQ82463.60.BC1	11
CoV|QHQ82463.60.BC2	26648
CoV|QHQ82463.61.BC1	9577
CoV|QHQ82463.61.BC2	8716
CoV|QHQ82463.62.BC1	25906
CoV|QHQ82463.62.BC2	15080
CoV|QHQ82463.63.BC1	21826
CoV|QHQ82463.63.BC2	33281
CoV|QHQ82463.64.BC1	26216
CoV|QHQ82463.64.BC2	22250
CoV|QHQ82463.65.BC1	22042
CoV|QHQ82463.65.BC2	19271
CoV|QHQ82463.66.BC1	15278
CoV|QHQ82463.66.BC2	11432
CoV|QHQ82463.67.BC1	37726
CoV|QHQ82463.67.BC2	54710
CoV|QHQ82463.68.BC1	33852
CoV|QHQ82463.68.BC2	22129
CoV|QHQ82463.69.BC1	27850
CoV|QHQ82463.69.BC2	33517
CoV|QHQ82463.7.BC1	41020
CoV|QHQ82463.7.BC2	35750
CoV|QHQ82463.70.BC1	22081
CoV|QHQ82463.70.BC2	35974
CoV|QHQ82463.71.BC1	28844
CoV|QHQ82463.71.BC2	38891
CoV|QHQ82463.72.BC1	28866
CoV|QHQ82463.72.BC2	11670
CoV|QHQ82463.73.BC1	27785
CoV|QHQ82463.73.BC2	52075
CoV|QHQ82463.74.BC1	42519
CoV|QHQ82463.74.BC2	27537
CoV|QHQ82463.75.BC1	22498
CoV|QHQ82463.75.BC2	9135
CoV|QHQ82463.76.BC1	31792
CoV|QHQ82463.76.BC2	54297
CoV|QHQ82463.77.BC1	20832
CoV|QHQ82463.77.BC2	37282
CoV|QHQ82463.78.BC1	3667
CoV|QHQ82463.78.BC2	2565
CoV|QHQ82463.79.BC1	24336
CoV|QHQ82463.79.BC2	20192
CoV|QHQ82463.8.BC1	14001
CoV|QHQ82463.8.BC2	14192
CoV|QHQ82463.80.BC1	17329
CoV|QHQ82463.80.BC2	19830
CoV|QHQ82463.81.BC1	9607
CoV|QHQ82463.81.BC2	13523
CoV|QHQ82463.82.BC1	29329
CoV|QHQ82463.82.BC2	42385
CoV|QHQ82463.83.BC1	44934
CoV|QHQ82463.83.BC2	38258
CoV|QHQ82463.84.BC1	17409
CoV|QHQ82463.84.BC2	17769
CoV|QHQ82463.85.BC1	25543
CoV|QHQ82463.85.BC2	27970
CoV|QHQ82463.86.BC1	18298
CoV|QHQ82463.86.BC2	23400
CoV|QHQ82463.87.BC1	55975
CoV|QHQ82463.87.BC2	54349
CoV|QHQ82463.88.BC1	21089
CoV|QHQ82463.88.BC2	22927
CoV|QHQ82463.89.BC1	18576
CoV|QHQ82463.89.BC2	9870
CoV|QHQ82463.9.BC1	22038
CoV|QHQ82463.9.BC2	13970
CoV|QHQ82463.90.BC1	38345
CoV|QHQ82463.90.BC2	32245
CoV|QHQ82463.91.BC1	9975
CoV|QHQ82463.91.BC2	32673
CoV|QHQ82463.92.BC1	16817
CoV|QHQ82463.92.BC2	15778
CoV|QHQ82463.93.BC1	44692
CoV|QHQ82463.93.BC2	42230
CoV|QHQ82463.94.BC1	38304
CoV|QHQ82463.94.BC2	28653
CoV|QHQ82463.95.BC1	29781
CoV|QHQ82463.95.BC2	47673
CoV|QHQ82463.96.BC1	23668
CoV|QHQ82463.96.BC2	5539
CoV|QHQ82463.97.BC1	11222
CoV|QHQ82463.97.BC2	14835
CoV|QHQ82463.98.BC1	25092
CoV|QHQ82463.98.BC2	13418
CoV|QHQ82463.99.BC1	43635
CoV|QHQ82463.99.BC2	38783
CoV|QHQ82466.0.BC1	48499
CoV|QHQ82466.0.BC2	44201
CoV|QHQ82466.1.BC1	47920
CoV|QHQ82466.1.BC2	82850
CoV|QHQ82467.0.BC1	31224
CoV|QHQ82467.0.BC2	32335
CoV|QHQ82467.1.BC1	60322
CoV|QHQ82467.1.BC2	28406
CoV|QHQ82467.2.BC1	60031
CoV|QHQ82467.2.BC2	25364
CoV|QHQ82467.3.BC1	14161
CoV|QHQ82467.3.BC2	21683
CoV|QHQ82467.4.BC1	10591
CoV|QHQ82467.4.BC2	14025
CoV|QHQ82467.5.BC1	29707
CoV|QHQ82467.5.BC2	21048
CoV|QHQ82467.6.BC1	28164
CoV|QHQ82467.6.BC2	29099
CoV|QHQ82471.0.BC1	33888
CoV|QHQ82471.0.BC2	49733
CoV|QHQ82471.1.BC1	18391
CoV|QHQ82471.1.BC2	26916
CoV|QHQ82471.10.BC1	13756
CoV|QHQ82471.10.BC2	34244
CoV|QHQ82471.11.BC1	2499
CoV|QHQ82471.11.BC2	2460
CoV|QHQ82471.12.BC1	31594
CoV|QHQ82471.12.BC2	13178
CoV|QHQ82471.13.BC1	56699
CoV|QHQ82471.13.BC2	32768
CoV|QHQ82471.2.BC1	17636
CoV|QHQ82471.2.BC2	22078
CoV|QHQ82471.3.BC1	17752
CoV|QHQ82471.3.BC2	14322
CoV|QHQ82471.4.BC1	22469
CoV|QHQ82471.4.BC2	27541
CoV|QHQ82471.5.BC1	40134
CoV|QHQ82471.5.BC2	39347
CoV|QHQ82471.6.BC1	49603
CoV|QHQ82471.6.BC2	72233
CoV|QHQ82471.7.BC1	23639
CoV|QHQ82471.7.BC2	36628
CoV|QHQ82471.8.BC1	39646
CoV|QHQ82471.8.BC2	37895
CoV|QHQ82471.9.BC1	45586
CoV|QHQ82471.9.BC2	62724
CoV|QHR63249.249.BC1	17426
CoV|QHR63249.249.BC2	14193
CoV|QHR63249.250.BC1	15072
CoV|QHR63249.250.BC2	15598
CoV|QHR63260.0.BC1	18524
CoV|QHR63260.0.BC2	39698
CoV|QHR63260.1.BC1	9526
CoV|QHR63260.1.BC2	23349
CoV|QHR63260.10.BC1	30020
CoV|QHR63260.10.BC2	19198
CoV|QHR63260.11.BC1	38951
CoV|QHR63260.11.BC2	23228
CoV|QHR63260.12.BC1	26703
CoV|QHR63260.12.BC2	13894
CoV|QHR63260.13.BC1	34921
CoV|QHR63260.13.BC2	39279
CoV|QHR63260.14.BC1	17713
CoV|QHR63260.14.BC2	23035
CoV|QHR63260.15.BC1	25026
CoV|QHR63260.15.BC2	17607
CoV|QHR63260.16.BC1	18263
CoV|QHR63260.16.BC2	30887
CoV|QHR63260.17.BC1	9881
CoV|QHR63260.17.BC2	11849
CoV|QHR63260.18.BC1	7255
CoV|QHR63260.18.BC2	19201
CoV|QHR63260.19.BC1	32929
CoV|QHR63260.19.BC2	43721
CoV|QHR63260.2.BC1	11087
CoV|QHR63260.2.BC2	7662
CoV|QHR63260.20.BC1	14831
CoV|QHR63260.20.BC2	10712
CoV|QHR63260.21.BC1	42919
CoV|QHR63260.21.BC2	31043
CoV|QHR63260.22.BC1	53725
CoV|QHR63260.22.BC2	44706
CoV|QHR63260.23.BC1	20696
CoV|QHR63260.23.BC2	43790
CoV|QHR63260.24.BC1	13384
CoV|QHR63260.24.BC2	6666
CoV|QHR63260.25.BC1	9414
CoV|QHR63260.25.BC2	3071
CoV|QHR63260.26.BC1	22092
CoV|QHR63260.26.BC2	34795
CoV|QHR63260.27.BC1	11055
CoV|QHR63260.27.BC2	10404
CoV|QHR63260.28.BC1	12293
CoV|QHR63260.28.BC2	25490
CoV|QHR63260.29.BC1	35261
CoV|QHR63260.29.BC2	49324
CoV|QHR63260.3.BC1	7443
CoV|QHR63260.3.BC2	11584
CoV|QHR63260.30.BC1	27219
CoV|QHR63260.30.BC2	11770
CoV|QHR63260.31.BC1	20630
CoV|QHR63260.31.BC2	14609
CoV|QHR63260.32.BC1	19489
CoV|QHR63260.32.BC2	20079
CoV|QHR63260.33.BC1	9137
CoV|QHR63260.33.BC2	10763
CoV|QHR63260.34.BC1	7363
CoV|QHR63260.34.BC2	5973
CoV|QHR63260.35.BC1	33836
CoV|QHR63260.35.BC2	22338
CoV|QHR63260.36.BC1	21842
CoV|QHR63260.36.BC2	16280
CoV|QHR63260.37.BC1	26227
CoV|QHR63260.37.BC2	17231
CoV|QHR63260.38.BC1	26756
CoV|QHR63260.38.BC2	14566
CoV|QHR63260.39.BC1	15724
CoV|QHR63260.39.BC2	24982
CoV|QHR63260.4.BC1	4401
CoV|QHR63260.4.BC2	7083
CoV|QHR63260.40.BC1	39802
CoV|QHR63260.40.BC2	38405
CoV|QHR63260.41.BC1	14867
CoV|QHR63260.41.BC2	5258
CoV|QHR63260.42.BC1	15184
CoV|QHR63260.42.BC2	14933
CoV|QHR63260.43.BC1	20121
CoV|QHR63260.43.BC2	18283
CoV|QHR63260.44.BC1	21987
CoV|QHR63260.44.BC2	19682
CoV|QHR63260.5.BC1	12950
CoV|QHR63260.5.BC2	18640
CoV|QHR63260.6.BC1	23917
CoV|QHR63260.6.BC2	13471
CoV|QHR63260.7.BC1	18159
CoV|QHR63260.7.BC2	25755
CoV|QHR63260.8.BC1	7776
CoV|QHR63260.8.BC2	12746
CoV|QHR63260.9.BC1	25755
CoV|QHR63260.9.BC2	15959
CoV|QHR63261.0.BC1	22935
CoV|QHR63261.0.BC2	12223
CoV|QHR63261.1.BC1	9985
CoV|QHR63261.1.BC2	28114
CoV|QHR63261.2.BC1	32240
CoV|QHR63261.2.BC2	23917
CoV|QHR63261.3.BC1	34392
CoV|QHR63261.3.BC2	36812
CoV|QHR63261.4.BC1	23654
CoV|QHR63261.4.BC2	8704
CoV|QHR63261.5.BC1	10908
CoV|QHR63261.5.BC2	10078
CoV|QHR63261.6.BC1	10197
CoV|QHR63261.6.BC2	20237
CoV|QHR63261.7.BC1	222
CoV|QHR63261.7.BC2	5905
CoV|QHR63261.8.BC1	22679
CoV|QHR63261.8.BC2	18815
CoV|QHR63264.0.BC1	3442
CoV|QHR63264.0.BC2	10410
CoV|QHR63264.1.BC1	12512
CoV|QHR63264.1.BC2	5420
CoV|QHR63265.0.BC1	19655
CoV|QHR63265.0.BC2	23842
CoV|QHR63265.1.BC1	34687
CoV|QHR63265.1.BC2	35617
CoV|QHR63265.2.BC1	33747
CoV|QHR63265.2.BC2	33134
CoV|QHR63265.3.BC1	25519
CoV|QHR63265.3.BC2	36489
CoV|QHR63267.0.BC1	16125
CoV|QHR63267.0.BC2	22450
CoV|QHR63267.1.BC1	9057
CoV|QHR63267.1.BC2	14691
CoV|QHR63267.2.BC1	19614
CoV|QHR63267.2.BC2	15087
CoV|QHR63267.3.BC1	13448
CoV|QHR63267.3.BC2	19726
CoV|QHR63269.247.BC1	10168
CoV|QHR63269.247.BC2	6204
CoV|QHR63269.248.BC1	16132
CoV|QHR63269.248.BC2	16199
CoV|QHR63269.79.BC1	16331
CoV|QHR63269.79.BC2	8838
CoV|QHR63269.80.BC1	23755
CoV|QHR63269.80.BC2	18130
CoV|QHR63276.0.BC1	65744
CoV|QHR63276.0.BC2	18834
CoV|QHR63289.109.BC1	79745
CoV|QHR63289.109.BC2	58329
CoV|QHR63289.110.BC1	43305
CoV|QHR63289.110.BC2	24911
CoV|QHR63289.91.BC1	12858
CoV|QHR63289.91.BC2	8247
CoV|QHR63289.92.BC1	19977
CoV|QHR63289.92.BC2	25254
CoV|QHR84449.7.BC1	36770
CoV|QHR84449.7.BC2	46127
CoV|QHR84449.8.BC1	11700
CoV|QHR84449.8.BC2	16561
CoV|QHU36823.102.BC1	28233
CoV|QHU36823.102.BC2	11033
CoV|QHU36823.103.BC1	39623
CoV|QHU36823.103.BC2	33531
CoV|QHU36823.95.BC1	32794
CoV|QHU36823.95.BC2	37406
CoV|QHU36823.96.BC1	4887
CoV|QHU36823.96.BC2	5318
CoV|QHU36843.79.BC1	25544
CoV|QHU36843.79.BC2	23947
CoV|QHU36843.80.BC1	37366
CoV|QHU36843.80.BC2	30116
CoV|QHU36863.89.BC1	23845
CoV|QHU36863.89.BC2	32906
CoV|QHU36863.90.BC1	35956
CoV|QHU36863.90.BC2	41392
CoV|QHU79172.156.BC1	55357
CoV|QHU79172.156.BC2	39205
CoV|QHU79173.0.BC1	3679
CoV|QHU79173.0.BC2	13195
CoV|QHU79174.3.BC1	18369
CoV|QHU79174.3.BC2	33981
CoV|QHU79174.4.BC1	9444
CoV|QHU79174.4.BC2	7429
CoV|QHW06048.127.BC1	15833
CoV|QHW06048.127.BC2	10614
CoV|QHW06048.128.BC1	4388
CoV|QHW06048.128.BC2	13854
CoV|QHW06048.3.BC1	27808
CoV|QHW06048.3.BC2	17762
CoV|QHW06048.4.BC1	18244
CoV|QHW06048.4.BC2	22721
CoV|QHW06048.56.BC1	37312
CoV|QHW06048.56.BC2	17140
CoV|QHW06048.57.BC1	15829
CoV|QHW06048.57.BC2	10648
CoV|QHW06056.5.BC1	49589
CoV|QHW06056.5.BC2	17923
CoV|QHW06056.6.BC1	44905
CoV|QHW06056.6.BC2	50192
CoV|QHW06057.0.BC1	50608
CoV|QHW06057.0.BC2	42272
CoV|QHW06058.20.BC1	22786
CoV|QHW06058.20.BC2	20182
CoV|QHW06058.21.BC1	19397
CoV|QHW06058.21.BC2	15719
CoV|QHW06059.0.BC1	38193
CoV|QHW06059.0.BC2	30086
CoV|QHW06059.1.BC1	32144
CoV|QHW06059.1.BC2	6676
CoV|QHZ00378.245.BC1	38810
CoV|QHZ00378.245.BC2	52601
CoV|QHZ00378.246.BC1	15528
CoV|QHZ00378.246.BC2	16288
CoV|QHZ00378.31.BC1	20893
CoV|QHZ00378.31.BC2	13854
CoV|QHZ00378.32.BC1	28351
CoV|QHZ00378.32.BC2	21817
CoV|QHZ00379.6.BC1	22962
CoV|QHZ00379.6.BC2	18117
CoV|QHZ00379.7.BC1	17261
CoV|QHZ00379.7.BC2	17248
CoV|QHZ00380.3.BC1	19355
CoV|QHZ00380.3.BC2	34686
CoV|QHZ00380.4.BC1	18954
CoV|QHZ00380.4.BC2	13814
CoV|QHZ00380.7.BC1	18851
CoV|QHZ00380.7.BC2	9058
CoV|QHZ00380.8.BC1	33228
CoV|QHZ00380.8.BC2	20646
CoV|QHZ00381.0.BC1	41783
CoV|QHZ00381.0.BC2	48867
CoV|QHZ00381.1.BC1	20075
CoV|QHZ00381.1.BC2	54350
CoV|QHZ00398.203.BC1	49603
CoV|QHZ00398.203.BC2	39639
CoV|QHZ00398.204.BC1	24012
CoV|QHZ00398.204.BC2	19962
CoV|QHZ00398.37.BC1	40962
CoV|QHZ00398.37.BC2	68929
CoV|QHZ00398.38.BC1	32019
CoV|QHZ00398.38.BC2	35285
CoV|QHZ87581.1.BC1	27625
CoV|QHZ87581.1.BC2	27297
CoV|QHZ87581.2.BC1	23626
CoV|QHZ87581.2.BC2	26439
CoV|QHZ87581.33.BC1	27561
CoV|QHZ87581.33.BC2	22776
CoV|QHZ87581.34.BC1	30582
CoV|QHZ87581.34.BC2	22197
CoV|QIA98605.108.BC1	17533
CoV|QIA98605.108.BC2	27501
CoV|QIA98605.109.BC1	33959
CoV|QIA98605.109.BC2	36362
CoV|QIC50514.6.BC1	29556
CoV|QIC50514.6.BC2	42060
CoV|QIC50514.7.BC1	19595
CoV|QIC50514.7.BC2	25112
CoV|QIC53203.153.BC1	41545
CoV|QIC53203.153.BC2	22167
CoV|QIC53203.154.BC1	21978
CoV|QIC53203.154.BC2	17994
CoV|QIC53203.28.BC1	28766
CoV|QIC53203.28.BC2	29290
CoV|QIC53203.29.BC1	8512
CoV|QIC53203.29.BC2	6881
CoV|QIC53204.27.BC1	21793
CoV|QIC53204.27.BC2	18457
CoV|QIC53204.28.BC1	21977
CoV|QIC53204.28.BC2	11453
CoV|QID21067.224.BC1	9713
CoV|QID21067.224.BC2	11786
CoV|QID21067.225.BC1	22464
CoV|QID21067.225.BC2	13989
CoV|QID21074.0.BC1	20732
CoV|QID21074.0.BC2	18858
CoV|QID98793.113.BC1	11039
CoV|QID98793.113.BC2	16860
CoV|QID98793.114.BC1	33668
CoV|QID98793.114.BC2	31776
CoV|R9UMC1.0.BC1	25345
CoV|R9UMC1.0.BC2	10294
CoV|R9UMC1.1.BC1	28291
CoV|R9UMC1.1.BC2	21080
CoV|R9UMC1.2.BC1	12623
CoV|R9UMC1.2.BC2	16521
CoV|R9UNX1.0.BC1	11782
CoV|R9UNX1.0.BC2	20828
CoV|R9UNX1.1.BC1	51632
CoV|R9UNX1.1.BC2	47138
CoV|R9UNX1.2.BC1	14201
CoV|R9UNX1.2.BC2	40870
CoV|R9UNX5.0.BC1	19462
CoV|R9UNX5.0.BC2	13310
CoV|R9UNX5.1.BC1	61146
CoV|R9UNX5.1.BC2	64590
CoV|R9UNX5.2.BC1	51485
CoV|R9UNX5.2.BC2	52945
CoV|R9UNX5.3.BC1	21815
CoV|R9UNX5.3.BC2	29600
CoV|R9UNX5.4.BC1	38007
CoV|R9UNX5.4.BC2	43232
CoV|R9UNX5.5.BC1	26713
CoV|R9UNX5.5.BC2	27714
CoV|R9UNX5.6.BC1	27455
CoV|R9UNX5.6.BC2	27006
CoV|R9UQ53.0.BC1	12499
CoV|R9UQ53.0.BC2	30180
CoV|R9UQ53.1.BC1	10760
CoV|R9UQ53.1.BC2	18759
CoV|R9UQ53.10.BC1	15894
CoV|R9UQ53.10.BC2	33201
CoV|R9UQ53.11.BC1	15362
CoV|R9UQ53.11.BC2	32160
CoV|R9UQ53.12.BC1	41477
CoV|R9UQ53.12.BC2	45145
CoV|R9UQ53.13.BC1	6255
CoV|R9UQ53.13.BC2	26190
CoV|R9UQ53.14.BC1	6365
CoV|R9UQ53.14.BC2	18647
CoV|R9UQ53.15.BC1	23627
CoV|R9UQ53.15.BC2	33103
CoV|R9UQ53.16.BC1	25866
CoV|R9UQ53.16.BC2	17205
CoV|R9UQ53.17.BC1	56928
CoV|R9UQ53.17.BC2	41146
CoV|R9UQ53.18.BC1	33259
CoV|R9UQ53.18.BC2	33616
CoV|R9UQ53.19.BC1	17217
CoV|R9UQ53.19.BC2	16435
CoV|R9UQ53.2.BC1	19079
CoV|R9UQ53.2.BC2	11734
CoV|R9UQ53.20.BC1	9266
CoV|R9UQ53.20.BC2	18107
CoV|R9UQ53.21.BC1	11526
CoV|R9UQ53.21.BC2	30687
CoV|R9UQ53.22.BC1	15033
CoV|R9UQ53.22.BC2	6792
CoV|R9UQ53.23.BC1	21306
CoV|R9UQ53.23.BC2	34701
CoV|R9UQ53.24.BC1	21001
CoV|R9UQ53.24.BC2	58304
CoV|R9UQ53.25.BC1	43180
CoV|R9UQ53.25.BC2	44717
CoV|R9UQ53.26.BC1	48814
CoV|R9UQ53.26.BC2	12556
CoV|R9UQ53.27.BC1	5792
CoV|R9UQ53.27.BC2	6407
CoV|R9UQ53.28.BC1	17463
CoV|R9UQ53.28.BC2	18482
CoV|R9UQ53.29.BC1	14949
CoV|R9UQ53.29.BC2	856
CoV|R9UQ53.3.BC1	18864
CoV|R9UQ53.3.BC2	23429
CoV|R9UQ53.30.BC1	1904
CoV|R9UQ53.30.BC2	30436
CoV|R9UQ53.31.BC1	30782
CoV|R9UQ53.31.BC2	22318
CoV|R9UQ53.32.BC1	62928
CoV|R9UQ53.32.BC2	21855
CoV|R9UQ53.33.BC1	18494
CoV|R9UQ53.33.BC2	31336
CoV|R9UQ53.34.BC1	15063
CoV|R9UQ53.34.BC2	13510
CoV|R9UQ53.35.BC1	19006
CoV|R9UQ53.35.BC2	24869
CoV|R9UQ53.36.BC1	13974
CoV|R9UQ53.36.BC2	18177
CoV|R9UQ53.37.BC1	26907
CoV|R9UQ53.37.BC2	27364
CoV|R9UQ53.38.BC1	28753
CoV|R9UQ53.38.BC2	31121
CoV|R9UQ53.39.BC1	8265
CoV|R9UQ53.39.BC2	9590
CoV|R9UQ53.4.BC1	19101
CoV|R9UQ53.4.BC2	11497
CoV|R9UQ53.40.BC1	13489
CoV|R9UQ53.40.BC2	13931
CoV|R9UQ53.41.BC1	34712
CoV|R9UQ53.41.BC2	39506
CoV|R9UQ53.42.BC1	39053
CoV|R9UQ53.42.BC2	31552
CoV|R9UQ53.43.BC1	8832
CoV|R9UQ53.43.BC2	17891
CoV|R9UQ53.44.BC1	12336
CoV|R9UQ53.44.BC2	16315
CoV|R9UQ53.45.BC1	31866
CoV|R9UQ53.45.BC2	26422
CoV|R9UQ53.46.BC1	17822
CoV|R9UQ53.46.BC2	17079
CoV|R9UQ53.47.BC1	25052
CoV|R9UQ53.47.BC2	23939
CoV|R9UQ53.5.BC1	28637
CoV|R9UQ53.5.BC2	18178
CoV|R9UQ53.6.BC1	21241
CoV|R9UQ53.6.BC2	23610
CoV|R9UQ53.7.BC1	12325
CoV|R9UQ53.7.BC2	27411
CoV|R9UQ53.8.BC1	7312
CoV|R9UQ53.8.BC2	6657
CoV|R9UQ53.9.BC1	21844
CoV|R9UQ53.9.BC2	8061
CoV|R9UQM6.0.BC1	23986
CoV|R9UQM6.0.BC2	30496
CoV|R9UQM6.1.BC1	42164
CoV|R9UQM6.1.BC2	43040
CoV|R9UQM6.2.BC1	45446
CoV|R9UQM6.2.BC2	31457
CoV|R9UQM6.3.BC1	25211
CoV|R9UQM6.3.BC2	37229
CoV|R9UQM6.4.BC1	41490
CoV|R9UQM6.4.BC2	32665
CoV|R9UQM6.5.BC1	16089
CoV|R9UQM6.5.BC2	5743
CoV|R9UQM6.6.BC1	30924
CoV|R9UQM6.6.BC2	17964
CoV|R9UQM6.7.BC1	33062
CoV|R9UQM6.7.BC2	22052
CoV|R9UQN1.0.BC1	49720
CoV|R9UQN1.0.BC2	60939
CoV|R9UQN1.1.BC1	25942
CoV|R9UQN1.1.BC2	31564
CoV|R9UQP3.0.BC1	16219
CoV|R9UQP3.0.BC2	28540
CoV|R9UQP3.1.BC1	4735
CoV|R9UQP3.1.BC2	9678
CoV|R9UQP3.2.BC1	19959
CoV|R9UQP3.2.BC2	25084
CoV|R9UQP3.3.BC1	22740
CoV|R9UQP3.3.BC2	32239
CoV|R9UQP3.4.BC1	13327
CoV|R9UQP3.4.BC2	24003
CoV|R9UQP3.5.BC1	25979
CoV|R9UQP3.5.BC2	31225
CoV|R9UQP3.6.BC1	29772
CoV|R9UQP3.6.BC2	20902
CoV|R9UQP3.7.BC1	38509
CoV|R9UQP3.7.BC2	26569
CoV|T2B9I2.0.BC1	36394
CoV|T2B9I2.0.BC2	28321
CoV|T2B9I2.1.BC1	23464
CoV|T2B9I2.1.BC2	15966
CoV|T2B9I2.10.BC1	9839
CoV|T2B9I2.10.BC2	11249
CoV|T2B9I2.100.BC1	28048
CoV|T2B9I2.100.BC2	31928
CoV|T2B9I2.101.BC1	15788
CoV|T2B9I2.101.BC2	5108
CoV|T2B9I2.102.BC1	12578
CoV|T2B9I2.102.BC2	21200
CoV|T2B9I2.103.BC1	51342
CoV|T2B9I2.103.BC2	55938
CoV|T2B9I2.104.BC1	14886
CoV|T2B9I2.104.BC2	28866
CoV|T2B9I2.105.BC1	13174
CoV|T2B9I2.105.BC2	11400
CoV|T2B9I2.106.BC1	12986
CoV|T2B9I2.106.BC2	14509
CoV|T2B9I2.107.BC1	15026
CoV|T2B9I2.107.BC2	21467
CoV|T2B9I2.108.BC1	239
CoV|T2B9I2.108.BC2	46819
CoV|T2B9I2.109.BC1	3138
CoV|T2B9I2.109.BC2	42470
CoV|T2B9I2.11.BC1	15044
CoV|T2B9I2.11.BC2	17317
CoV|T2B9I2.110.BC1	49469
CoV|T2B9I2.110.BC2	47518
CoV|T2B9I2.111.BC1	30722
CoV|T2B9I2.111.BC2	25174
CoV|T2B9I2.112.BC1	17828
CoV|T2B9I2.112.BC2	5665
CoV|T2B9I2.113.BC1	34724
CoV|T2B9I2.113.BC2	28005
CoV|T2B9I2.114.BC1	27481
CoV|T2B9I2.114.BC2	33058
CoV|T2B9I2.115.BC1	21334
CoV|T2B9I2.115.BC2	39370
CoV|T2B9I2.116.BC1	26896
CoV|T2B9I2.116.BC2	28103
CoV|T2B9I2.117.BC1	23544
CoV|T2B9I2.117.BC2	32180
CoV|T2B9I2.118.BC1	33129
CoV|T2B9I2.118.BC2	22179
CoV|T2B9I2.119.BC1	10522
CoV|T2B9I2.119.BC2	11658
CoV|T2B9I2.12.BC1	28660
CoV|T2B9I2.12.BC2	29281
CoV|T2B9I2.120.BC1	8161
CoV|T2B9I2.120.BC2	14159
CoV|T2B9I2.121.BC1	9367
CoV|T2B9I2.121.BC2	17415
CoV|T2B9I2.122.BC1	23571
CoV|T2B9I2.122.BC2	29394
CoV|T2B9I2.123.BC1	10233
CoV|T2B9I2.123.BC2	8340
CoV|T2B9I2.124.BC1	8089
CoV|T2B9I2.124.BC2	7462
CoV|T2B9I2.125.BC1	2626
CoV|T2B9I2.125.BC2	5587
CoV|T2B9I2.126.BC1	11825
CoV|T2B9I2.126.BC2	18428
CoV|T2B9I2.127.BC1	2444
CoV|T2B9I2.127.BC2	33581
CoV|T2B9I2.128.BC1	29116
CoV|T2B9I2.128.BC2	42156
CoV|T2B9I2.129.BC1	29614
CoV|T2B9I2.129.BC2	43160
CoV|T2B9I2.13.BC1	20782
CoV|T2B9I2.13.BC2	31517
CoV|T2B9I2.130.BC1	31799
CoV|T2B9I2.130.BC2	22775
CoV|T2B9I2.131.BC1	12726
CoV|T2B9I2.131.BC2	34367
CoV|T2B9I2.132.BC1	24073
CoV|T2B9I2.132.BC2	30886
CoV|T2B9I2.133.BC1	35861
CoV|T2B9I2.133.BC2	22950
CoV|T2B9I2.134.BC1	19377
CoV|T2B9I2.134.BC2	25861
CoV|T2B9I2.135.BC1	17636
CoV|T2B9I2.135.BC2	12645
CoV|T2B9I2.136.BC1	13384
CoV|T2B9I2.136.BC2	9763
CoV|T2B9I2.137.BC1	24654
CoV|T2B9I2.137.BC2	27420
CoV|T2B9I2.138.BC1	12481
CoV|T2B9I2.138.BC2	12220
CoV|T2B9I2.139.BC1	9732
CoV|T2B9I2.139.BC2	11430
CoV|T2B9I2.14.BC1	18071
CoV|T2B9I2.14.BC2	3682
CoV|T2B9I2.140.BC1	26747
CoV|T2B9I2.140.BC2	18115
CoV|T2B9I2.141.BC1	23142
CoV|T2B9I2.141.BC2	19276
CoV|T2B9I2.142.BC1	32122
CoV|T2B9I2.142.BC2	34730
CoV|T2B9I2.143.BC1	30197
CoV|T2B9I2.143.BC2	24192
CoV|T2B9I2.144.BC1	5052
CoV|T2B9I2.144.BC2	8640
CoV|T2B9I2.145.BC1	29238
CoV|T2B9I2.145.BC2	1125
CoV|T2B9I2.146.BC1	29626
CoV|T2B9I2.146.BC2	40271
CoV|T2B9I2.147.BC1	33395
CoV|T2B9I2.147.BC2	12015
CoV|T2B9I2.148.BC1	26543
CoV|T2B9I2.148.BC2	27986
CoV|T2B9I2.149.BC1	23357
CoV|T2B9I2.149.BC2	15074
CoV|T2B9I2.15.BC1	5663
CoV|T2B9I2.15.BC2	20364
CoV|T2B9I2.150.BC1	19281
CoV|T2B9I2.150.BC2	15179
CoV|T2B9I2.151.BC1	31387
CoV|T2B9I2.151.BC2	44531
CoV|T2B9I2.152.BC1	422
CoV|T2B9I2.152.BC2	15628
CoV|T2B9I2.153.BC1	1818
CoV|T2B9I2.153.BC2	12066
CoV|T2B9I2.154.BC1	29419
CoV|T2B9I2.154.BC2	38154
CoV|T2B9I2.155.BC1	64083
CoV|T2B9I2.155.BC2	47630
CoV|T2B9I2.16.BC1	21512
CoV|T2B9I2.16.BC2	10590
CoV|T2B9I2.17.BC1	15485
CoV|T2B9I2.17.BC2	6094
CoV|T2B9I2.18.BC1	24106
CoV|T2B9I2.18.BC2	18047
CoV|T2B9I2.19.BC1	32250
CoV|T2B9I2.19.BC2	27822
CoV|T2B9I2.2.BC1	21361
CoV|T2B9I2.2.BC2	12222
CoV|T2B9I2.20.BC1	53910
CoV|T2B9I2.20.BC2	36573
CoV|T2B9I2.21.BC1	12880
CoV|T2B9I2.21.BC2	29054
CoV|T2B9I2.22.BC1	15934
CoV|T2B9I2.22.BC2	19330
CoV|T2B9I2.23.BC1	16144
CoV|T2B9I2.23.BC2	23012
CoV|T2B9I2.24.BC1	18974
CoV|T2B9I2.24.BC2	20689
CoV|T2B9I2.25.BC1	17011
CoV|T2B9I2.25.BC2	4766
CoV|T2B9I2.26.BC1	12785
CoV|T2B9I2.26.BC2	22124
CoV|T2B9I2.27.BC1	33525
CoV|T2B9I2.27.BC2	13583
CoV|T2B9I2.28.BC1	21587
CoV|T2B9I2.28.BC2	22828
CoV|T2B9I2.29.BC1	17545
CoV|T2B9I2.29.BC2	42732
CoV|T2B9I2.3.BC1	15724
CoV|T2B9I2.3.BC2	12898
CoV|T2B9I2.30.BC1	19558
CoV|T2B9I2.30.BC2	41117
CoV|T2B9I2.31.BC1	19274
CoV|T2B9I2.31.BC2	11939
CoV|T2B9I2.32.BC1	7254
CoV|T2B9I2.32.BC2	35715
CoV|T2B9I2.33.BC1	36134
CoV|T2B9I2.33.BC2	31077
CoV|T2B9I2.34.BC1	42151
CoV|T2B9I2.34.BC2	24496
CoV|T2B9I2.35.BC1	38275
CoV|T2B9I2.35.BC2	17763
CoV|T2B9I2.36.BC1	21647
CoV|T2B9I2.36.BC2	20067
CoV|T2B9I2.37.BC1	40358
CoV|T2B9I2.37.BC2	15591
CoV|T2B9I2.38.BC1	30294
CoV|T2B9I2.38.BC2	30182
CoV|T2B9I2.39.BC1	18767
CoV|T2B9I2.39.BC2	31424
CoV|T2B9I2.4.BC1	30223
CoV|T2B9I2.4.BC2	24853
CoV|T2B9I2.40.BC1	16367
CoV|T2B9I2.40.BC2	16727
CoV|T2B9I2.41.BC1	37448
CoV|T2B9I2.41.BC2	17551
CoV|T2B9I2.42.BC1	27508
CoV|T2B9I2.42.BC2	45809
CoV|T2B9I2.43.BC1	24384
CoV|T2B9I2.43.BC2	10138
CoV|T2B9I2.44.BC1	20213
CoV|T2B9I2.44.BC2	9282
CoV|T2B9I2.45.BC1	19805
CoV|T2B9I2.45.BC2	15713
CoV|T2B9I2.46.BC1	26199
CoV|T2B9I2.46.BC2	21124
CoV|T2B9I2.47.BC1	40320
CoV|T2B9I2.47.BC2	13205
CoV|T2B9I2.48.BC1	21941
CoV|T2B9I2.48.BC2	30899
CoV|T2B9I2.49.BC1	32246
CoV|T2B9I2.49.BC2	35809
CoV|T2B9I2.5.BC1	22447
CoV|T2B9I2.5.BC2	25935
CoV|T2B9I2.50.BC1	20329
CoV|T2B9I2.50.BC2	11060
CoV|T2B9I2.51.BC1	29301
CoV|T2B9I2.51.BC2	37099
CoV|T2B9I2.52.BC1	3923
CoV|T2B9I2.52.BC2	7861
CoV|T2B9I2.53.BC1	28782
CoV|T2B9I2.53.BC2	28587
CoV|T2B9I2.54.BC1	10558
CoV|T2B9I2.54.BC2	41704
CoV|T2B9I2.55.BC1	31111
CoV|T2B9I2.55.BC2	16467
CoV|T2B9I2.56.BC1	17806
CoV|T2B9I2.56.BC2	17137
CoV|T2B9I2.57.BC1	13910
CoV|T2B9I2.57.BC2	13766
CoV|T2B9I2.58.BC1	16030
CoV|T2B9I2.58.BC2	7012
CoV|T2B9I2.59.BC1	20655
CoV|T2B9I2.59.BC2	9126
CoV|T2B9I2.6.BC1	24352
CoV|T2B9I2.6.BC2	47880
CoV|T2B9I2.60.BC1	23659
CoV|T2B9I2.60.BC2	24013
CoV|T2B9I2.61.BC1	9294
CoV|T2B9I2.61.BC2	13983
CoV|T2B9I2.62.BC1	21660
CoV|T2B9I2.62.BC2	20565
CoV|T2B9I2.63.BC1	33903
CoV|T2B9I2.63.BC2	40183
CoV|T2B9I2.64.BC1	27443
CoV|T2B9I2.64.BC2	47467
CoV|T2B9I2.65.BC1	6243
CoV|T2B9I2.65.BC2	45387
CoV|T2B9I2.66.BC1	21498
CoV|T2B9I2.66.BC2	31514
CoV|T2B9I2.67.BC1	43471
CoV|T2B9I2.67.BC2	25237
CoV|T2B9I2.68.BC1	24964
CoV|T2B9I2.68.BC2	32544
CoV|T2B9I2.69.BC1	28885
CoV|T2B9I2.69.BC2	10420
CoV|T2B9I2.7.BC1	30836
CoV|T2B9I2.7.BC2	42340
CoV|T2B9I2.70.BC1	33602
CoV|T2B9I2.70.BC2	39986
CoV|T2B9I2.71.BC1	26526
CoV|T2B9I2.71.BC2	22073
CoV|T2B9I2.72.BC1	27263
CoV|T2B9I2.72.BC2	28473
CoV|T2B9I2.73.BC1	18216
CoV|T2B9I2.73.BC2	14010
CoV|T2B9I2.74.BC1	36877
CoV|T2B9I2.74.BC2	25575
CoV|T2B9I2.75.BC1	10246
CoV|T2B9I2.75.BC2	15219
CoV|T2B9I2.76.BC1	3323
CoV|T2B9I2.76.BC2	22977
CoV|T2B9I2.77.BC1	35878
CoV|T2B9I2.77.BC2	39007
CoV|T2B9I2.78.BC1	9798
CoV|T2B9I2.78.BC2	17392
CoV|T2B9I2.79.BC1	10155
CoV|T2B9I2.79.BC2	13334
CoV|T2B9I2.8.BC1	23682
CoV|T2B9I2.8.BC2	20489
CoV|T2B9I2.80.BC1	15520
CoV|T2B9I2.80.BC2	6150
CoV|T2B9I2.81.BC1	50611
CoV|T2B9I2.81.BC2	32724
CoV|T2B9I2.82.BC1	37388
CoV|T2B9I2.82.BC2	57234
CoV|T2B9I2.83.BC1	37447
CoV|T2B9I2.83.BC2	35205
CoV|T2B9I2.84.BC1	8669
CoV|T2B9I2.84.BC2	13777
CoV|T2B9I2.85.BC1	20624
CoV|T2B9I2.85.BC2	14554
CoV|T2B9I2.86.BC1	42536
CoV|T2B9I2.86.BC2	32619
CoV|T2B9I2.87.BC1	12972
CoV|T2B9I2.87.BC2	14357
CoV|T2B9I2.88.BC1	24865
CoV|T2B9I2.88.BC2	19229
CoV|T2B9I2.89.BC1	32329
CoV|T2B9I2.89.BC2	14375
CoV|T2B9I2.9.BC1	19319
CoV|T2B9I2.9.BC2	26317
CoV|T2B9I2.90.BC1	5759
CoV|T2B9I2.90.BC2	9725
CoV|T2B9I2.91.BC1	41271
CoV|T2B9I2.91.BC2	21811
CoV|T2B9I2.92.BC1	42234
CoV|T2B9I2.92.BC2	51192
CoV|T2B9I2.93.BC1	36534
CoV|T2B9I2.93.BC2	63368
CoV|T2B9I2.94.BC1	18794
CoV|T2B9I2.94.BC2	42530
CoV|T2B9I2.95.BC1	26387
CoV|T2B9I2.95.BC2	16093
CoV|T2B9I2.96.BC1	20514
CoV|T2B9I2.96.BC2	17877
CoV|T2B9I2.97.BC1	61175
CoV|T2B9I2.97.BC2	33835
CoV|T2B9I2.98.BC1	23966
CoV|T2B9I2.98.BC2	26554
CoV|T2B9I2.99.BC1	16253
CoV|T2B9I2.99.BC2	30495
CoV|T2B9U0.155.BC1	25369
CoV|T2B9U0.155.BC2	21044
CoV|T2B9U0.156.BC1	26931
CoV|T2B9U0.156.BC2	29822
CoV|T2B9U0.157.BC1	2701
CoV|T2B9U0.157.BC2	8911
CoV|T2B9U0.158.BC1	51605
CoV|T2B9U0.158.BC2	33096
CoV|T2B9U0.159.BC1	31185
CoV|T2B9U0.159.BC2	19297
CoV|T2B9U0.160.BC1	17866
CoV|T2B9U0.160.BC2	16190
CoV|T2B9U0.161.BC1	14169
CoV|T2B9U0.161.BC2	15952
CoV|T2B9U0.162.BC1	32003
CoV|T2B9U0.162.BC2	32209
CoV|T2B9U0.163.BC1	19928
CoV|T2B9U0.163.BC2	16023
CoV|T2B9U0.164.BC1	27634
CoV|T2B9U0.164.BC2	33723
CoV|T2B9U0.165.BC1	28220
CoV|T2B9U0.165.BC2	14522
CoV|T2B9U0.166.BC1	26697
CoV|T2B9U0.166.BC2	6068
CoV|T2B9U0.167.BC1	12730
CoV|T2B9U0.167.BC2	6847
CoV|T2B9U0.168.BC1	15395
CoV|T2B9U0.168.BC2	3867
CoV|T2B9U0.169.BC1	52357
CoV|T2B9U0.169.BC2	31882
CoV|T2B9U0.170.BC1	11749
CoV|T2B9U0.170.BC2	2082
CoV|T2B9U0.171.BC1	11683
CoV|T2B9U0.171.BC2	11057
CoV|T2B9U0.172.BC1	15781
CoV|T2B9U0.172.BC2	15845
CoV|T2B9U0.173.BC1	11626
CoV|T2B9U0.173.BC2	9659
CoV|T2B9U0.174.BC1	21866
CoV|T2B9U0.174.BC2	26362
CoV|T2B9U0.175.BC1	25704
CoV|T2B9U0.175.BC2	33623
CoV|T2B9U0.176.BC1	13201
CoV|T2B9U0.176.BC2	20520
CoV|T2B9U0.177.BC1	43522
CoV|T2B9U0.177.BC2	51472
CoV|T2B9U0.178.BC1	15973
CoV|T2B9U0.178.BC2	31575
CoV|T2B9U0.179.BC1	20334
CoV|T2B9U0.179.BC2	22533
CoV|T2B9U0.180.BC1	22134
CoV|T2B9U0.180.BC2	22557
CoV|T2B9U0.181.BC1	11677
CoV|T2B9U0.181.BC2	16610
CoV|T2B9U0.182.BC1	25861
CoV|T2B9U0.182.BC2	13377
CoV|T2B9U0.183.BC1	4437
CoV|T2B9U0.183.BC2	5605
CoV|T2B9U0.184.BC1	21955
CoV|T2B9U0.184.BC2	22542
CoV|T2B9U0.185.BC1	37131
CoV|T2B9U0.185.BC2	25366
CoV|T2B9U0.186.BC1	10913
CoV|T2B9U0.186.BC2	4844
CoV|T2B9U0.187.BC1	4685
CoV|T2B9U0.187.BC2	10576
CoV|T2B9U0.188.BC1	24531
CoV|T2B9U0.188.BC2	18196
CoV|T2B9U0.189.BC1	22568
CoV|T2B9U0.189.BC2	13837
CoV|T2B9U0.190.BC1	31903
CoV|T2B9U0.190.BC2	29430
CoV|T2B9U0.191.BC1	71368
CoV|T2B9U0.191.BC2	37770
CoV|T2B9U0.192.BC1	43114
CoV|T2B9U0.192.BC2	26232
CoV|T2B9U0.193.BC1	41123
CoV|T2B9U0.193.BC2	28574
CoV|T2B9U0.194.BC1	14708
CoV|T2B9U0.194.BC2	13526
CoV|T2B9U0.195.BC1	9255
CoV|T2B9U0.195.BC2	11831
CoV|T2B9U0.196.BC1	8653
CoV|T2B9U0.196.BC2	10598
CoV|T2B9U0.197.BC1	12221
CoV|T2B9U0.197.BC2	5347
CoV|T2B9U0.198.BC1	29376
CoV|T2B9U0.198.BC2	25960
CoV|T2B9U0.199.BC1	16337
CoV|T2B9U0.199.BC2	23220
CoV|T2B9U0.200.BC1	9853
CoV|T2B9U0.200.BC2	19186
CoV|T2B9U0.201.BC1	22765
CoV|T2B9U0.201.BC2	28116
CoV|T2B9U0.202.BC1	41471
CoV|T2B9U0.202.BC2	972
CoV|T2B9U0.203.BC1	44417
CoV|T2B9U0.203.BC2	32048
CoV|T2B9U0.204.BC1	8135
CoV|T2B9U0.204.BC2	17641
CoV|T2B9U0.205.BC1	14694
CoV|T2B9U0.205.BC2	6977
CoV|T2B9U0.206.BC1	11866
CoV|T2B9U0.206.BC2	41526
CoV|T2B9U0.207.BC1	21783
CoV|T2B9U0.207.BC2	24508
CoV|T2B9U0.208.BC1	34245
CoV|T2B9U0.208.BC2	37431
CoV|T2B9U0.209.BC1	15564
CoV|T2B9U0.209.BC2	8431
CoV|T2B9U0.210.BC1	16603
CoV|T2B9U0.210.BC2	17270
CoV|T2B9U0.211.BC1	71283
CoV|T2B9U0.211.BC2	54656
CoV|T2B9U0.212.BC1	35676
CoV|T2B9U0.212.BC2	31423
CoV|T2B9U0.213.BC1	32669
CoV|T2B9U0.213.BC2	15213
CoV|T2B9U0.214.BC1	34492
CoV|T2B9U0.214.BC2	37527
CoV|T2B9U0.215.BC1	52770
CoV|T2B9U0.215.BC2	35580
CoV|T2B9U0.216.BC1	13683
CoV|T2B9U0.216.BC2	17367
CoV|T2B9U0.217.BC1	13598
CoV|T2B9U0.217.BC2	14909
CoV|T2B9U0.218.BC1	15323
CoV|T2B9U0.218.BC2	19469
CoV|T2B9U0.219.BC1	29418
CoV|T2B9U0.219.BC2	44501
CoV|T2B9U0.220.BC1	42693
CoV|T2B9U0.220.BC2	12979
CoV|T2B9U0.221.BC1	16346
CoV|T2B9U0.221.BC2	16005
CoV|T2B9U0.222.BC1	18639
CoV|T2B9U0.222.BC2	24398
CoV|T2B9U0.223.BC1	19341
CoV|T2B9U0.223.BC2	17863
CoV|T2B9U0.224.BC1	42368
CoV|T2B9U0.224.BC2	28120
CoV|T2B9U0.225.BC1	37763
CoV|T2B9U0.225.BC2	59185
CoV|T2B9U0.226.BC1	25901
CoV|T2B9U0.226.BC2	42260
CoV|T2B9U0.227.BC1	39793
CoV|T2B9U0.227.BC2	40727
CoV|T2B9U0.228.BC1	11811
CoV|T2B9U0.228.BC2	18941
CoV|T2B9U0.229.BC1	15565
CoV|T2B9U0.229.BC2	7110
CoV|T2B9U0.230.BC1	15842
CoV|T2B9U0.230.BC2	23139
CoV|T2B9U0.231.BC1	825
CoV|T2B9U0.231.BC2	3948
CoV|T2B9U0.232.BC2	472
CoV|T2B9U0.233.BC1	1929
CoV|T2B9U0.233.BC2	1460
CoV|T2B9U0.234.BC1	29471
CoV|T2B9U0.234.BC2	17020
CoV|T2B9U0.235.BC1	26302
CoV|T2B9U0.235.BC2	34074
CoV|T2B9U0.236.BC1	21807
CoV|T2B9U0.236.BC2	14051
CoV|T2B9U0.237.BC1	19839
CoV|T2B9U0.237.BC2	8816
CoV|T2B9U0.238.BC1	15281
CoV|T2B9U0.238.BC2	13251
CoV|T2B9U0.239.BC1	8406
CoV|T2B9U0.239.BC2	15129
CoV|T2B9U0.240.BC1	16711
CoV|T2B9U0.240.BC2	10543
CoV|T2B9U0.241.BC1	13044
CoV|T2B9U0.241.BC2	11885
CoV|T2B9U0.242.BC1	24574
CoV|T2B9U0.242.BC2	15496
CoV|T2B9U0.243.BC1	37589
CoV|T2B9U0.243.BC2	45139
CoV|T2B9U0.244.BC1	13232
CoV|T2B9U0.244.BC2	32414
CoV|T2B9U0.245.BC1	25151
CoV|T2B9U0.245.BC2	22623
CoV|T2B9U0.246.BC1	2722
CoV|T2B9U0.246.BC2	10585
CoV|T2B9U0.247.BC1	13499
CoV|T2B9U0.247.BC2	13617
CoV|T2B9U0.248.BC1	8760
CoV|T2B9U0.248.BC2	5269
CoV|T2B9U0.249.BC1	15270
CoV|T2B9U0.249.BC2	18940
CoV|T2B9U0.250.BC1	18403
CoV|T2B9U0.250.BC2	4458
CoV|T2B9U0.251.BC1	20914
CoV|T2B9U0.251.BC2	16548
CoV|T2B9U9.0.BC1	13956
CoV|T2B9U9.0.BC2	25682
CoV|T2B9U9.1.BC1	20153
CoV|T2B9U9.1.BC2	17595
CoV|T2B9U9.2.BC1	27916
CoV|T2B9U9.2.BC2	13894
CoV|T2B9U9.3.BC1	29038
CoV|T2B9U9.3.BC2	25217
CoV|T2BBK0.0.BC1	29362
CoV|T2BBK0.0.BC2	18649
CoV|T2BBK0.1.BC1	22080
CoV|T2BBK0.1.BC2	41767
CoV|T2BBK0.10.BC1	21556
CoV|T2BBK0.10.BC2	12490
CoV|T2BBK0.11.BC1	9667
CoV|T2BBK0.11.BC2	15067
CoV|T2BBK0.12.BC1	12751
CoV|T2BBK0.12.BC2	19521
CoV|T2BBK0.13.BC1	32088
CoV|T2BBK0.13.BC2	64848
CoV|T2BBK0.2.BC1	12995
CoV|T2BBK0.2.BC2	40696
CoV|T2BBK0.3.BC1	34746
CoV|T2BBK0.3.BC2	48664
CoV|T2BBK0.4.BC1	16826
CoV|T2BBK0.4.BC2	35012
CoV|T2BBK0.5.BC1	10389
CoV|T2BBK0.5.BC2	43866
CoV|T2BBK0.6.BC1	28207
CoV|T2BBK0.6.BC2	29380
CoV|T2BBK0.7.BC1	13889
CoV|T2BBK0.7.BC2	11438
CoV|T2BBK0.8.BC1	24144
CoV|T2BBK0.8.BC2	9488
CoV|T2BBK0.9.BC1	11098
CoV|T2BBK0.9.BC2	31999
CoV|YP_009725297.5.BC1	13716
CoV|YP_009725297.5.BC2	8885
CoV|YP_009725298.21.BC1	14500
CoV|YP_009725298.21.BC2	15832
CoV|YP_009725299.68.BC1	11247
CoV|YP_009725299.68.BC2	27878
CoV|YP_009725300.16.BC1	21689
CoV|YP_009725300.16.BC2	27337
CoV|YP_009725301.9.BC1	30129
CoV|YP_009725301.9.BC2	50393
CoV|YP_009725302.9.BC1	23024
CoV|YP_009725302.9.BC2	7543
CoV|YP_009725303.1.BC1	11490
CoV|YP_009725303.1.BC2	19626
CoV|YP_009725304.6.BC1	5802
CoV|YP_009725304.6.BC2	27373
CoV|YP_009725305.3.BC1	31940
CoV|YP_009725305.3.BC2	26384
CoV|YP_009725306.3.BC1	11748
CoV|YP_009725306.3.BC2	55120
CoV|YP_009725307.32.BC1	22978
CoV|YP_009725307.32.BC2	15161
CoV|YP_009725308.20.BC1	20719
CoV|YP_009725308.20.BC2	39784
CoV|YP_009725309.17.BC1	11403
CoV|YP_009725309.17.BC2	28764
CoV|YP_009725310.11.BC1	10733
CoV|YP_009725310.11.BC2	17628
CoV|YP_009725311.9.BC1	14654
CoV|YP_009725311.9.BC2	29696
CoV|YP_009725312.0.BC1	2241
CoV|YP_009725312.0.BC2	29195
Vir3|10016	1
Vir3|10066	2
Vir3|10138	1
Vir3|10264	1
Vir3|10279	1
Vir3|10282	1
Vir3|10334	1
Vir3|10335	2
Vir3|10353	1
Vir3|1040	1
Vir3|1044	1
Vir3|10496	1
Vir3|10497	1
Vir3|10550	1
Vir3|10599	1
Vir3|10604	1
Vir3|1064	1
Vir3|10702	1
Vir3|10714	1
Vir3|10720	1
Vir3|108682	1
Vir3|108732	1
Vir3|108778	2
Vir3|108827	1
Vir3|108840	1
Vir3|108876	1
Vir3|108885	1
Vir3|108892	1
Vir3|108893	1
Vir3|108894	1
Vir3|108903	1
Vir3|108936	1
Vir3|109044	1
Vir3|109116	1
Vir3|109155	1
Vir3|109173	1
Vir3|109195	1
Vir3|109229	1
Vir3|109366	2
Vir3|10943	1
Vir3|109482	1
Vir3|109499	1
Vir3|109501	1
Vir3|109508	1
Vir3|109528	1
Vir3|109536	1
Vir3|109631	1
Vir3|109700	1
Vir3|109711	1
Vir3|109782	1
Vir3|109809	2
Vir3|109858	4
Vir3|109875	2
Vir3|109911	1
Vir3|109915	1
Vir3|109918	1
Vir3|109936	1
Vir3|109947	4
Vir3|109982	2
Vir3|109985	1
Vir3|110000	2
Vir3|110019	1
Vir3|11002	1
Vir3|110059	1
Vir3|110084	1
Vir3|110094	1
Vir3|110199	1
Vir3|110260	1
Vir3|110263	1
Vir3|11028	1
Vir3|110326	1
Vir3|110359	1
Vir3|110378	1
Vir3|110439	1
Vir3|110474	1
Vir3|110541	1
Vir3|110587	1
Vir3|110668	2
Vir3|11069	1
Vir3|110740	1
Vir3|110750	1
Vir3|110755	1
Vir3|110759	1
Vir3|110771	1
Vir3|110819	1
Vir3|110861	1
Vir3|11088	1
Vir3|110884	2
Vir3|110887	1
Vir3|110888	1
Vir3|110895	1
Vir3|110896	1
Vir3|110916	2
Vir3|110964	1
Vir3|110985	1
Vir3|110988	1
Vir3|110997	1
Vir3|111008	1
Vir3|111046	2
Vir3|111051	1
Vir3|111057	1
Vir3|111074	1
Vir3|111109	1
Vir3|111118	1
Vir3|111122	1
Vir3|111152	1
Vir3|111192	1
Vir3|111222	1
Vir3|111236	1
Vir3|111263	1
Vir3|111266	1
Vir3|11129	1
Vir3|111327	1
Vir3|111338	1
Vir3|111416	1
Vir3|111491	1
Vir3|111608	1
Vir3|111665	1
Vir3|111678	1
Vir3|111738	1
Vir3|11180	1
Vir3|111869	1
Vir3|111878	1
Vir3|111923	1
Vir3|111942	1
Vir3|111983	1
Vir3|111987	1
Vir3|112005	1
Vir3|112035	1
Vir3|11208	1
Vir3|112081	1
Vir3|112086	1
Vir3|112102	1
Vir3|112106	1
Vir3|112111	1
Vir3|112238	1
Vir3|112266	1
Vir3|112269	1
Vir3|112284	1
Vir3|112311	1
Vir3|11235	1
Vir3|112369	1
Vir3|112439	1
Vir3|112465	1
Vir3|112502	1
Vir3|112567	1
Vir3|112587	1
Vir3|112589	1
Vir3|112607	5
Vir3|112614	5
Vir3|112701	1
Vir3|112717	1
Vir3|112725	1
Vir3|112806	1
Vir3|112876	1
Vir3|112884	1
Vir3|112920	2
Vir3|113004	1
Vir3|113066	1
Vir3|113072	1
Vir3|113118	1
Vir3|113152	1
Vir3|113163	1
Vir3|113166	1
Vir3|113262	1
Vir3|113345	1
Vir3|113388	1
Vir3|113392	1
Vir3|113394	1
Vir3|113453	1
Vir3|113487	1
Vir3|113500	1
Vir3|113630	2
Vir3|113645	1
Vir3|113651	1
Vir3|113680	2
Vir3|113706	2
Vir3|113735	1
Vir3|113763	1
Vir3|113824	1
Vir3|113836	1
Vir3|113851	1
Vir3|113884	1
Vir3|113889	1
Vir3|113893	2
Vir3|113935	1
Vir3|113993	1
Vir3|113994	1
Vir3|114020	1
Vir3|114035	2
Vir3|114048	1
Vir3|114070	1
Vir3|114134	2
Vir3|114148	1
Vir3|114151	1
Vir3|114209	1
Vir3|114229	1
Vir3|114272	2
Vir3|114288	1
Vir3|114297	1
Vir3|114376	1
Vir3|114435	1
Vir3|114447	1
Vir3|114464	1
Vir3|114465	1
Vir3|114473	1
Vir3|114503	1
Vir3|114520	1
Vir3|114530	1
Vir3|114555	1
Vir3|114574	1
Vir3|114575	1
Vir3|114597	1
Vir3|114599	1
Vir3|114619	1
Vir3|114628	1
Vir3|114656	1
Vir3|114681	1
Vir3|114690	2
Vir3|114713	1
Vir3|114722	1
Vir3|114827	1
Vir3|114930	1
Vir3|114931	1
Vir3|114945	1
Vir3|114954	1
Vir3|114957	1
Vir3|114972	1
Vir3|114979	1
Vir3|114996	1
Vir3|115002	1
Vir3|115005	1
Vir3|115014	1
Vir3|115020	1
Vir3|115048	1
Vir3|11510	1
Vir3|115110	1
Vir3|115124	1
Vir3|115143	2
Vir3|115173	1
Vir3|115257	1
Vir3|115291	1
Vir3|115294	1
Vir3|115296	1
Vir3|115305	1
Vir3|115334	1
Vir3|115342	1
Vir3|115362	1
Vir3|115370	1
Vir3|115378	1
Vir3|115393	1
Vir3|115430	1
Vir3|115533	1
Vir3|115556	1
Vir3|115571	1
Vir3|115579	281
Vir3|115593	1
Vir3|115710	1
Vir3|115717	1
Vir3|115783	1
Vir3|115802	1
Vir3|115808	1
Vir3|115842	1
Vir3|115894	1
Vir3|115949	1
Vir3|11596	1
Vir3|116000	1
Vir3|116076	1
Vir3|116109	1
Vir3|116110	1
Vir3|116116	1
Vir3|116144	1
Vir3|116155	1
Vir3|116169	1
Vir3|116249	1
Vir3|116270	1
Vir3|116277	1
Vir3|116339	1
Vir3|116340	1
Vir3|116488	1
Vir3|116536	1
Vir3|116575	1
Vir3|116576	1
Vir3|116691	1
Vir3|116707	1
Vir3|116785	1
Vir3|116804	1
Vir3|116815	1
Vir3|116833	2
Vir3|116849	1
Vir3|116910	1
Vir3|116949	1
Vir3|116951	1
Vir3|116965	1
Vir3|116980	1
Vir3|117040	1
Vir3|117060	1
Vir3|11707	1
Vir3|117085	1
Vir3|117098	1
Vir3|117110	1
Vir3|117146	1
Vir3|117176	1
Vir3|117251	1
Vir3|117254	1
Vir3|117275	1
Vir3|117278	1
Vir3|117295	1
Vir3|117331	1
Vir3|117411	264
Vir3|117442	1
Vir3|117471	1
Vir3|11752	1
Vir3|117527	1
Vir3|117575	1
Vir3|117622	1
Vir3|117633	1
Vir3|117636	1
Vir3|117712	1
Vir3|117746	1
Vir3|117779	1
Vir3|117875	1
Vir3|117885	1
Vir3|117937	1
Vir3|117975	1
Vir3|117989	1
Vir3|11800	1
Vir3|11801	1
Vir3|118031	1
Vir3|118047	1
Vir3|118056	1
Vir3|118070	1
Vir3|118136	1
Vir3|118146	1
Vir3|118162	1
Vir3|118164	1
Vir3|118193	1
Vir3|11822	2
Vir3|118284	1
Vir3|1183	1
Vir3|118316	1
Vir3|118322	1
Vir3|118359	1
Vir3|118362	1
Vir3|118375	1
Vir3|118377	1
Vir3|118380	2
Vir3|118381	1
Vir3|118383	1
Vir3|118400	1
Vir3|118408	1
Vir3|118410	1
Vir3|118414	1
Vir3|118440	1
Vir3|118523	1
Vir3|11856	1
Vir3|118571	1
Vir3|118600	1
Vir3|11861	1
Vir3|118620	1
Vir3|118625	3
Vir3|118642	1
Vir3|118671	1
Vir3|118681	1
Vir3|118697	2
Vir3|118756	1
Vir3|118877	2
Vir3|118887	1
Vir3|118897	1
Vir3|118958	1
Vir3|118960	1
Vir3|119001	1
Vir3|119002	299
Vir3|119006	1
Vir3|119017	1
Vir3|119125	1
Vir3|119159	1
Vir3|119201	1
Vir3|119257	1
Vir3|119369	1
Vir3|11958	1
Vir3|119619	1
Vir3|119695	1
Vir3|119711	1
Vir3|119730	1
Vir3|119758	2
Vir3|119786	1
Vir3|119789	1
Vir3|119901	1
Vir3|119923	1
Vir3|119966	1
Vir3|120009	1
Vir3|120120	1
Vir3|12021	1
Vir3|120245	1
Vir3|12027	1
Vir3|12030	1
Vir3|120301	1
Vir3|120312	1
Vir3|120365	1
Vir3|120384	1
Vir3|12041	1
Vir3|120429	1
Vir3|120610	1
Vir3|120620	234
Vir3|120708	1
Vir3|120759	1
Vir3|12079	1
Vir3|120817	1
Vir3|120840	1
Vir3|120848	1
Vir3|120850	1
Vir3|120853	1
Vir3|120860	1
Vir3|120861	1
Vir3|120874	1
Vir3|120877	1
Vir3|120898	1
Vir3|120933	1
Vir3|120939	1
Vir3|121138	1
Vir3|121148	1
Vir3|121171	1
Vir3|121186	1
Vir3|121245	1
Vir3|121279	1
Vir3|121290	1
Vir3|121334	1
Vir3|121345	2
Vir3|121378	1
Vir3|12138	1
Vir3|121384	1
Vir3|121401	1
Vir3|121421	1
Vir3|121425	1
Vir3|121453	1
Vir3|121456	1
Vir3|121472	1
Vir3|121528	1
Vir3|121545	1
Vir3|121554	1
Vir3|121563	1
Vir3|121577	1
Vir3|12159	1
Vir3|121593	1
Vir3|121600	1
Vir3|121710	1
Vir3|121711	1
Vir3|121773	1
Vir3|121780	2
Vir3|121783	1
Vir3|121786	1
Vir3|121799	1
Vir3|121849	1
Vir3|121865	1
Vir3|121879	1
Vir3|121881	1
Vir3|121903	1
Vir3|121972	1
Vir3|122001	1
Vir3|122004	1
Vir3|122060	2
Vir3|122092	1
Vir3|12212	1
Vir3|122130	1
Vir3|122150	1
Vir3|122165	1
Vir3|122169	1
Vir3|122186	1
Vir3|122190	1
Vir3|122258	1
Vir3|122272	1
Vir3|122275	1
Vir3|122289	1
Vir3|122340	1
Vir3|122425	1
Vir3|122580	1
Vir3|122649	1
Vir3|122668	1
Vir3|12268	1
Vir3|122869	1
Vir3|122880	1
Vir3|12290	1
Vir3|122907	1
Vir3|12291	1
Vir3|12296	2
Vir3|122964	1
Vir3|123054	1
Vir3|123069	1
Vir3|123112	1
Vir3|123125	1
Vir3|123167	1
Vir3|123190	1
Vir3|123224	1
Vir3|123262	1
Vir3|123269	1
Vir3|123285	1
Vir3|123286	1
Vir3|123289	1
Vir3|123329	1
Vir3|123351	1
Vir3|123394	1
Vir3|123476	1
Vir3|123484	1
Vir3|12355	1
Vir3|123592	1
Vir3|123642	1
Vir3|123651	1
Vir3|123683	1
Vir3|123731	1
Vir3|123748	1
Vir3|123755	1
Vir3|123781	1
Vir3|123853	1
Vir3|123923	1
Vir3|123932	2
Vir3|123934	1
Vir3|1240	1
Vir3|124007	1
Vir3|124033	1
Vir3|124087	1
Vir3|124112	1
Vir3|124146	1
Vir3|124147	2
Vir3|124174	1
Vir3|124216	1
Vir3|124248	1
Vir3|124284	1
Vir3|124319	1
Vir3|124356	1
Vir3|1244	1
Vir3|124448	1
Vir3|124530	1
Vir3|124563	1
Vir3|124578	1
Vir3|124621	1
Vir3|124701	1
Vir3|124720	1
Vir3|124725	1
Vir3|124727	1
Vir3|124803	1
Vir3|124822	1
Vir3|124850	1
Vir3|124959	1
Vir3|124964	1
Vir3|124968	3
Vir3|124983	1
Vir3|125	1
Vir3|125006	1
Vir3|125030	1
Vir3|125106	1
Vir3|12511	1
Vir3|125126	1
Vir3|125161	1
Vir3|125172	1
Vir3|125184	1
Vir3|125213	1
Vir3|125250	1
Vir3|125309	1
Vir3|125381	1
Vir3|125410	1
Vir3|125467	1
Vir3|125488	1
Vir3|125516	1
Vir3|125574	1
Vir3|125591	1
Vir3|125601	1
Vir3|125634	1
Vir3|125639	1
Vir3|125691	1
Vir3|125724	1
Vir3|125730	1
Vir3|125744	1
Vir3|125754	1
Vir3|125757	2
Vir3|125785	1
Vir3|125818	1
Vir3|125825	1
Vir3|125828	1
Vir3|125846	2
Vir3|125864	1
Vir3|125881	1
Vir3|125919	1
Vir3|125921	1
Vir3|125924	1
Vir3|125932	1
Vir3|125948	1
Vir3|125968	1
Vir3|125970	1
Vir3|126109	1
Vir3|126124	1
Vir3|126177	1
Vir3|126178	1
Vir3|126225	1
Vir3|126244	1
Vir3|126281	1
Vir3|126310	1
Vir3|126366	1
Vir3|126470	1
Vir3|126478	1
Vir3|126504	1
Vir3|126518	1
Vir3|126551	1
Vir3|12663	1
Vir3|12664	1
Vir3|126652	1
Vir3|126655	2
Vir3|126656	2
Vir3|126657	1
Vir3|126670	1
Vir3|126727	2
Vir3|126733	2
Vir3|126755	1
Vir3|126773	1
Vir3|126804	1
Vir3|126834	1
Vir3|126835	1
Vir3|126842	1
Vir3|126873	1
Vir3|126920	1
Vir3|126921	2
Vir3|126951	1
Vir3|127003	1
Vir3|127011	1
Vir3|127037	1
Vir3|127041	1
Vir3|127077	1
Vir3|127091	1
Vir3|12710	1
Vir3|127141	2
Vir3|127163	1
Vir3|127203	1
Vir3|127216	1
Vir3|127232	1
Vir3|127265	1
Vir3|127273	1
Vir3|127308	1
Vir3|127312	1
Vir3|127343	1
Vir3|127367	3
Vir3|127380	1
Vir3|127381	1
Vir3|127415	1
Vir3|127464	1
Vir3|127508	1
Vir3|127542	1
Vir3|127557	1
Vir3|127596	1
Vir3|127673	1
Vir3|127708	1
Vir3|127722	1
Vir3|12773	1
Vir3|127753	1
Vir3|127765	1
Vir3|127788	1
Vir3|12781	1
Vir3|127868	1
Vir3|127872	1
Vir3|127893	1
Vir3|127908	1
Vir3|128012	1
Vir3|128093	1
Vir3|128099	1
Vir3|128109	1
Vir3|128118	1
Vir3|128127	2
Vir3|128170	1
Vir3|12820	1
Vir3|128274	1
Vir3|12834	1
Vir3|12876	1
Vir3|12877	1
Vir3|12904	1
Vir3|12930	1
Vir3|13000	1
Vir3|13038	1
Vir3|13047	1
Vir3|13074	1
Vir3|13091	1
Vir3|13107	1
Vir3|13139	1
Vir3|13143	1
Vir3|13174	1
Vir3|13190	1
Vir3|13217	1
Vir3|13277	1
Vir3|13290	1
Vir3|13307	1
Vir3|13341	1
Vir3|13413	1
Vir3|13419	1
Vir3|13447	1
Vir3|13457	1
Vir3|13512	1
Vir3|13514	1
Vir3|13759	1
Vir3|13790	1
Vir3|13807	1
Vir3|13843	1
Vir3|14043	1
Vir3|14048	1
Vir3|14083	1
Vir3|14094	1
Vir3|14118	1
Vir3|14144	2
Vir3|14148	1
Vir3|14182	1
Vir3|1421	1
Vir3|14214	2
Vir3|14228	1
Vir3|14229	1
Vir3|14257	1
Vir3|14259	1
Vir3|1432	1
Vir3|14405	1
Vir3|14408	1
Vir3|14440	1
Vir3|14441	2
Vir3|14467	1
Vir3|14476	1
Vir3|14530	1
Vir3|14531	1
Vir3|14651	1
Vir3|14671	1
Vir3|1474	1
Vir3|14755	1
Vir3|14759	1
Vir3|14813	1
Vir3|14882	1
Vir3|14943	1
Vir3|14944	1
Vir3|14978	1
Vir3|14994	1
Vir3|14995	1
Vir3|15030	1
Vir3|15135	1
Vir3|15142	1
Vir3|15143	1
Vir3|15173	1
Vir3|15188	1
Vir3|15209	1
Vir3|15214	1
Vir3|15280	1
Vir3|15294	1
Vir3|1533	1
Vir3|15580	1
Vir3|15612	1
Vir3|15614	1
Vir3|15662	1
Vir3|15782	1
Vir3|15854	1
Vir3|15880	1
Vir3|16036	1
Vir3|16054	1
Vir3|16095	1
Vir3|16096	1
Vir3|16149	1
Vir3|16150	1
Vir3|16153	1
Vir3|16310	1
Vir3|16319	1
Vir3|16366	1
Vir3|16448	1
Vir3|16461	1
Vir3|16462	1
Vir3|16469	1
Vir3|16536	1
Vir3|16606	1
Vir3|16674	1
Vir3|16706	1
Vir3|16847	1
Vir3|1696	1
Vir3|17009	1
Vir3|17022	1
Vir3|17056	1
Vir3|17081	1
Vir3|17112	1
Vir3|17121	1
Vir3|17151	1
Vir3|17159	1
Vir3|17177	1
Vir3|17184	1
Vir3|17219	1
Vir3|17220	1
Vir3|1729	1
Vir3|17310	1
Vir3|17314	1
Vir3|17397	1
Vir3|17427	1
Vir3|17429	1
Vir3|17434	1
Vir3|17463	1
Vir3|17586	1
Vir3|1762	1
Vir3|17777	1
Vir3|17832	1
Vir3|17840	1
Vir3|1786	1
Vir3|17877	1
Vir3|17901	1
Vir3|17942	1
Vir3|18000	1
Vir3|18027	1
Vir3|18037	1
Vir3|18047	1
Vir3|18063	1
Vir3|18064	1
Vir3|1809	1
Vir3|18101	1
Vir3|18130	1
Vir3|18141	1
Vir3|18167	1
Vir3|18182	1
Vir3|18203	1
Vir3|18217	1
Vir3|18291	1
Vir3|18335	1
Vir3|18351	1
Vir3|18366	1
Vir3|18475	1
Vir3|18538	1
Vir3|18553	1
Vir3|18634	1
Vir3|1866	4
Vir3|1867	2
Vir3|18749	1
Vir3|18774	1
Vir3|18775	1
Vir3|18798	1
Vir3|18805	1
Vir3|18865	1
Vir3|18885	1
Vir3|18886	1
Vir3|18995	1
Vir3|19101	1
Vir3|19147	1
Vir3|19176	1
Vir3|19220	1
Vir3|19421	1
Vir3|19479	1
Vir3|19510	1
Vir3|19544	1
Vir3|19559	1
Vir3|1962	1
Vir3|19632	1
Vir3|19667	1
Vir3|19792	1
Vir3|19880	1
Vir3|19935	1
Vir3|19963	1
Vir3|19987	1
Vir3|20010	1
Vir3|20054	1
Vir3|20068	1
Vir3|20094	1
Vir3|20129	1
Vir3|20174	1
Vir3|20192	1
Vir3|20203	1
Vir3|20266	1
Vir3|20285	1
Vir3|20363	1
Vir3|20387	1
Vir3|20517	1
Vir3|20568	1
Vir3|20576	1
Vir3|20583	1
Vir3|20585	1
Vir3|2059	1
Vir3|20695	1
Vir3|20743	1
Vir3|20808	1
Vir3|20874	1
Vir3|20891	1
Vir3|20895	1
Vir3|20926	1
Vir3|20986	1
Vir3|21012	1
Vir3|21100	1
Vir3|21150	1
Vir3|2117	1
Vir3|21260	1
Vir3|21294	1
Vir3|21296	1
Vir3|21322	1
Vir3|21389	1
Vir3|21427	1
Vir3|21473	1
Vir3|21597	1
Vir3|21854	91
Vir3|21855	108
Vir3|21861	1
Vir3|21876	1
Vir3|21911	1
Vir3|21940	1
Vir3|2197	1
Vir3|22205	1
Vir3|22213	1
Vir3|2226	1
Vir3|22334	1
Vir3|22344	1
Vir3|22370	1
Vir3|22401	1
Vir3|22429	1
Vir3|22527	1
Vir3|2253	1
Vir3|22553	1
Vir3|22558	1
Vir3|22560	1
Vir3|22561	1
Vir3|226	4
Vir3|22622	1
Vir3|22625	1
Vir3|2274	1
Vir3|22741	1
Vir3|22785	1
Vir3|22829	1
Vir3|22890	1
Vir3|22955	1
Vir3|23067	1
Vir3|23166	1
Vir3|23226	1
Vir3|23264	1
Vir3|23429	1
Vir3|23490	1
Vir3|23493	1
Vir3|23498	1
Vir3|2359	1
Vir3|236	1
Vir3|23730	1
Vir3|23762	1
Vir3|23771	2
Vir3|23799	1
Vir3|2382	1
Vir3|23835	1
Vir3|23836	1
Vir3|23906	1
Vir3|23950	1
Vir3|24072	1
Vir3|24079	1
Vir3|24131	1
Vir3|24170	1
Vir3|24246	1
Vir3|24322	1
Vir3|24345	1
Vir3|24348	1
Vir3|24358	1
Vir3|24361	1
Vir3|24551	1
Vir3|24566	1
Vir3|24576	1
Vir3|24625	1
Vir3|24633	1
Vir3|24672	1
Vir3|24703	1
Vir3|24705	1
Vir3|24710	1
Vir3|24759	1
Vir3|24760	1
Vir3|24761	1
Vir3|24836	1
Vir3|24899	1
Vir3|24921	1
Vir3|2512	1
Vir3|25121	1
Vir3|25144	1
Vir3|25163	1
Vir3|25185	1
Vir3|25187	2
Vir3|25383	1
Vir3|25410	1
Vir3|25469	1
Vir3|25487	1
Vir3|25516	1
Vir3|25562	1
Vir3|25585	1
Vir3|25606	1
Vir3|25641	1
Vir3|25664	2
Vir3|25665	1
Vir3|25667	1
Vir3|25716	1
Vir3|25717	1
Vir3|25834	1
Vir3|25868	1
Vir3|25869	150
Vir3|25870	141
Vir3|25882	1
Vir3|2591	1
Vir3|25954	2
Vir3|25968	1
Vir3|26065	1
Vir3|26102	1
Vir3|26160	1
Vir3|26266	1
Vir3|2631	1
Vir3|26329	1
Vir3|26356	1
Vir3|26358	1
Vir3|26362	1
Vir3|26371	1
Vir3|26398	1
Vir3|26418	1
Vir3|26482	1
Vir3|265	1
Vir3|26627	1
Vir3|26650	1
Vir3|2667	1
Vir3|26721	1
Vir3|26767	1
Vir3|26799	1
Vir3|26811	1
Vir3|26950	1
Vir3|27000	1
Vir3|27011	1
Vir3|27036	1
Vir3|27043	1
Vir3|2705	1
Vir3|27127	1
Vir3|2717	1
Vir3|27221	1
Vir3|27261	1
Vir3|27341	1
Vir3|27440	1
Vir3|27581	1
Vir3|27595	1
Vir3|27598	1
Vir3|27627	1
Vir3|27631	1
Vir3|27694	1
Vir3|27733	2
Vir3|27796	1
Vir3|2781	1
Vir3|27860	1
Vir3|27883	1
Vir3|2790	1
Vir3|2793	1
Vir3|28008	1
Vir3|28009	2
Vir3|28010	1
Vir3|28019	1
Vir3|28035	1
Vir3|28038	1
Vir3|28049	2
Vir3|28056	1
Vir3|28085	1
Vir3|28095	3
Vir3|28097	1
Vir3|28103	1
Vir3|28104	1
Vir3|28105	1
Vir3|28109	1
Vir3|28113	1
Vir3|28117	1
Vir3|28119	2
Vir3|28124	1
Vir3|28143	2
Vir3|28144	1
Vir3|28150	2
Vir3|28151	1
Vir3|28159	1
Vir3|28160	1
Vir3|28163	1
Vir3|28168	2
Vir3|28172	1
Vir3|28174	1
Vir3|28175	1
Vir3|28176	1
Vir3|28180	1
Vir3|28184	1
Vir3|28185	3
Vir3|28190	1
Vir3|28202	1
Vir3|28204	3
Vir3|28207	1
Vir3|28208	1
Vir3|28209	1
Vir3|28214	1
Vir3|28215	2
Vir3|28217	1
Vir3|28218	1
Vir3|28224	1
Vir3|28225	1
Vir3|28242	2
Vir3|28266	1
Vir3|28282	1
Vir3|28283	1
Vir3|28284	1
Vir3|28294	1
Vir3|2832	1
Vir3|28324	1
Vir3|28331	1
Vir3|28337	1
Vir3|28358	1
Vir3|28372	7
Vir3|28373	7
Vir3|2838	1
Vir3|2839	1
Vir3|28404	1
Vir3|28405	2
Vir3|28415	1
Vir3|28434	1
Vir3|28441	1
Vir3|2845	1
Vir3|28466	1
Vir3|28474	1
Vir3|28494	1
Vir3|28520	1
Vir3|28529	1
Vir3|28530	2
Vir3|28531	1
Vir3|28537	1
Vir3|28574	18
Vir3|28575	12
Vir3|28603	1
Vir3|28618	5
Vir3|28619	1
Vir3|28672	1
Vir3|28675	1
Vir3|28710	1
Vir3|28723	1
Vir3|28729	1
Vir3|28740	1
Vir3|28770	5
Vir3|28837	1
Vir3|28898	1
Vir3|28911	2
Vir3|28912	3
Vir3|28913	1
Vir3|28944	2
Vir3|28945	2
Vir3|28971	1
Vir3|29003	1
Vir3|29026	1
Vir3|29027	1
Vir3|29089	1
Vir3|29101	4
Vir3|29102	2
Vir3|29114	1
Vir3|29164	2
Vir3|29181	2
Vir3|29209	1
Vir3|29227	2
Vir3|29231	1
Vir3|29232	3
Vir3|29243	1
Vir3|29249	1
Vir3|2925	1
Vir3|29268	1
Vir3|29285	1
Vir3|29291	2
Vir3|29294	2
Vir3|29358	1
Vir3|29362	1
Vir3|29397	1
Vir3|29423	1
Vir3|29433	1
Vir3|29443	1
Vir3|29448	3
Vir3|29489	1
Vir3|29500	2
Vir3|29523	1
Vir3|29525	4
Vir3|29526	2
Vir3|29573	1
Vir3|29582	1
Vir3|29588	1
Vir3|29613	2
Vir3|29655	2
Vir3|29656	1
Vir3|29676	2
Vir3|29677	1
Vir3|29688	1
Vir3|29702	1
Vir3|29714	5
Vir3|29715	2
Vir3|29743	1
Vir3|29752	1
Vir3|29826	1
Vir3|29901	1
Vir3|29942	1
Vir3|29958	1
Vir3|29995	1
Vir3|30011	1
Vir3|30059	1
Vir3|30063	1
Vir3|30095	1
Vir3|30136	1
Vir3|30185	1
Vir3|30250	1
Vir3|30323	1
Vir3|30325	1
Vir3|30328	42
Vir3|30329	38
Vir3|30353	1
Vir3|304	1
Vir3|30428	2
Vir3|30492	1
Vir3|30531	1
Vir3|30560	1
Vir3|30595	1
Vir3|30649	2
Vir3|30651	1
Vir3|30760	1
Vir3|30812	1
Vir3|30835	1
Vir3|30885	1
Vir3|30886	1
Vir3|30938	1
Vir3|31016	1
Vir3|31034	2
Vir3|31045	1
Vir3|31071	1
Vir3|31105	1
Vir3|31222	1
Vir3|31257	1
Vir3|31268	1
Vir3|31366	1
Vir3|31379	1
Vir3|31397	1
Vir3|31483	1
Vir3|31492	1
Vir3|31526	1
Vir3|31672	1
Vir3|31678	1
Vir3|31683	1
Vir3|31722	1
Vir3|31814	1
Vir3|31856	1
Vir3|31871	1
Vir3|31995	1
Vir3|31996	1
Vir3|32027	2
Vir3|3206	1
Vir3|32085	1
Vir3|32103	1
Vir3|32146	1
Vir3|32210	1
Vir3|32345	1
Vir3|32412	1
Vir3|32444	1
Vir3|32461	1
Vir3|32471	1
Vir3|32492	1
Vir3|32543	1
Vir3|32559	1
Vir3|32614	1
Vir3|32643	1
Vir3|32666	1
Vir3|32754	1
Vir3|32763	1
Vir3|32851	1
Vir3|32859	1
Vir3|32880	1
Vir3|32881	1
Vir3|32945	157
Vir3|32946	124
Vir3|32982	1
Vir3|33019	1
Vir3|3307	2
Vir3|33089	1
Vir3|33165	1
Vir3|33192	1
Vir3|33258	1
Vir3|33346	1
Vir3|33366	12
Vir3|33390	1
Vir3|33412	2
Vir3|33413	1
Vir3|33474	1
Vir3|33608	1
Vir3|33725	1
Vir3|33726	1
Vir3|3378	1
Vir3|33881	1
Vir3|33926	1
Vir3|33979	1
Vir3|33981	1
Vir3|33993	1
Vir3|34061	1
Vir3|34093	1
Vir3|341	1
Vir3|34104	1
Vir3|34163	1
Vir3|34204	1
Vir3|34228	1
Vir3|34265	2
Vir3|34309	1
Vir3|34312	1
Vir3|34322	1
Vir3|34328	1
Vir3|34331	1
Vir3|34344	1
Vir3|34347	2
Vir3|34348	1
Vir3|34438	1
Vir3|34439	1
Vir3|34538	1
Vir3|34549	1
Vir3|34579	1
Vir3|34635	1
Vir3|34723	2
Vir3|34772	1
Vir3|34794	1
Vir3|34806	1
Vir3|34874	1
Vir3|34875	1
Vir3|3488	1
Vir3|34891	1
Vir3|34917	1
Vir3|34930	1
Vir3|34948	1
Vir3|3500	1
Vir3|35010	1
Vir3|35025	1
Vir3|35098	1
Vir3|35182	1
Vir3|35189	1
Vir3|35197	1
Vir3|35240	1
Vir3|35267	1
Vir3|35460	1
Vir3|35509	1
Vir3|35597	1
Vir3|35629	1
Vir3|35715	1
Vir3|35738	1
Vir3|3587	1
Vir3|35871	1
Vir3|35940	1
Vir3|35949	1
Vir3|35963	1
Vir3|36099	1
Vir3|36129	1
Vir3|36194	1
Vir3|36205	121
Vir3|36317	1
Vir3|36378	1
Vir3|36489	1
Vir3|36492	1
Vir3|36587	1
Vir3|36633	1
Vir3|36701	1
Vir3|36715	1
Vir3|36732	1
Vir3|36749	1
Vir3|36925	1
Vir3|36957	1
Vir3|37140	1
Vir3|37194	1
Vir3|37204	1
Vir3|3724	1
Vir3|37303	1
Vir3|37348	1
Vir3|37420	1
Vir3|37429	1
Vir3|37552	1
Vir3|37600	1
Vir3|37605	1
Vir3|37620	1
Vir3|37680	1
Vir3|3773	1
Vir3|37754	1
Vir3|37759	1
Vir3|37819	1
Vir3|37889	1
Vir3|37899	1
Vir3|37927	1
Vir3|38046	1
Vir3|38113	1
Vir3|38222	1
Vir3|38302	1
Vir3|38360	1
Vir3|38390	1
Vir3|38431	1
Vir3|38494	1
Vir3|38496	1
Vir3|38535	1
Vir3|38574	1
Vir3|38600	1
Vir3|38635	1
Vir3|38658	133
Vir3|38659	157
Vir3|3875	1
Vir3|3876	1
Vir3|38773	1
Vir3|38801	1
Vir3|38900	1
Vir3|39005	1
Vir3|39031	1
Vir3|3904	1
Vir3|39056	1
Vir3|39092	1
Vir3|39227	1
Vir3|3927	3
Vir3|39271	1
Vir3|39340	1
Vir3|39346	1
Vir3|3947	1
Vir3|39525	1
Vir3|39599	2
Vir3|39601	1
Vir3|39603	1
Vir3|39604	1
Vir3|39665	1
Vir3|39674	2
Vir3|39744	1
Vir3|39971	1
Vir3|40001	1
Vir3|40100	1
Vir3|40189	1
Vir3|40200	1
Vir3|40270	1
Vir3|40315	1
Vir3|40391	1
Vir3|40398	1
Vir3|40409	1
Vir3|40423	1
Vir3|40427	1
Vir3|40468	1
Vir3|40532	1
Vir3|40563	1
Vir3|40572	1
Vir3|40710	1
Vir3|40713	1
Vir3|4076	1
Vir3|40887	2
Vir3|40906	1
Vir3|40979	1
Vir3|40984	1
Vir3|40998	1
Vir3|41003	1
Vir3|41122	1
Vir3|41128	1
Vir3|41156	1
Vir3|41209	2
Vir3|41219	1
Vir3|41220	1
Vir3|41221	1
Vir3|41258	1
Vir3|4127	1
Vir3|41346	1
Vir3|41362	1
Vir3|41371	1
Vir3|41415	1
Vir3|41424	1
Vir3|4145	1
Vir3|41462	1
Vir3|4147	1
Vir3|41557	1
Vir3|4161	1
Vir3|41708	1
Vir3|41713	1
Vir3|41835	1
Vir3|41867	1
Vir3|41898	1
Vir3|41900	1
Vir3|41904	1
Vir3|41935	1
Vir3|41947	1
Vir3|42032	1
Vir3|42093	1
Vir3|42129	1
Vir3|42181	1
Vir3|42237	1
Vir3|42357	2
Vir3|42393	1
Vir3|42446	1
Vir3|42453	1
Vir3|42488	1
Vir3|42518	1
Vir3|42616	1
Vir3|42763	1
Vir3|42777	1
Vir3|42796	1
Vir3|42842	1
Vir3|42880	1
Vir3|4295	1
Vir3|42995	1
Vir3|43129	1
Vir3|43166	1
Vir3|43167	1
Vir3|43182	1
Vir3|43186	1
Vir3|43201	1
Vir3|43211	2
Vir3|43264	2
Vir3|43325	1
Vir3|43364	1
Vir3|43399	1
Vir3|43435	1
Vir3|43536	1
Vir3|43537	1
Vir3|43596	1
Vir3|43610	1
Vir3|43638	1
Vir3|43684	1
Vir3|43690	1
Vir3|43725	1
Vir3|4380	1
Vir3|43827	1
Vir3|43841	2
Vir3|43882	1
Vir3|439	1
Vir3|43907	1
Vir3|43923	1
Vir3|43924	1
Vir3|43955	1
Vir3|43958	1
Vir3|43959	1
Vir3|43976	1
Vir3|43977	1
Vir3|44094	1
Vir3|44116	1
Vir3|44151	1
Vir3|44156	1
Vir3|44167	1
Vir3|44283	1
Vir3|44296	1
Vir3|44406	1
Vir3|44509	1
Vir3|44549	1
Vir3|44561	1
Vir3|44574	1
Vir3|44625	1
Vir3|44766	1
Vir3|44786	1
Vir3|44845	1
Vir3|44874	1
Vir3|44937	1
Vir3|44940	1
Vir3|45102	1
Vir3|45169	1
Vir3|4524	1
Vir3|45247	1
Vir3|45300	1
Vir3|45371	1
Vir3|45378	1
Vir3|45477	1
Vir3|45482	2
Vir3|4551	1
Vir3|45635	1
Vir3|45638	168
Vir3|45639	171
Vir3|45727	1
Vir3|4576	2
Vir3|45760	1
Vir3|45772	1
Vir3|45795	1
Vir3|45828	1
Vir3|45835	1
Vir3|45843	1
Vir3|45950	1
Vir3|46040	1
Vir3|46041	1
Vir3|4612	1
Vir3|46131	1
Vir3|4618	1
Vir3|46328	1
Vir3|4636	1
Vir3|4656	1
Vir3|46574	1
Vir3|46649	1
Vir3|46860	1
Vir3|46881	1
Vir3|4701	1
Vir3|47271	1
Vir3|47277	1
Vir3|47301	1
Vir3|47346	1
Vir3|47405	1
Vir3|47412	1
Vir3|47445	1
Vir3|47477	2
Vir3|47479	4
Vir3|47480	7
Vir3|47485	4
Vir3|47486	1
Vir3|47490	3
Vir3|47507	1
Vir3|47510	2
Vir3|47600	1
Vir3|47609	1
Vir3|47682	1
Vir3|47763	1
Vir3|47804	1
Vir3|47854	1
Vir3|47883	1
Vir3|47949	1
Vir3|47951	1
Vir3|47972	1
Vir3|47979	1
Vir3|47990	2
Vir3|48008	1
Vir3|48031	1
Vir3|48034	2
Vir3|48100	1
Vir3|48172	1
Vir3|48201	2
Vir3|48207	1
Vir3|48223	1
Vir3|4835	1
Vir3|48369	1
Vir3|48372	1
Vir3|48396	1
Vir3|48413	1
Vir3|4848	2
Vir3|48509	2
Vir3|48510	1
Vir3|48549	1
Vir3|48584	1
Vir3|48625	228
Vir3|48626	244
Vir3|48675	1
Vir3|48751	1
Vir3|48836	1
Vir3|48857	1
Vir3|48905	1
Vir3|4891	1
Vir3|48968	1
Vir3|49057	1
Vir3|49071	1
Vir3|49100	1
Vir3|49110	1
Vir3|49157	1
Vir3|49238	1
Vir3|4929	1
Vir3|49290	1
Vir3|4940	1
Vir3|49483	1
Vir3|49517	1
Vir3|4954	1
Vir3|49686	1
Vir3|49721	1
Vir3|49742	2
Vir3|49903	1
Vir3|49969	1
Vir3|5007	1
Vir3|50084	1
Vir3|50137	1
Vir3|50148	1
Vir3|50155	1
Vir3|50170	1
Vir3|50209	1
Vir3|50249	1
Vir3|50266	1
Vir3|5035	1
Vir3|50354	1
Vir3|5037	1
Vir3|50374	1
Vir3|50381	1
Vir3|50537	1
Vir3|50562	1
Vir3|50576	1
Vir3|5061	1
Vir3|50642	1
Vir3|507	1
Vir3|5070	1
Vir3|50716	1
Vir3|50718	1
Vir3|5077	1
Vir3|50827	1
Vir3|50828	1
Vir3|50851	1
Vir3|50866	1
Vir3|50873	2
Vir3|51210	1
Vir3|51223	1
Vir3|51249	1
Vir3|51287	1
Vir3|51349	1
Vir3|51376	1
Vir3|51398	1
Vir3|51399	1
Vir3|51487	1
Vir3|51499	1
Vir3|5150	3
Vir3|51556	1
Vir3|51581	2
Vir3|51627	1
Vir3|51664	1
Vir3|51699	5
Vir3|51703	1
Vir3|51708	1
Vir3|51728	1
Vir3|51751	1
Vir3|51761	1
Vir3|51801	1
Vir3|5189	1
Vir3|51894	1
Vir3|51932	1
Vir3|52002	1
Vir3|52003	2
Vir3|52019	1
Vir3|52033	1
Vir3|52034	1
Vir3|52035	1
Vir3|52073	1
Vir3|52078	1
Vir3|52094	1
Vir3|52110	1
Vir3|52128	15
Vir3|52176	2
Vir3|52201	1
Vir3|5223	1
Vir3|52256	1
Vir3|52288	2
Vir3|52289	1
Vir3|52291	1
Vir3|52293	1
Vir3|52331	4
Vir3|52332	3
Vir3|52342	1
Vir3|52390	1
Vir3|52407	1
Vir3|52426	1
Vir3|52431	1
Vir3|52433	1
Vir3|5245	1
Vir3|52478	1
Vir3|52553	1
Vir3|52667	1
Vir3|52674	1
Vir3|52708	1
Vir3|52735	1
Vir3|52809	1
Vir3|52818	1
Vir3|52880	1
Vir3|52899	1
Vir3|52964	1
Vir3|5301	1
Vir3|53091	1
Vir3|53108	1
Vir3|53200	1
Vir3|53201	1
Vir3|5324	1
Vir3|53244	1
Vir3|53248	1
Vir3|53252	2
Vir3|53254	1
Vir3|53292	5
Vir3|53335	1
Vir3|53342	1
Vir3|53362	1
Vir3|53393	1
Vir3|53415	1
Vir3|53494	1
Vir3|53589	1
Vir3|5360	1
Vir3|53702	1
Vir3|53844	1
Vir3|53878	1
Vir3|53909	1
Vir3|54055	1
Vir3|54080	3
Vir3|54124	1
Vir3|54125	1
Vir3|54226	2
Vir3|54260	1
Vir3|54261	1
Vir3|54286	1
Vir3|54302	1
Vir3|5441	1
Vir3|54439	2
Vir3|54481	1
Vir3|54544	1
Vir3|54569	1
Vir3|54577	1
Vir3|54604	1
Vir3|54612	1
Vir3|54624	1
Vir3|54694	1
Vir3|54700	1
Vir3|54790	1
Vir3|54819	1
Vir3|54834	1
Vir3|54835	2
Vir3|54841	1
Vir3|54862	1
Vir3|54967	1
Vir3|54971	1
Vir3|54988	1
Vir3|55011	1
Vir3|55048	1
Vir3|55052	1
Vir3|55105	1
Vir3|55142	1
Vir3|55266	1
Vir3|55288	1
Vir3|55293	1
Vir3|5534	1
Vir3|55355	1
Vir3|55386	1
Vir3|55395	1
Vir3|55411	1
Vir3|55412	1
Vir3|5548	1
Vir3|55557	1
Vir3|55662	1
Vir3|55699	1
Vir3|55720	2
Vir3|55746	1
Vir3|5582	1
Vir3|55856	1
Vir3|55863	1
Vir3|55932	1
Vir3|55938	1
Vir3|5598	1
Vir3|5601	1
Vir3|56070	1
Vir3|56179	1
Vir3|56198	1
Vir3|56228	2
Vir3|56234	1
Vir3|56243	1
Vir3|56249	1
Vir3|56257	1
Vir3|56283	1
Vir3|56306	1
Vir3|56307	1
Vir3|56318	2
Vir3|56409	1
Vir3|56507	1
Vir3|56568	1
Vir3|56669	1
Vir3|56682	1
Vir3|56704	1
Vir3|56705	1
Vir3|56774	1
Vir3|56783	1
Vir3|56801	1
Vir3|56858	1
Vir3|56896	1
Vir3|56909	1
Vir3|56917	1
Vir3|56978	1
Vir3|57053	1
Vir3|57184	1
Vir3|57190	2
Vir3|57229	1
Vir3|57413	1
Vir3|57473	1
Vir3|57495	1
Vir3|57496	1
Vir3|57526	1
Vir3|57563	1
Vir3|57576	1
Vir3|5760	1
Vir3|57607	1
Vir3|57680	1
Vir3|57710	1
Vir3|57741	1
Vir3|57761	1
Vir3|57762	1
Vir3|57788	1
Vir3|57809	1
Vir3|57872	1
Vir3|57909	1
Vir3|5795	13
Vir3|5796	19
Vir3|57984	1
Vir3|58021	1
Vir3|58044	1
Vir3|58067	1
Vir3|5808	1
Vir3|58151	1
Vir3|58179	318
Vir3|58180	301
Vir3|58219	1
Vir3|58227	1
Vir3|583	1
Vir3|5836	1
Vir3|58440	2
Vir3|58477	1
Vir3|58535	3
Vir3|58536	2
Vir3|58537	1
Vir3|58577	1
Vir3|58600	1
Vir3|58791	1
Vir3|58793	1
Vir3|58802	1
Vir3|58816	1
Vir3|58827	2
Vir3|58838	1
Vir3|58937	1
Vir3|59005	1
Vir3|59069	1
Vir3|59083	1
Vir3|59169	1
Vir3|59236	2
Vir3|59270	1
Vir3|5930	1
Vir3|59363	2
Vir3|59406	1
Vir3|59426	1
Vir3|59427	1
Vir3|59450	1
Vir3|59479	148
Vir3|59480	167
Vir3|59522	1
Vir3|59661	2
Vir3|59662	1
Vir3|59693	1
Vir3|59720	1
Vir3|5975	1
Vir3|59808	1
Vir3|59814	1
Vir3|59856	1
Vir3|59894	1
Vir3|59895	1
Vir3|59917	1
Vir3|59975	1
Vir3|60146	1
Vir3|60147	2
Vir3|60149	1
Vir3|60154	1
Vir3|60166	2
Vir3|60187	1
Vir3|60188	1
Vir3|60191	1
Vir3|60255	1
Vir3|60260	1
Vir3|60264	1
Vir3|60265	1
Vir3|60375	1
Vir3|60459	1
Vir3|60468	1
Vir3|60513	1
Vir3|60527	1
Vir3|60574	1
Vir3|60575	1
Vir3|60595	1
Vir3|60665	1
Vir3|60679	1
Vir3|60739	1
Vir3|60824	1
Vir3|60869	1
Vir3|60883	2
Vir3|60933	1
Vir3|61013	1
Vir3|61014	1
Vir3|61057	1
Vir3|61079	1
Vir3|61084	1
Vir3|6113	1
Vir3|61164	1
Vir3|61227	1
Vir3|61385	1
Vir3|61400	1
Vir3|61447	1
Vir3|61475	1
Vir3|61497	1
Vir3|61597	1
Vir3|61611	1
Vir3|61620	1
Vir3|61682	1
Vir3|61683	1
Vir3|61710	1
Vir3|61735	1
Vir3|61777	1
Vir3|61860	1
Vir3|6200	1
Vir3|6201	1
Vir3|62010	1
Vir3|62012	1
Vir3|62150	1
Vir3|62151	1
Vir3|62236	1
Vir3|6228	1
Vir3|62337	1
Vir3|62347	1
Vir3|62384	1
Vir3|62393	1
Vir3|62486	1
Vir3|62554	1
Vir3|6258	1
Vir3|62580	1
Vir3|62582	1
Vir3|62583	2
Vir3|6259	1
Vir3|62598	1
Vir3|62831	1
Vir3|6285	1
Vir3|62879	1
Vir3|62894	1
Vir3|62912	1
Vir3|6306	1
Vir3|63146	1
Vir3|63182	1
Vir3|6321	1
Vir3|6324	1
Vir3|63291	1
Vir3|63384	1
Vir3|63390	1
Vir3|63455	1
Vir3|635	1
Vir3|63596	1
Vir3|63621	1
Vir3|63638	1
Vir3|6366	1
Vir3|63745	1
Vir3|63810	1
Vir3|63828	1
Vir3|63851	1
Vir3|63854	1
Vir3|63889	1
Vir3|64071	1
Vir3|64173	1
Vir3|64193	1
Vir3|6429	1
Vir3|64310	1
Vir3|64358	1
Vir3|64412	1
Vir3|64430	1
Vir3|64486	1
Vir3|64608	1
Vir3|64791	1
Vir3|64823	1
Vir3|64849	1
Vir3|64888	1
Vir3|64890	1
Vir3|64921	1
Vir3|64976	1
Vir3|6518	1
Vir3|65237	1
Vir3|65255	1
Vir3|65282	1
Vir3|65338	1
Vir3|65381	2
Vir3|65464	1
Vir3|65480	1
Vir3|65482	1
Vir3|65484	1
Vir3|65535	1
Vir3|6572	1
Vir3|65746	1
Vir3|65755	1
Vir3|65788	1
Vir3|65796	1
Vir3|65834	1
Vir3|65866	1
Vir3|6597	1
Vir3|66004	1
Vir3|66034	1
Vir3|66112	190
Vir3|66113	183
Vir3|6621	1
Vir3|66257	1
Vir3|66303	1
Vir3|66321	1
Vir3|66361	1
Vir3|66381	1
Vir3|66405	1
Vir3|66467	2
Vir3|66468	1
Vir3|66506	1
Vir3|66507	1
Vir3|6654	1
Vir3|66567	1
Vir3|66628	1
Vir3|66664	1
Vir3|66691	1
Vir3|66806	1
Vir3|66810	2
Vir3|66823	1
Vir3|66828	1
Vir3|66846	1
Vir3|66899	1
Vir3|6696	1
Vir3|67032	1
Vir3|67046	2
Vir3|67136	1
Vir3|67142	1
Vir3|67143	1
Vir3|67208	1
Vir3|67226	1
Vir3|67345	1
Vir3|67355	2
Vir3|67369	1
Vir3|67370	1
Vir3|67393	1
Vir3|67472	1
Vir3|67503	1
Vir3|67505	1
Vir3|67610	1
Vir3|67621	1
Vir3|67633	1
Vir3|67644	1
Vir3|67645	1
Vir3|67649	1
Vir3|67668	1
Vir3|6784	1
Vir3|67917	1
Vir3|67920	3
Vir3|67930	1
Vir3|6796	1
Vir3|68028	1
Vir3|6803	1
Vir3|68075	1
Vir3|68085	1
Vir3|68108	1
Vir3|68110	1
Vir3|68129	1
Vir3|68134	1
Vir3|68139	1
Vir3|68143	1
Vir3|68185	1
Vir3|68241	1
Vir3|68260	1
Vir3|68266	2
Vir3|68277	1
Vir3|68310	1
Vir3|68323	1
Vir3|68356	2
Vir3|68391	1
Vir3|68458	3
Vir3|68459	1
Vir3|68580	1
Vir3|68650	1
Vir3|68675	1
Vir3|6869	2
Vir3|68766	1
Vir3|68799	1
Vir3|68875	1
Vir3|6890	1
Vir3|68932	1
Vir3|68954	1
Vir3|68963	1
Vir3|68964	1
Vir3|68984	1
Vir3|69011	1
Vir3|6903	1
Vir3|69036	1
Vir3|69052	1
Vir3|69075	1
Vir3|69146	1
Vir3|69168	1
Vir3|69276	1
Vir3|69291	46
Vir3|69292	44
Vir3|69358	1
Vir3|69380	2
Vir3|69382	1
Vir3|69390	1
Vir3|6941	1
Vir3|69417	1
Vir3|69473	1
Vir3|69490	1
Vir3|69528	1
Vir3|69531	1
Vir3|69557	1
Vir3|69588	1
Vir3|69589	1
Vir3|69591	1
Vir3|69629	1
Vir3|69679	1
Vir3|69706	1
Vir3|69818	1
Vir3|69824	1
Vir3|69846	1
Vir3|69863	1
Vir3|69866	1
Vir3|69892	2
Vir3|69951	1
Vir3|69953	1
Vir3|69987	1
Vir3|70029	1
Vir3|70061	1
Vir3|70064	1
Vir3|70073	1
Vir3|70087	1
Vir3|70108	1
Vir3|7013	1
Vir3|70177	1
Vir3|7028	1
Vir3|70283	1
Vir3|70290	1
Vir3|7030	1
Vir3|7031	1
Vir3|70370	1
Vir3|70404	1
Vir3|70427	1
Vir3|70448	1
Vir3|70449	1
Vir3|70495	1
Vir3|70496	1
Vir3|70534	1
Vir3|70618	1
Vir3|70694	1
Vir3|70748	1
Vir3|70763	1
Vir3|7078	1
Vir3|70827	1
Vir3|70831	1
Vir3|70844	1
Vir3|70941	1
Vir3|7095	1
Vir3|70988	1
Vir3|71007	1
Vir3|71045	1
Vir3|71073	1
Vir3|71090	1
Vir3|71170	1
Vir3|71201	1
Vir3|7124	1
Vir3|71452	1
Vir3|71469	2
Vir3|71470	1
Vir3|71472	1
Vir3|71499	1
Vir3|71543	1
Vir3|71545	1
Vir3|71633	1
Vir3|71643	1
Vir3|71660	1
Vir3|71697	1
Vir3|7184	1
Vir3|71849	1
Vir3|7191	1
Vir3|71917	1
Vir3|72010	1
Vir3|72149	1
Vir3|72170	1
Vir3|7218	1
Vir3|72180	1
Vir3|72253	1
Vir3|72329	1
Vir3|72388	1
Vir3|72468	1
Vir3|72486	1
Vir3|72550	1
Vir3|72576	1
Vir3|72614	1
Vir3|72659	1
Vir3|72665	1
Vir3|72756	1
Vir3|72758	1
Vir3|72759	1
Vir3|72766	1
Vir3|7280	1
Vir3|72862	1
Vir3|72904	1
Vir3|72926	1
Vir3|72977	1
Vir3|72986	1
Vir3|73049	2
Vir3|73050	1
Vir3|73060	1
Vir3|73077	1
Vir3|73078	1
Vir3|73129	1
Vir3|73173	1
Vir3|73320	1
Vir3|73420	1
Vir3|73473	1
Vir3|73480	1
Vir3|73540	1
Vir3|7356	1
Vir3|73654	1
Vir3|73846	1
Vir3|73976	1
Vir3|74005	1
Vir3|74097	1
Vir3|74144	1
Vir3|74151	1
Vir3|74203	1
Vir3|74231	1
Vir3|74364	1
Vir3|74370	1
Vir3|74381	1
Vir3|74401	1
Vir3|74452	1
Vir3|74475	1
Vir3|74594	1
Vir3|74623	1
Vir3|74633	1
Vir3|74827	1
Vir3|74864	1
Vir3|74945	1
Vir3|7507	1
Vir3|75268	1
Vir3|75282	1
Vir3|7532	1
Vir3|75334	1
Vir3|75393	1
Vir3|75492	1
Vir3|75541	2
Vir3|75563	1
Vir3|75662	1
Vir3|75704	1
Vir3|75714	1
Vir3|75741	1
Vir3|75769	1
Vir3|75780	1
Vir3|75913	1
Vir3|76018	1
Vir3|76021	1
Vir3|76038	1
Vir3|7605	2
Vir3|76074	1
Vir3|76108	1
Vir3|76142	1
Vir3|76163	1
Vir3|76172	1
Vir3|76205	1
Vir3|76250	1
Vir3|76298	1
Vir3|76355	1
Vir3|76403	1
Vir3|76421	1
Vir3|76445	1
Vir3|76473	1
Vir3|76474	1
Vir3|76480	1
Vir3|76567	1
Vir3|76616	1
Vir3|76626	210
Vir3|76715	1
Vir3|76754	1
Vir3|76798	1
Vir3|77091	1
Vir3|77124	1
Vir3|77176	1
Vir3|77368	1
Vir3|77418	1
Vir3|7742	1
Vir3|7745	1
Vir3|77479	1
Vir3|77509	1
Vir3|77522	1
Vir3|77553	153
Vir3|77554	155
Vir3|77581	1
Vir3|77605	1
Vir3|77677	1
Vir3|77682	1
Vir3|77735	1
Vir3|77787	1
Vir3|77910	1
Vir3|77970	1
Vir3|78049	1
Vir3|78050	1
Vir3|78067	1
Vir3|78068	1
Vir3|78311	1
Vir3|78399	1
Vir3|78451	1
Vir3|78471	1
Vir3|78490	1
Vir3|78511	1
Vir3|78512	1
Vir3|7853	1
Vir3|78537	1
Vir3|7864	1
Vir3|78649	1
Vir3|78683	1
Vir3|78775	1
Vir3|78777	1
Vir3|78820	1
Vir3|78866	1
Vir3|7896	1
Vir3|79094	1
Vir3|79111	1
Vir3|79122	1
Vir3|79143	1
Vir3|79253	1
Vir3|79265	1
Vir3|79278	1
Vir3|79294	1
Vir3|79400	1
Vir3|7971	1
Vir3|79716	1
Vir3|79748	1
Vir3|79751	1
Vir3|79760	1
Vir3|79836	1
Vir3|79893	1
Vir3|79968	1
Vir3|80016	2
Vir3|80053	1
Vir3|80082	1
Vir3|80120	1
Vir3|80254	1
Vir3|80265	1
Vir3|80277	1
Vir3|80278	1
Vir3|80340	1
Vir3|80397	1
Vir3|80470	1
Vir3|8050	1
Vir3|80506	1
Vir3|80510	1
Vir3|80519	1
Vir3|80536	1
Vir3|80550	1
Vir3|80584	1
Vir3|80634	1
Vir3|8067	2
Vir3|80672	1
Vir3|80738	1
Vir3|80801	1
Vir3|80830	1
Vir3|80857	162
Vir3|80863	1
Vir3|80880	1
Vir3|80882	2
Vir3|80898	1
Vir3|80906	1
Vir3|80991	1
Vir3|81052	1
Vir3|81078	1
Vir3|81084	1
Vir3|81089	1
Vir3|8116	1
Vir3|81182	1
Vir3|81243	1
Vir3|8127	1
Vir3|81286	2
Vir3|81311	2
Vir3|81334	1
Vir3|81343	1
Vir3|81387	1
Vir3|81537	1
Vir3|81546	1
Vir3|81569	1
Vir3|8157	1
Vir3|81598	1
Vir3|81605	2
Vir3|81625	1
Vir3|81663	1
Vir3|81782	2
Vir3|81796	1
Vir3|81807	1
Vir3|81823	1
Vir3|81881	1
Vir3|81926	1
Vir3|81939	1
Vir3|81992	1
Vir3|82305	1
Vir3|82321	1
Vir3|82371	1
Vir3|82372	1
Vir3|82373	1
Vir3|82374	1
Vir3|8238	1
Vir3|82414	1
Vir3|82416	1
Vir3|82455	2
Vir3|82480	1
Vir3|8253	1
Vir3|82536	2
Vir3|82583	1
Vir3|82595	1
Vir3|82598	1
Vir3|82644	1
Vir3|82693	1
Vir3|82732	1
Vir3|82749	2
Vir3|82782	1
Vir3|82800	1
Vir3|82805	1
Vir3|82816	1
Vir3|82891	1
Vir3|82893	1
Vir3|82902	1
Vir3|8295	1
Vir3|82996	1
Vir3|83165	1
Vir3|83178	1
Vir3|83198	1
Vir3|83275	1
Vir3|83278	2
Vir3|83377	1
Vir3|83425	1
Vir3|83453	1
Vir3|83466	1
Vir3|8350	1
Vir3|83514	1
Vir3|83527	1
Vir3|83701	1
Vir3|83746	1
Vir3|83804	1
Vir3|83875	1
Vir3|83920	1
Vir3|83974	1
Vir3|83988	1
Vir3|84000	1
Vir3|84039	1
Vir3|84047	1
Vir3|84081	1
Vir3|84133	1
Vir3|84147	1
Vir3|84198	1
Vir3|8424	1
Vir3|84284	1
Vir3|84320	1
Vir3|84407	3
Vir3|84530	2
Vir3|8463	1
Vir3|84664	1
Vir3|84679	1
Vir3|847	1
Vir3|84753	1
Vir3|84777	1
Vir3|84796	1
Vir3|84863	1
Vir3|84913	1
Vir3|84919	1
Vir3|84958	1
Vir3|84963	1
Vir3|85003	1
Vir3|85036	1
Vir3|85084	1
Vir3|85157	1
Vir3|85338	1
Vir3|85371	1
Vir3|85438	1
Vir3|85464	1
Vir3|85503	1
Vir3|85511	1
Vir3|85520	1
Vir3|85596	1
Vir3|85649	1
Vir3|85650	1
Vir3|85663	1
Vir3|85743	1
Vir3|85817	1
Vir3|85826	1
Vir3|85928	1
Vir3|85932	1
Vir3|86219	1
Vir3|86233	1
Vir3|86347	1
Vir3|86349	1
Vir3|86417	1
Vir3|86422	1
Vir3|86493	1
Vir3|8654	1
Vir3|86540	1
Vir3|86547	1
Vir3|86558	1
Vir3|86582	1
Vir3|86603	1
Vir3|86659	1
Vir3|86666	1
Vir3|86678	2
Vir3|86880	1
Vir3|8697	1
Vir3|87097	2
Vir3|87119	1
Vir3|87181	1
Vir3|87302	1
Vir3|87399	1
Vir3|87407	3
Vir3|8745	1
Vir3|87479	1
Vir3|87513	1
Vir3|87550	1
Vir3|87579	2
Vir3|87636	1
Vir3|87745	1
Vir3|87746	1
Vir3|87757	1
Vir3|87778	1
Vir3|878	267
Vir3|87805	1
Vir3|879	290
Vir3|87900	1
Vir3|87976	1
Vir3|87991	2
Vir3|88023	1
Vir3|88025	1
Vir3|88140	1
Vir3|88176	1
Vir3|88187	1
Vir3|88216	1
Vir3|88268	1
Vir3|88278	1
Vir3|88379	1
Vir3|88398	2
Vir3|88408	1
Vir3|88410	1
Vir3|88468	1
Vir3|88489	1
Vir3|8850	1
Vir3|8856	1
Vir3|88563	1
Vir3|88657	1
Vir3|88712	1
Vir3|88765	1
Vir3|88793	1
Vir3|88813	1
Vir3|88851	1
Vir3|88876	1
Vir3|88885	1
Vir3|8893	1
Vir3|88975	1
Vir3|89088	1
Vir3|89102	1
Vir3|89130	1
Vir3|89143	1
Vir3|89144	1
Vir3|89174	1
Vir3|89220	1
Vir3|89424	2
Vir3|89451	1
Vir3|89464	1
Vir3|89488	1
Vir3|89489	1
Vir3|89492	1
Vir3|89529	1
Vir3|89617	1
Vir3|89631	1
Vir3|897	1
Vir3|89789	1
Vir3|8980	1
Vir3|89826	1
Vir3|89840	1
Vir3|89910	1
Vir3|89944	1
Vir3|89961	1
Vir3|89967	1
Vir3|90051	1
Vir3|90054	1
Vir3|90136	1
Vir3|90149	1
Vir3|90272	1
Vir3|90371	1
Vir3|90392	1
Vir3|90400	1
Vir3|90430	1
Vir3|90487	1
Vir3|90530	1
Vir3|90536	1
Vir3|90551	1
Vir3|90565	1
Vir3|90577	1
Vir3|90613	1
Vir3|90658	1
Vir3|90676	1
Vir3|90686	1
Vir3|90750	1
Vir3|90778	1
Vir3|90782	1
Vir3|90812	1
Vir3|90886	1
Vir3|90910	1
Vir3|90948	1
Vir3|90960	1
Vir3|90979	3
Vir3|90985	1
Vir3|91005	1
Vir3|91008	2
Vir3|91079	1
Vir3|91094	1
Vir3|91102	1
Vir3|9116	1
Vir3|91243	1
Vir3|91255	1
Vir3|9127	180
Vir3|9128	163
Vir3|91343	1
Vir3|91387	1
Vir3|91418	1
Vir3|91439	1
Vir3|91449	1
Vir3|91463	1
Vir3|91481	2
Vir3|91556	1
Vir3|91603	1
Vir3|91608	1
Vir3|91630	1
Vir3|91632	1
Vir3|91716	1
Vir3|91724	1
Vir3|91748	1
Vir3|91763	1
Vir3|91770	1
Vir3|91791	1
Vir3|91850	1
Vir3|91944	1
Vir3|9196	1
Vir3|91964	1
Vir3|92010	2
Vir3|92026	1
Vir3|92096	1
Vir3|92152	1
Vir3|92208	1
Vir3|92283	2
Vir3|92284	1
Vir3|92344	1
Vir3|92536	2
Vir3|92557	1
Vir3|92564	1
Vir3|92592	1
Vir3|92608	2
Vir3|92627	1
Vir3|92653	1
Vir3|92662	1
Vir3|92681	1
Vir3|92690	1
Vir3|92726	1
Vir3|92760	1
Vir3|92779	1
Vir3|92797	1
Vir3|928	1
Vir3|92803	1
Vir3|92851	1
Vir3|92953	1
Vir3|92956	1
Vir3|92966	1
Vir3|92975	330
Vir3|93040	1
Vir3|93099	1
Vir3|93114	1
Vir3|93148	1
Vir3|9320	1
Vir3|93249	1
Vir3|93262	1
Vir3|93336	1
Vir3|93357	1
Vir3|93452	1
Vir3|93507	1
Vir3|93576	1
Vir3|93666	1
Vir3|93681	1
Vir3|93707	1
Vir3|93771	1
Vir3|93817	1
Vir3|93840	1
Vir3|93982	1
Vir3|93998	1
Vir3|94004	1
Vir3|94028	1
Vir3|94031	1
Vir3|94093	1
Vir3|94128	1
Vir3|94168	1
Vir3|94186	1
Vir3|94359	1
Vir3|9437	1
Vir3|94387	1
Vir3|94459	1
Vir3|94541	1
Vir3|94557	1
Vir3|94711	1
Vir3|94771	909
Vir3|94779	1
Vir3|94809	1
Vir3|94823	1
Vir3|94825	2
Vir3|9484	1
Vir3|94845	1
Vir3|94869	1
Vir3|94913	1
Vir3|94991	1
Vir3|9502	1
Vir3|952	1
Vir3|95206	1
Vir3|95257	1
Vir3|9527	1
Vir3|95313	1
Vir3|95341	1
Vir3|95363	1
Vir3|95442	1
Vir3|95447	1
Vir3|95472	2
Vir3|95494	1
Vir3|95537	1
Vir3|95552	1
Vir3|95704	1
Vir3|95858	1
Vir3|95943	1
Vir3|95946	1
Vir3|95976	1
Vir3|96033	1
Vir3|96129	1
Vir3|96158	1
Vir3|96176	1
Vir3|9630	1
Vir3|9677	1
Vir3|9717	1
Vir3|9719	1
Vir3|9729	1
Vir3|978	1
Vir3|9821	1
Vir3|9872	1
Vir3|9940	1
Vir3|9968	1
Vir3|9998	1
